CustomerKey,CustomerID,CustomerName,Email,Gender,LoyaltyLevel,SignupDate,City,Country
17,12587,Diana Carter,diana556@example.net,F,Bronze,2023-05-26,Josefurt,Finland
41,12523,Jared Schwartz,jared821@example.org,F,Bronze,2025-09-23,Burtonburgh,France
138,12868,Alec Norris,alec654@example.org,F,Bronze,2021-09-03,Port Vincent,United Kingdom
140,18043,Lauren Hoffman,lauren193@example.com,F,Bronze,2022-08-10,Taylorland,United Kingdom
165,14368,Aaron Foster,aaron231@example.com,F,Bronze,2024-04-11,Millerport,United Kingdom
218,16980,Elizabeth Ford,elizabeth924@example.com,F,Bronze,2024-10-22,Andreastad,United Kingdom
334,16587,Alan Shaw,alan526@example.org,F,Bronze,2025-03-03,Maryhaven,United Kingdom
401,14582,Michael Gutierrez,michael324@example.org,F,Bronze,2023-04-26,East Jacob,United Kingdom
404,13426,Nicole Smith,nicole932@example.net,F,Bronze,2021-04-02,New Andrew,United Kingdom
418,13398,Donna Cantrell,donna980@example.com,F,Bronze,2024-03-08,South Rebekahberg,United Kingdom
474,15581,Paul Mcguire,paul467@example.org,F,Bronze,2024-09-26,Port Kristinland,United Kingdom
517,15427,Dominic Robinson,dominic851@example.org,F,Bronze,2021-05-19,Wilsonberg,United Kingdom
590,15060,Chase Orr,chase683@example.net,F,Bronze,2023-02-23,North Marieberg,United Kingdom
675,15623,Ryan Wilson,ryan463@example.com,F,Bronze,2022-04-25,Valenzuelaville,United Kingdom
704,14503,Robert Blanchard Jr.,robert409@example.com,F,Bronze,2021-09-06,New Jacob,United Kingdom
847,14777,Dakota Sawyer,dakota776@example.org,F,Bronze,2025-04-07,Mollyside,United Kingdom
876,15753,Tina Mckinney,tina775@example.net,F,Bronze,2023-02-05,Thomasshire,United Kingdom
987,13477,Alan Moore,alan529@example.net,F,Bronze,2021-12-29,West Andresmouth,United Kingdom
993,17410,Austin Sims,austin922@example.net,F,Bronze,2024-08-06,Johnburgh,United Kingdom
1000,14208,Lori Moore,lori467@example.com,F,Bronze,2021-05-22,Melindabury,United Kingdom
1047,17334,Monica Robinson,monica427@example.net,F,Bronze,2022-10-06,New Donna,United Kingdom
1084,18227,Christopher Barnes,christopher915@example.org,F,Bronze,2023-01-19,Marcusland,United Kingdom
1092,14547,Dorothy Curry,dorothy138@example.net,F,Bronze,2024-08-04,Sherryton,United Kingdom
1108,15517,Michael Ward,michael100@example.net,F,Bronze,2021-07-10,Kathryntown,United Kingdom
1191,17984,Sean Howard,sean583@example.com,F,Bronze,2022-01-17,Carrview,United Kingdom
1214,17006,Richard Brown,richard223@example.com,F,Bronze,2024-10-29,New Angelafort,United Kingdom
1275,17520,Jared Fleming,jared966@example.org,F,Bronze,2024-01-18,Deborahville,United Kingdom
1281,17754,Daniel Rodriguez,daniel116@example.com,F,Bronze,2023-06-09,Jamesborough,United Kingdom
1375,14331,Kari Burnett,kari645@example.net,F,Gold,2021-04-03,Stephenview,United Kingdom
1404,17871,Jose Fritz,jose859@example.net,F,Gold,2024-05-07,Ryanmouth,United Kingdom
1451,16493,Amanda Smith,amanda333@example.org,F,Gold,2021-08-10,New Keithview,United Kingdom
1548,15054,Richard Taylor,richard900@example.com,F,Gold,2023-09-05,South Jacob,United Kingdom
1563,12407,Sandra Robinson,sandra494@example.org,F,Silver,2023-02-14,Sydneyview,Belgium
1626,12697,David Williams,david226@example.org,F,Silver,2021-04-02,Crystaltown,Sweden
1633,13592,Kathryn Cunningham,kathryn194@example.com,F,Silver,2024-05-26,South Toddfort,United Kingdom
1684,14221,Rickey Reed,rickey546@example.org,F,Silver,2022-03-23,Priceview,United Kingdom
1698,13800,Virginia Ruiz,virginia227@example.com,F,Silver,2024-03-14,New Justinfurt,United Kingdom
1782,15275,Joshua Morgan,joshua560@example.net,F,Silver,2022-08-25,Erinshire,United Kingdom
1803,14301,Nicholas Thomas,nicholas268@example.org,F,Silver,2022-12-07,Joseshire,United Kingdom
1819,15341,Ryan Martinez,ryan311@example.org,F,Silver,2023-12-10,Lake Benjaminport,United Kingdom
1829,15083,Sheila Dalton,sheila140@example.com,F,Silver,2025-07-10,South Lisaside,United Kingdom
1974,14907,Lindsey Robinson,lindsey199@example.org,F,Silver,2021-02-04,Lake Tina,United Kingdom
2067,16517,Elaine Gray,elaine477@example.com,F,Silver,2022-01-15,South Hollyside,United Kingdom
2208,18198,Abigail Brown,abigail491@example.org,F,Silver,2021-12-20,Port Julie,United Kingdom
2342,13520,Christopher Ellis,christopher407@example.net,M,Bronze,2023-07-26,Marthamouth,Switzerland
2354,15835,Chelsea Smith,chelsea320@example.com,M,Bronze,2024-06-19,Tranchester,United Kingdom
2370,17279,Michael Burton,michael488@example.com,M,Bronze,2023-11-28,West Kennethmouth,United Kingdom
2389,16989,Jacqueline Baxter,jacqueline770@example.com,M,Bronze,2024-12-07,Port Stephanie,United Kingdom
2420,16565,Kathy Griffith,kathy917@example.net,M,Bronze,2024-11-10,Port Dana,United Kingdom
2434,13080,Dennis Hart,dennis442@example.com,M,Bronze,2021-01-03,Jeremyport,United Kingdom
2464,17309,Rhonda Lee,rhonda791@example.com,M,Bronze,2021-01-04,West Stephenport,United Kingdom
2526,18170,Matthew Velazquez,matthew581@example.com,M,Bronze,2021-11-02,Lake Susan,United Kingdom
2562,14902,Katherine Miller DVM,katherine651@example.com,M,Bronze,2020-12-25,South Vincentstad,United Kingdom
2714,14427,Cheryl Morales,cheryl438@example.com,M,Bronze,2025-03-04,New Samanthamouth,United Kingdom
2738,14954,Gregory Thomas,gregory381@example.com,M,Bronze,2024-10-08,New Melanie,United Kingdom
2749,16620,Kristen Garcia,kristen953@example.org,M,Bronze,2023-08-27,Jenniferton,United Kingdom
3063,16085,Tammy May,tammy537@example.net,M,Bronze,2022-07-19,Guerrerobury,United Kingdom
3077,16306,Evan Nunez,evan267@example.net,M,Bronze,2024-10-02,Ronaldberg,United Kingdom
3079,13829,Joshua Fowler,joshua251@example.org,M,Bronze,2025-04-15,Careyberg,United Kingdom
3113,17331,Mitchell Wilkinson,mitchell428@example.com,M,Bronze,2022-07-20,Cardenasbury,United Kingdom
3262,15881,James Rojas,james771@example.org,M,Bronze,2021-11-22,Matthewport,United Kingdom
3287,17356,Tabitha Chavez,tabitha610@example.com,M,Bronze,2022-01-11,North Amy,United Kingdom
3289,17226,Emma Hughes,emma171@example.org,M,Bronze,2025-09-28,Snowmouth,United Kingdom
3397,13618,Kevin Smith,kevin813@example.net,M,Bronze,2021-10-23,North Tyler,United Kingdom
3421,16693,Wesley Torres,wesley776@example.org,M,Bronze,2023-11-06,Danielleton,United Kingdom
3435,13121,Benjamin Friedman,benjamin976@example.net,M,Bronze,2021-01-05,West Charles,United Kingdom
3456,16729,Samantha Williams,samantha369@example.org,M,Bronze,2023-08-15,Amyshire,United Kingdom
3457,13242,Jennifer Mathews,jennifer145@example.com,M,Bronze,2021-08-13,Justinstad,United Kingdom
3472,17306,David Jones,david659@example.com,M,Bronze,2021-12-28,Gregoryfurt,United Kingdom
3536,15673,Renee Duffy,renee902@example.org,M,Gold,2021-07-11,Bryanbury,United Kingdom
3633,16468,Anthony Terry,anthony864@example.com,M,Gold,2021-02-12,North Susanside,United Kingdom
3651,17595,John Bond,john280@example.com,M,Gold,2022-12-07,East Matthewborough,United Kingdom
3725,12429,Laurie Cook,laurie666@example.org,M,Silver,2023-06-22,Joshualand,Denmark
3789,15933,Angela Booker,angela160@example.org,M,Silver,2022-11-05,Michellemouth,United Kingdom
3851,16767,Becky Jackson,becky946@example.com,M,Silver,2022-06-14,West Nicholas,United Kingdom
3899,15472,Mary Cannon,mary667@example.net,M,Silver,2022-02-24,Garcialand,United Kingdom
3938,15373,Bobby Nielsen,bobby301@example.org,M,Silver,2024-01-09,Port Christine,United Kingdom
3964,14068,Stacey Alvarez,stacey555@example.net,M,Silver,2022-10-06,Port Linda,United Kingdom
3973,15937,Laurie Price,laurie945@example.org,M,Silver,2024-03-13,Murphymouth,United Kingdom
3993,15047,Rodney Lane,rodney314@example.org,M,Silver,2021-08-04,Brandonton,United Kingdom
4025,15940,Katie Nixon,katie657@example.net,M,Silver,2023-08-04,Samuelton,United Kingdom
4056,18059,Jason Dennis,jason728@example.net,M,Silver,2025-07-31,Johnberg,United Kingdom
4090,12982,Randy Stone,randy309@example.net,M,Silver,2025-04-30,North Andreatown,United Kingdom
4129,15632,Dana Young,dana502@example.org,M,Silver,2024-12-06,Tiffanymouth,United Kingdom
4149,15488,Beverly Allen,beverly334@example.com,M,Silver,2024-10-16,New Joel,United Kingdom
4225,13070,William Little,william741@example.org,M,Silver,2024-11-15,Port Melissa,United Kingdom
4288,13142,Kenneth Collins,kenneth253@example.net,M,Silver,2024-05-23,Hayesville,United Kingdom
4324,17588,Logan Dodson,logan917@example.com,M,Silver,2024-08-03,Port Nancyfort,United Kingdom
103,16422,Robert Gutierrez,robert291@example.net,F,Bronze,2020-11-24,New Aaron,United Kingdom
129,15216,Rachel Phillips,rachel482@example.net,F,Bronze,2023-04-05,Parkerberg,United Kingdom
148,15825,Stephanie Wall,stephanie361@example.com,F,Bronze,2024-05-30,Lake Carmen,United Kingdom
258,15707,Blake Rivera,blake605@example.com,F,Bronze,2022-10-03,Williamfort,United Kingdom
271,13008,Erica Pham,erica419@example.net,F,Bronze,2023-07-06,Lisamouth,United Kingdom
332,17486,Kimberly Johnston,kimberly133@example.org,F,Bronze,2021-12-18,Amandahaven,United Kingdom
466,16671,Michael Diaz,michael469@example.org,F,Bronze,2021-09-10,Elizabethmouth,United Kingdom
496,16934,Lisa Wolf,lisa844@example.org,F,Bronze,2021-06-02,Kimberlyshire,United Kingdom
559,13561,Brian Bowman,brian992@example.net,F,Bronze,2021-01-19,Daughertyshire,United Kingdom
578,15437,Eric Conrad,eric712@example.org,F,Bronze,2021-06-18,New Tammyberg,United Kingdom
629,15980,Gerald Meyer,gerald957@example.org,F,Bronze,2024-08-21,Toddfurt,United Kingdom
648,13474,Phillip Schmidt,phillip810@example.net,F,Bronze,2021-04-01,Russellshire,United Kingdom
769,16861,Laura Humphrey,laura772@example.net,F,Bronze,2021-04-05,New Michael,United Kingdom
792,15287,Jacqueline Phillips,jacqueline532@example.org,F,Bronze,2021-05-11,Carrfurt,United Kingdom
905,15919,Brittany Brown,brittany926@example.org,F,Bronze,2024-04-12,Lake Glennbury,United Kingdom
918,17408,Gary Ramos,gary526@example.com,F,Bronze,2023-12-24,Lake Justin,United Kingdom
942,13411,Gerald Richardson,gerald366@example.org,F,Bronze,2022-01-12,Port Christopher,United Kingdom
1004,16513,Larry Phillips,larry121@example.net,F,Bronze,2024-10-05,New Feliciachester,United Kingdom
1138,13642,Gilbert Franklin,gilbert639@example.net,F,Bronze,2020-11-02,Port Anne,United Kingdom
1147,15171,Kenneth Logan,kenneth841@example.com,F,Bronze,2025-09-09,North Andrew,United Kingdom
1225,14573,Michelle Gomez,michelle277@example.org,F,Bronze,2025-05-06,South Theresa,United Kingdom
1230,13253,Richard Wagner,richard471@example.net,F,Bronze,2021-12-20,Fergusonmouth,United Kingdom
1387,15204,Jessica Lloyd,jessica638@example.com,F,Gold,2023-05-26,Lake Matthew,United Kingdom
1402,18189,Jacqueline Williams,jacqueline173@example.net,F,Gold,2021-02-26,South Sierrabury,United Kingdom
1677,15802,Katherine Hayes,katherine637@example.org,F,Silver,2022-01-12,New Anthony,United Kingdom
1725,18030,Sarah Kelley,sarah161@example.org,F,Silver,2023-06-16,East Stephanie,United Kingdom
1733,17528,Carrie Garcia,carrie735@example.net,F,Silver,2025-10-04,Lake Justin,United Kingdom
1759,16725,Daniel Bradley,daniel840@example.com,F,Silver,2023-09-06,Andersonberg,United Kingdom
1767,18261,Brian Obrien,brian831@example.net,F,Silver,2023-08-03,South Melissastad,United Kingdom
1801,16488,Cassandra Pruitt,cassandra693@example.com,F,Silver,2025-03-01,West Cynthiaton,United Kingdom
1929,14894,Alexander Fisher,alexander501@example.net,F,Silver,2021-11-26,New Brianna,United Kingdom
1969,16113,Michael Vazquez,michael545@example.net,F,Silver,2023-05-03,New Josephhaven,United Kingdom
2023,15593,Tanya Brown,tanya644@example.com,F,Silver,2023-09-23,East Shannonview,United Kingdom
2033,16928,Michelle May,michelle877@example.com,F,Silver,2025-08-12,Justinbury,United Kingdom
2069,16697,Gina Anderson,gina978@example.com,F,Silver,2024-10-27,Lisaburgh,United Kingdom
2102,16279,Melissa Rush,melissa144@example.net,F,Silver,2021-12-26,Hallhaven,United Kingdom
2110,18044,Desiree Atkinson,desiree898@example.net,F,Silver,2024-02-21,Sarahchester,United Kingdom
2198,13239,Carrie Rivas,carrie523@example.net,F,Silver,2025-08-25,South Thomas,United Kingdom
2199,14844,Jack Henry,jack987@example.com,F,Silver,2024-07-23,Smithside,United Kingdom
2219,12422,Daniel Rose,daniel969@example.com,M,Bronze,2022-10-21,Wilkinsonhaven,Australia
2223,12865,Tiffany Owen,tiffany474@example.net,M,Bronze,2025-10-10,East Erica,Austria
2257,12567,Tammy Meyer,tammy784@example.net,M,Bronze,2024-05-02,Kristiside,France
2315,12756,Renee Hughes,renee561@example.com,M,Bronze,2022-05-21,Donaldberg,Japan
2476,16224,Lauren Hall,lauren386@example.org,M,Bronze,2022-05-16,Mcbridechester,United Kingdom
2514,17978,William Santiago,william859@example.com,M,Bronze,2022-02-27,Port Sarah,United Kingdom
2543,14692,Kathleen Cummings,kathleen596@example.net,M,Bronze,2024-05-10,South Jennifer,United Kingdom
2646,17926,Marissa Kelley,marissa290@example.net,M,Bronze,2023-11-10,East Laceyborough,United Kingdom
2663,15743,Kaitlyn Anderson,kaitlyn887@example.org,M,Bronze,2022-04-07,Brownfurt,United Kingdom
2667,13927,Rodney Patterson,rodney387@example.net,M,Bronze,2022-04-25,Lake Joshuaville,United Kingdom
2703,17301,Christopher Rodriguez,christopher979@example.com,M,Bronze,2021-06-28,Lake Kendrastad,United Kingdom
2707,12897,Timothy Carroll,timothy167@example.com,M,Bronze,2021-11-25,Lake Shawn,United Kingdom
2720,14298,Kyle Mack,kyle263@example.org,M,Bronze,2022-03-01,West Brooke,United Kingdom
2743,17324,Allison White,allison764@example.org,M,Bronze,2020-11-30,Cardenasview,United Kingdom
2752,16399,Charles Campbell,charles251@example.org,M,Bronze,2023-12-24,Shahbury,United Kingdom
2772,15464,Stephanie Nicholson,stephanie564@example.com,M,Bronze,2021-08-29,Lake Monica,United Kingdom
2793,14576,Nathan Hayes,nathan590@example.net,M,Bronze,2021-02-11,South Michael,United Kingdom
2795,17720,Natalie Hudson,natalie655@example.net,M,Bronze,2022-04-10,Lake Keith,United Kingdom
2804,13692,Courtney Blackburn,courtney512@example.org,M,Bronze,2022-10-14,North Jennifertown,United Kingdom
2934,17457,Marie Obrien,marie878@example.com,M,Bronze,2021-09-18,South Cynthiaview,United Kingdom
3072,17046,Jocelyn Suarez,jocelyn869@example.org,M,Bronze,2024-04-02,New Alec,United Kingdom
3106,17811,Jill Robinson,jill577@example.net,M,Bronze,2021-05-29,Avilaberg,United Kingdom
3135,12851,Miss Jennifer Kent DDS,miss661@example.com,M,Bronze,2021-06-27,East Lauraside,United Kingdom
3297,13167,Mrs. Cynthia Bullock,mrs734@example.com,M,Bronze,2023-08-07,Santanachester,United Kingdom
3388,17075,Mark Huffman,mark582@example.net,M,Bronze,2023-01-16,Diamondtown,United Kingdom
3431,16187,Christina Dorsey,christina332@example.org,M,Bronze,2020-12-21,Brownburgh,United Kingdom
3446,15803,Karen Downs,karen530@example.net,M,Bronze,2022-03-10,Williamburgh,United Kingdom
3447,17450,Shelby Kennedy,shelby616@example.org,M,Bronze,2022-02-27,Port Michael,United Kingdom
3499,12388,Lindsey Keith,lindsey848@example.org,M,Gold,2023-06-23,West Kaylachester,Australia
3503,12700,Bobby Weber,bobby759@example.net,M,Gold,2022-03-21,North Wesley,France
3523,16709,John Nunez,john129@example.org,M,Gold,2021-08-08,North Drew,United Kingdom
3531,14538,Megan Jimenez,megan211@example.net,M,Gold,2022-03-31,East Nancychester,United Kingdom
3674,13410,Sharon Ortiz,sharon343@example.com,M,Gold,2023-02-05,Lake Daniel,United Kingdom
3717,12395,Jason Duncan,jason586@example.net,M,Silver,2025-06-15,Port Andrea,Belgium
3766,12793,Tina Haynes,tina411@example.org,M,Silver,2020-11-07,Butlerview,Portugal
3839,17881,Sara Jackson,sara572@example.org,M,Silver,2021-04-21,Hodgeland,United Kingdom
3883,16757,Michelle Russell,michelle200@example.org,M,Silver,2022-12-26,Reneehaven,United Kingdom
4017,13728,Sara Martinez,sara994@example.com,M,Silver,2025-08-16,West Alanstad,United Kingdom
4092,16642,David Gibson,david518@example.com,M,Silver,2024-09-08,Clarkbury,United Kingdom
4148,15004,Joshua Moreno,joshua808@example.com,M,Silver,2023-11-22,New Conniefurt,United Kingdom
4153,13842,David Gutierrez,david188@example.org,M,Silver,2022-07-15,South Danielport,United Kingdom
4175,16020,John Kelley,john393@example.org,M,Silver,2023-03-25,Stevenland,United Kingdom
4308,14816,Jaclyn Mccullough,jaclyn472@example.net,M,Silver,2024-10-09,West Natalietown,United Kingdom
8,12380,Calvin Nunez,calvin553@example.org,F,Bronze,2022-10-08,North Thomasfort,Belgium
35,12679,John Tucker,john403@example.org,F,Bronze,2022-12-26,North Oliviamouth,France
88,12448,Victoria Hernandez,victoria399@example.net,F,Bronze,2022-09-09,North Heatherhaven,Spain
219,15543,Michael Bartlett,michael619@example.org,F,Bronze,2025-04-01,Kimhaven,United Kingdom
235,16758,Wanda Green,wanda785@example.org,F,Bronze,2024-10-13,Michelleport,United Kingdom
281,16813,Laura Stephenson,laura224@example.net,F,Bronze,2024-08-28,New Christopherland,United Kingdom
384,16115,Alexandra Ashley MD,alexandra556@example.net,F,Bronze,2023-01-20,Port Lisaton,United Kingdom
400,15113,Nicole Alvarado,nicole897@example.net,F,Bronze,2025-09-22,Smithview,United Kingdom
444,17359,Timothy Sanchez,timothy285@example.org,F,Bronze,2025-08-14,Lake Daniellefurt,United Kingdom
476,13225,Brooke Tucker,brooke593@example.org,F,Bronze,2024-11-16,Lamburgh,United Kingdom
812,17061,Henry Vargas,henry138@example.net,F,Bronze,2021-09-15,New Kara,United Kingdom
836,18232,Joseph Roberts,joseph638@example.com,F,Bronze,2021-02-17,North Jonathan,United Kingdom
859,13420,Jeremy Griffin,jeremy520@example.com,F,Bronze,2022-12-31,West Rickfort,United Kingdom
873,14270,Kimberly Massey,kimberly216@example.com,F,Bronze,2021-05-24,North Natalie,United Kingdom
920,15254,Robert Sullivan,robert768@example.com,F,Bronze,2025-08-16,Reginaborough,United Kingdom
986,15903,John Mitchell,john912@example.org,F,Bronze,2023-10-12,East Brianstad,United Kingdom
1028,14350,Anthony Washington,anthony834@example.com,F,Bronze,2022-07-24,Port Christopher,United Kingdom
1094,17885,Sarah Edwards,sarah743@example.com,F,Bronze,2023-08-01,Michaelton,United Kingdom
1182,14021,Chad Martinez,chad906@example.com,F,Bronze,2022-11-18,Johnsonborough,United Kingdom
1193,15343,Kendra Miller,kendra155@example.org,F,Bronze,2020-12-22,Dakotaport,United Kingdom
1280,16080,John Turner,john937@example.org,F,Bronze,2022-03-21,West Ericburgh,United Kingdom
1356,12764,Lauren Brooks,lauren264@example.org,F,Gold,2023-06-27,Lake Penny,Lebanon
1386,15615,Mark Clarke,mark248@example.com,F,Gold,2025-06-12,Brandonmouth,United Kingdom
1503,16097,Leah Matthews,leah852@example.com,F,Gold,2022-06-26,West Michaelmouth,United Kingdom
1638,13644,Taylor Howard,taylor333@example.com,F,Silver,2022-02-19,Isaiahtown,United Kingdom
1681,13455,Kathy Carson,kathy965@example.net,F,Silver,2023-02-26,Rayfurt,United Kingdom
1707,15504,Benjamin Estrada,benjamin652@example.com,F,Silver,2021-07-19,Mollyhaven,United Kingdom
1753,17212,Valerie Goodwin,valerie990@example.org,F,Silver,2023-07-01,East Jillburgh,United Kingdom
1758,17924,Jason Sullivan,jason756@example.org,F,Silver,2022-12-08,Waltonmouth,United Kingdom
1760,17239,Charles Watson,charles451@example.com,F,Silver,2020-11-14,Jonesfort,United Kingdom
1785,13491,Renee Ramos,renee728@example.net,F,Silver,2021-06-11,Wardborough,United Kingdom
1821,15531,Robert Garcia,robert640@example.org,F,Silver,2025-01-30,Mclaughlinville,United Kingdom
1827,16333,Alexander Padilla,alexander866@example.net,F,Silver,2022-09-02,Fishermouth,United Kingdom
1856,18138,Kendra Banks,kendra679@example.com,F,Silver,2022-02-01,Sanchezville,United Kingdom
1894,16869,Lisa Atkinson,lisa301@example.org,F,Silver,2023-12-08,South Josephberg,United Kingdom
2092,17991,Colin Campbell,colin827@example.com,F,Silver,2021-10-03,Port Dominic,United Kingdom
2104,17716,Steven Meyer,steven248@example.net,F,Silver,2025-01-05,Johnsonside,United Kingdom
2116,13207,Benjamin Richardson,benjamin745@example.org,F,Silver,2022-09-17,Lake Anthonyfort,United Kingdom
2135,13516,Donald Lewis,donald721@example.com,F,Silver,2021-06-25,Port Karenport,United Kingdom
2185,14223,John Gonzales,john765@example.com,F,Silver,2020-12-14,East Taylortown,United Kingdom
2269,12690,Gail Dunn,gail230@example.com,M,Bronze,2025-10-09,Port David,France
2419,14299,Margaret Garrison,margaret775@example.com,M,Bronze,2024-08-05,West David,United Kingdom
2566,13611,Mary Morrison,mary148@example.com,M,Bronze,2025-06-11,Janetchester,United Kingdom
2607,12847,Cindy Benson DVM,cindy993@example.org,M,Bronze,2024-02-20,Lake Jenniferport,United Kingdom
2608,14424,Jaclyn Bolton,jaclyn895@example.com,M,Bronze,2021-03-09,Halemouth,United Kingdom
2655,17456,Christine Poole,christine453@example.net,M,Bronze,2021-04-22,Danieltown,United Kingdom
2661,18273,Catherine Wiggins,catherine156@example.net,M,Bronze,2025-07-13,New Cassandra,United Kingdom
2739,13777,Jason Hall,jason700@example.net,M,Bronze,2021-08-28,Mistyberg,United Kingdom
2771,16600,Charles Marshall,charles285@example.net,M,Bronze,2023-05-28,South Christybury,United Kingdom
2814,16506,Dylan Phillips,dylan868@example.org,M,Bronze,2023-12-09,Norrisstad,United Kingdom
2873,15203,Heidi Cruz,heidi942@example.org,M,Bronze,2022-12-16,West Robert,United Kingdom
2876,15636,Gregory Perry,gregory604@example.net,M,Bronze,2023-08-15,Beckberg,United Kingdom
2898,14885,Megan Castaneda,megan920@example.com,M,Bronze,2023-10-07,Deborahport,United Kingdom
2907,14159,Alisha Wood,alisha977@example.com,M,Bronze,2023-10-14,Port Melissamouth,United Kingdom
3122,13124,David Owens,david203@example.org,M,Bronze,2021-06-12,Ianland,United Kingdom
3380,18014,Christopher Coleman,christopher284@example.org,M,Bronze,2021-06-26,Kyleberg,United Kingdom
3428,16714,Jeffrey Patel,jeffrey730@example.net,M,Bronze,2021-11-09,Frankfort,United Kingdom
3514,12480,Ashley Allen,ashley986@example.net,M,Gold,2022-01-31,Cunninghamborough,Germany
3528,18097,Ronald Manning,ronald534@example.net,M,Gold,2022-07-18,Millschester,United Kingdom
3577,16794,William Moon,william797@example.com,M,Gold,2021-08-10,South Shannonburgh,United Kingdom
3583,12929,Michael Carr,michael985@example.org,M,Gold,2022-08-10,Taylorberg,United Kingdom
3645,17446,Andrew Morgan,andrew710@example.com,M,Gold,2025-08-05,West Tylerport,United Kingdom
3665,13305,Beverly Harrell,beverly697@example.net,M,Gold,2023-07-06,Ronaldview,United Kingdom
3680,15854,Brian Juarez,brian698@example.com,M,Gold,2021-04-29,Lake Jameston,United Kingdom
3764,12759,Sandra Carter,sandra420@example.org,M,Silver,2025-06-14,Janiceshire,Netherlands
3809,15081,Nicole Hudson,nicole529@example.org,M,Silver,2022-09-30,Autumnburgh,United Kingdom
3897,13302,Guy Garcia,guy147@example.com,M,Silver,2025-05-01,Garciahaven,United Kingdom
3961,14158,Patricia Lambert,patricia147@example.net,M,Silver,2025-06-25,New Michaelfort,United Kingdom
3963,13065,Heather Stephenson,heather192@example.net,M,Silver,2024-01-25,Woodchester,United Kingdom
4028,15036,Derek Taylor,derek854@example.com,M,Silver,2021-04-27,Port Meredithhaven,United Kingdom
4036,18106,Hector Coffey,hector219@example.org,M,Silver,2022-12-23,Bondstad,United Kingdom
4098,15156,David Brady,david164@example.net,M,Silver,2022-10-26,Amandaton,United Kingdom
4114,17677,Louis Campos,louis273@example.net,M,Silver,2023-02-20,New Andre,United Kingdom
4173,16102,Jesse Peterson,jesse819@example.org,M,Silver,2023-05-28,Sherriview,United Kingdom
4196,15551,Christine Lee,christine634@example.com,M,Silver,2023-12-25,East Joshua,United Kingdom
4246,14760,Kristen Richardson,kristen225@example.net,M,Silver,2023-12-06,New Jimmy,United Kingdom
4299,18154,Kimberly Rhodes,kimberly323@example.org,M,Silver,2024-08-31,Taylorberg,United Kingdom
4336,15181,John Key,john915@example.org,M,Silver,2023-05-07,Lake Mariahstad,United Kingdom
147,16348,Victoria Hill,victoria572@example.com,F,Bronze,2023-12-17,Torresfurt,United Kingdom
150,15247,Teresa Carter DDS,teresa382@example.org,F,Bronze,2023-03-21,Lake Rebeccaton,United Kingdom
279,13711,Amy Green,amy311@example.org,F,Bronze,2022-10-29,East John,United Kingdom
338,18101,Daniel Maxwell,daniel772@example.com,F,Bronze,2021-08-20,Keithstad,United Kingdom
398,13277,Robert Long,robert226@example.net,F,Bronze,2022-06-02,West Craig,United Kingdom
408,16593,Antonio Rhodes,antonio495@example.com,F,Bronze,2022-05-31,Kristinastad,United Kingdom
421,13513,Joshua Hughes,joshua248@example.org,F,Bronze,2023-02-28,South Danielle,United Kingdom
428,14893,Derrick Barnes,derrick588@example.org,F,Bronze,2024-05-06,East Suzanneport,United Kingdom
480,17114,Maria Rodriguez,maria712@example.net,F,Bronze,2021-01-21,Brownborough,United Kingdom
502,14206,Christopher Duncan,christopher912@example.org,F,Bronze,2025-02-10,Cynthiachester,United Kingdom
531,13610,Lisa Holland,lisa808@example.com,F,Bronze,2024-01-19,Port Ashley,United Kingdom
582,14690,Michael Robinson,michael985@example.com,F,Bronze,2023-10-23,East John,United Kingdom
608,18035,Gary King,gary360@example.net,F,Bronze,2025-02-28,South Terri,United Kingdom
638,13914,Steven Maddox,steven839@example.com,F,Bronze,2025-08-26,Lake Thomas,United Kingdom
659,17869,Tristan Schmitt,tristan876@example.org,F,Bronze,2025-02-09,Christinemouth,United Kingdom
667,17602,Gregory Davidson,gregory172@example.com,F,Bronze,2021-06-18,North Matthewstad,United Kingdom
745,15380,Elizabeth Ellis,elizabeth798@example.com,F,Bronze,2023-03-22,West Jessica,United Kingdom
870,13496,Brandon Dalton,brandon386@example.net,F,Bronze,2023-06-17,West Jamie,United Kingdom
912,15831,Gilbert Brown,gilbert603@example.org,F,Bronze,2023-08-01,Bennettberg,United Kingdom
926,17636,John Russell,john403@example.net,F,Bronze,2022-01-20,North Gregoryborough,United Kingdom
968,14988,Kathy Coleman,kathy978@example.net,F,Bronze,2023-08-08,Torresville,United Kingdom
1002,18042,Elizabeth Jackson,elizabeth649@example.org,F,Bronze,2021-08-01,Anthonyburgh,United Kingdom
1009,13082,Jordan Neal,jordan916@example.com,F,Bronze,2022-12-28,New Catherine,United Kingdom
1021,15329,Pamela Clark,pamela169@example.com,F,Bronze,2025-07-25,Lake Thomas,United Kingdom
1029,15452,Lisa Thompson,lisa681@example.com,F,Bronze,2023-04-22,East Davidhaven,United Kingdom
1055,16647,Juan Floyd,juan981@example.com,F,Bronze,2021-04-25,Walkerchester,United Kingdom
1096,16638,Christopher Hudson,christopher973@example.net,F,Bronze,2023-04-28,Michellefort,United Kingdom
1189,16114,Martin Edwards,martin808@example.com,F,Bronze,2023-05-06,South Rickymouth,United Kingdom
1363,13911,Kimberly Thomas,kimberly529@example.net,F,Gold,2024-07-20,Lake Kimberly,United Kingdom
1368,17337,David King,david966@example.net,F,Gold,2024-05-29,East David,United Kingdom
1385,14161,Brandy Villanueva,brandy769@example.net,F,Gold,2022-10-23,West Tammy,United Kingdom
1407,16240,Wesley Taylor,wesley581@example.org,F,Gold,2024-04-28,Stewartstad,United Kingdom
1453,17235,Ashlee King,ashlee233@example.org,F,Gold,2024-06-01,Josephhaven,United Kingdom
1663,13035,Adam Smith,adam193@example.org,F,Silver,2022-01-20,Markshire,United Kingdom
1667,14729,John Delacruz,john327@example.org,F,Silver,2023-04-08,New Mirandachester,United Kingdom
1696,18223,Shannon Morse,shannon584@example.net,F,Silver,2023-03-06,Dominguezfort,United Kingdom
1754,15135,Steve Miller,steve837@example.com,F,Silver,2023-11-26,Hubbardbury,United Kingdom
1775,18036,Tracy Green,tracy394@example.org,F,Silver,2022-12-08,Simmonsside,United Kingdom
1787,14175,Christopher Carter,christopher773@example.org,F,Silver,2021-02-01,East Carmenmouth,United Kingdom
1816,14406,Jacob Murphy,jacob790@example.net,F,Silver,2025-08-25,North Colechester,United Kingdom
1872,16829,Sonia Smith,sonia616@example.org,F,Silver,2022-08-19,North Williamshire,United Kingdom
2086,13583,Diamond Steele,diamond461@example.org,F,Silver,2025-10-16,Port Jenniferberg,United Kingdom
2096,13273,Terry Mckee,terry884@example.com,F,Silver,2024-05-27,Garyville,United Kingdom
2108,15619,Brandy Campbell DDS,brandy364@example.net,F,Silver,2023-09-07,Christianbury,United Kingdom
2129,14174,Jerry Williams,jerry925@example.com,F,Silver,2022-01-04,Paultown,United Kingdom
2207,16262,Kenneth Armstrong,kenneth197@example.net,F,Silver,2022-06-05,Jamieborough,United Kingdom
2212,14177,Jennifer Ferguson,jennifer202@example.net,F,Silver,2025-10-17,North Patrickfurt,United Kingdom
2234,12769,Joshua Olson,joshua473@example.net,M,Bronze,2022-01-20,East Jillview,Brazil
2310,12578,Allison Newman,allison531@example.net,M,Bronze,2021-09-20,East Devinport,Italy
2313,14912,Joseph Black,joseph779@example.com,M,Bronze,2020-11-02,Jonathanfort,Italy
2346,13493,Carol Perry,carol828@example.net,M,Bronze,2024-10-08,East Sierrahaven,Switzerland
2355,17071,Julie Shields,julie340@example.net,M,Bronze,2021-07-19,Port Frederickville,United Kingdom
2518,15197,Thomas Smith,thomas918@example.com,M,Bronze,2023-02-14,Meltonport,United Kingdom
2534,16732,Eric Martinez,eric715@example.net,M,Bronze,2021-11-24,New Anna,United Kingdom
2612,16718,Amy Jones,amy869@example.org,M,Bronze,2025-06-22,Parkertown,United Kingdom
2641,14157,James Jacobson,james444@example.com,M,Bronze,2023-02-14,Port Amberbury,United Kingdom
2645,17367,Jeff Nelson,jeff461@example.org,M,Bronze,2021-11-26,Clintonville,United Kingdom
2806,15734,Eugene Barnes,eugene808@example.org,M,Bronze,2024-02-15,Beanborough,United Kingdom
2840,15573,Lauren Duncan,lauren262@example.net,M,Bronze,2022-03-04,North Jasonstad,United Kingdom
2841,17427,Kelly Walker,kelly507@example.org,M,Bronze,2024-01-07,Jamesfurt,United Kingdom
2860,15942,James Foley,james826@example.org,M,Bronze,2021-08-02,Duncanchester,United Kingdom
2872,14229,Shannon Frazier DDS,shannon155@example.net,M,Bronze,2025-06-18,Jonathanfurt,United Kingdom
2890,17696,Jonathan Gould,jonathan455@example.com,M,Bronze,2025-07-15,East Jonathanmouth,United Kingdom
3041,15850,Kristin Parks,kristin431@example.org,M,Bronze,2024-09-09,Markton,United Kingdom
3088,13760,Johnny Fox,johnny709@example.org,M,Bronze,2025-07-23,Samanthatown,United Kingdom
3137,17434,Carolyn Hill,carolyn318@example.org,M,Bronze,2025-09-29,Millerbury,United Kingdom
3192,14340,Cody Arias,cody619@example.org,M,Bronze,2022-06-14,Tonyborough,United Kingdom
3221,18236,Jordan Smith,jordan941@example.org,M,Bronze,2024-06-15,South Rebecca,United Kingdom
3345,14386,David Phillips,david686@example.org,M,Bronze,2024-08-15,Port Matthew,United Kingdom
3395,15630,Kelly Harrington,kelly784@example.net,M,Bronze,2022-04-16,Patrickfort,United Kingdom
3401,16204,Terry Jensen,terry599@example.net,M,Bronze,2024-10-10,Lawrenceborough,United Kingdom
3416,18155,Richard Alvarez,richard655@example.com,M,Bronze,2023-10-17,Rodriguezland,United Kingdom
3477,16050,Marvin Smith,marvin253@example.com,M,Bronze,2025-04-19,North Jasonview,United Kingdom
3507,12518,Anthony Ward,anthony867@example.org,M,Gold,2022-10-15,Lawrenceside,Germany
3893,14482,Monique Gilbert,monique443@example.org,M,Silver,2021-02-21,Josephmouth,United Kingdom
3909,17492,Michael Collins,michael487@example.com,M,Silver,2021-01-09,North William,United Kingdom
3932,17705,Jeffery Wilson,jeffery675@example.org,M,Silver,2021-12-08,Lake Pamelaview,United Kingdom
3949,14020,Erica Jones,erica116@example.org,M,Silver,2025-05-31,New Timothyville,United Kingdom
3957,17158,Dillon Thomas,dillon667@example.com,M,Silver,2024-03-04,South Kennethstad,United Kingdom
4104,16778,Michael Higgins,michael532@example.org,M,Silver,2024-04-05,Port Josephstad,United Kingdom
4106,13462,Sean Brown,sean477@example.com,M,Silver,2023-01-02,Santanafurt,United Kingdom
4145,18079,Charles Rodriguez,charles412@example.net,M,Silver,2021-10-31,South Abigailhaven,United Kingdom
4166,16915,Dr. Lauren Tran DVM,dr835@example.org,M,Silver,2024-11-13,Morahaven,United Kingdom
4277,15917,Craig Byrd,craig565@example.org,M,Silver,2025-09-18,West Michael,United Kingdom
4295,14626,Stephanie Tran,stephanie661@example.net,M,Silver,2024-10-27,West Bethanyberg,United Kingdom
4304,15145,Tina Rose,tina962@example.com,M,Silver,2023-07-08,Oconnorhaven,United Kingdom
4305,15530,Jose Dawson,jose414@example.org,M,Silver,2024-09-20,Andreaborough,United Kingdom
26,12493,Paul Kelley,paul142@example.org,F,Bronze,2024-04-01,North Sean,France
31,12637,Angela Gray,angela958@example.org,F,Bronze,2021-02-27,North Erika,France
44,12712,Kyle Meyer,kyle644@example.net,F,Bronze,2021-10-27,Gordonburgh,Germany
56,12665,Elizabeth Lopez,elizabeth901@example.com,F,Bronze,2020-11-11,New Ryan,Germany
270,16499,Sandra Garza,sandra496@example.net,F,Bronze,2020-12-11,East Samuel,United Kingdom
343,16846,Erika Brown,erika299@example.org,F,Bronze,2023-10-08,Robbinstown,United Kingdom
348,17191,Denise Smith,denise710@example.com,F,Bronze,2025-01-06,Brighttown,United Kingdom
366,14857,Amanda Perry,amanda350@example.com,F,Bronze,2023-06-02,Cindybury,United Kingdom
414,18263,Tara Gonzalez,tara684@example.org,F,Bronze,2022-09-04,Ayalastad,United Kingdom
439,14364,Juan Bond DDS,juan196@example.org,F,Bronze,2024-08-24,New April,United Kingdom
451,14355,Derrick Wilson,derrick749@example.net,F,Bronze,2022-04-29,North Cassidy,United Kingdom
467,17347,Alexandra Miller,alexandra223@example.org,F,Bronze,2022-01-16,Deniseberg,United Kingdom
568,12882,Alexis Lee,alexis479@example.com,F,Bronze,2022-01-06,Port Carrie,United Kingdom
570,14606,Jose Wells,jose150@example.net,F,Bronze,2023-06-20,North Bradleytown,United Kingdom
572,15596,Jamie Norris,jamie875@example.com,F,Bronze,2024-07-26,Jeffreyhaven,United Kingdom
592,15640,Nicholas Wu,nicholas904@example.com,F,Bronze,2024-03-12,Port Anna,United Kingdom
656,14675,Spencer Hicks,spencer481@example.net,F,Bronze,2022-08-18,West Kelseybury,United Kingdom
668,14006,Carl Branch,carl887@example.org,F,Bronze,2024-04-28,Sueview,United Kingdom
717,17865,Alisha Church,alisha136@example.org,F,Bronze,2020-12-07,South Chloeborough,United Kingdom
732,13791,Eric Wise,eric850@example.net,F,Bronze,2022-12-25,North Robertton,United Kingdom
778,16403,Stephanie Roberts,stephanie709@example.net,F,Bronze,2021-06-22,Lake Rachelfurt,United Kingdom
826,14733,Daniel Warren,daniel774@example.org,F,Bronze,2025-07-19,Freemanside,United Kingdom
838,12968,Brenda Aguilar,brenda269@example.net,F,Bronze,2025-10-02,North Megan,United Kingdom
843,16784,Anthony Paul,anthony991@example.com,F,Bronze,2024-02-07,Schwartzview,United Kingdom
885,17648,Andrea Byrd,andrea613@example.org,F,Bronze,2021-02-17,East Gabriella,United Kingdom
970,16276,Shane Fletcher,shane990@example.com,F,Bronze,2023-08-28,Churchborough,United Kingdom
994,14397,Thomas Taylor,thomas345@example.org,F,Bronze,2025-08-06,New Patrickland,United Kingdom
1013,15411,Kelly Mayo,kelly382@example.net,F,Bronze,2025-10-21,Brandonchester,United Kingdom
1033,13416,Christy Johnson,christy626@example.com,F,Bronze,2025-06-03,Wendymouth,United Kingdom
1119,17839,Karen Chavez,karen665@example.net,F,Bronze,2024-08-19,South Yolanda,United Kingdom
1120,15450,Julian Johnson,julian932@example.org,F,Bronze,2022-12-30,Bowmanland,United Kingdom
1195,18174,Jennifer Henderson,jennifer906@example.net,F,Bronze,2022-08-05,Lake Bernard,United Kingdom
1251,15773,Jeremy Soto,jeremy535@example.net,F,Bronze,2025-02-16,Christianchester,United Kingdom
1290,12828,Thomas Griffith,thomas407@example.org,F,Bronze,2022-07-03,Murphystad,United Kingdom
1328,15620,Nicole Williams,nicole760@example.net,F,Bronze,2025-08-16,Timothyborough,United Kingdom
1341,12362,Matthew Sanchez,matthew204@example.net,F,Gold,2024-04-04,West Cherylmouth,Belgium
1427,16241,Mr. Francisco Rodriguez Jr.,mr270@example.net,F,Gold,2024-06-27,Caldwellton,United Kingdom
1543,13316,Diana Dalton,diana177@example.net,F,Gold,2024-01-12,Millerberg,United Kingdom
1719,13982,Sara Hamilton,sara227@example.org,F,Silver,2021-08-07,South Aaronton,United Kingdom
1749,16805,Bryan Alvarez,bryan862@example.org,F,Silver,2024-01-07,Kimberlymouth,United Kingdom
1763,15865,Shawn Anthony,shawn882@example.net,F,Silver,2023-08-11,Reginaldfurt,United Kingdom
1883,13229,Vincent Owens,vincent503@example.com,F,Silver,2022-03-08,North Lauren,United Kingdom
1927,12976,John Lee,john225@example.com,F,Silver,2023-08-08,South Tyler,United Kingdom
1985,17937,William Murphy,william464@example.net,F,Silver,2021-04-21,East Christinaberg,United Kingdom
2111,15512,Keith Johnson,keith615@example.com,F,Silver,2020-12-31,Robertfort,United Kingdom
2154,15163,John White,john473@example.net,F,Silver,2024-01-22,Jacksonmouth,United Kingdom
2174,16478,Robert Pugh,robert725@example.net,F,Silver,2025-04-06,East Rickyberg,United Kingdom
2241,13809,Kelly Wheeler MD,kelly466@example.org,M,Bronze,2025-06-01,West Julieberg,Cyprus
2312,12515,Mary Johnson DDS,mary812@example.com,M,Bronze,2022-07-06,Reynoldstown,Italy
2379,16950,Christopher Clarke,christopher840@example.org,M,Bronze,2023-03-23,Port Veronica,United Kingdom
2431,13626,Sherri Hanna,sherri818@example.com,M,Bronze,2022-10-20,Port William,United Kingdom
2440,18181,Ryan English,ryan452@example.org,M,Bronze,2023-10-08,Elizabethshire,United Kingdom
2624,16205,Krystal Mcintyre,krystal460@example.com,M,Bronze,2024-10-19,New Jennafurt,United Kingdom
2643,13821,Connor Baker,connor666@example.org,M,Bronze,2021-07-30,Edwardsfurt,United Kingdom
2648,16581,Katie Ford,katie640@example.org,M,Bronze,2024-03-06,South Stacyton,United Kingdom
2649,17728,Kelly Graham,kelly982@example.com,M,Bronze,2021-07-15,Port Patrickmouth,United Kingdom
2746,17504,Michael Larson,michael409@example.org,M,Bronze,2022-06-17,Tanyaport,United Kingdom
2756,12885,Tim Brooks,tim512@example.net,M,Bronze,2025-01-01,Lake Christianport,United Kingdom
2776,17612,Kristen Anderson,kristen635@example.org,M,Bronze,2025-08-01,Port Jacob,United Kingdom
2781,15907,Lauren Ramos,lauren384@example.com,M,Bronze,2023-07-18,North Shari,United Kingdom
2818,14045,Timothy Snyder,timothy681@example.com,M,Bronze,2023-12-22,Tiffanyview,United Kingdom
2846,13329,Javier Hernandez,javier578@example.org,M,Bronze,2024-06-17,North Jeffreyshire,United Kingdom
2850,14211,Dr. Autumn Wilkerson DDS,dr498@example.org,M,Bronze,2021-01-31,West Justin,United Kingdom
2927,18082,Edward Lewis,edward974@example.com,M,Bronze,2024-01-10,New Robert,United Kingdom
2928,18110,Shari Leonard,shari724@example.net,M,Bronze,2023-08-30,North Tamarahaven,United Kingdom
2946,17382,Deborah Mitchell,deborah953@example.com,M,Bronze,2023-12-12,East Sean,United Kingdom
2953,12933,Marie Mitchell,marie918@example.net,M,Bronze,2022-09-17,Jacquelineside,United Kingdom
3061,14669,Lisa Long,lisa851@example.com,M,Bronze,2020-12-31,South Richardhaven,United Kingdom
3177,14218,Randall Thornton,randall674@example.org,M,Bronze,2023-07-28,New Timothy,United Kingdom
3311,15266,Sherry Escobar,sherry225@example.net,M,Bronze,2024-01-15,West Joseph,United Kingdom
3502,12489,Albert Hamilton,albert112@example.com,M,Gold,2024-09-06,South Alishabury,France
3546,14089,Charles Jones,charles948@example.net,M,Gold,2022-11-04,Port Annborough,United Kingdom
3551,15947,Christopher Lloyd,christopher491@example.com,M,Gold,2025-05-19,Richardside,United Kingdom
3574,16900,Patrick Dickson,patrick383@example.com,M,Gold,2022-08-19,South Roberthaven,United Kingdom
3581,16986,Samantha Underwood,samantha687@example.net,M,Gold,2022-02-28,New Martha,United Kingdom
3642,15938,Martin Riley,martin191@example.net,M,Gold,2025-01-05,Victoriaville,United Kingdom
3735,12735,Alexandra Diaz,alexandra415@example.com,M,Silver,2022-10-26,Port Feliciabury,France
3818,14196,Rachael Fisher,rachael663@example.net,M,Silver,2023-08-05,West Jonathan,United Kingdom
3916,13173,Carrie Simmons,carrie385@example.net,M,Silver,2020-12-04,East Angela,United Kingdom
3921,17133,Joseph Floyd,joseph488@example.com,M,Silver,2024-05-16,Lisamouth,United Kingdom
3937,17949,John Moreno,john158@example.net,M,Silver,2024-05-17,South Ianburgh,United Kingdom
4078,15606,Laura Moore,laura218@example.com,M,Silver,2024-09-25,Bradyview,United Kingdom
4094,16323,Angela Washington,angela729@example.com,M,Silver,2021-11-02,Port Gregoryport,United Kingdom
4156,17654,Brian Jenkins,brian443@example.net,M,Silver,2022-06-16,New Melissa,United Kingdom
4233,14656,Jose Martinez,jose673@example.org,M,Silver,2025-04-04,North Mary,United Kingdom
4238,15434,Heather Mcdonald,heather696@example.org,M,Silver,2021-11-07,Stephensfort,United Kingdom
4311,14539,Alicia Ortiz,alicia771@example.net,M,Silver,2020-11-06,Deniseside,United Kingdom
50,12708,Melissa Crosby,melissa448@example.net,F,Bronze,2023-08-03,Lake Dylan,Germany
80,12597,Tracy Romero,tracy404@example.org,F,Bronze,2024-11-19,West Leahburgh,Spain
119,18080,Tracy Meza,tracy898@example.org,F,Bronze,2023-07-04,East Daniellestad,United Kingdom
152,17004,Jack Bridges,jack581@example.org,F,Bronze,2022-05-07,Erictown,United Kingdom
214,17569,Michael Conner,michael128@example.net,F,Bronze,2023-12-04,East Richardfort,United Kingdom
316,17884,Wendy Atkins,wendy680@example.net,F,Bronze,2023-10-23,New Michelle,United Kingdom
339,15652,Adam Foster,adam184@example.net,F,Bronze,2022-12-02,South Savannahfort,United Kingdom
391,14145,Kelly Mcclure,kelly308@example.com,F,Bronze,2024-01-02,Donnaborough,United Kingdom
419,15386,Kristen Hickman,kristen491@example.net,F,Bronze,2022-02-06,Sydneyburgh,United Kingdom
458,16918,Richard Hobbs,richard447@example.com,F,Bronze,2021-02-24,South Teresamouth,United Kingdom
507,13268,Chad Gardner,chad346@example.org,F,Bronze,2022-03-01,Weaverton,United Kingdom
528,15052,Yolanda Hopkins,yolanda972@example.org,F,Bronze,2025-06-02,South Jasmine,United Kingdom
571,16143,Jeffrey Hall,jeffrey939@example.com,F,Bronze,2025-02-11,Lake Brittanyfort,United Kingdom
580,14591,Steven Davis,steven864@example.org,F,Bronze,2021-11-17,Johnfort,United Kingdom
609,16601,Candice Black,candice373@example.org,F,Bronze,2024-01-26,East Susanville,United Kingdom
688,17526,Michael Shelton,michael796@example.org,F,Bronze,2021-08-15,Barbaraton,United Kingdom
746,15164,Mrs. Robin Craig,mrs147@example.com,F,Bronze,2022-02-12,Linshire,United Kingdom
753,16681,Mary Taylor,mary357@example.com,F,Bronze,2021-05-27,North Dustin,United Kingdom
754,17928,Roberto Novak,roberto901@example.net,F,Bronze,2022-07-29,Dawnbury,United Kingdom
770,16138,Jill Mcdowell,jill451@example.org,F,Bronze,2025-05-27,Mahoneyton,United Kingdom
877,14379,Gary Harris,gary343@example.org,F,Bronze,2022-07-18,West Sara,United Kingdom
895,16769,Heather Hayes,heather131@example.com,F,Bronze,2023-09-13,Lake David,United Kingdom
1052,15424,Robert Williams,robert824@example.com,F,Bronze,2024-12-30,West Crystalburgh,United Kingdom
1061,13016,William Long,william509@example.net,F,Bronze,2021-11-05,Georgetown,United Kingdom
1067,16648,Mark Barnett,mark842@example.com,F,Bronze,2021-09-26,Rachelchester,United Kingdom
1170,15180,Kathryn Strickland,kathryn723@example.org,F,Bronze,2023-07-25,South Nicholas,United Kingdom
1222,14139,Justin Miller,justin977@example.org,F,Bronze,2021-06-22,Maryshire,United Kingdom
1255,15535,Courtney Aguilar,courtney823@example.net,F,Bronze,2022-07-18,East Catherinestad,United Kingdom
1297,18015,Joseph Colon,joseph332@example.com,F,Bronze,2023-09-14,North Michele,United Kingdom
1299,15601,Adam White,adam838@example.org,F,Bronze,2025-02-20,Collinsmouth,United Kingdom
1333,17265,Julie Peterson,julie364@example.net,F,Bronze,2023-11-13,Smithchester,United Kingdom
1412,16586,Christopher Bennett,christopher566@example.net,F,Gold,2024-01-05,Lake Justinstad,United Kingdom
1430,13706,Susan Ruiz,susan447@example.net,F,Gold,2024-03-14,South Garymouth,United Kingdom
1459,18200,Janet Brown,janet256@example.com,F,Gold,2021-11-22,Morrisontown,United Kingdom
1473,17284,Teresa Contreras,teresa920@example.net,F,Gold,2023-04-03,West Danielstad,United Kingdom
1690,14856,Emily Howell,emily480@example.com,F,Silver,2024-05-09,Johnathanview,United Kingdom
1701,13261,Darryl Cannon,darryl914@example.com,F,Silver,2021-02-15,Coreymouth,United Kingdom
1726,17038,Anna Taylor,anna484@example.org,F,Silver,2022-06-17,Grahamland,United Kingdom
1834,16215,Cynthia Wilson,cynthia949@example.com,F,Silver,2022-08-28,Markstad,United Kingdom
1867,17706,Jennifer Thomas,jennifer325@example.net,F,Silver,2025-07-08,Wademouth,United Kingdom
1900,16122,Bryan Ryan,bryan908@example.net,F,Silver,2022-12-21,Sheppardstad,United Kingdom
1950,12863,Eric Mccarthy,eric328@example.org,F,Silver,2021-03-17,South Rogerport,United Kingdom
1966,16398,Luis Harper,luis576@example.net,F,Silver,2021-01-15,Port Katie,United Kingdom
1995,17082,Michael Joyce,michael515@example.net,F,Silver,2024-05-27,New Ricardo,United Kingdom
2015,16782,Karen Jackson,karen919@example.org,F,Silver,2023-10-11,Tracyberg,United Kingdom
2132,13985,Shannon Cross,shannon381@example.net,F,Silver,2024-11-07,South Anthonyfort,United Kingdom
2148,14314,Christopher Matthews,christopher168@example.net,F,Silver,2022-07-19,North Daniellebury,United Kingdom
2266,12695,William Mueller,william264@example.org,M,Bronze,2024-12-09,Carrillofurt,France
2348,12646,Chelsea Williams,chelsea592@example.org,M,Bronze,2024-07-05,South Robert,USA
2541,18283,Timothy Ellis,timothy494@example.org,M,Bronze,2024-10-27,Castanedamouth,United Kingdom
2567,17288,Matthew Mcintyre,matthew905@example.net,M,Bronze,2023-12-21,Karenhaven,United Kingdom
2616,12877,Paul Wright,paul260@example.net,M,Bronze,2023-12-21,New Olivia,United Kingdom
2620,16386,Christie Juarez,christie488@example.com,M,Bronze,2025-03-05,Port Alexandraview,United Kingdom
2628,17403,Rebekah Pruitt,rebekah704@example.org,M,Bronze,2020-11-12,Morenoview,United Kingdom
2654,17676,Keith Green,keith152@example.net,M,Bronze,2025-07-09,Lake Sarah,United Kingdom
2686,13012,Carlos Rowe,carlos782@example.org,M,Bronze,2021-04-14,East Richardbury,United Kingdom
2715,15692,Gregory Madden,gregory680@example.com,M,Bronze,2023-09-15,South Jamesview,United Kingdom
2764,15002,Kelly Moyer,kelly213@example.org,M,Bronze,2021-09-21,West Patrick,United Kingdom
3050,18130,Anna Reynolds,anna604@example.com,M,Bronze,2022-09-07,North Jeffreyberg,United Kingdom
3056,18058,Pamela Pham,pamela341@example.org,M,Bronze,2021-09-07,North Sierra,United Kingdom
3091,16818,Maria Stephenson,maria692@example.net,M,Bronze,2024-12-08,Knightstad,United Kingdom
3212,17302,Alicia Abbott,alicia382@example.net,M,Bronze,2023-10-22,Port Faithshire,United Kingdom
3301,18240,Taylor Evans,taylor181@example.com,M,Bronze,2024-09-26,North Alexandermouth,United Kingdom
3339,14527,Joe Manning,joe257@example.org,M,Bronze,2023-12-10,Taylorstad,United Kingdom
3352,14305,Jason Sweeney,jason276@example.org,M,Bronze,2022-01-18,New Connie,United Kingdom
3389,13149,Christian Kerr,christian916@example.org,M,Bronze,2021-11-11,Richardsonmouth,United Kingdom
3496,15667,James Wu,james198@example.net,M,Bronze,2025-10-08,Bethanyborough,United Kingdom
3522,12739,Michael Humphrey,michael161@example.net,M,Gold,2025-02-21,East Maryland,United Arab Emirates
3537,13712,Jill Barker,jill780@example.com,M,Gold,2022-08-16,Blakeborough,United Kingdom
3617,16457,Sarah Moreno,sarah159@example.net,M,Gold,2025-04-03,New Sarahburgh,United Kingdom
3722,12781,Mark Crane,mark961@example.org,M,Silver,2023-10-25,Weeksland,Czech Republic
3751,12524,Valerie Mendoza,valerie609@example.com,M,Silver,2021-08-29,North Kevin,Germany
3755,12713,Meghan Watson,meghan897@example.com,M,Silver,2025-03-03,New Matthewport,Germany
3772,12539,Jesse Barnes,jesse492@example.com,M,Silver,2022-07-13,Newmanbury,Spain
3820,15167,Jeremiah Scott,jeremiah587@example.org,M,Silver,2022-06-05,New Ashleyland,United Kingdom
3886,14600,Maria Martinez,maria747@example.com,M,Silver,2025-06-25,Adamsland,United Kingdom
3889,17531,Sean Harrington,sean154@example.com,M,Silver,2024-04-26,Lake Debbie,United Kingdom
3900,18066,Barbara Montoya,barbara487@example.net,M,Silver,2021-10-08,Lake Emmafurt,United Kingdom
4002,17600,John Bailey,john951@example.org,M,Silver,2021-04-18,Jennafort,United Kingdom
4095,17299,Ashley Escobar,ashley274@example.net,M,Silver,2024-07-12,Brittanymouth,United Kingdom
4096,13763,Douglas Davis,douglas467@example.com,M,Silver,2023-03-19,West Barbara,United Kingdom
4102,15764,Joshua Meyer,joshua610@example.net,M,Silver,2024-05-23,Greenberg,United Kingdom
4126,14850,Scott Price,scott322@example.org,M,Silver,2021-07-10,South Jillborough,United Kingdom
4131,13936,Edward Olsen,edward939@example.net,M,Silver,2020-11-25,Tylerfort,United Kingdom
4255,15725,Richard Griffin,richard811@example.net,M,Silver,2024-09-25,Duaneshire,United Kingdom
4274,15240,Oscar Richardson,oscar981@example.com,M,Silver,2022-02-25,West Ryanberg,United Kingdom
4307,17176,John Patrick,john385@example.net,M,Silver,2024-01-22,East Julieberg,United Kingdom
77,12797,Daniel Jackson,daniel995@example.com,F,Bronze,2025-01-11,South Terriland,Portugal
151,16429,Kimberly Campbell,kimberly880@example.com,F,Bronze,2023-05-28,Taylorborough,United Kingdom
171,13320,Michael Rogers,michael679@example.com,F,Bronze,2024-06-28,Port Jeffery,United Kingdom
179,16563,Mrs. Madison Jennings,mrs688@example.org,F,Bronze,2024-03-22,Bradleyfort,United Kingdom
206,14866,James Terry,james454@example.net,F,Bronze,2021-01-23,Petersborough,United Kingdom
310,16759,Valerie Nguyen,valerie313@example.net,F,Bronze,2022-02-01,East Brendachester,United Kingdom
369,16830,Diane Ortiz,diane368@example.net,F,Bronze,2021-04-10,Brownland,United Kingdom
376,18071,David Craig,david157@example.com,F,Bronze,2025-02-15,Lake Mitchell,United Kingdom
425,17078,Ms. Leslie Stone,ms980@example.net,F,Bronze,2023-09-12,South Tammymouth,United Kingdom
429,15351,Dr. Stephanie Reynolds MD,dr211@example.org,F,Bronze,2025-07-05,Hansenmouth,United Kingdom
431,14030,Jay Pugh,jay348@example.org,F,Bronze,2024-10-14,Simsside,United Kingdom
473,13506,Katie Le,katie723@example.org,F,Bronze,2022-09-29,Port Nicole,United Kingdom
493,14806,Elizabeth Oneill,elizabeth229@example.net,F,Bronze,2025-05-22,East Jamieshire,United Kingdom
627,16152,Linda Gallegos,linda179@example.com,F,Bronze,2023-11-27,Velazquezview,United Kingdom
737,14624,Lawrence Munoz,lawrence383@example.net,F,Bronze,2023-04-26,West Martin,United Kingdom
803,13183,Bradley West,bradley668@example.org,F,Bronze,2021-01-06,Murraymouth,United Kingdom
806,15497,Brian Kane,brian903@example.org,F,Bronze,2022-10-30,Santanaport,United Kingdom
963,17139,Matthew Blankenship,matthew698@example.org,F,Bronze,2025-09-08,Sergioside,United Kingdom
971,13568,Jennifer Gibbs,jennifer172@example.org,F,Bronze,2025-10-17,Lake Maria,United Kingdom
1005,16482,Brenda Walker,brenda766@example.com,F,Bronze,2021-03-09,Holmesbury,United Kingdom
1054,17501,Raymond Byrd,raymond358@example.com,F,Bronze,2022-01-17,Dianastad,United Kingdom
1086,13227,Kristina Davis,kristina551@example.org,F,Bronze,2022-10-22,West Miranda,United Kingdom
1131,14077,Antonio Dunlap,antonio616@example.net,F,Bronze,2022-04-23,West Robert,United Kingdom
1177,13873,Desiree Logan,desiree999@example.org,F,Bronze,2021-12-13,Andrewshire,United Kingdom
1238,16584,Andrea Hubbard,andrea673@example.com,F,Bronze,2025-08-29,Mariahshire,United Kingdom
1283,16261,Randy Salas,randy113@example.net,F,Bronze,2023-12-02,Perkinsshire,United Kingdom
1343,12423,Anne Reed,anne201@example.net,F,Gold,2021-06-19,Edwardsfurt,Belgium
1352,12702,Gary Rosales,gary671@example.com,F,Gold,2024-01-02,Davidbury,Germany
1401,14013,Mary Stevens,mary506@example.com,F,Gold,2021-03-25,New Stephaniefurt,United Kingdom
1444,18022,Austin Bishop,austin954@example.com,F,Gold,2021-02-28,New Christopher,United Kingdom
1447,15201,Edwin Jones,edwin473@example.com,F,Gold,2024-04-27,East Patricia,United Kingdom
1494,16173,Brandon Roberts,brandon201@example.net,F,Gold,2024-09-09,North Amybury,United Kingdom
1498,13835,Kelli Anthony,kelli644@example.net,F,Gold,2022-10-07,South Courtneybury,United Kingdom
1601,13813,James Haney,james180@example.org,F,Silver,2021-11-22,Sanchezborough,Germany
1627,12378,Sharon Ramirez,sharon805@example.org,F,Silver,2024-08-07,Davidfurt,Switzerland
1656,18032,Heather Hamilton,heather695@example.net,F,Silver,2023-10-10,New Jessicafurt,United Kingdom
1735,14349,Mr. Michael Smith,mr980@example.net,F,Silver,2023-08-10,South Justin,United Kingdom
1831,17174,Jodi Thompson,jodi574@example.org,F,Silver,2025-04-22,South Davidfurt,United Kingdom
1846,15704,Hannah Mccoy,hannah519@example.com,F,Silver,2021-01-14,New Kennethport,United Kingdom
1922,14766,Richard Nguyen,richard827@example.org,F,Silver,2024-12-24,New Emilyhaven,United Kingdom
1928,16820,Kyle Morris,kyle771@example.com,F,Silver,2025-09-20,West Laurenport,United Kingdom
2101,17085,Timothy Barber,timothy298@example.com,F,Silver,2021-07-19,South Annaburgh,United Kingdom
2164,13846,Sean Robinson,sean976@example.org,F,Silver,2023-07-09,Lake Maria,United Kingdom
2166,13216,Diane Davis,diane882@example.org,F,Silver,2021-11-04,East Kellifort,United Kingdom
2179,17188,Jacqueline Anderson,jacqueline419@example.net,F,Silver,2022-10-03,Tranbury,United Kingdom
2216,16321,Jessica Greene,jessica415@example.com,M,Bronze,2023-01-11,Oliverton,Australia
2231,12463,Lori Jones,lori528@example.com,M,Bronze,2023-10-19,North Danielchester,Belgium
2235,17844,William Morgan,william276@example.org,M,Bronze,2021-10-15,South Jeffrey,Canada
2258,12734,Amy Tucker,amy247@example.org,M,Bronze,2022-03-11,Jasonland,France
2286,12601,Kimberly Johnson,kimberly250@example.com,M,Bronze,2022-05-31,East Rogerbury,Germany
2337,12596,Mark Garcia,mark381@example.com,M,Bronze,2021-12-31,Lake Johnnyfort,Spain
2465,16800,Brent Hines,brent130@example.org,M,Bronze,2022-12-28,Lake Christineton,United Kingdom
2528,13643,Kristina Villa,kristina882@example.net,M,Bronze,2022-10-11,West Jessicaview,United Kingdom
2595,15031,Robert Arnold,robert300@example.com,M,Bronze,2025-09-08,West Helen,United Kingdom
2611,17567,Mrs. Amber Alexander,mrs622@example.net,M,Bronze,2022-03-15,West Susanberg,United Kingdom
2705,13324,Ashley Torres,ashley916@example.com,M,Bronze,2023-11-03,Lake Josephhaven,United Kingdom
2742,12913,Gabriela Washington,gabriela192@example.net,M,Bronze,2024-04-19,Hallview,United Kingdom
2770,14732,Danielle Levy,danielle942@example.net,M,Bronze,2022-02-25,New Megan,United Kingdom
2799,16405,Rebecca Rivera,rebecca365@example.com,M,Bronze,2023-12-09,East Raymond,United Kingdom
2801,15733,Kevin Fox,kevin257@example.org,M,Bronze,2024-09-20,Marcmouth,United Kingdom
2925,15017,Monica Knight,monica674@example.net,M,Bronze,2024-01-22,Jonathanville,United Kingdom
2943,16342,Kevin Carrillo,kevin926@example.net,M,Bronze,2023-06-24,New Ericborough,United Kingdom
2966,16257,William Nichols,william896@example.net,M,Bronze,2024-06-01,Lake Jeremiahfurt,United Kingdom
2977,14237,Todd Mahoney,todd118@example.com,M,Bronze,2024-05-31,South Katherinebury,United Kingdom
2994,13200,James Gay,james529@example.net,M,Bronze,2023-12-01,West Alexander,United Kingdom
2997,15396,Andrew Cummings,andrew220@example.net,M,Bronze,2022-07-23,Hayestown,United Kingdom
3024,17344,Phillip Patel,phillip810@example.com,M,Bronze,2025-01-10,South Edward,United Kingdom
3064,14470,Zachary Martin,zachary279@example.net,M,Bronze,2023-11-20,South Katherine,United Kingdom
3266,15030,Daniel Berry,daniel971@example.org,M,Bronze,2023-12-21,North Dennistown,United Kingdom
3377,17620,Rachel Ball,rachel325@example.org,M,Bronze,2024-07-21,Joshuashire,United Kingdom
3400,13876,Dillon Diaz,dillon334@example.net,M,Bronze,2025-05-03,New Stephanie,United Kingdom
3451,13001,Katherine Rodriguez,katherine464@example.org,M,Bronze,2023-04-14,East Jennifertown,United Kingdom
3524,18229,Jeffery Watkins,jeffery211@example.com,M,Gold,2025-08-01,Russellside,United Kingdom
3557,14214,Franklin Warren,franklin647@example.com,M,Gold,2025-06-17,North Sara,United Kingdom
3593,14543,Timothy Lee,timothy140@example.org,M,Gold,2025-10-27,Port Hannahville,United Kingdom
3646,16780,Kimberly Brown,kimberly349@example.com,M,Gold,2021-03-03,Brentmouth,United Kingdom
3647,14287,Sara Mcintosh,sara166@example.net,M,Gold,2025-01-10,Diazberg,United Kingdom
3677,15414,Alice Bolton,alice560@example.org,M,Gold,2022-05-13,Timothyfort,United Kingdom
3703,17117,Vincent Howard,vincent280@example.org,M,Gold,2021-05-15,Port Margaretburgh,United Kingdom
3721,12455,Mrs. Erika Martinez PhD,mrs937@example.org,M,Silver,2021-08-04,Port Patrickfurt,Cyprus
3749,13814,Joshua Khan,joshua682@example.net,M,Silver,2023-07-04,West Judith,Germany
3793,16140,James Little,james311@example.net,M,Silver,2024-01-25,Hineschester,United Kingdom
3810,13381,Janet Watts,janet290@example.com,M,Silver,2023-07-09,Lake Ashleyport,United Kingdom
3840,16625,Curtis Olsen,curtis613@example.com,M,Silver,2021-06-09,West Anthonyhaven,United Kingdom
3876,16669,Jean Martin,jean758@example.net,M,Silver,2024-06-13,South Tammy,United Kingdom
3923,15895,Meghan Miller,meghan460@example.com,M,Silver,2022-01-02,Christinastad,United Kingdom
3956,14608,Matthew Mayer,matthew208@example.org,M,Silver,2022-02-14,Faithshire,United Kingdom
4006,14348,Martin Butler DDS,martin487@example.com,M,Silver,2022-04-04,Lindatown,United Kingdom
4142,17462,Samuel Rosario,samuel618@example.org,M,Silver,2025-03-26,Brendaton,United Kingdom
4150,14054,Richard Mccann,richard116@example.net,M,Silver,2022-08-17,Allenchester,United Kingdom
4181,15076,Rhonda Diaz,rhonda352@example.org,M,Silver,2023-05-14,Thomastown,United Kingdom
4340,14540,Kelly Walker,kelly658@example.org,M,Silver,2023-01-27,Port Michael,United Kingdom
4351,17646,William Lee,william758@example.org,M,Silver,2024-02-09,Lewisfurt,United Kingdom
47,12609,Elizabeth Owens,elizabeth367@example.org,F,Bronze,2024-06-27,West Kevinchester,Germany
58,12534,Trevor Larsen,trevor423@example.com,F,Bronze,2021-02-27,Davidberg,Germany
155,15276,Deborah Ford,deborah194@example.org,F,Bronze,2021-08-16,Kristentown,United Kingdom
162,13092,Erik Price,erik127@example.org,F,Bronze,2024-06-10,Moralesland,United Kingdom
186,13049,Logan Kaufman,logan734@example.org,F,Bronze,2025-02-11,Smallstad,United Kingdom
210,16134,Judith Thompson,judith399@example.org,F,Bronze,2024-07-20,New Jessicaton,United Kingdom
215,14428,James Deleon,james567@example.com,F,Bronze,2023-11-14,New Ryanfort,United Kingdom
225,13617,Isabel Burke,isabel820@example.org,F,Bronze,2025-06-29,New Stanley,United Kingdom
229,17053,Melissa Green,melissa482@example.net,F,Bronze,2021-01-04,Jenniferton,United Kingdom
261,15744,Katherine Foster,katherine363@example.com,F,Bronze,2021-11-12,West Charlesport,United Kingdom
276,14460,Michael Pope,michael633@example.org,F,Bronze,2020-12-18,Reesefort,United Kingdom
340,15154,Taylor Velez,taylor528@example.com,F,Bronze,2021-11-22,Craigbury,United Kingdom
410,16738,Jeremiah Lopez,jeremiah844@example.org,F,Bronze,2024-01-28,Jessicaland,United Kingdom
489,16762,Krystal Chapman,krystal911@example.net,F,Bronze,2025-01-05,Cohentown,United Kingdom
556,13358,Melvin Wilson,melvin430@example.net,F,Bronze,2024-01-02,Parsonsshire,United Kingdom
620,15797,James Roman,james958@example.org,F,Bronze,2024-11-03,North Gina,United Kingdom
643,15159,Brad Garcia,brad496@example.com,F,Bronze,2024-08-19,West Johnfort,United Kingdom
697,15422,Eric Nelson,eric947@example.com,F,Bronze,2024-10-17,Claychester,United Kingdom
705,16364,Julian Moore,julian471@example.org,F,Bronze,2021-06-26,New Garyberg,United Kingdom
716,14440,Mary Santos,mary991@example.net,F,Bronze,2020-11-15,West Matthew,United Kingdom
755,16750,Robert Dickerson,robert214@example.net,F,Bronze,2020-11-18,Joshuafort,United Kingdom
775,14167,Alexis Wilson,alexis408@example.org,F,Bronze,2022-07-16,Patrickland,United Kingdom
823,15525,Corey Rogers,corey358@example.com,F,Bronze,2021-02-16,New Shane,United Kingdom
990,17601,Christopher Wilson,christopher354@example.net,F,Bronze,2025-03-16,South Jessicamouth,United Kingdom
1046,13284,Rebecca Carter,rebecca518@example.org,F,Bronze,2023-05-14,South Mollyshire,United Kingdom
1066,13363,Timothy Duncan,timothy752@example.com,F,Bronze,2025-06-07,North Ryanstad,United Kingdom
1216,17513,Martin Calderon,martin444@example.net,F,Bronze,2021-05-27,West Katherineport,United Kingdom
1223,12966,Sandra Oliver,sandra602@example.com,F,Bronze,2025-08-02,West Lisa,United Kingdom
1360,12410,Joseph Tate,joseph531@example.com,F,Gold,2024-04-13,North Lori,Switzerland
1383,16070,Kimberly Carter,kimberly831@example.net,F,Gold,2021-08-22,New Jamie,United Kingdom
1416,15222,Joshua Barajas,joshua784@example.net,F,Gold,2021-05-24,Lake Kaylafort,United Kingdom
1514,15518,Patricia Ruiz,patricia119@example.org,F,Gold,2024-05-15,East Christian,United Kingdom
1625,12676,Michael Schneider,michael421@example.org,F,Silver,2022-11-10,Johnland,Sweden
1822,17237,Michael White,michael567@example.com,F,Silver,2024-08-14,Meganberg,United Kingdom
1833,15839,Natalie Martinez,natalie421@example.net,F,Silver,2022-02-23,Lawrencemouth,United Kingdom
1859,14339,Brandon Cruz,brandon510@example.net,F,Silver,2024-06-27,Kennethton,United Kingdom
1871,16018,Jonathan Young,jonathan893@example.com,F,Silver,2023-02-17,Port Ian,United Kingdom
1904,16877,Mark Hill,mark457@example.net,F,Silver,2025-03-22,Cynthiaside,United Kingdom
1991,13974,Christopher Love,christopher293@example.com,F,Silver,2023-05-07,Lake Heather,United Kingdom
2002,13576,Frank Kelly,frank305@example.org,F,Silver,2022-08-29,North Melaniestad,United Kingdom
2013,14764,Hayden Richardson,hayden498@example.org,F,Silver,2020-12-21,Patricialand,United Kingdom
2018,17375,Elaine Rosales,elaine770@example.net,F,Silver,2024-08-15,Dylanville,United Kingdom
2049,12855,William Flowers,william954@example.net,F,Silver,2022-08-17,Melissaview,United Kingdom
2052,14895,Ashley Johnson,ashley758@example.com,F,Silver,2024-06-09,Kellertown,United Kingdom
2057,16305,Ronnie Charles,ronnie316@example.net,F,Silver,2024-08-07,Melanieland,United Kingdom
2084,16728,Miranda Fuentes,miranda547@example.net,F,Silver,2024-01-23,Deniseland,United Kingdom
2112,13048,Marcus York,marcus617@example.org,F,Silver,2024-10-01,Carrieborough,United Kingdom
2115,14649,Anthony Thomas,anthony897@example.com,F,Silver,2024-04-29,Lake Michelleside,United Kingdom
2202,12833,Alan Mcgee,alan972@example.net,F,Silver,2024-02-04,West Samanthafort,United Kingdom
2317,15332,Marie Smith,marie213@example.com,M,Bronze,2022-12-15,New Elizabethport,Lithuania
2327,12758,Erin Smith,erin210@example.com,M,Bronze,2022-02-22,North Melissaport,Portugal
2351,13798,Dr. Henry Gross,dr574@example.net,M,Bronze,2021-06-29,Andrewston,United Kingdom
2360,13650,Richard Page,richard450@example.com,M,Bronze,2025-04-07,Bautistafort,United Kingdom
2454,14336,Pamela Avila,pamela376@example.com,M,Bronze,2025-04-15,Scottland,United Kingdom
2455,14165,Charles Ellis,charles237@example.net,M,Bronze,2023-03-27,New Coryport,United Kingdom
2470,15910,Kevin Huerta,kevin551@example.org,M,Bronze,2022-05-05,Susanmouth,United Kingdom
2693,16849,Cindy Marshall,cindy621@example.com,M,Bronze,2021-03-18,Port Allisonberg,United Kingdom
2724,18250,Thomas White,thomas563@example.org,M,Bronze,2021-07-24,Allenfort,United Kingdom
2834,18281,Kyle Marquez,kyle321@example.com,M,Bronze,2021-04-07,New Karifurt,United Kingdom
2844,17761,Scott Rodriguez,scott908@example.com,M,Bronze,2024-11-26,Gibsonborough,United Kingdom
2996,17248,Jason Shah,jason786@example.com,M,Bronze,2021-01-20,Daisystad,United Kingdom
3001,15994,Dawn Kennedy,dawn777@example.net,M,Bronze,2025-09-07,Grahammouth,United Kingdom
3116,16855,Cynthia Dickerson,cynthia986@example.org,M,Bronze,2021-05-24,North Mackenziebury,United Kingdom
3126,17255,Kaitlyn Ross DDS,kaitlyn404@example.com,M,Bronze,2024-03-28,Lake David,United Kingdom
3319,15521,Mr. Frank Palmer,mr767@example.org,M,Bronze,2022-10-08,Hillport,United Kingdom
3361,16525,James Hill,james963@example.net,M,Bronze,2024-10-01,Joshuaside,United Kingdom
3417,13804,Lance White,lance941@example.com,M,Bronze,2024-01-30,South Staceyville,United Kingdom
3498,12363,Melissa Brown,melissa436@example.net,M,Bronze,2024-10-01,South Sandraside,Unspecified
3526,14841,Lauren Ellis,lauren306@example.com,M,Gold,2024-11-14,Medinamouth,United Kingdom
3555,15313,Caroline Wagner,caroline512@example.net,M,Gold,2023-11-04,Markchester,United Kingdom
3578,17274,Jared Li,jared901@example.org,M,Gold,2021-12-06,West Kerri,United Kingdom
3592,17576,Cathy Martinez,cathy245@example.net,M,Gold,2023-05-30,East Lisa,United Kingdom
3599,14217,Dawn Ellis,dawn715@example.net,M,Gold,2023-10-04,Gainesfurt,United Kingdom
3624,16735,Matthew Lloyd,matthew868@example.com,M,Gold,2021-01-18,Keithborough,United Kingdom
3639,17206,Angel Porter,angel221@example.com,M,Gold,2021-03-14,Batesburgh,United Kingdom
3704,15393,Rachel Frank,rachel956@example.org,M,Gold,2025-03-07,South Amandashire,United Kingdom
3782,14667,Elizabeth Castillo,elizabeth338@example.net,M,Silver,2024-02-13,North Jane,United Kingdom
3857,18268,Melissa Reid,melissa941@example.net,M,Silver,2022-12-10,Meghanshire,United Kingdom
3862,14210,Michael Jones,michael474@example.com,M,Silver,2025-06-02,Lake Lauren,United Kingdom
3901,14093,Karen Garcia,karen891@example.org,M,Silver,2025-10-09,South Andreaborough,United Kingdom
4052,15440,Christopher Pierce,christopher135@example.org,M,Silver,2022-04-15,Lake Davidtown,United Kingdom
4099,13091,Christopher Jackson,christopher987@example.com,M,Silver,2024-05-24,East Davidbury,United Kingdom
4137,12953,Jennifer Abbott,jennifer169@example.com,M,Silver,2024-05-30,East Madisonborough,United Kingdom
4167,14817,Lance May,lance264@example.com,M,Silver,2023-04-24,Bushmouth,United Kingdom
4198,14946,Aaron Young,aaron384@example.com,M,Silver,2025-07-19,Amandastad,United Kingdom
4206,13890,Molly Aguirre,molly277@example.com,M,Silver,2023-10-03,Calvinton,United Kingdom
4215,14661,Felicia Strickland,felicia565@example.org,M,Silver,2021-11-15,Bishopfort,United Kingdom
4334,15152,Tiffany Shelton,tiffany568@example.org,M,Silver,2024-04-02,East Kathryn,United Kingdom
70,12350,Gabriel Maxwell,gabriel287@example.org,F,Bronze,2023-09-15,Eugeneshire,Norway
120,17930,Linda Carter,linda305@example.com,F,Bronze,2023-04-07,West Jeremyville,United Kingdom
205,17470,Brandon Harrison,brandon440@example.net,F,Bronze,2024-03-11,Mullinston,United Kingdom
216,15365,Andrew Young,andrew894@example.com,F,Bronze,2024-06-24,West Victorburgh,United Kingdom
240,13787,Erin Hull,erin803@example.net,F,Bronze,2022-08-21,Gonzalezshire,United Kingdom
342,13947,Catherine Hoffman,catherine486@example.com,F,Bronze,2023-06-15,Fordport,United Kingdom
386,18191,Christopher Cook,christopher758@example.com,F,Bronze,2023-05-14,West Stephen,United Kingdom
387,17701,Amanda Chavez,amanda381@example.com,F,Bronze,2023-12-21,Steeleview,United Kingdom
423,16708,Antonio Winters,antonio541@example.net,F,Bronze,2024-11-07,East Nicole,United Kingdom
470,15830,Michele Moore,michele670@example.org,F,Bronze,2021-01-08,New Carmenburgh,United Kingdom
484,16882,Erika Clark,erika600@example.org,F,Bronze,2021-06-07,Port Josephville,United Kingdom
712,14039,Henry Hopkins,henry194@example.net,F,Bronze,2021-05-19,Ortizchester,United Kingdom
777,14233,Bryan Reeves,bryan248@example.org,F,Bronze,2025-04-03,Port Charlesmouth,United Kingdom
799,15858,Mark Hernandez,mark491@example.org,F,Bronze,2024-12-28,Marshallbury,United Kingdom
813,17630,Sarah Levine,sarah797@example.org,F,Bronze,2022-08-17,Thomasburgh,United Kingdom
814,16644,Jamie Jackson,jamie462@example.org,F,Bronze,2025-07-05,New Laurahaven,United Kingdom
879,13666,Rebecca Hunt,rebecca913@example.com,F,Bronze,2025-01-11,Lopezmouth,United Kingdom
888,14705,Angela Singleton,angela677@example.com,F,Bronze,2024-03-08,Jenniferfort,United Kingdom
957,15998,Blake Cook,blake497@example.org,F,Bronze,2021-04-22,North Joyce,United Kingdom
1015,15511,Robert Marshall,robert261@example.net,F,Bronze,2025-07-29,Nelsonbury,United Kingdom
1036,17432,Robert Nelson,robert550@example.org,F,Bronze,2025-02-24,Rachelbury,United Kingdom
1063,15091,Thomas Martin,thomas501@example.net,F,Bronze,2024-12-03,Andersonville,United Kingdom
1104,17867,John Williams,john418@example.com,F,Bronze,2024-01-09,Lake Megan,United Kingdom
1125,14589,Lisa Parsons,lisa841@example.org,F,Bronze,2022-01-12,Port Christine,United Kingdom
1246,13130,Amanda Bryant,amanda896@example.com,F,Bronze,2021-09-13,Smithborough,United Kingdom
1294,15009,Stefanie Romero,stefanie727@example.com,F,Bronze,2025-05-07,Lake Ashleybury,United Kingdom
1322,15634,Kathryn Shah,kathryn936@example.org,F,Bronze,2023-01-01,New Kathryn,United Kingdom
1362,15680,Ariana Cameron,ariana613@example.org,F,Gold,2022-10-17,Lake Christopherport,United Kingdom
1365,18061,Charles Carroll,charles362@example.org,F,Gold,2022-05-06,South James,United Kingdom
1399,14362,Becky Day,becky391@example.org,F,Gold,2020-12-18,Nicoleborough,United Kingdom
1432,16184,George Herrera,george668@example.org,F,Gold,2022-03-15,Lake Josephtown,United Kingdom
1482,18114,Ernest Petty,ernest729@example.org,F,Gold,2023-03-26,Stevefort,United Kingdom
1582,12727,David Mason,david933@example.org,F,Silver,2023-02-04,Murphychester,France
1611,12352,Richard Taylor,richard588@example.net,F,Silver,2022-08-09,Floresshire,Norway
1728,17905,Tina Ramirez,tina682@example.com,F,Silver,2024-05-31,Toddland,United Kingdom
1743,12844,Brandon Lopez,brandon771@example.com,F,Silver,2022-04-26,Woodsfurt,United Kingdom
1756,17391,Monica Paul,monica752@example.org,F,Silver,2022-04-17,Cookfurt,United Kingdom
1761,13881,Mr. Chris Watkins,mr979@example.com,F,Silver,2023-05-13,Patriciaborough,United Kingdom
1762,15114,Kimberly Garcia,kimberly873@example.org,F,Silver,2021-10-30,Anthonyfort,United Kingdom
1868,16885,Danielle Henderson,danielle514@example.net,F,Silver,2025-06-01,Elizabethton,United Kingdom
1945,14639,James Kaufman,james997@example.net,F,Silver,2022-02-15,Port Zachary,United Kingdom
1971,13678,Latasha Reed,latasha236@example.org,F,Silver,2020-12-14,Port Christopher,United Kingdom
1986,14961,Deborah Thompson,deborah451@example.net,F,Silver,2021-07-21,New Hannahshire,United Kingdom
1989,13525,Samuel Gonzalez,samuel139@example.com,F,Silver,2021-06-28,Anthonyborough,United Kingdom
1997,14536,Kevin Glass,kevin787@example.net,F,Silver,2022-01-14,Anthonyshire,United Kingdom
2065,12944,Audrey Cox,audrey173@example.com,F,Silver,2021-07-09,Nicholasbury,United Kingdom
2073,13471,Keith Rodriguez,keith178@example.org,F,Silver,2021-05-28,Wheelerview,United Kingdom
2130,14506,Jasmine Ibarra,jasmine518@example.net,F,Silver,2021-01-05,New Stevenfort,United Kingdom
2138,15769,Mark Smith,mark238@example.com,F,Silver,2021-05-28,Melissafurt,United Kingdom
2151,13259,Emily Short,emily476@example.net,F,Silver,2025-10-31,West Jack,United Kingdom
2176,16569,Erin Barrett,erin119@example.org,F,Silver,2025-07-11,Lake Jennifer,United Kingdom
2191,12977,Nicholas Hamilton,nicholas465@example.com,F,Silver,2025-10-16,East Daniel,United Kingdom
2229,12876,Dawn Williams,dawn775@example.net,M,Bronze,2022-11-02,Melissaburgh,Belgium
2233,12399,Ashley Li,ashley683@example.net,M,Bronze,2022-01-02,Martinezmouth,Belgium
2304,12427,Michael Dixon,michael721@example.com,M,Bronze,2024-11-22,New Keith,Germany
2347,12607,Jennifer Carpenter,jennifer755@example.com,M,Bronze,2024-05-21,Lake Desiree,USA
2388,14984,Casey Luna,casey615@example.net,M,Bronze,2024-09-04,South Tammy,United Kingdom
2512,15299,William Carter,william825@example.net,M,Bronze,2025-08-23,Johnburgh,United Kingdom
2515,17076,Samantha Cooper,samantha312@example.com,M,Bronze,2023-09-07,New Ethanville,United Kingdom
2524,18064,Lisa Hutchinson,lisa889@example.net,M,Bronze,2023-03-03,Merrittshire,United Kingdom
2556,17163,Courtney Mckinney,courtney732@example.org,M,Bronze,2023-09-18,New Glenn,United Kingdom
2651,13710,Arthur Young,arthur890@example.net,M,Bronze,2024-06-13,North Cynthia,United Kingdom
2719,15288,Elizabeth Cook,elizabeth140@example.net,M,Bronze,2023-10-16,Stanleyfurt,United Kingdom
2728,15800,Bradley Martinez,bradley369@example.net,M,Bronze,2021-11-01,Thomasfurt,United Kingdom
2730,15863,Thomas Brown,thomas887@example.com,M,Bronze,2025-10-16,Lake Jack,United Kingdom
2774,13703,Marissa Mcbride,marissa523@example.com,M,Bronze,2021-07-14,Heidiberg,United Kingdom
2805,17718,Wesley Sims,wesley490@example.net,M,Bronze,2024-03-26,Lake Brianton,United Kingdom
2836,15007,Christopher Joseph,christopher865@example.org,M,Bronze,2024-04-13,West Mark,United Kingdom
2886,16260,Jason Carney,jason737@example.net,M,Bronze,2023-03-20,Carsonstad,United Kingdom
2905,17026,Donna Smith,donna186@example.net,M,Bronze,2023-10-07,Miguelbury,United Kingdom
2952,17175,Kirsten Gonzalez,kirsten578@example.net,M,Bronze,2021-04-08,Lake Shane,United Kingdom
3223,13482,Timothy Jones,timothy583@example.net,M,Bronze,2024-07-11,West Shelby,United Kingdom
3243,12994,Alex Rodriguez,alex217@example.org,M,Bronze,2021-02-01,Adamsbury,United Kingdom
3306,17320,Dr. James Gonzalez,dr917@example.net,M,Bronze,2024-12-13,Greenmouth,United Kingdom
3324,17386,Joshua Baker,joshua885@example.com,M,Bronze,2025-08-11,Melissamouth,United Kingdom
3330,16460,Tim Summers,tim796@example.org,M,Bronze,2024-06-03,South Peterhaven,United Kingdom
3356,17985,Kelly Miller,kelly184@example.net,M,Bronze,2021-02-23,West Reginaldview,United Kingdom
3363,14944,Raymond Chapman,raymond717@example.com,M,Bronze,2023-06-18,New Williamfort,United Kingdom
3371,17797,Brandon Maldonado,brandon246@example.com,M,Bronze,2025-09-27,New Sara,United Kingdom
3378,17934,Jennifer Warren,jennifer744@example.com,M,Bronze,2021-05-20,Dominiqueport,United Kingdom
3383,18118,Randy Richards,randy675@example.org,M,Bronze,2022-03-14,Jasonchester,United Kingdom
3492,13037,Allen Khan,allen426@example.com,M,Bronze,2022-03-03,Toddtown,United Kingdom
3513,12619,Sandra Payne,sandra956@example.com,M,Gold,2025-07-25,New Christopher,Germany
3549,15801,Justin Mason,justin629@example.com,M,Gold,2020-12-22,West Ryanport,United Kingdom
3661,15787,Adrienne Alvarez,adrienne174@example.net,M,Gold,2022-01-12,Katherineville,United Kingdom
3682,15687,Caitlin Rodriguez,caitlin631@example.com,M,Gold,2023-02-10,Sarahborough,United Kingdom
3688,14498,Tiffany Stout,tiffany739@example.org,M,Gold,2021-03-18,Cassandraport,United Kingdom
3690,13304,Lori Allen DDS,lori181@example.org,M,Gold,2022-03-10,South Andrew,United Kingdom
3719,17443,Lindsay George,lindsay112@example.net,M,Silver,2025-09-26,West Amy,Canada
3723,12403,Randy Bright,randy959@example.com,M,Silver,2025-07-18,Johnsonview,Denmark
3835,14404,Steven Mclaughlin,steven226@example.com,M,Silver,2025-04-05,Michaelport,United Kingdom
3863,17763,Melissa Reynolds,melissa837@example.org,M,Silver,2023-09-26,Foxmouth,United Kingdom
3890,16751,Nicole Garcia,nicole773@example.org,M,Silver,2024-12-11,East Theresa,United Kingdom
3947,16341,Katelyn Clay,katelyn535@example.com,M,Silver,2022-01-17,Leeville,United Kingdom
3965,16940,Maurice Wyatt MD,maurice197@example.org,M,Silver,2022-08-14,Annettebury,United Kingdom
3983,15384,Bradley Dickerson,bradley265@example.net,M,Silver,2021-02-03,Andradeville,United Kingdom
3988,17774,Angela Marsh,angela188@example.com,M,Silver,2021-05-10,Ambermouth,United Kingdom
4136,14966,Gregory Smith,gregory157@example.org,M,Silver,2023-01-05,Lake Coryfort,United Kingdom
4140,13171,Matthew Wilson,matthew325@example.com,M,Silver,2024-03-03,Laurenview,United Kingdom
4249,14280,Ronnie Wise,ronnie895@example.com,M,Silver,2022-08-23,Shaneport,United Kingdom
4257,15339,Beth Collins,beth368@example.net,M,Silver,2025-10-03,East Michael,United Kingdom
4262,14512,Elizabeth Cox,elizabeth457@example.com,M,Silver,2025-08-29,Carolville,United Kingdom
67,14646,George Rose,george470@example.net,F,Bronze,2025-03-08,Diaztown,Netherlands
100,12371,Yvette Wilson,yvette621@example.org,F,Bronze,2021-05-02,Reeseburgh,Switzerland
157,15195,Vincent Mcmahon,vincent971@example.com,F,Bronze,2021-08-14,North Terry,United Kingdom
170,17746,Amber Cooley,amber268@example.com,F,Bronze,2024-11-28,Williamview,United Kingdom
204,15038,Robert White,robert759@example.org,F,Bronze,2021-10-18,South Justin,United Kingdom
223,15376,Kenneth Trujillo,kenneth526@example.org,F,Bronze,2022-07-26,Franklinchester,United Kingdom
323,18178,Anthony Owens,anthony685@example.net,F,Bronze,2025-01-03,Port Leslieland,United Kingdom
347,13093,Joe Griffin,joe509@example.org,F,Bronze,2020-11-10,Lake Melanie,United Kingdom
357,17758,Linda Kelly,linda558@example.net,F,Bronze,2023-12-14,Scottside,United Kingdom
372,16406,Tammy Jones,tammy902@example.org,F,Bronze,2022-10-21,Port Joshua,United Kingdom
395,13437,Kelly Curtis,kelly628@example.com,F,Bronze,2025-03-18,Jodytown,United Kingdom
642,15811,Corey Ross,corey104@example.com,F,Bronze,2022-10-24,Barnestown,United Kingdom
695,14329,Stephanie Morris,stephanie675@example.org,F,Bronze,2022-11-23,Danaburgh,United Kingdom
749,14803,Kathryn Braun,kathryn666@example.com,F,Bronze,2021-12-05,East Emily,United Kingdom
761,15175,Mrs. Penny Ritter,mrs288@example.net,F,Bronze,2024-06-27,Melendezmouth,United Kingdom
765,17538,David Figueroa,david247@example.net,F,Bronze,2025-07-20,North Kaylachester,United Kingdom
781,15092,Meghan Reed,meghan242@example.com,F,Bronze,2023-04-03,Lake Henryhaven,United Kingdom
909,15179,Karen Perez,karen777@example.com,F,Bronze,2023-11-01,West Dianeland,United Kingdom
925,16207,Emily Carroll,emily292@example.com,F,Bronze,2023-07-22,Martinezfurt,United Kingdom
972,12922,Brandon Buckley MD,brandon570@example.org,F,Bronze,2025-10-25,Smithmouth,United Kingdom
999,17736,Mckenzie Cooper,mckenzie370@example.org,F,Bronze,2025-04-02,Kennethland,United Kingdom
1011,14530,Daniel Brown,daniel845@example.org,F,Bronze,2021-09-28,North Cindyfort,United Kingdom
1038,18249,Jessica Rice,jessica375@example.com,F,Bronze,2021-03-21,West Amber,United Kingdom
1140,16902,Holly Delacruz,holly538@example.org,F,Bronze,2025-01-19,West Terryhaven,United Kingdom
1273,16268,Erica Alvarado,erica896@example.org,F,Bronze,2021-08-29,Justintown,United Kingdom
1446,14452,Daniel Bennett,daniel860@example.com,F,Gold,2022-04-21,Roachchester,United Kingdom
1457,14132,Jonathan Rodriguez,jonathan382@example.org,F,Gold,2022-07-24,East David,United Kingdom
1634,16092,Emma Small,emma445@example.com,F,Silver,2022-11-03,North Thomasstad,United Kingdom
1636,17597,Margaret King,margaret192@example.com,F,Silver,2024-02-03,West Robertfort,United Kingdom
1765,18165,Katie Young,katie947@example.net,F,Silver,2023-12-24,Gregoryside,United Kingdom
1771,17094,Shannon Gray,shannon447@example.net,F,Silver,2024-02-09,Port Elizabeth,United Kingdom
1779,14824,Alan Shields,alan245@example.com,F,Silver,2023-11-06,New Mary,United Kingdom
1815,15219,Mark Dickerson,mark910@example.net,F,Silver,2024-12-19,Jessicaland,United Kingdom
1825,17999,Carla Shah,carla693@example.com,F,Silver,2024-04-06,Lake Paulaburgh,United Kingdom
1828,15695,Jennifer Crawford,jennifer688@example.org,F,Silver,2021-04-24,Langmouth,United Kingdom
1830,13803,Keith Blackwell,keith461@example.net,F,Silver,2020-12-18,New Joseph,United Kingdom
1854,14194,Darin Rogers,darin731@example.org,F,Silver,2022-12-09,Houstonside,United Kingdom
1874,13470,Julie Schwartz,julie224@example.org,F,Silver,2022-06-01,Youngchester,United Kingdom
1911,14916,Christopher Ellis,christopher304@example.net,F,Silver,2023-09-05,South Louisview,United Kingdom
1967,13120,Tom Jordan,tom610@example.net,F,Silver,2022-01-18,North Timothyport,United Kingdom
1999,17252,Mr. Mark Martin,mr286@example.net,F,Silver,2022-02-16,Port Eric,United Kingdom
2051,13862,Jose Adams,jose232@example.net,F,Silver,2021-12-17,Michellestad,United Kingdom
2106,17459,April Mitchell,april156@example.net,F,Silver,2024-02-08,North Michaelton,United Kingdom
2107,17534,Meghan Wyatt,meghan697@example.net,F,Silver,2024-12-17,Taylorview,United Kingdom
2124,17118,Kenneth Mcneil,kenneth521@example.net,F,Silver,2024-10-19,Alecborough,United Kingdom
2152,16823,Scott Nunez,scott637@example.com,F,Silver,2021-10-21,Ronaldfort,United Kingdom
2156,12822,Theresa Bryant,theresa123@example.com,F,Silver,2025-06-09,Bowenside,United Kingdom
2183,15971,Miguel Cooper,miguel822@example.com,F,Silver,2022-04-03,Jenniferton,United Kingdom
2184,13334,Dr. Nicole Strong,dr983@example.net,F,Silver,2023-03-27,Villahaven,United Kingdom
2238,14936,Jason Rocha,jason840@example.org,M,Bronze,2023-04-05,South Danielhaven,Channel Islands
2255,12583,Amanda Taylor,amanda738@example.com,M,Bronze,2022-01-14,South Robertview,France
2424,16182,Megan Smith,megan422@example.org,M,Bronze,2024-08-07,Powersmouth,United Kingdom
2452,16414,Alec Montoya,alec969@example.org,M,Bronze,2021-03-10,West Meganland,United Kingdom
2458,14286,Jason King,jason353@example.net,M,Bronze,2022-12-14,Traceyville,United Kingdom
2459,13735,Kaitlyn Johnson,kaitlyn269@example.net,M,Bronze,2021-01-05,Parkhaven,United Kingdom
2500,16031,Emily Hanson,emily452@example.org,M,Bronze,2022-04-26,Lake Nicholas,United Kingdom
2516,13959,Janet Allen,janet363@example.net,M,Bronze,2021-04-06,Stanleyton,United Kingdom
2557,16485,Christopher French,christopher334@example.com,M,Bronze,2025-02-14,Hernandezshire,United Kingdom
2590,15856,Gary Williams,gary152@example.org,M,Bronze,2024-12-04,Port Davidchester,United Kingdom
2601,13461,Martin Brown,martin518@example.com,M,Bronze,2023-10-28,Marcusmouth,United Kingdom
2606,14752,Anna Wheeler,anna386@example.com,M,Bronze,2025-04-11,South Thomas,United Kingdom
2630,17084,Gina Mcgee,gina660@example.com,M,Bronze,2021-12-13,North Timothy,United Kingdom
2695,13833,Kelly Miller,kelly460@example.com,M,Bronze,2021-11-18,Lake Emily,United Kingdom
2985,16573,Jordan Andrade,jordan661@example.org,M,Bronze,2023-11-28,Lake Jennifer,United Kingdom
3040,18048,Michael Holmes,michael787@example.net,M,Bronze,2022-04-21,Jamesfurt,United Kingdom
3051,17785,Isaac Perry,isaac567@example.com,M,Bronze,2025-10-25,Smithside,United Kingdom
3069,14964,Joseph Davis,joseph575@example.net,M,Bronze,2025-05-15,Riversland,United Kingdom
3134,13761,Brian Riley,brian108@example.com,M,Bronze,2025-02-17,West Jenniferchester,United Kingdom
3261,17411,Dylan Williamson,dylan737@example.net,M,Bronze,2025-02-26,East Michaelport,United Kingdom
3279,16203,Carrie Allen,carrie249@example.com,M,Bronze,2025-09-11,East Ericfurt,United Kingdom
3312,13187,Kendra Wiggins,kendra392@example.com,M,Bronze,2022-08-27,Anthonymouth,United Kingdom
3329,18194,Michael Bates,michael996@example.net,M,Bronze,2021-10-04,Seanburgh,United Kingdom
3406,16265,Stacy Fowler,stacy296@example.net,M,Bronze,2023-08-05,Larrytown,United Kingdom
3501,12441,Morgan Perry,morgan941@example.net,M,Gold,2022-04-21,Jimmystad,France
3506,12564,Christopher Dunn,christopher145@example.org,M,Gold,2025-02-15,Nelsonberg,France
3530,17921,Tracy Cervantes,tracy985@example.net,M,Gold,2022-08-23,New Beckyshire,United Kingdom
3540,16892,Katherine Powers,katherine110@example.net,M,Gold,2022-09-17,Port Alison,United Kingdom
3565,13045,Riley Edwards,riley805@example.org,M,Gold,2024-07-12,Taylorton,United Kingdom
3605,17582,Charles Lester,charles596@example.org,M,Gold,2024-10-21,New Courtney,United Kingdom
3666,14513,Christopher Stevenson,christopher253@example.com,M,Gold,2022-10-13,Ruizborough,United Kingdom
3732,12718,Amber Aguirre,amber207@example.org,M,Silver,2022-11-28,Barnettbury,France
3742,12640,Allen Perez,allen493@example.net,M,Silver,2025-02-26,Nguyenbury,France
3773,12455,Charles Cantrell,charles252@example.net,M,Silver,2022-11-30,Seanbury,Spain
3786,16529,David Edwards DVM,david363@example.net,M,Silver,2025-07-12,North Mary,United Kingdom
3815,17455,Kayla Moore,kayla631@example.net,M,Silver,2025-01-15,Thomasburgh,United Kingdom
3861,17757,Steven Thompson,steven765@example.com,M,Silver,2022-02-03,Thomasmouth,United Kingdom
3931,18093,Stephen Haney,stephen978@example.org,M,Silver,2024-05-24,West Eric,United Kingdom
4021,18123,David Pacheco,david859@example.net,M,Silver,2024-09-11,Tammychester,United Kingdom
4128,14740,Virginia Lowery,virginia753@example.com,M,Silver,2022-07-07,Lake Eric,United Kingdom
4226,18265,Charles Higgins,charles673@example.net,M,Silver,2020-12-02,Harringtonport,United Kingdom
4228,16347,Katelyn Carr,katelyn927@example.net,M,Silver,2021-11-24,South Josephstad,United Kingdom
4331,17629,Samantha Ortiz,samantha742@example.com,M,Silver,2021-08-06,Margaretport,United Kingdom
4332,15407,Paul Castillo,paul166@example.net,M,Silver,2022-07-21,Sabrinamouth,United Kingdom
6,12394,Bob King,bob654@example.org,F,Bronze,2021-03-07,Daughertyfort,Belgium
14,12372,Stephanie Rodriguez,stephanie966@example.org,F,Bronze,2022-03-23,Lake Raymondville,Denmark
37,12506,Mark Gray,mark715@example.com,F,Bronze,2024-12-22,New Melissaport,France
106,17913,Edward Khan,edward565@example.org,F,Bronze,2023-09-23,South Kenneth,United Kingdom
112,14676,Andrea Williams,andrea572@example.net,F,Bronze,2023-11-12,Port Bonnie,United Kingdom
232,18282,Nancy Pennington,nancy545@example.com,F,Bronze,2021-12-19,Port Nancystad,United Kingdom
245,15416,Carly Gallegos,carly105@example.net,F,Bronze,2025-01-23,Lake Tracy,United Kingdom
293,14213,Blake Cooper,blake893@example.net,F,Bronze,2023-02-17,West Marybury,United Kingdom
322,13230,Leon Brown,leon234@example.org,F,Bronze,2022-11-16,Mccormickshire,United Kingdom
345,15862,Alexis Patton,alexis684@example.net,F,Bronze,2022-07-21,Reidberg,United Kingdom
359,13479,Sarah Jones,sarah831@example.net,F,Bronze,2022-08-13,Ingramland,United Kingdom
385,14481,Michael Davis,michael771@example.com,F,Bronze,2021-07-13,Huffburgh,United Kingdom
417,15976,Jill Hernandez,jill806@example.org,F,Bronze,2023-10-28,Rodgersborough,United Kingdom
524,17218,Amy Murphy,amy509@example.org,F,Bronze,2023-01-10,West Courtneyside,United Kingdom
595,16349,Trevor Lopez,trevor440@example.org,F,Bronze,2021-10-15,Rayhaven,United Kingdom
623,15638,Kari Martin,kari264@example.com,F,Bronze,2024-04-11,Port Reginaldfurt,United Kingdom
626,16297,Bradley Newton,bradley399@example.net,F,Bronze,2024-01-31,East Aliciatown,United Kingdom
634,14731,Kyle Thompson,kyle661@example.net,F,Bronze,2022-02-08,Maryborough,United Kingdom
680,17901,Rebecca Morgan,rebecca767@example.com,F,Bronze,2023-11-06,Lake Joy,United Kingdom
834,15071,Kimberly Lynch,kimberly756@example.net,F,Bronze,2023-08-22,Frostland,United Kingdom
907,15882,Tanya Marshall,tanya729@example.net,F,Bronze,2021-08-26,Katieside,United Kingdom
950,15880,Kara Charles,kara612@example.org,F,Bronze,2023-09-14,Payneton,United Kingdom
953,17596,Cheryl Carter,cheryl333@example.com,F,Bronze,2021-05-08,New Sheenaburgh,United Kingdom
1089,15840,Melissa Hopkins,melissa921@example.org,F,Bronze,2023-07-17,East Danny,United Kingdom
1135,17670,Juan Snyder,juan624@example.org,F,Bronze,2025-03-08,West Nicoleshire,United Kingdom
1149,14292,Monica Beck,monica470@example.com,F,Bronze,2022-08-29,South Nicoletown,United Kingdom
1229,15062,Margaret Bowers,margaret877@example.net,F,Bronze,2024-05-29,Josephtown,United Kingdom
1287,17123,Robert Adams,robert758@example.net,F,Bronze,2024-03-25,Derektown,United Kingdom
1291,17506,Amber Hernandez,amber407@example.net,F,Bronze,2024-11-21,New Rita,United Kingdom
1330,13046,Patricia Acevedo,patricia184@example.com,F,Bronze,2024-05-11,Lake Brian,United Kingdom
1342,12390,Danny Glenn,danny762@example.org,F,Gold,2022-03-05,Benjaminland,Belgium
1481,15574,Anthony Gonzales,anthony894@example.com,F,Gold,2023-08-31,East Connieville,United Kingdom
1487,16247,Desiree Wilson,desiree620@example.net,F,Gold,2025-08-24,Amytown,United Kingdom
1583,12716,Joshua Spencer,joshua168@example.org,F,Silver,2022-06-29,North Maryborough,France
1665,13651,Jerry Byrd,jerry572@example.net,F,Silver,2023-07-06,Woodsberg,United Kingdom
1676,18180,Nathaniel Abbott,nathaniel361@example.org,F,Silver,2023-06-20,Tinaburgh,United Kingdom
1697,14978,Joseph Henderson,joseph393@example.com,F,Silver,2024-03-29,East Catherine,United Kingdom
1716,14508,Matthew Martin DDS,matthew174@example.org,F,Silver,2024-08-22,Robertsmouth,United Kingdom
1744,17481,Tiffany Rich,tiffany437@example.net,F,Silver,2023-06-20,Escobarmouth,United Kingdom
1757,16474,Nathan Potter,nathan138@example.net,F,Silver,2025-09-20,Port Abigailbury,United Kingdom
1851,12921,Ashley Lopez,ashley311@example.net,F,Silver,2023-07-10,Lake Kimberlyview,United Kingdom
2011,13450,Brandon Sanchez,brandon856@example.org,F,Silver,2022-07-17,South Nancyhaven,United Kingdom
2056,16639,Martha Lee,martha646@example.net,F,Silver,2021-03-18,South Calebbury,United Kingdom
2113,17152,James Lopez,james300@example.org,F,Silver,2022-12-24,New Teresa,United Kingdom
2192,16041,Kevin Brown,kevin958@example.net,F,Silver,2022-04-08,Lake Davidshire,United Kingdom
2210,17619,Dylan Clark,dylan135@example.org,F,Silver,2025-09-06,Mooreview,United Kingdom
2268,14277,Robert Smith,robert791@example.org,M,Bronze,2025-05-14,Davisland,France
2306,12522,Patrick Green,patrick129@example.org,M,Bronze,2025-07-04,East Kimberlybury,Germany
2316,12763,Nathan Schwartz,nathan156@example.net,M,Bronze,2023-01-01,Lake Samuelside,Japan
2361,17946,Dawn Ramos,dawn995@example.net,M,Bronze,2025-10-02,East Sherry,United Kingdom
2421,17251,Lucas Holland,lucas664@example.org,M,Bronze,2023-02-14,Lake Matthewmouth,United Kingdom
2527,14823,James Lyons,james683@example.org,M,Bronze,2020-11-16,Brandyview,United Kingdom
2603,15325,James Byrd,james244@example.com,M,Bronze,2024-11-11,South Nathanhaven,United Kingdom
2613,13652,Samantha Kim,samantha679@example.org,M,Bronze,2021-02-07,Kristinehaven,United Kingdom
2625,16603,Megan Wilson,megan610@example.org,M,Bronze,2024-06-29,New Brianborough,United Kingdom
2660,15067,Jose Brown,jose529@example.net,M,Bronze,2025-02-22,Shellyborough,United Kingdom
2687,13988,Daniel Page,daniel601@example.org,M,Bronze,2025-01-26,Grayberg,United Kingdom
2737,17253,Kenneth Weber,kenneth584@example.net,M,Bronze,2022-01-02,North Melissaview,United Kingdom
2903,15168,Patrick Phillips,patrick698@example.com,M,Bronze,2023-04-19,Holdenport,United Kingdom
2924,14138,Alvin Garcia,alvin648@example.com,M,Bronze,2024-06-28,Scottville,United Kingdom
2942,15402,Dawn Russell,dawn783@example.org,M,Bronze,2025-10-31,Williamsfort,United Kingdom
3006,17377,Rebecca Raymond,rebecca774@example.net,M,Bronze,2025-09-30,Kingside,United Kingdom
3013,13614,Benjamin Barrera,benjamin854@example.com,M,Bronze,2023-04-08,Nicholasfort,United Kingdom
3188,17571,Erica Snyder,erica952@example.org,M,Bronze,2021-10-23,South Ronaldport,United Kingdom
3224,13507,Marilyn Hernandez,marilyn659@example.net,M,Bronze,2021-06-11,North Sharonfurt,United Kingdom
3282,17634,Valerie Shaw,valerie976@example.net,M,Bronze,2021-07-15,Thompsonview,United Kingdom
3292,16454,Joshua Mills,joshua111@example.org,M,Bronze,2022-03-11,Wyattstad,United Kingdom
3475,14105,Christine Morales,christine145@example.org,M,Bronze,2023-10-22,Westland,United Kingdom
3493,13003,William Gibbs,william172@example.org,M,Bronze,2023-08-16,East Jose,United Kingdom
3534,15298,Andrew Park,andrew526@example.net,M,Gold,2021-06-02,North Jessicastad,United Kingdom
3614,15498,Anthony Le,anthony116@example.net,M,Gold,2023-10-21,Frederickside,United Kingdom
3618,15804,Paul Jones,paul713@example.com,M,Gold,2024-01-16,Webbberg,United Kingdom
3701,13079,Christopher Whitehead,christopher937@example.org,M,Gold,2021-05-22,Traceyview,United Kingdom
3777,12422,Lisa Ellison,lisa695@example.net,M,Silver,2024-03-01,East Cynthia,Switzerland
3852,14754,Dawn Williams,dawn708@example.org,M,Silver,2021-09-16,North Andrea,United Kingdom
3870,16244,Timothy Hill,timothy404@example.net,M,Silver,2025-07-27,Zacharyborough,United Kingdom
3896,16463,Edward Sims,edward241@example.org,M,Silver,2021-06-24,North Greggmouth,United Kingdom
4016,17700,Bryan Lucas,bryan871@example.net,M,Silver,2022-10-19,Patriciaville,United Kingdom
4058,16416,Caitlin Deleon,caitlin719@example.org,M,Silver,2025-06-25,East Lauratown,United Kingdom
4066,14079,Sandy Lopez,sandy934@example.net,M,Silver,2021-09-07,Lake Rebeccaview,United Kingdom
4071,15637,Ashley Perez MD,ashley189@example.org,M,Silver,2020-11-02,Rowefurt,United Kingdom
4075,17340,Jonathon Fry,jonathon248@example.org,M,Silver,2024-11-19,Lake Samantha,United Kingdom
4089,13695,James Ross,james623@example.net,M,Silver,2024-04-04,South Lorifurt,United Kingdom
4141,16208,Steven Wilson,steven241@example.net,M,Silver,2023-08-20,Christopherville,United Kingdom
4218,14344,Kristen Martin,kristen725@example.com,M,Silver,2024-09-04,Port Angelafurt,United Kingdom
4240,16451,David Johnson,david668@example.com,M,Silver,2024-05-04,Danielchester,United Kingdom
19,12667,Andrew Martin,andrew490@example.org,F,Bronze,2021-06-17,Taylorland,Finland
52,12477,Jasmine Williamson,jasmine610@example.com,F,Bronze,2025-05-18,Lake Judith,Germany
81,12545,Christina Morales,christina887@example.com,F,Bronze,2022-07-28,Brownberg,Spain
87,12556,Jessica Lewis,jessica827@example.org,F,Bronze,2025-04-03,Anthonybury,Spain
135,14881,James Perez,james850@example.com,F,Bronze,2021-10-30,Meyerburgh,United Kingdom
178,16753,John Lee,john667@example.net,F,Bronze,2021-08-25,Pereztown,United Kingdom
209,14426,Michael Salinas,michael677@example.org,F,Bronze,2022-01-30,Wintersstad,United Kingdom
301,15140,John Shelton,john196@example.com,F,Bronze,2021-08-05,North Denniston,United Kingdom
331,14066,William Morgan,william891@example.org,F,Bronze,2022-09-24,Murphyborough,United Kingdom
360,14905,Kimberly Wolf,kimberly656@example.org,F,Bronze,2023-02-21,Rogerport,United Kingdom
442,17895,Laura Jones,laura326@example.net,F,Bronze,2021-03-04,West Shannonville,United Kingdom
537,13885,Jeffrey Moreno,jeffrey440@example.com,F,Bronze,2025-04-02,South Randall,United Kingdom
558,17906,Michael Love,michael873@example.org,F,Bronze,2021-04-21,West Crystalshire,United Kingdom
567,18088,Austin Green,austin485@example.com,F,Bronze,2022-10-08,Floresborough,United Kingdom
579,15665,Joseph Hampton,joseph848@example.net,F,Bronze,2024-03-09,North Joseph,United Kingdom
581,14597,Jessica George,jessica379@example.net,F,Bronze,2022-03-07,Port John,United Kingdom
615,14062,Grace Thomas,grace100@example.com,F,Bronze,2025-03-29,Lake Stephanie,United Kingdom
622,12854,Taylor Townsend,taylor508@example.net,F,Bronze,2023-02-11,West Shelley,United Kingdom
625,17002,Michele Morgan,michele232@example.com,F,Bronze,2021-02-01,Jordanborough,United Kingdom
633,13055,Trevor Gilmore,trevor179@example.com,F,Bronze,2021-09-13,Heatherton,United Kingdom
676,15776,Angela Smith,angela171@example.org,F,Bronze,2022-10-17,West Marilyn,United Kingdom
683,13256,Cynthia Hanson,cynthia260@example.net,F,Bronze,2023-05-04,North Rickeyborough,United Kingdom
804,14514,Daniel Chapman,daniel921@example.net,F,Bronze,2022-08-14,Megantown,United Kingdom
824,15304,Christopher Bailey,christopher121@example.net,F,Bronze,2022-03-04,Markfurt,United Kingdom
868,15115,Kyle Lewis,kyle782@example.net,F,Bronze,2024-02-27,Lake Natalieside,United Kingdom
902,15088,Ashley Blankenship,ashley472@example.com,F,Bronze,2025-08-17,New Hannahtown,United Kingdom
980,17454,Christopher Burgess,christopher593@example.net,F,Bronze,2023-03-19,Brendachester,United Kingdom
1206,13720,Eric Gonzalez,eric813@example.org,F,Bronze,2024-10-25,Jacobsborough,United Kingdom
1319,18104,Jean Griffith,jean577@example.com,F,Bronze,2020-12-09,Lake Coreyfort,United Kingdom
1359,12808,Thomas Hodges,thomas192@example.net,F,Gold,2022-02-24,Belindaburgh,Portugal
1589,12531,Dr. Matthew Jennings,dr444@example.net,F,Silver,2025-05-13,Kimberlyhaven,Germany
1610,12787,Erika Daniels,erika737@example.net,F,Silver,2023-01-01,Monicamouth,Netherlands
1657,14341,Mark Campbell,mark201@example.com,F,Silver,2022-03-07,South Darrylchester,United Kingdom
1702,14291,David Fox,david745@example.com,F,Silver,2020-12-09,Port Kellyside,United Kingdom
1705,15584,Meghan Smith,meghan320@example.com,F,Silver,2025-08-27,Curtishaven,United Kingdom
1870,12974,Donald Doyle,donald203@example.net,F,Silver,2024-04-15,East Bruce,United Kingdom
1942,13827,Jessica Ray,jessica229@example.net,F,Silver,2023-12-12,Lake Alexander,United Kingdom
2000,17668,Ernest Walton,ernest747@example.org,F,Silver,2021-10-23,Kristinmouth,United Kingdom
2010,14247,Regina Greene,regina247@example.net,F,Silver,2023-06-30,Port Shawnchester,United Kingdom
2032,13245,Tina Choi,tina503@example.net,F,Silver,2023-10-12,Lake Jamesview,United Kingdom
2045,15766,Crystal Rice,crystal813@example.net,F,Silver,2024-07-06,Mcdonaldtown,United Kingdom
2100,13649,Christopher Bryan,christopher950@example.org,F,Silver,2023-12-12,East Toddton,United Kingdom
2409,13283,Megan Freeman,megan902@example.org,M,Bronze,2022-05-05,Annafurt,United Kingdom
2485,16174,Jennifer Sutton,jennifer844@example.org,M,Bronze,2021-02-12,South Anthonyside,United Kingdom
2509,17495,Kimberly Patterson,kimberly548@example.org,M,Bronze,2024-08-09,Williamborough,United Kingdom
2550,16135,Jeffrey Green,jeffrey682@example.org,M,Bronze,2022-09-03,Sandersport,United Kingdom
2551,17979,Lynn Alvarez,lynn615@example.org,M,Bronze,2023-03-26,South Christineborough,United Kingdom
2629,13938,Ellen Day,ellen547@example.com,M,Bronze,2021-01-07,Gallegosside,United Kingdom
2704,16789,Brenda Baker,brenda655@example.org,M,Bronze,2022-02-24,Brianton,United Kingdom
2759,17614,Kayla Rivers,kayla317@example.net,M,Bronze,2024-05-05,Port Sarah,United Kingdom
2811,15066,Kenneth Williams,kenneth237@example.net,M,Bronze,2025-03-11,Jenniferbury,United Kingdom
2819,14078,Joshua Mullen,joshua215@example.org,M,Bronze,2024-03-29,Morganfort,United Kingdom
2833,16298,Gregory Miller,gregory801@example.net,M,Bronze,2025-06-11,East Anna,United Kingdom
2892,13552,Tony Sutton,tony672@example.com,M,Bronze,2022-11-16,East Jonathanburgh,United Kingdom
2933,15563,Christopher Brandt,christopher198@example.net,M,Bronze,2023-12-09,Port Amber,United Kingdom
2983,17708,Steven Perez,steven380@example.com,M,Bronze,2024-12-26,Atkinsburgh,United Kingdom
2984,17277,David Dean,david463@example.org,M,Bronze,2022-02-23,Martinezside,United Kingdom
3031,15279,Jamie French,jamie891@example.org,M,Bronze,2024-03-16,Deborahview,United Kingdom
3173,14116,Ryan Washington,ryan175@example.com,M,Bronze,2022-01-10,Huertaburgh,United Kingdom
3284,16359,Justin Graham,justin322@example.net,M,Bronze,2024-08-02,New Audrey,United Kingdom
3327,16968,Jennifer Harris,jennifer927@example.net,M,Bronze,2025-08-31,North Luisberg,United Kingdom
3349,16446,Wanda Schultz,wanda535@example.com,M,Bronze,2022-05-15,Delgadoburgh,United Kingdom
3384,16086,Samuel Mullen,samuel496@example.org,M,Bronze,2022-03-24,Timothyville,United Kingdom
3412,13002,Mark Flores,mark480@example.net,M,Bronze,2025-09-30,West Amy,United Kingdom
3510,12530,Bradley White MD,bradley472@example.org,M,Gold,2021-12-26,West Christiantown,Germany
3568,14220,Stephen Webb,stephen428@example.org,M,Gold,2022-01-07,East Aaronland,United Kingdom
3681,17551,Keith Young,keith850@example.com,M,Gold,2021-06-20,Burnsville,United Kingdom
3697,16034,Jason Williams,jason750@example.com,M,Gold,2023-11-26,West Susan,United Kingdom
3713,12355,Ashley Long,ashley745@example.net,M,Silver,2024-11-13,North Rebeccaland,Bahrain
3733,12669,Dennis Gonzalez,dennis859@example.com,M,Silver,2022-12-03,Williamville,France
3826,15948,Amber Watson,amber142@example.com,M,Silver,2024-05-09,Alyssaborough,United Kingdom
3933,17542,Elizabeth Morales,elizabeth805@example.com,M,Silver,2021-02-20,New Davidland,United Kingdom
3991,14775,Vickie Thomas,vickie991@example.net,M,Silver,2021-05-24,New Matthew,United Kingdom
4000,16895,Madison Oneal,madison232@example.com,M,Silver,2023-06-02,Port Ashleychester,United Kingdom
4055,15429,Andrea Jarvis,andrea669@example.net,M,Silver,2022-02-08,Stacyfurt,United Kingdom
4081,18185,Patricia Hughes,patricia439@example.net,M,Silver,2024-05-13,South Charles,United Kingdom
4101,13155,Sophia Tran,sophia874@example.com,M,Silver,2022-06-10,South Allison,United Kingdom
4112,14594,Eugene Harrell DVM,eugene885@example.com,M,Silver,2022-03-28,North Rebeccafurt,United Kingdom
4118,16692,Nancy Levy,nancy268@example.org,M,Silver,2023-07-12,North Mary,United Kingdom
4121,16287,Jared Howard,jared149@example.net,M,Silver,2021-04-08,Barbaramouth,United Kingdom
4144,13892,Robert Ball,robert362@example.com,M,Silver,2024-02-09,South Kyleton,United Kingdom
4168,13139,Kyle Li,kyle701@example.com,M,Silver,2025-02-25,Lake Joseph,United Kingdom
4179,14040,Benjamin Zhang,benjamin793@example.com,M,Silver,2023-05-27,Snyderstad,United Kingdom
4186,14761,Jason Villanueva,jason688@example.net,M,Silver,2023-01-27,East Katherinehaven,United Kingdom
4193,17891,Brittany Wilcox,brittany594@example.com,M,Silver,2021-06-10,Ortizberg,United Kingdom
4245,14248,Cody Johnson,cody608@example.net,M,Silver,2022-08-13,Fordside,United Kingdom
4275,15034,Karen Evans,karen583@example.org,M,Silver,2025-09-22,Phillipside,United Kingdom
4290,13126,James Reyes,james273@example.org,M,Silver,2024-09-24,Johnshaven,United Kingdom
4325,16967,Antonio Padilla,antonio295@example.com,M,Silver,2021-03-26,Villarrealfurt,United Kingdom
57,12649,Logan Wallace,logan261@example.com,F,Bronze,2022-07-18,North Williammouth,Germany
72,12782,Timothy Arnold,timothy843@example.com,F,Bronze,2024-04-23,Nicholasmouth,Portugal
91,12510,Anne Torres,anne547@example.org,F,Bronze,2023-11-20,North Carrieview,Spain
125,13994,Daniel Young,daniel638@example.net,F,Bronze,2023-09-22,Joshuatown,United Kingdom
169,15493,Derek Miller,derek607@example.com,F,Bronze,2021-08-27,Byrdmouth,United Kingdom
197,14436,Danielle Salazar,danielle956@example.com,F,Bronze,2023-08-11,Vazquezfort,United Kingdom
201,17920,Ashlee Mendez,ashlee625@example.org,F,Bronze,2024-11-17,Smithland,United Kingdom
217,15577,Jamie Bell,jamie550@example.net,F,Bronze,2025-07-21,Dixonfurt,United Kingdom
273,13764,Kelly Wyatt,kelly469@example.org,F,Bronze,2022-03-24,Johnsonstad,United Kingdom
361,13389,Mitchell Rodriguez,mitchell905@example.net,F,Bronze,2025-04-01,Lake Darrylstad,United Kingdom
437,15106,Ronald Dillon,ronald311@example.com,F,Bronze,2021-06-20,North Scottmouth,United Kingdom
509,14973,Crystal Rivera,crystal292@example.org,F,Bronze,2021-03-23,Dakotaview,United Kingdom
513,14960,Keith Holland,keith813@example.com,F,Bronze,2022-04-17,Justinburgh,United Kingdom
530,15199,John Mcintosh,john955@example.com,F,Bronze,2023-02-26,Port Chelseahaven,United Kingdom
542,18278,Amanda Pierce,amanda981@example.com,F,Bronze,2022-03-18,Robertborough,United Kingdom
546,16752,Daniel Scott,daniel698@example.net,F,Bronze,2024-06-13,Huffborough,United Kingdom
644,13033,Matthew Griffin,matthew734@example.com,F,Bronze,2023-12-03,Brennanchester,United Kingdom
723,18086,Mark Strong,mark281@example.org,F,Bronze,2024-10-24,Bridgetberg,United Kingdom
783,14059,April Campbell,april246@example.net,F,Bronze,2025-01-15,Ferrellmouth,United Kingdom
810,18040,Craig Mcbride,craig171@example.com,F,Bronze,2022-09-23,Port Tiffanyberg,United Kingdom
852,13475,Brittney Richardson,brittney196@example.com,F,Bronze,2025-03-25,Kimside,United Kingdom
991,15265,Mr. Timothy Oliver,mr863@example.net,F,Bronze,2024-06-15,New Calvinborough,United Kingdom
1022,17315,Mary Palmer,mary809@example.com,F,Bronze,2024-04-01,Port Patrick,United Kingdom
1024,13328,Dr. Joel Reese,dr871@example.com,F,Bronze,2021-04-23,Glennberg,United Kingdom
1076,17673,Bryan Simpson,bryan908@example.com,F,Bronze,2023-08-31,Jesseland,United Kingdom
1102,16979,William Taylor,william942@example.com,F,Bronze,2022-12-25,West Derek,United Kingdom
1124,15694,Maria Cabrera,maria959@example.org,F,Bronze,2025-02-04,East Thomas,United Kingdom
1150,16660,Jennifer Beasley,jennifer654@example.org,F,Bronze,2024-10-04,Michaelville,United Kingdom
1183,15832,Rachel Green DVM,rachel528@example.org,F,Bronze,2024-02-17,Lake Michael,United Kingdom
1185,17120,Gary Schmidt,gary627@example.org,F,Bronze,2023-04-27,West Jennifertown,United Kingdom
1198,17069,Maria Burke,maria604@example.org,F,Bronze,2023-10-09,East Jeffreyfurt,United Kingdom
1213,14261,John Miller,john479@example.org,F,Bronze,2023-07-22,East Adamside,United Kingdom
1233,15033,Shaun Davis,shaun766@example.com,F,Bronze,2024-07-05,Romerotown,United Kingdom
1235,14502,Rachel Pacheco,rachel498@example.net,F,Bronze,2021-06-11,Keithchester,United Kingdom
1302,16949,Victoria Parker,victoria627@example.com,F,Bronze,2024-01-23,Andrewston,United Kingdom
1309,17723,Kevin Nguyen,kevin823@example.com,F,Bronze,2024-07-06,New Matthewchester,United Kingdom
1350,12580,Shelby Harvey,shelby319@example.org,F,Gold,2023-11-19,Rollinsfort,Germany
1415,14714,Jennifer Perez,jennifer598@example.net,F,Gold,2025-10-30,Johnsonside,United Kingdom
1485,13939,Kristin Miller,kristin608@example.com,F,Gold,2022-08-02,Lake Deborah,United Kingdom
1493,14981,Christina Watkins,christina942@example.com,F,Gold,2021-08-31,West Melissa,United Kingdom
1637,15701,Jamie Smith,jamie761@example.org,F,Silver,2022-09-07,East Johnborough,United Kingdom
1650,15795,Tim Wu,tim179@example.org,F,Silver,2023-08-20,West Janetberg,United Kingdom
1923,14625,Julie Anderson,julie422@example.com,F,Silver,2023-08-26,Bishoptown,United Kingdom
1970,15700,Dwayne Frank,dwayne657@example.net,F,Silver,2020-12-17,Lopezbury,United Kingdom
1984,17691,Jonathan Rose,jonathan326@example.net,F,Silver,2025-05-18,East Jill,United Kingdom
2133,13995,Deborah Mays,deborah785@example.com,F,Silver,2022-05-18,Lake Whitneystad,United Kingdom
2177,17412,Paula Sanders,paula195@example.org,F,Silver,2023-06-30,Hunterland,United Kingdom
2220,12431,Alicia Webb,alicia659@example.org,M,Bronze,2025-01-14,Thompsonborough,Australia
2277,12621,Danielle Brooks,danielle790@example.com,M,Bronze,2024-09-01,East Sarahside,Germany
2291,12701,Timothy Frazier,timothy760@example.com,M,Bronze,2021-05-21,Joshuabury,Germany
2307,12526,Lauren Carter,lauren236@example.com,M,Bronze,2024-11-14,Valenzuelaville,Germany
2365,12917,Makayla Love,makayla589@example.org,M,Bronze,2021-01-31,West Elizabethside,United Kingdom
2374,14083,Brad Torres,brad227@example.net,M,Bronze,2023-04-26,Johnsonmouth,United Kingdom
2378,15356,Julie Mendez,julie171@example.com,M,Bronze,2025-05-14,New Michaelbury,United Kingdom
2395,13090,Eric Schmitt,eric325@example.net,M,Bronze,2021-04-21,East Peter,United Kingdom
2448,15939,Christopher Smith,christopher103@example.org,M,Bronze,2022-12-26,Lewisshire,United Kingdom
2450,15397,Kristie Blackburn,kristie246@example.com,M,Bronze,2023-10-22,East Lisaton,United Kingdom
2474,13662,Lisa Hughes,lisa386@example.com,M,Bronze,2024-01-15,East Heather,United Kingdom
2565,17220,Jeffrey Smith,jeffrey898@example.com,M,Bronze,2023-04-03,East Sherryshire,United Kingdom
2596,14129,Carrie Brown,carrie706@example.org,M,Bronze,2024-08-02,Port Thomas,United Kingdom
2599,12987,Javier Buchanan,javier430@example.org,M,Bronze,2021-01-18,Johnathanfort,United Kingdom
2656,15696,John Thomas,john907@example.org,M,Bronze,2024-07-12,New Amy,United Kingdom
2671,14950,James Good,james416@example.org,M,Bronze,2023-03-09,Sandramouth,United Kingdom
2678,16016,Victoria Williams,victoria189@example.net,M,Bronze,2023-08-29,Josechester,United Kingdom
2701,16372,Kevin Walker,kevin353@example.net,M,Bronze,2024-06-01,North Michael,United Kingdom
2702,14666,Michael Patterson,michael894@example.com,M,Bronze,2025-09-12,West Margaret,United Kingdom
2893,16998,Lindsay Glenn,lindsay501@example.com,M,Bronze,2024-08-11,Earlton,United Kingdom
3052,13897,Megan Owens,megan136@example.org,M,Bronze,2024-01-26,Port Matthew,United Kingdom
3101,13958,Bethany Cannon,bethany950@example.net,M,Bronze,2023-12-26,Annaton,United Kingdom
3133,16107,Laura Kennedy,laura211@example.com,M,Bronze,2024-06-20,Smithfurt,United Kingdom
3143,13313,Richard Reynolds,richard764@example.com,M,Bronze,2022-11-12,Lake Randystad,United Kingdom
3151,17272,William Rowe,william648@example.net,M,Bronze,2025-08-14,Port Richardville,United Kingdom
3200,16561,Kenneth Goodman,kenneth618@example.com,M,Bronze,2023-02-22,Meganchester,United Kingdom
3242,17738,Joseph Blake,joseph615@example.org,M,Bronze,2023-02-09,New Beth,United Kingdom
3260,15032,Matthew Carter,matthew207@example.com,M,Bronze,2021-05-30,Lamland,United Kingdom
3263,17621,Michelle Mccormick,michelle738@example.com,M,Bronze,2022-10-24,North Kevin,United Kingdom
3281,15353,Lisa Wise,lisa620@example.org,M,Bronze,2023-04-28,South Ashleychester,United Kingdom
3304,14825,Ebony Ruiz,ebony534@example.net,M,Bronze,2022-12-24,Kathleenfort,United Kingdom
3458,16283,Adrian Harrison,adrian462@example.com,M,Bronze,2022-11-11,West Andreamouth,United Kingdom
3545,15075,Christopher Anderson,christopher941@example.net,M,Gold,2022-05-14,Hensleyfurt,United Kingdom
3552,15463,Brenda Hodges,brenda262@example.org,M,Gold,2024-12-19,Shawland,United Kingdom
3554,15746,Shawn Hudson,shawn932@example.net,M,Gold,2023-09-19,Clarkton,United Kingdom
3655,15587,Travis Hogan,travis134@example.com,M,Gold,2022-05-19,New Thomasport,United Kingdom
3662,15048,Matthew Smith,matthew950@example.net,M,Gold,2023-01-30,South Ronaldchester,United Kingdom
3724,12435,Jenna Hughes,jenna154@example.com,M,Silver,2022-02-05,Lake Angela,Denmark
3784,13654,Christine Schaefer,christine540@example.net,M,Silver,2021-07-19,Ashleychester,United Kingdom
3838,16948,April Davis,april432@example.com,M,Silver,2024-09-24,Christopherbury,United Kingdom
3864,14632,Michael Newton,michael695@example.org,M,Silver,2023-04-20,New Kimberlyshire,United Kingdom
3871,15044,Jared Jordan,jared549@example.org,M,Silver,2022-02-21,Kingfort,United Kingdom
3879,15419,Lorraine Miller,lorraine384@example.net,M,Silver,2023-01-18,Knappport,United Kingdom
3885,13824,Francisco Kelly,francisco656@example.net,M,Silver,2022-09-04,Ronaldshire,United Kingdom
3892,14154,Susan Carpenter,susan153@example.net,M,Silver,2025-03-28,Port Sean,United Kingdom
4043,17081,Gina Nelson,gina119@example.org,M,Silver,2024-07-19,Charleston,United Kingdom
4161,16281,Jerry Smith,jerry549@example.net,M,Silver,2022-04-22,South Elizabeth,United Kingdom
4321,17256,Jennifer Perez,jennifer455@example.com,M,Silver,2024-08-09,West Alexis,United Kingdom
32,12689,Amber Smith,amber695@example.net,F,Bronze,2024-12-31,Virginiafort,France
95,12483,Rebekah Hardy,rebekah949@example.net,F,Bronze,2025-04-14,Jenniferhaven,Sweden
101,17829,Amy Gonzalez,amy145@example.org,F,Bronze,2021-10-29,Ballfort,United Arab Emirates
114,15146,Corey Parsons,corey962@example.org,F,Bronze,2025-09-10,Ericksonfort,United Kingdom
203,17552,Christopher Brown,christopher976@example.net,F,Bronze,2024-01-23,Christopherland,United Kingdom
231,16302,Nicholas Young,nicholas116@example.net,F,Bronze,2022-05-01,Dustinfurt,United Kingdom
249,15729,Gina Hernandez,gina607@example.org,F,Bronze,2023-03-07,Port Sheila,United Kingdom
264,16597,Willie Gonzalez,willie757@example.com,F,Bronze,2022-11-15,Lake Jenniferfurt,United Kingdom
405,15727,Mr. Michael Swanson Jr.,mr152@example.org,F,Bronze,2024-09-08,Lake Todd,United Kingdom
501,15529,Brittany Shaffer,brittany746@example.net,F,Bronze,2020-12-11,Port Roy,United Kingdom
521,16343,Jessica Good,jessica469@example.net,F,Bronze,2023-06-14,South Robertmouth,United Kingdom
541,15523,Laurie Reed,laurie132@example.org,F,Bronze,2022-01-10,West Natalie,United Kingdom
560,14859,Stephanie Lee,stephanie844@example.com,F,Bronze,2023-09-07,Phillipborough,United Kingdom
672,14311,George Cruz,george312@example.com,F,Bronze,2023-09-10,Meyerville,United Kingdom
724,13265,Jessica Smith,jessica768@example.com,F,Bronze,2022-08-24,New Abigail,United Kingdom
751,13196,Kristen Taylor,kristen702@example.org,F,Bronze,2025-09-30,New Jennifertown,United Kingdom
758,15438,Michele Short,michele353@example.net,F,Bronze,2024-02-08,Amberbury,United Kingdom
784,15449,Douglas Terry,douglas536@example.net,F,Bronze,2021-12-20,East Cathy,United Kingdom
794,15963,Jacob Ramsey,jacob719@example.org,F,Bronze,2022-08-19,Lake John,United Kingdom
815,14517,Elizabeth Dominguez,elizabeth842@example.com,F,Bronze,2023-09-15,Cookmouth,United Kingdom
817,17941,Christopher Edwards,christopher137@example.com,F,Bronze,2023-07-10,New Elizabeth,United Kingdom
840,15398,Terry Snow,terry878@example.org,F,Bronze,2024-03-26,South Jamiefort,United Kingdom
851,15406,Katie Kelly,katie487@example.net,F,Bronze,2022-04-22,New Donnafort,United Kingdom
903,12893,Michael Miller,michael716@example.net,F,Bronze,2024-11-10,North Peter,United Kingdom
961,13709,James Simon,james218@example.com,F,Bronze,2024-09-28,East Kenneth,United Kingdom
1040,13138,Marie Stewart,marie790@example.net,F,Bronze,2025-10-25,Petersonview,United Kingdom
1056,18073,Scott Powers,scott397@example.org,F,Bronze,2022-01-27,South Pamela,United Kingdom
1064,13359,Michelle Miller,michelle310@example.org,F,Bronze,2024-10-25,North George,United Kingdom
1082,14747,Allen Davis,allen846@example.org,F,Bronze,2020-12-09,Port Michaelton,United Kingdom
1095,15738,Suzanne Reed,suzanne429@example.org,F,Bronze,2023-03-09,Michaelbury,United Kingdom
1109,14640,Erin Jones,erin308@example.com,F,Bronze,2021-09-30,Matthewshire,United Kingdom
1180,13014,Sarah Owen,sarah830@example.org,F,Bronze,2023-06-18,Millerbury,United Kingdom
1226,16658,Jerry Rivera,jerry766@example.net,F,Bronze,2022-02-26,Patriciaview,United Kingdom
1277,13255,Amy Lopez,amy999@example.org,F,Bronze,2022-04-06,New Lisafort,United Kingdom
1329,14224,Katherine Sexton,katherine265@example.net,F,Bronze,2021-03-16,West Shaneport,United Kingdom
1340,12397,Lindsay Wilson,lindsay887@example.net,F,Gold,2021-08-18,West Beckyhaven,Belgium
1478,13515,Jesse Winters,jesse913@example.org,F,Gold,2022-08-25,West Thomasstad,United Kingdom
1483,13061,Kyle Sutton,kyle870@example.com,F,Gold,2022-10-07,Jasonfurt,United Kingdom
1526,18116,Philip Adams,philip488@example.org,F,Gold,2023-09-08,West Matthewtown,United Kingdom
1564,12465,Brenda Lopez,brenda593@example.com,F,Silver,2025-09-02,Terribury,Belgium
1623,12544,Julie Mcintosh,julie412@example.org,F,Silver,2022-02-01,Gailside,Spain
1631,16746,Charles Wiggins,charles301@example.com,F,Silver,2024-01-09,West Sarah,United Kingdom
1658,17050,Elizabeth Morton,elizabeth138@example.net,F,Silver,2020-12-28,West Margaret,United Kingdom
1675,18203,Dr. Matthew Gonzalez,dr237@example.net,F,Silver,2022-01-29,Dawnbury,United Kingdom
1692,14789,Charles Humphrey,charles390@example.com,F,Silver,2024-09-28,North Michael,United Kingdom
1729,15144,Charles Edwards,charles531@example.net,F,Silver,2022-10-31,Timothyport,United Kingdom
1736,14001,Elaine Barnes,elaine979@example.com,F,Silver,2025-06-11,Colemanport,United Kingdom
1748,17338,Jeffrey Cardenas,jeffrey507@example.net,F,Silver,2025-06-16,Carterborough,United Kingdom
1808,15657,Jacob Sweeney,jacob170@example.com,F,Silver,2025-07-03,North Chad,United Kingdom
1823,15012,Jay Davis,jay862@example.com,F,Silver,2025-04-04,Sylviachester,United Kingdom
1858,17678,Ashlee Stewart,ashlee696@example.com,F,Silver,2025-05-31,Jonathanmouth,United Kingdom
1876,13536,Thomas Mathews,thomas950@example.com,F,Silver,2023-01-01,Gibsonmouth,United Kingdom
1886,18006,Brian Burke,brian371@example.com,F,Silver,2024-08-15,Allisonville,United Kingdom
1891,13299,Mackenzie Dawson,mackenzie801@example.com,F,Silver,2022-12-29,Erikaport,United Kingdom
1912,16126,Brittany Hubbard,brittany966@example.net,F,Silver,2021-11-19,Rossborough,United Kingdom
1964,17146,Rebecca Herring,rebecca956@example.net,F,Silver,2023-02-03,West Patrickberg,United Kingdom
2070,13529,Robert Lester,robert322@example.com,F,Silver,2024-12-01,Carterborough,United Kingdom
2097,14965,Taylor Franco,taylor979@example.org,F,Silver,2021-10-24,Carrieside,United Kingdom
2136,15369,Andrew Bender,andrew680@example.org,F,Silver,2022-07-18,Port Ambermouth,United Kingdom
2303,12642,Lisa Jones DDS,lisa455@example.net,M,Bronze,2023-12-31,Cassiemouth,Germany
2415,12920,Sandra Buck,sandra561@example.net,M,Bronze,2022-12-08,Wallacemouth,United Kingdom
2493,13140,Kari Holt,kari605@example.org,M,Bronze,2023-08-24,Lake Elizabethburgh,United Kingdom
2511,17572,Jeff Morton,jeff609@example.com,M,Bronze,2021-03-03,Lake Charlesshire,United Kingdom
2652,17732,Virginia Scott,virginia658@example.org,M,Bronze,2021-06-24,Nelsonborough,United Kingdom
2716,12747,Amy Russell,amy237@example.org,M,Bronze,2023-03-22,Oneillborough,United Kingdom
2782,14873,Rachel Williams,rachel105@example.net,M,Bronze,2025-05-06,South Debbieborough,United Kingdom
2865,17772,William Carter,william810@example.com,M,Bronze,2021-07-23,Lake Angelamouth,United Kingdom
2867,15965,Mary Sims,mary925@example.org,M,Bronze,2022-01-19,Ronaldfort,United Kingdom
2887,13182,Barbara Wells,barbara103@example.net,M,Bronze,2023-05-22,Danielleview,United Kingdom
2917,14693,Jeffrey Foster,jeffrey854@example.org,M,Bronze,2025-03-03,New Jason,United Kingdom
2964,16969,Robert Smith,robert786@example.org,M,Bronze,2021-05-21,West Joshuaport,United Kingdom
3021,16689,David Davis,david515@example.org,M,Bronze,2025-04-18,Paulville,United Kingdom
3036,14049,Sara Jackson,sara889@example.net,M,Bronze,2025-10-16,Port Brian,United Kingdom
3043,14947,John Wu,john651@example.org,M,Bronze,2022-03-09,Port Jenniferview,United Kingdom
3128,16777,Thomas Williams,thomas665@example.com,M,Bronze,2022-01-22,North Emily,United Kingdom
3129,13577,Keith Blackburn,keith446@example.com,M,Bronze,2022-12-02,East Marissaview,United Kingdom
3130,17278,Jonathan Jones,jonathan123@example.org,M,Bronze,2021-06-03,Gonzalezview,United Kingdom
3202,17831,Jennifer Harrison,jennifer829@example.com,M,Bronze,2024-01-08,Santanamouth,United Kingdom
3225,17866,Ronnie Chang,ronnie475@example.org,M,Bronze,2023-12-13,Lake Kristinport,United Kingdom
3230,16479,Misty Adkins,misty141@example.org,M,Bronze,2025-02-03,Smithburgh,United Kingdom
3237,13394,Melissa Hickman,melissa909@example.org,M,Bronze,2025-05-30,Parkerstad,United Kingdom
3240,16841,Mason Wells,mason406@example.org,M,Bronze,2021-02-02,New Jennifer,United Kingdom
3241,13630,Richard Walker,richard988@example.com,M,Bronze,2021-05-20,South Alejandro,United Kingdom
3346,12891,Marvin Silva,marvin640@example.net,M,Bronze,2022-11-05,Powersmouth,United Kingdom
3394,17658,John Medina,john303@example.org,M,Bronze,2022-10-25,Underwoodmouth,United Kingdom
3434,14645,Bruce Orr,bruce367@example.com,M,Bronze,2021-06-18,West Craigborough,United Kingdom
3453,13722,Mitchell Olson,mitchell144@example.com,M,Bronze,2023-08-27,Melissafurt,United Kingdom
3705,15996,Tammy Reed,tammy450@example.com,M,Gold,2024-03-21,Lake Michelle,United Kingdom
3798,17263,Kimberly Lee,kimberly450@example.net,M,Silver,2024-01-16,Duranberg,United Kingdom
3825,14768,Christine Garcia,christine924@example.net,M,Silver,2021-08-13,Tiffanyview,United Kingdom
3869,17835,Jason Olson,jason863@example.com,M,Silver,2022-12-06,Brennanmouth,United Kingdom
3895,16230,Laura Delgado,laura804@example.org,M,Silver,2021-11-19,West Elizabethport,United Kingdom
3968,16619,Teresa Moss,teresa584@example.org,M,Silver,2023-08-20,South Jaredshire,United Kingdom
4010,17234,Jackie Becker DDS,jackie691@example.com,M,Silver,2022-05-18,West Keith,United Kingdom
4105,15855,Cory Morales,cory654@example.net,M,Silver,2025-08-05,Donnaburgh,United Kingdom
4146,13131,Travis Randall,travis188@example.com,M,Silver,2023-11-21,Clarkside,United Kingdom
4318,15611,Taylor Gray,taylor816@example.net,M,Silver,2024-03-11,Samanthaside,United Kingdom
4344,16495,Andrew Durham,andrew647@example.com,M,Silver,2022-11-13,Russelltown,United Kingdom
4360,14265,Philip Valenzuela,philip625@example.org,M,Silver,2021-02-09,Lisashire,Unspecified
60,12626,Sara Perkins,sara918@example.net,F,Bronze,2023-03-08,Owensview,Germany
86,12547,Jeanette Jenkins,jeanette194@example.com,F,Bronze,2024-09-20,New Lindsay,Spain
93,12639,Alicia Reeves,alicia616@example.org,F,Bronze,2021-09-10,Port Danieltown,Sweden
102,17802,Abigail Coffey,abigail587@example.org,F,Bronze,2023-02-19,Stephanietown,United Kingdom
133,13697,Natasha Dickerson,natasha781@example.net,F,Bronze,2025-06-17,South Jeremiahton,United Kingdom
224,16139,Raymond Kelley,raymond840@example.net,F,Bronze,2025-05-24,Lake Samuelchester,United Kingdom
284,16360,Jennifer Middleton,jennifer809@example.net,F,Bronze,2024-09-26,Carlsonmouth,United Kingdom
329,15819,Samuel Arellano,samuel454@example.net,F,Bronze,2020-11-06,South John,United Kingdom
397,14722,Cheryl Acevedo,cheryl341@example.net,F,Bronze,2023-03-08,Marshallmouth,United Kingdom
490,14523,Kendra Cummings,kendra490@example.com,F,Bronze,2023-08-02,South Timothy,United Kingdom
529,12853,Joseph Flores,joseph126@example.org,F,Bronze,2024-03-26,Markmouth,United Kingdom
599,13637,Daniel Clark,daniel693@example.com,F,Bronze,2020-12-30,West Shirleychester,United Kingdom
743,17727,Megan Burton,megan902@example.net,F,Bronze,2024-07-13,South Anthony,United Kingdom
819,14125,Gina Rice,gina946@example.com,F,Bronze,2021-05-23,Codyfort,United Kingdom
892,17809,Nichole Gray,nichole651@example.org,F,Bronze,2023-07-29,East Elizabeth,United Kingdom
910,17888,Michael Elliott,michael415@example.com,F,Bronze,2022-01-04,Patriciatown,United Kingdom
967,13052,Craig Christian,craig674@example.com,F,Bronze,2025-03-02,Brownhaven,United Kingdom
1087,14682,Michael White,michael761@example.com,F,Bronze,2025-08-24,East Connieborough,United Kingdom
1112,13667,Timothy Reed,timothy793@example.net,F,Bronze,2025-02-05,North Jamesport,United Kingdom
1209,17854,William Rubio,william803@example.com,F,Bronze,2024-08-12,North Leonardville,United Kingdom
1232,16791,Timothy Trevino,timothy673@example.com,F,Bronze,2024-01-18,Martinstad,United Kingdom
1265,16369,Aaron Chapman,aaron944@example.net,F,Bronze,2024-03-28,Raymondtown,United Kingdom
1382,17115,Cody West,cody525@example.com,F,Gold,2022-10-21,Jenniferville,United Kingdom
1431,12886,Jennifer Hodges,jennifer184@example.org,F,Gold,2023-01-30,Burchfort,United Kingdom
1445,13209,Mary Potter,mary699@example.org,F,Gold,2022-08-16,North Lesliestad,United Kingdom
1454,16407,Teresa Turner,teresa341@example.com,F,Gold,2021-12-11,New Anna,United Kingdom
1492,17966,Kimberly Lang,kimberly210@example.org,F,Gold,2023-10-23,New Michaelbury,United Kingdom
1511,13317,Robert Lee,robert747@example.com,F,Gold,2025-02-18,West Christopher,United Kingdom
1516,17995,Taylor Salazar,taylor988@example.net,F,Gold,2022-07-09,South Seth,United Kingdom
1566,17444,Michael Collins,michael584@example.com,F,Silver,2025-06-10,Annton,Canada
1598,12500,Gerald Copeland,gerald859@example.com,F,Silver,2024-08-19,New Johnmouth,Germany
1664,14888,Anthony Greene,anthony891@example.com,F,Silver,2022-10-20,New Jasmineland,United Kingdom
1678,16066,Sandra Massey,sandra900@example.com,F,Silver,2025-04-29,New Brandi,United Kingdom
1691,14861,Monique White,monique238@example.com,F,Silver,2021-09-10,North Phillip,United Kingdom
1742,13106,Robert Marshall,robert207@example.com,F,Silver,2020-11-19,Thomasville,United Kingdom
1817,14869,Kenneth Cook,kenneth382@example.org,F,Silver,2025-01-18,East Derek,United Kingdom
1818,18222,Jonathan Anthony,jonathan913@example.net,F,Silver,2021-11-05,North Evan,United Kingdom
1909,17371,Kristina Joyce,kristina920@example.net,F,Silver,2021-08-15,North Tracyfort,United Kingdom
1962,14744,Mary Shaffer,mary927@example.net,F,Silver,2023-01-31,Turnerview,United Kingdom
2017,13102,Christian Simmons,christian384@example.com,F,Silver,2024-01-16,Leehaven,United Kingdom
2039,17162,Debra Pham,debra439@example.org,F,Silver,2024-08-13,Perezchester,United Kingdom
2054,17817,Jill Russo,jill528@example.org,F,Silver,2023-10-28,Deleontown,United Kingdom
2063,15093,Sara Cooper,sara843@example.org,F,Silver,2022-02-14,East Kevinville,United Kingdom
2071,17731,Krista Nguyen,krista694@example.com,F,Silver,2020-11-08,Lake Steven,United Kingdom
2077,16570,Bobby Bell,bobby842@example.org,F,Silver,2025-01-27,New Sally,United Kingdom
2098,12965,Justin Erickson,justin222@example.net,F,Silver,2025-06-11,Meganfurt,United Kingdom
2228,12866,Richard Johnson,richard987@example.net,M,Bronze,2022-09-23,West Jonmouth,Belgium
2249,12707,Debra Parker,debra908@example.org,M,Bronze,2025-07-31,Millston,France
2252,12624,Taylor Ellis,taylor730@example.org,M,Bronze,2023-01-19,Hickston,France
2285,12628,Rhonda Brooks,rhonda251@example.net,M,Bronze,2021-08-09,North Tarafurt,Germany
2295,13811,Gregory Freeman,gregory485@example.com,M,Bronze,2021-10-23,South Jamestown,Germany
2344,12357,Stacey Haley,stacey487@example.net,M,Bronze,2022-04-15,Karenbury,Switzerland
2404,17142,Marisa West,marisa746@example.com,M,Bronze,2021-06-10,Saundersland,United Kingdom
2406,13719,Laurie White,laurie552@example.net,M,Bronze,2025-02-13,Taylorborough,United Kingdom
2559,16776,Olivia Chapman,olivia917@example.com,M,Bronze,2025-01-18,Crystalfort,United Kingdom
2560,16322,Andrew Manning,andrew990@example.net,M,Bronze,2022-10-27,Lake David,United Kingdom
2569,14794,Anthony Young,anthony266@example.com,M,Bronze,2024-02-05,Janetview,United Kingdom
2674,16983,Cynthia Thompson,cynthia352@example.org,M,Bronze,2025-05-31,Cohenville,United Kingdom
2681,16387,Andrew Cordova,andrew485@example.com,M,Bronze,2024-01-07,Alexisborough,United Kingdom
2698,15239,Maria Miller,maria304@example.org,M,Bronze,2023-09-28,Hernandezshire,United Kingdom
2760,13322,Mark Bowman,mark748@example.net,M,Bronze,2021-03-03,Christopherstad,United Kingdom
2789,14756,Alexander Woods,alexander312@example.net,M,Bronze,2023-05-16,East Debbieburgh,United Kingdom
2798,14467,Brenda Valencia,brenda229@example.net,M,Bronze,2024-12-10,New Stephanieville,United Kingdom
2843,17608,Wendy Vargas,wendy825@example.com,M,Bronze,2021-03-16,Samanthachester,United Kingdom
2869,14577,Tony Hickman,tony761@example.org,M,Bronze,2021-03-22,Veronicahaven,United Kingdom
2900,16049,Kara Horn,kara546@example.org,M,Bronze,2025-06-17,Port Maria,United Kingdom
2937,16494,Michelle Howe,michelle165@example.org,M,Bronze,2023-09-14,Lake Erikastad,United Kingdom
2939,18218,Barbara Mitchell,barbara717@example.com,M,Bronze,2021-06-01,Burnettstad,United Kingdom
2976,15699,Thomas Johnson,thomas474@example.org,M,Bronze,2025-09-21,New Laura,United Kingdom
3174,13808,Lisa Smith,lisa860@example.org,M,Bronze,2025-07-29,North Chelsey,United Kingdom
3247,15609,Jonathan Holmes,jonathan820@example.net,M,Bronze,2022-04-19,Latoyaberg,United Kingdom
3248,16866,Evelyn Long,evelyn196@example.net,M,Bronze,2021-06-11,East Phillipfurt,United Kingdom
3251,12991,Nathan Powers,nathan846@example.com,M,Bronze,2024-11-04,West Nathanville,United Kingdom
3317,17625,Justin Martinez,justin833@example.net,M,Bronze,2022-04-22,Lake Tammytown,United Kingdom
3325,17694,Ryan Cook,ryan312@example.org,M,Bronze,2025-01-09,Ashleystad,United Kingdom
3476,15912,Alicia Anderson,alicia796@example.net,M,Bronze,2023-07-16,West Lauraborough,United Kingdom
3482,14664,Gloria Ruiz,gloria592@example.org,M,Bronze,2025-05-03,West Shawnhaven,United Kingdom
3485,15208,Rachel Smith,rachel667@example.org,M,Bronze,2021-08-24,Lake Eugene,United Kingdom
3505,12678,Michael Cuevas,michael837@example.org,M,Gold,2024-08-22,South Randy,France
3608,16225,Lori Lynn,lori510@example.org,M,Gold,2022-02-09,South David,United Kingdom
3650,16551,Maureen Page,maureen342@example.net,M,Gold,2023-03-06,Port Brandyville,United Kingdom
3727,12428,Sarah Elliott,sarah751@example.com,M,Silver,2025-02-10,New Joseville,Finland
3763,12791,Jamie Jones,jamie955@example.com,M,Silver,2023-02-14,Holmeshaven,Netherlands
3811,16957,Matthew Hernandez,matthew728@example.com,M,Silver,2024-09-08,Lake Chadstad,United Kingdom
3823,15182,Pamela Foley,pamela797@example.org,M,Silver,2023-06-04,North Thomasmouth,United Kingdom
3952,15553,Erik Nixon,erik730@example.com,M,Silver,2024-02-17,Hilltown,United Kingdom
3959,16072,Ashley Thompson,ashley933@example.org,M,Silver,2023-12-28,Lake Samuel,United Kingdom
4063,16078,Bethany Reyes,bethany497@example.com,M,Silver,2021-11-10,Meganmouth,United Kingdom
4073,18139,Stephanie Jones,stephanie673@example.org,M,Silver,2025-01-11,Justinland,United Kingdom
4268,17027,Michelle Cummings,michelle221@example.org,M,Silver,2023-12-02,West Adam,United Kingdom
4333,17092,Michele Smith,michele371@example.com,M,Silver,2024-11-15,Port Sandramouth,United Kingdom
55,12572,David Duke,david492@example.net,F,Bronze,2022-05-08,Michellemouth,Germany
208,16191,Brian Brown,brian627@example.net,F,Bronze,2023-03-11,Mcculloughchester,United Kingdom
233,18158,Julia Moore,julia229@example.org,F,Bronze,2025-10-03,Espinozamouth,United Kingdom
242,13141,Rebecca Johnson,rebecca423@example.org,F,Bronze,2021-03-14,Charlesmouth,United Kingdom
257,14284,Michelle Smith,michelle784@example.net,F,Bronze,2024-11-16,Lake Tiffanyshire,United Kingdom
259,14356,Katherine Lewis,katherine885@example.net,F,Bronze,2022-10-05,Munozport,United Kingdom
267,17491,Sophia Mcclure,sophia154@example.com,F,Bronze,2023-05-15,Vancechester,United Kingdom
434,14798,Austin Perez,austin984@example.com,F,Bronze,2025-04-09,Montgomerychester,United Kingdom
486,16036,Jody Bell DDS,jody651@example.org,F,Bronze,2024-10-15,Frankshire,United Kingdom
601,17360,Dana Brandt,dana288@example.org,F,Bronze,2021-08-11,South Brian,United Kingdom
726,17160,Sarah Greene,sarah160@example.com,F,Bronze,2024-04-03,Griffinchester,United Kingdom
730,16832,Daniel Miller,daniel349@example.net,F,Bronze,2023-09-13,Kirbyland,United Kingdom
766,13926,Jennifer Allen,jennifer235@example.org,F,Bronze,2021-12-07,Port Taylorbury,United Kingdom
825,17259,Ricky Chapman,ricky235@example.net,F,Bronze,2023-05-21,East Timothyberg,United Kingdom
1080,16022,Elizabeth Long,elizabeth392@example.org,F,Bronze,2021-10-30,North Josephmouth,United Kingdom
1144,14081,Susan Ward,susan715@example.net,F,Bronze,2023-11-23,Ianport,United Kingdom
1247,15888,Kevin Jones,kevin902@example.org,F,Bronze,2023-04-16,West Nicolasfurt,United Kingdom
1252,12839,Amber Hickman,amber231@example.com,F,Bronze,2022-11-24,Royland,United Kingdom
1286,15014,Anthony Li,anthony547@example.org,F,Bronze,2024-09-22,South Masonberg,United Kingdom
1491,15241,Jeffrey Bryant,jeffrey849@example.org,F,Gold,2023-04-13,Joshualand,United Kingdom
1499,17958,Richard Goodman,richard304@example.com,F,Gold,2024-02-16,Stevensville,United Kingdom
1517,16040,Felicia Gay,felicia509@example.net,F,Gold,2025-03-18,Heathermouth,United Kingdom
1685,15057,Misty Hughes,misty183@example.net,F,Silver,2023-01-28,Lake Barbaraton,United Kingdom
1693,17942,Anne Perez,anne586@example.net,F,Silver,2023-01-31,Jesusshire,United Kingdom
1737,17812,Tina Hunt,tina435@example.org,F,Silver,2021-09-01,Wongport,United Kingdom
1764,15705,Susan Oliver,susan275@example.com,F,Silver,2023-12-19,Erinside,United Kingdom
1777,16614,Christopher Martinez,christopher415@example.net,F,Silver,2024-09-02,Angelaland,United Kingdom
1788,15316,Steven Thompson,steven268@example.net,F,Silver,2020-12-27,Christophershire,United Kingdom
1789,13015,Cindy Thomas,cindy770@example.org,F,Silver,2024-08-20,Guerrerobury,United Kingdom
1812,17923,Brian Allen,brian594@example.net,F,Silver,2025-05-03,New Scott,United Kingdom
1895,17298,Jacqueline Owens,jacqueline990@example.com,F,Silver,2024-05-30,Vargasburgh,United Kingdom
1917,17898,Lydia Kennedy,lydia725@example.com,F,Silver,2022-09-11,East John,United Kingdom
1980,17960,Renee Ayala,renee493@example.org,F,Silver,2022-12-04,North Hannah,United Kingdom
1982,13858,Adam Crosby,adam729@example.net,F,Silver,2024-07-05,Jacquelineview,United Kingdom
1994,16926,Allen Smith,allen694@example.net,F,Silver,2024-08-29,Jefferymouth,United Kingdom
2043,18237,Seth Garza,seth957@example.org,F,Silver,2024-10-28,Kingchester,United Kingdom
2281,12645,Lisa Wood,lisa357@example.net,M,Bronze,2021-10-24,Michaelberg,Germany
2385,13137,David Reese,david862@example.net,M,Bronze,2021-04-26,Gouldhaven,United Kingdom
2469,15626,Tracy Wood,tracy818@example.net,M,Bronze,2022-05-02,Gayport,United Kingdom
2484,14104,Vanessa Owens,vanessa367@example.com,M,Bronze,2021-09-01,Jasonview,United Kingdom
2506,14050,Amy Barnett,amy284@example.org,M,Bronze,2021-08-30,Rogerston,United Kingdom
2537,16366,John Richardson,john155@example.net,M,Bronze,2025-05-22,Kristinville,United Kingdom
2588,13170,Diane Morgan,diane331@example.com,M,Bronze,2025-05-03,Dorisland,United Kingdom
2617,14312,Shelley Blair,shelley923@example.com,M,Bronze,2022-03-31,West Stephanie,United Kingdom
2664,17242,Jessica Neal,jessica128@example.com,M,Bronze,2023-05-23,Monicachester,United Kingdom
2694,18252,Sergio Smith,sergio133@example.org,M,Bronze,2020-12-11,Johnsonton,United Kingdom
2709,12873,Laura Harris,laura161@example.com,M,Bronze,2021-06-26,Bairdville,United Kingdom
2726,16592,Rhonda Miller,rhonda660@example.com,M,Bronze,2022-09-30,West Bill,United Kingdom
2816,16423,David Ross,david832@example.com,M,Bronze,2021-01-29,Phillipsfurt,United Kingdom
2829,17856,Mary Pacheco,mary866@example.com,M,Bronze,2024-04-11,Brianfort,United Kingdom
2870,13874,Sandra Lawrence,sandra285@example.org,M,Bronze,2021-04-04,Davidton,United Kingdom
2913,18183,Michelle Park,michelle599@example.com,M,Bronze,2022-02-13,Goodwinchester,United Kingdom
2949,17633,Matthew Smith,matthew577@example.net,M,Bronze,2025-09-20,New Rachel,United Kingdom
2972,16432,Brandon Rich,brandon794@example.com,M,Bronze,2021-11-02,North Melissa,United Kingdom
2981,12939,Jason Parsons DVM,jason163@example.net,M,Bronze,2025-01-03,Matthewmouth,United Kingdom
2995,14495,Jeffrey Rivera,jeffrey293@example.com,M,Bronze,2021-05-07,Cynthiaburgh,United Kingdom
3039,13294,Bobby Wilson,bobby287@example.net,M,Bronze,2023-05-01,South Patrickhaven,United Kingdom
3083,17373,Stephen Brown,stephen532@example.org,M,Bronze,2024-10-15,Jerrymouth,United Kingdom
3114,14815,Connie Anderson,connie782@example.com,M,Bronze,2023-06-08,Gonzalesview,United Kingdom
3270,15462,Jesse Ferguson,jesse400@example.net,M,Bronze,2020-12-08,Lake Kenneth,United Kingdom
3357,18034,Evelyn Ali,evelyn630@example.org,M,Bronze,2020-12-05,West Angelafort,United Kingdom
3408,17980,Kerry Ramsey,kerry773@example.com,M,Bronze,2024-01-19,Aaronburgh,United Kingdom
3444,18192,Ashley Brown,ashley291@example.com,M,Bronze,2024-11-25,Lake Henryfurt,United Kingdom
3519,12778,Austin Evans,austin370@example.com,M,Gold,2021-08-31,Hallhaven,Netherlands
3521,12752,Adrian Phillips,adrian748@example.com,M,Gold,2024-08-20,Port Jimmyside,Norway
3691,17613,James Ryan,james611@example.net,M,Gold,2020-12-03,Kaylashire,United Kingdom
3738,12740,Jennifer Taylor,jennifer804@example.com,M,Silver,2022-09-09,Matthewstad,France
3771,12546,Dr. Deborah Hayes MD,dr602@example.net,M,Silver,2025-05-23,Nicolefurt,Spain
3785,13043,Brandy Nguyen,brandy663@example.com,M,Silver,2021-07-26,Port Kristina,United Kingdom
3834,18251,Rita Burch,rita471@example.com,M,Silver,2021-12-19,Port Gwendolyn,United Kingdom
3917,17816,Mary Hill,mary923@example.com,M,Silver,2023-08-19,Fullerville,United Kingdom
3925,17760,Carrie Cooper,carrie563@example.com,M,Silver,2025-07-09,East Amyview,United Kingdom
3935,14699,Jessica Evans,jessica571@example.com,M,Silver,2023-03-07,Dayville,United Kingdom
4065,15244,John Shaffer,john279@example.com,M,Silver,2021-10-17,Jessicaburgh,United Kingdom
4087,15661,Craig Andrews,craig206@example.org,M,Silver,2022-10-25,Dianetown,United Kingdom
4093,13456,Sherry Murphy,sherry675@example.org,M,Silver,2025-05-28,New Rodney,United Kingdom
4130,15123,Kathleen Perez,kathleen983@example.org,M,Silver,2021-02-15,South Eugene,United Kingdom
4151,16313,Thomas Chandler,thomas331@example.net,M,Silver,2022-06-01,Merrittton,United Kingdom
4210,16906,Jeffrey Walker,jeffrey319@example.com,M,Silver,2023-08-05,Collinsville,United Kingdom
4230,15271,Angela Dean,angela778@example.com,M,Silver,2021-01-24,East Amy,United Kingdom
4279,14963,Sarah Miranda,sarah154@example.net,M,Silver,2021-08-07,Brownburgh,United Kingdom
4280,17070,Jessica Blake,jessica798@example.net,M,Silver,2021-08-18,Deanmouth,United Kingdom
12,14566,Deborah Mejia,deborah866@example.net,F,Bronze,2021-05-10,South Jasonland,Channel Islands
30,12721,David Long,david797@example.org,F,Bronze,2023-07-02,Jeffreyview,France
71,12757,Misty Edwards,misty321@example.net,F,Bronze,2021-04-17,Justinhaven,Portugal
92,12557,Taylor Davis,taylor478@example.com,F,Bronze,2021-10-12,Port Heidi,Spain
113,15321,Tracy Robinson,tracy333@example.net,F,Bronze,2025-08-18,Danashire,United Kingdom
127,17887,Oscar Savage,oscar271@example.com,F,Bronze,2022-11-11,Deleonberg,United Kingdom
247,16185,Mercedes Ruiz,mercedes609@example.org,F,Bronze,2022-05-17,Harrisport,United Kingdom
280,12749,George Black,george596@example.net,F,Bronze,2021-01-27,Port Gregory,United Kingdom
336,17997,Scott Vasquez,scott905@example.net,F,Bronze,2022-11-17,South Ericaton,United Kingdom
349,18193,Aaron Torres,aaron927@example.org,F,Bronze,2022-07-02,Lake Elizabeth,United Kingdom
416,15985,Colleen Johnson,colleen591@example.org,F,Bronze,2022-07-15,Larryhaven,United Kingdom
433,17090,Joseph Cooper,joseph241@example.org,F,Bronze,2022-10-29,Lake Michelleview,United Kingdom
481,17800,Kelly Tapia,kelly723@example.com,F,Bronze,2021-06-20,Seanton,United Kingdom
635,17317,Albert Snyder,albert196@example.com,F,Bronze,2025-05-21,Maldonadoville,United Kingdom
699,14644,Ashley Cox,ashley697@example.net,F,Bronze,2024-11-02,Port Peter,United Kingdom
700,13382,Robert Frye,robert397@example.org,F,Bronze,2024-03-16,East Ryanmouth,United Kingdom
702,16834,Anna Brown,anna946@example.net,F,Bronze,2025-04-12,Brockberg,United Kingdom
714,13767,Cynthia Campbell,cynthia402@example.com,F,Bronze,2023-06-28,East Anna,United Kingdom
860,17173,Mark Owens,mark310@example.org,F,Bronze,2024-05-08,Carterbury,United Kingdom
883,15364,Daniel Ford,daniel774@example.com,F,Bronze,2023-12-27,Lake Rodneytown,United Kingdom
921,16093,David Park,david336@example.org,F,Bronze,2022-08-30,Port Tiffanychester,United Kingdom
949,14135,Olivia Jones,olivia847@example.net,F,Bronze,2022-06-07,Christopherbury,United Kingdom
974,15315,Megan Parrish,megan158@example.com,F,Bronze,2021-01-01,Douglasmouth,United Kingdom
979,14060,Paula Wright,paula648@example.net,F,Bronze,2023-12-24,Triciabury,United Kingdom
1099,13004,Andrew Molina,andrew433@example.net,F,Bronze,2022-12-29,West Melissa,United Kingdom
1123,15165,Chase Patel,chase475@example.com,F,Bronze,2022-11-28,West Lauren,United Kingdom
1159,17719,Alexandra Walsh,alexandra425@example.net,F,Bronze,2025-06-18,South Kennethview,United Kingdom
1175,14572,Lisa Gomez,lisa868@example.com,F,Bronze,2024-05-31,South Christina,United Kingdom
1184,16947,Terry King,terry178@example.com,F,Bronze,2021-04-06,South Christine,United Kingdom
1295,16856,Jennifer Smith,jennifer423@example.net,F,Bronze,2021-02-04,Benjaminview,United Kingdom
1357,15480,Elizabeth Hamilton,elizabeth380@example.com,F,Gold,2021-12-13,New Douglas,Malta
1471,16883,Blake Rogers,blake410@example.org,F,Gold,2022-06-22,Lake Sarahland,United Kingdom
1553,15318,Russell Gonzalez,russell559@example.com,F,Gold,2025-09-25,Lake Shelbyville,United Kingdom
1559,13950,Molly Torres,molly450@example.org,F,Gold,2022-06-05,Cartershire,United Kingdom
1608,12594,Carl Davies,carl860@example.net,F,Silver,2021-02-03,West Laurenton,Italy
1654,18085,Angela Peterson,angela634@example.com,F,Silver,2024-06-28,Sabrinaborough,United Kingdom
1668,14782,Megan Ayala,megan263@example.org,F,Silver,2021-05-24,Smithview,United Kingdom
1718,16011,Timothy Parker,timothy459@example.org,F,Silver,2024-08-28,New Kimberly,United Kingdom
1732,15252,Molly Mejia,molly542@example.com,F,Silver,2024-09-02,South Anthony,United Kingdom
1832,17031,Beverly Anderson,beverly897@example.com,F,Silver,2021-04-23,Jenniferfurt,United Kingdom
1862,13826,Peter Barrera,peter876@example.com,F,Silver,2024-05-08,Hamiltonstad,United Kingdom
1869,14422,Anthony Roberts,anthony239@example.net,F,Silver,2023-12-11,Ronaldstad,United Kingdom
1916,16357,Matthew Gilbert,matthew126@example.net,F,Silver,2022-08-10,North Joshua,United Kingdom
2035,15660,Joseph Brooks,joseph712@example.net,F,Silver,2022-06-24,Lake Victoria,United Kingdom
2042,18287,David Long,david748@example.com,F,Silver,2021-04-28,West Lisa,United Kingdom
2155,14820,Edward Johnson,edward840@example.net,F,Silver,2021-11-25,Mauricefurt,United Kingdom
2157,16198,Donna Vazquez,donna904@example.com,F,Silver,2020-12-25,Kennethside,United Kingdom
2169,15756,Brooke Jones,brooke829@example.net,F,Silver,2023-04-04,Port Emily,United Kingdom
2187,17956,Melissa Martinez,melissa347@example.com,F,Silver,2022-07-05,North Dana,United Kingdom
2276,12513,Patricia Callahan,patricia292@example.org,M,Bronze,2024-09-08,New Amymouth,France
2390,13154,Amanda Gray,amanda194@example.org,M,Bronze,2022-09-11,New Brooke,United Kingdom
2430,16444,Steven Gibson,steven261@example.com,M,Bronze,2020-12-15,Port Jaimetown,United Kingdom
2468,17739,Michelle Fox,michelle160@example.org,M,Bronze,2023-02-02,Chungmouth,United Kingdom
2542,18171,Sherry Gates,sherry915@example.org,M,Bronze,2023-10-02,North Jaredview,United Kingdom
2558,14757,Jessica Duarte,jessica148@example.org,M,Bronze,2021-07-06,Dawnfort,United Kingdom
2570,15227,Meagan Cooper,meagan329@example.net,M,Bronze,2023-11-28,New Marissamouth,United Kingdom
2622,14689,Kevin Young,kevin440@example.net,M,Bronze,2021-06-02,West Michael,United Kingdom
2673,14813,Veronica Thomas,veronica473@example.org,M,Bronze,2025-03-04,Monicaberg,United Kingdom
2896,17709,Stephanie Howard,stephanie350@example.com,M,Bronze,2022-08-26,Kristinmouth,United Kingdom
2918,14607,Bonnie Best,bonnie751@example.org,M,Bronze,2023-07-08,Walshhaven,United Kingdom
2974,16345,Shaun Mcdonald,shaun843@example.com,M,Bronze,2024-08-20,Gonzalezland,United Kingdom
3017,14147,Samantha Cooper,samantha577@example.org,M,Bronze,2024-12-18,South Mark,United Kingdom
3160,15597,Michael Thornton,michael639@example.com,M,Bronze,2021-05-05,New Katherinemouth,United Kingdom
3209,15607,Michele Lopez,michele465@example.org,M,Bronze,2021-01-26,East Taratown,United Kingdom
3278,17968,Zachary Manning,zachary217@example.com,M,Bronze,2022-12-06,Tylermouth,United Kingdom
3291,13781,Bradley Gross,bradley740@example.com,M,Bronze,2020-12-15,Tinaburgh,United Kingdom
3328,13889,Daniel Dixon,daniel669@example.org,M,Bronze,2023-12-03,Goodmanville,United Kingdom
3336,17904,Stephanie Poole,stephanie387@example.net,M,Bronze,2021-07-10,Greenborough,United Kingdom
3354,15327,Earl Green,earl620@example.org,M,Bronze,2025-02-08,Michaelburgh,United Kingdom
3372,17579,Mallory Ward,mallory756@example.com,M,Bronze,2024-07-29,Lake Kristina,United Kingdom
3379,16079,Misty Wagner,misty548@example.org,M,Bronze,2022-11-20,Luceroton,United Kingdom
3445,16380,Michael Oconnell,michael432@example.com,M,Bronze,2025-10-30,Whitemouth,United Kingdom
3454,16621,Justin Ellis,justin202@example.com,M,Bronze,2025-09-15,East Taylorburgh,United Kingdom
3542,18062,Christopher Dunn,christopher945@example.com,M,Gold,2021-02-04,Smithside,United Kingdom
3544,17388,Nancy Castillo,nancy483@example.net,M,Gold,2022-10-09,Port Russellchester,United Kingdom
3584,17083,Valerie Watson,valerie506@example.net,M,Gold,2022-05-14,Nancybury,United Kingdom
3585,16509,Alicia Delgado,alicia400@example.org,M,Gold,2022-06-13,Janettown,United Kingdom
3629,16816,Erin Christensen,erin690@example.com,M,Gold,2022-10-12,Saraburgh,United Kingdom
3631,14117,Laurie Ortega,laurie134@example.org,M,Gold,2021-03-03,Juliafurt,United Kingdom
3658,17936,Kayla Dean,kayla502@example.org,M,Gold,2022-07-26,Wheelerville,United Kingdom
3668,14333,Robert Young,robert575@example.net,M,Gold,2022-12-23,New Larry,United Kingdom
3695,13759,Erika Shannon,erika743@example.net,M,Gold,2023-07-16,New Austinberg,United Kingdom
3743,12492,Jessica Tran,jessica380@example.org,M,Silver,2022-08-18,Melindabury,Germany
3746,12476,Heidi Thomas,heidi659@example.net,M,Silver,2024-08-30,South Benjamin,Germany
3756,12647,Lisa Jensen,lisa304@example.org,M,Silver,2024-06-22,North Laurie,Germany
3802,15901,Rhonda Walker,rhonda921@example.org,M,Silver,2024-10-20,North Anthonyshire,United Kingdom
3878,14528,Jason Gay,jason882@example.net,M,Silver,2023-01-19,Robertside,United Kingdom
3927,16458,Debra Ford,debra584@example.org,M,Silver,2021-06-29,Lake Christophermouth,United Kingdom
3941,15482,Daniel Morgan,daniel699@example.com,M,Silver,2025-10-24,Davidton,United Kingdom
3970,16756,Victoria Carr,victoria831@example.org,M,Silver,2025-10-14,West Courtney,United Kingdom
4204,13113,Robert Knight,robert157@example.net,M,Silver,2020-12-23,Phillipsbury,United Kingdom
4283,13886,Billy Baldwin,billy244@example.com,M,Silver,2021-02-09,Lake Haydenborough,United Kingdom
4323,14586,Kelly Burgess,kelly873@example.net,M,Silver,2022-01-27,South Cathy,United Kingdom
4337,13178,Robert Bradshaw,robert840@example.com,M,Silver,2023-03-16,West Larry,United Kingdom
4,12401,Jonathan Zimmerman,jonathan686@example.com,F,Bronze,2024-09-12,South James,Belgium
29,12509,Jessica Lee,jessica648@example.com,F,Bronze,2022-06-03,Vangside,France
53,12519,Michael Rice,michael831@example.org,F,Bronze,2021-12-18,Gonzalezfort,Germany
85,12507,Jeffrey Hudson,jeffrey412@example.net,F,Bronze,2023-03-03,Patelside,Spain
116,17603,David Stewart,david629@example.net,F,Bronze,2025-04-18,Rickymouth,United Kingdom
174,15506,Scott Maxwell,scott506@example.net,F,Bronze,2025-10-24,West Oliviaside,United Kingdom
212,15799,Michael Johnson,michael583@example.org,F,Bronze,2023-10-03,South Maria,United Kingdom
335,13856,Spencer Fowler,spencer488@example.org,F,Bronze,2023-11-19,Myersmouth,United Kingdom
459,12943,Nicholas Reeves,nicholas741@example.net,F,Bronze,2022-11-07,Lisachester,United Kingdom
519,17650,Ian Rosario,ian630@example.net,F,Bronze,2025-04-24,Hernandezside,United Kingdom
536,17043,Kathleen Sanchez,kathleen494@example.com,F,Bronze,2023-08-20,Katieview,United Kingdom
617,16833,Anthony Delacruz,anthony226@example.org,F,Bronze,2023-09-12,Morganport,United Kingdom
639,17925,Clayton Hughes,clayton333@example.org,F,Bronze,2021-05-19,Port Ivanfort,United Kingdom
657,13298,Diane Evans,diane696@example.net,F,Bronze,2025-04-27,New Brianfurt,United Kingdom
671,16142,Ann Anthony,ann322@example.com,F,Bronze,2025-07-15,East Jameshaven,United Kingdom
681,14581,Diana Johns,diana299@example.com,F,Bronze,2023-02-10,Rhondaville,United Kingdom
689,15192,Mary Turner,mary285@example.com,F,Bronze,2021-10-21,Joshuatown,United Kingdom
727,17972,Alexander Alexander,alexander582@example.com,F,Bronze,2020-12-15,Kingmouth,United Kingdom
763,14484,Melissa Mitchell,melissa493@example.net,F,Bronze,2023-01-06,Lowetown,United Kingdom
880,17663,Ashley Rodgers,ashley496@example.org,F,Bronze,2023-03-10,New William,United Kingdom
913,16045,Eric Sanders,eric485@example.org,F,Bronze,2023-08-16,Gilbertfort,United Kingdom
936,17940,John Mcclain MD,john185@example.com,F,Bronze,2025-04-05,New Robert,United Kingdom
1034,17480,Matthew Townsend,matthew410@example.net,F,Bronze,2024-10-18,East Jonathanmouth,United Kingdom
1097,17091,Christopher Mayer,christopher412@example.com,F,Bronze,2021-12-13,North Mikefort,United Kingdom
1148,17048,Brenda Bennett,brenda330@example.org,F,Bronze,2021-05-16,Patrickhaven,United Kingdom
1254,13327,James Smith,james272@example.net,F,Bronze,2025-10-31,Port Eric,United Kingdom
1256,14524,Tracy Adkins,tracy811@example.net,F,Bronze,2023-12-08,East Andrew,United Kingdom
1267,17939,James Holt,james308@example.org,F,Bronze,2023-02-20,East Janettown,United Kingdom
1355,12498,Melissa Carrillo,melissa201@example.net,F,Gold,2025-05-31,Lake Cindy,Germany
1409,15070,Caleb Vincent,caleb118@example.net,F,Gold,2024-11-03,West Nicole,United Kingdom
1435,16006,Marvin Green,marvin400@example.net,F,Gold,2024-08-24,Ortizside,United Kingdom
1524,17659,Thomas Jennings,thomas767@example.com,F,Gold,2025-02-06,North Jesseton,United Kingdom
1533,15870,Jessica Lewis,jessica986@example.org,F,Gold,2022-01-23,Joshuamouth,United Kingdom
1584,12490,Sean Contreras,sean273@example.com,F,Silver,2021-03-10,Timothyberg,France
1586,12723,Wanda Gregory,wanda257@example.org,F,Silver,2021-04-23,Lambland,France
1600,12623,Michael Scott,michael661@example.com,F,Silver,2022-07-12,Lake Belindaview,Germany
1641,17973,Andrew Travis,andrew117@example.com,F,Silver,2023-01-03,Port Ruth,United Kingdom
1659,17348,Tracy Smith,tracy849@example.net,F,Silver,2024-01-03,Matthewburgh,United Kingdom
1682,17820,Jessica Russo,jessica979@example.org,F,Silver,2020-11-26,West Kathleenview,United Kingdom
1794,16552,Oscar Finley,oscar108@example.com,F,Silver,2021-08-16,South Angela,United Kingdom
1798,13085,Donna Beard,donna725@example.org,F,Silver,2021-03-23,West Kyle,United Kingdom
1944,17819,Raymond Cunningham,raymond734@example.net,F,Silver,2021-06-25,Lisaton,United Kingdom
1956,15745,Joseph White,joseph223@example.com,F,Silver,2024-11-23,Scottport,United Kingdom
1958,17469,Emily White,emily953@example.com,F,Silver,2021-11-28,Port Nicholasmouth,United Kingdom
1987,18159,Julia Clark,julia427@example.org,F,Silver,2024-03-30,Hansonhaven,United Kingdom
2021,14400,Joseph Nicholson MD,joseph592@example.net,F,Silver,2025-01-14,Williamsonville,United Kingdom
2062,15544,Lauren Hernandez,lauren407@example.org,F,Silver,2021-11-29,West Rebekah,United Kingdom
2081,16133,Jessica Chapman,jessica575@example.com,F,Silver,2024-10-10,Lake Todd,United Kingdom
2170,13562,Timothy Gray,timothy164@example.com,F,Silver,2024-05-25,North Alice,United Kingdom
2214,17022,James Miller,james187@example.org,F,Silver,2024-03-19,Cindytown,United Kingdom
2217,12424,Tyler Howard,tyler907@example.org,M,Bronze,2021-10-24,Andreachester,Australia
2293,12516,Paul Frank,paul268@example.com,M,Bronze,2021-02-02,North Jenny,Germany
2410,13147,Austin Peterson Jr.,austin935@example.net,M,Bronze,2024-01-13,Smithberg,United Kingdom
2429,13591,Mary Weiss,mary288@example.org,M,Bronze,2023-01-08,Harrybury,United Kingdom
2478,13655,Clayton Mayer,clayton905@example.net,M,Bronze,2023-11-05,Lake Scott,United Kingdom
2483,17768,Jonathan Watson,jonathan943@example.net,M,Bronze,2020-12-06,Jacquelinestad,United Kingdom
2573,13151,Laurie Taylor,laurie979@example.net,M,Bronze,2024-12-06,New Annchester,United Kingdom
2577,14005,Amanda Odom,amanda617@example.org,M,Bronze,2024-11-30,Hannahmouth,United Kingdom
2600,14561,Elizabeth Kim,elizabeth484@example.com,M,Bronze,2024-10-10,Kimberlytown,United Kingdom
2604,15255,Annette Hill,annette582@example.org,M,Bronze,2024-02-06,Gravesview,United Kingdom
2605,14474,Steven Fletcher,steven261@example.net,M,Bronze,2022-04-23,Lake Lori,United Kingdom
2637,14242,Jacob Ramos,jacob659@example.net,M,Bronze,2025-06-15,Lake Jonside,United Kingdom
2755,12904,Denise Thomas,denise768@example.org,M,Bronze,2025-06-27,Lake Kimberlyview,United Kingdom
2810,14780,Diane Walker,diane159@example.net,M,Bronze,2022-01-13,Bryantstad,United Kingdom
2853,14476,Kimberly Adams,kimberly790@example.net,M,Bronze,2022-08-15,Marilynmouth,United Kingdom
2861,14720,Sandra Curtis,sandra537@example.net,M,Bronze,2022-01-10,Lake David,United Kingdom
2879,15178,Megan Pope,megan561@example.org,M,Bronze,2023-01-06,East Steventown,United Kingdom
3020,15679,Jasmine Gilmore,jasmine454@example.net,M,Bronze,2025-03-29,Adamshire,United Kingdom
3026,18144,Tanya Reeves,tanya339@example.org,M,Bronze,2023-07-28,North Jamesshire,United Kingdom
3081,14735,Tiffany Moreno,tiffany289@example.com,M,Bronze,2023-04-22,New Cole,United Kingdom
3163,14185,Diane Tyler,diane937@example.org,M,Bronze,2024-11-09,Mathewschester,United Kingdom
3168,16061,Rebecca Baker,rebecca145@example.net,M,Bronze,2023-08-24,North Kimberlystad,United Kingdom
3178,15556,Vanessa Cervantes,vanessa984@example.com,M,Bronze,2022-05-24,South Vanessa,United Kingdom
3229,14234,Margaret Kennedy,margaret468@example.org,M,Bronze,2025-02-01,Jackfurt,United Kingdom
3305,16710,David Castro,david639@example.net,M,Bronze,2022-09-20,Zacharymouth,United Kingdom
3422,13484,Amy Prince,amy349@example.com,M,Bronze,2024-01-06,East Cliffordtown,United Kingdom
3461,17014,Kenneth Morris,kenneth803@example.net,M,Bronze,2024-07-30,South Richardbury,United Kingdom
3478,17837,James Wells,james356@example.org,M,Bronze,2020-11-05,Josephchester,United Kingdom
3479,17653,Cody Price,cody994@example.org,M,Bronze,2023-02-15,South Emma,United Kingdom
3597,16921,Lisa Baker,lisa785@example.org,M,Gold,2023-01-19,Matthewton,United Kingdom
3615,17449,Justin Steele,justin849@example.org,M,Gold,2023-11-02,Patriciamouth,United Kingdom
3636,13539,William Roach,william301@example.net,M,Gold,2024-04-29,Lake Katelynmouth,United Kingdom
3718,12383,Keith Brown,keith394@example.com,M,Silver,2023-10-11,Ryanville,Belgium
3739,12491,Rebecca Medina,rebecca269@example.org,M,Silver,2021-05-08,West Tiffanyview,France
3833,14511,Jordan Larson,jordan609@example.net,M,Silver,2025-07-20,Lake Madisonfort,United Kingdom
3951,14027,Kathleen Daniels,kathleen177@example.com,M,Silver,2025-02-03,New Michael,United Kingdom
3978,15128,Brian Brown,brian764@example.com,M,Silver,2021-06-08,Greenside,United Kingdom
3980,17131,Hunter Frazier,hunter500@example.com,M,Silver,2024-11-12,Port Perryfort,United Kingdom
4020,13933,Casey Rodriguez,casey623@example.org,M,Silver,2023-11-12,Jenkinsmouth,United Kingdom
4057,15837,Joseph Holmes,joseph282@example.org,M,Silver,2024-04-08,East Danielstad,United Kingdom
4080,17431,John Mathis,john622@example.net,M,Silver,2022-01-31,Lewisburgh,United Kingdom
4091,14868,Michael Smith Jr.,michael985@example.net,M,Silver,2024-07-10,Dillonland,United Kingdom
4208,13946,Mark Acosta,mark788@example.com,M,Silver,2025-01-10,North Natashaview,United Kingdom
4211,17556,Yvette Johnson,yvette517@example.net,M,Silver,2024-06-03,Port Stephanieborough,United Kingdom
4265,17223,Shannon Ross,shannon588@example.org,M,Silver,2024-11-21,Elijahview,United Kingdom
4345,15690,Joseph Peterson,joseph864@example.net,M,Silver,2023-10-27,West Kimberly,United Kingdom
22,12616,Samuel Rivas,samuel593@example.com,F,Bronze,2025-06-23,Michelefort,France
111,17929,Victor Leach,victor461@example.com,F,Bronze,2021-05-26,Patrickstad,United Kingdom
117,14041,Diana Hernandez,diana646@example.com,F,Bronze,2025-03-04,Port Robert,United Kingdom
158,15922,Brian Case,brian520@example.net,F,Bronze,2022-01-05,Justinshire,United Kingdom
183,17213,Eric Johnson,eric783@example.net,F,Bronze,2025-03-25,West Codyburgh,United Kingdom
187,14701,James Adkins,james141@example.org,F,Bronze,2021-12-20,Lake Kaitlynland,United Kingdom
211,16560,Ronnie West Jr.,ronnie963@example.com,F,Bronze,2023-11-21,New Davidborough,United Kingdom
238,16898,Nancy Johnson,nancy364@example.net,F,Bronze,2022-07-20,Williamston,United Kingdom
275,14616,Julia Baker,julia700@example.org,F,Bronze,2024-12-31,North Robert,United Kingdom
277,18094,Bill Cervantes,bill625@example.org,F,Bronze,2021-11-03,New Coreyfort,United Kingdom
291,16274,Brandon Adams,brandon262@example.com,F,Bronze,2025-04-13,Christopherhaven,United Kingdom
320,17735,Robert Jackson,robert786@example.com,F,Bronze,2023-03-13,Hawkinsberg,United Kingdom
455,14201,Michelle Riley,michelle227@example.org,F,Bronze,2023-08-06,Wilsonstad,United Kingdom
566,15949,Travis Ramos,travis446@example.org,F,Bronze,2025-09-30,Powellside,United Kingdom
628,17134,Andrew Peters,andrew708@example.com,F,Bronze,2024-06-10,Paulstad,United Kingdom
631,15508,Rodney Ross,rodney111@example.com,F,Bronze,2023-01-20,Schwartzhaven,United Kingdom
653,17564,Jason Hahn,jason247@example.com,F,Bronze,2023-10-19,Heatherburgh,United Kingdom
664,13629,Mark Nguyen,mark626@example.net,F,Bronze,2023-08-29,Port Brandy,United Kingdom
684,13596,Christina Pittman,christina187@example.net,F,Bronze,2023-09-03,New Rosestad,United Kingdom
741,17510,Adam Wagner,adam349@example.org,F,Bronze,2021-09-13,Mooreton,United Kingdom
767,14793,Robert Mcdonald,robert148@example.org,F,Bronze,2024-08-05,Lake Jay,United Kingdom
858,13395,Nicholas Turner,nicholas855@example.com,F,Bronze,2022-04-09,South Jacob,United Kingdom
867,14725,Lisa Walton,lisa144@example.org,F,Bronze,2021-03-08,Parsonsville,United Kingdom
915,15951,Lisa Clayton,lisa450@example.com,F,Bronze,2022-04-30,Port Rodneychester,United Kingdom
1042,16839,Mary Merritt,mary942@example.org,F,Bronze,2024-12-21,Lisaland,United Kingdom
1130,14903,David Patel,david219@example.net,F,Bronze,2024-07-27,Robertmouth,United Kingdom
1156,17138,Amanda Gonzalez,amanda585@example.net,F,Bronze,2021-12-19,East Colleenville,United Kingdom
1196,13790,Erin Johnson,erin287@example.org,F,Bronze,2025-06-07,Johnbury,United Kingdom
1351,12612,Francisco Miles,francisco253@example.org,F,Gold,2025-01-11,West Christopher,Germany
1462,14792,Brandi Christian,brandi872@example.org,F,Gold,2024-06-19,South Rachel,United Kingdom
1644,17767,Phillip Gilmore,phillip935@example.com,F,Silver,2023-01-09,West Christopherland,United Kingdom
1661,14112,Mark Thompson Jr.,mark968@example.com,F,Silver,2023-03-27,Cookeburgh,United Kingdom
1713,15599,Jerry Allen,jerry786@example.net,F,Silver,2021-08-31,West Phillip,United Kingdom
1721,16872,Krista Salinas,krista143@example.com,F,Silver,2022-03-13,Dennisport,United Kingdom
1838,14680,Paula Gomez,paula185@example.com,F,Silver,2024-04-11,Ralphmouth,United Kingdom
1841,16938,David Martinez,david410@example.org,F,Silver,2022-01-02,Kelleyshire,United Kingdom
1844,14875,Monica Gould,monica444@example.org,F,Silver,2024-11-27,Howellfort,United Kingdom
1898,16352,Amanda Graham,amanda366@example.org,F,Silver,2022-02-05,Keithland,United Kingdom
1905,14241,Maria Mcneil,maria721@example.net,F,Silver,2024-12-07,East Victoriaview,United Kingdom
1914,15230,Raven Leon,raven342@example.net,F,Silver,2021-04-09,East James,United Kingdom
1933,14487,Sydney Miller,sydney612@example.com,F,Silver,2025-09-16,Melissabury,United Kingdom
1937,15046,John Franklin,john453@example.com,F,Silver,2022-03-02,Wandaberg,United Kingdom
1943,17961,Corey French,corey574@example.com,F,Silver,2022-09-22,Donnamouth,United Kingdom
2006,14672,Terry Copeland,terry499@example.org,F,Silver,2022-10-06,West Donnaview,United Kingdom
2007,18233,James Wolf,james912@example.org,F,Silver,2024-05-25,North Jacob,United Kingdom
2026,14642,Valerie Adams,valerie561@example.net,F,Silver,2022-02-24,Lake Davidview,United Kingdom
2066,18136,Sheila Singh,sheila138@example.org,F,Silver,2025-03-14,Hayesshire,United Kingdom
2087,12824,Julia Howell,julia810@example.org,F,Silver,2021-03-08,South Lisa,United Kingdom
2162,15485,Robert Williams,robert589@example.com,F,Silver,2024-12-11,Riosland,United Kingdom
2328,12783,Sarah Hart,sarah654@example.net,M,Bronze,2025-07-15,Ballardfurt,Portugal
2330,12772,Joseph Estrada,joseph582@example.net,M,Bronze,2023-10-13,South Vincent,Portugal
2382,15759,Megan Mcclain DDS,megan444@example.net,M,Bronze,2022-05-15,Martinezland,United Kingdom
2402,15249,Troy Baker,troy933@example.net,M,Bronze,2022-03-27,Lake Laurieport,United Kingdom
2451,16668,Michelle Foster,michelle771@example.net,M,Bronze,2021-07-19,Lake Douglasfort,United Kingdom
2521,16256,Kristin Schultz,kristin208@example.net,M,Bronze,2022-12-15,Lake Matthewhaven,United Kingdom
2548,14504,Kimberly Clay,kimberly967@example.org,M,Bronze,2024-05-09,Millerland,United Kingdom
2609,17468,Kathy Baker,kathy166@example.org,M,Bronze,2021-04-01,New Amandahaven,United Kingdom
2744,15347,Ms. Alexis Harrison,ms597@example.com,M,Bronze,2022-06-15,New Kathleen,United Kingdom
2787,15568,Michael Riley,michael913@example.com,M,Bronze,2025-10-17,Alexandriastad,United Kingdom
2932,15822,Justin Garcia,justin967@example.org,M,Bronze,2021-02-13,Lake Michael,United Kingdom
2980,18092,Tracy Clark,tracy917@example.com,M,Bronze,2023-12-12,New Derekton,United Kingdom
3029,14952,Tracy Foster,tracy640@example.com,M,Bronze,2023-04-16,New Michelle,United Kingdom
3125,16027,Barbara Meadows,barbara809@example.net,M,Bronze,2023-12-22,Sabrinaburgh,United Kingdom
3140,18045,Bradley Sheppard,bradley966@example.net,M,Bronze,2024-01-05,Lake Mariostad,United Kingdom
3210,18277,Robert Johnson,robert204@example.net,M,Bronze,2023-01-29,Watsonhaven,United Kingdom
3265,15709,James Miller,james455@example.com,M,Bronze,2021-11-19,Glassland,United Kingdom
3277,17511,Briana Jones,briana939@example.org,M,Bronze,2024-09-10,Melissabury,United Kingdom
3294,17029,Matthew Brown,matthew538@example.org,M,Bronze,2022-03-30,East Alec,United Kingdom
3307,16019,Gina Green,gina432@example.org,M,Bronze,2022-10-29,Lake Caroline,United Kingdom
3393,13220,Monica Bryant,monica866@example.net,M,Bronze,2021-05-07,Lake Peterstad,United Kingdom
3404,15024,Jeffrey Herrera,jeffrey111@example.net,M,Bronze,2024-06-03,New Christina,United Kingdom
3470,14437,Brooke Wilson MD,brooke990@example.net,M,Bronze,2022-09-08,Reginachester,United Kingdom
3480,15782,Richard Jenkins,richard125@example.net,M,Bronze,2025-08-19,Port Jeffery,United Kingdom
3539,13969,Donna Sullivan,donna303@example.com,M,Gold,2021-06-18,Nashchester,United Kingdom
3603,18056,Kelly Hamilton,kelly504@example.com,M,Gold,2022-03-28,Riosborough,United Kingdom
3731,12536,Kayla Miller,kayla777@example.org,M,Silver,2022-06-18,West Annafurt,France
3737,12680,Christine Jones,christine974@example.com,M,Silver,2021-07-16,Harriston,France
3741,12685,Mr. Travis Carter,mr230@example.net,M,Silver,2024-08-20,Lake Amy,France
3799,15350,George Fuller,george355@example.net,M,Silver,2024-07-14,North Lynn,United Kingdom
3908,16678,Marc Burke,marc665@example.net,M,Silver,2020-11-03,Jenniferfurt,United Kingdom
3939,15465,Robin Downs,robin496@example.org,M,Silver,2023-10-30,Cartertown,United Kingdom
3998,18001,Amy Sims,amy476@example.org,M,Silver,2021-10-01,Tonytown,United Kingdom
4033,17685,Kaitlin Reed,kaitlin179@example.com,M,Silver,2021-10-22,Dustintown,United Kingdom
4072,14863,Gabrielle Chang,gabrielle600@example.com,M,Silver,2023-11-14,Veronicashire,United Kingdom
4164,13531,Trevor Orr,trevor133@example.org,M,Silver,2024-01-01,Courtneybury,United Kingdom
4169,13005,Timothy Calhoun,timothy372@example.org,M,Silver,2021-07-05,Lake Jasonstad,United Kingdom
4172,17159,Kristina Mosley,kristina764@example.net,M,Silver,2020-11-05,Aliciaborough,United Kingdom
4185,15456,Wendy Jenkins,wendy568@example.net,M,Silver,2023-07-21,Garciaborough,United Kingdom
4213,16157,William Weeks,william438@example.org,M,Silver,2024-09-27,West Carmen,United Kingdom
4235,12843,William Hamilton,william488@example.net,M,Silver,2023-01-12,Meghanshire,United Kingdom
4276,14461,Amy Harrison,amy745@example.com,M,Silver,2024-02-10,New Keithburgh,United Kingdom
4285,14799,Matthew Nelson,matthew585@example.net,M,Silver,2022-03-05,North Ana,United Kingdom
4292,14238,Gerald Potter,gerald657@example.org,M,Silver,2023-07-28,Jamesbury,United Kingdom
4329,16393,Jessica Gallagher,jessica347@example.org,M,Silver,2023-07-15,West Eddiefurt,United Kingdom
4347,15423,Molly Conley,molly375@example.net,M,Silver,2021-05-14,North Lisa,United Kingdom
2,12374,Daniel Williams,daniel440@example.net,F,Bronze,2023-01-08,Barberland,Austria
40,12579,Joshua Savage,joshua338@example.com,F,Bronze,2024-12-03,South Pamelafort,France
48,12662,Courtney Cervantes,courtney697@example.org,F,Bronze,2023-10-29,Bartonview,Germany
130,13866,Alexis Lambert,alexis148@example.com,F,Bronze,2020-12-15,Dicksonfort,United Kingdom
234,14753,Seth Smith,seth365@example.com,F,Bronze,2024-10-03,Monroeland,United Kingdom
390,18129,Kenneth Castro,kenneth202@example.org,F,Bronze,2020-12-07,Julieborough,United Kingdom
393,13658,Vanessa Watson,vanessa592@example.com,F,Bronze,2023-12-17,Port Paulbury,United Kingdom
435,14465,Terry Thomas,terry963@example.org,F,Bronze,2021-02-02,Lake Davidfort,United Kingdom
450,18259,Melissa Gonzalez,melissa652@example.com,F,Bronze,2024-10-15,Hopkinsside,United Kingdom
497,17545,Jessica Sosa,jessica194@example.com,F,Bronze,2024-02-16,Tiffanystad,United Kingdom
504,13751,Anna Green,anna412@example.net,F,Bronze,2023-05-13,East Amandaberg,United Kingdom
611,17458,Steven Hess,steven423@example.com,F,Bronze,2025-08-29,Lake Andrew,United Kingdom
655,15986,Jennifer Johnston,jennifer518@example.com,F,Bronze,2025-08-02,Smithmouth,United Kingdom
662,17194,Gregory Anderson,gregory814@example.com,F,Bronze,2025-06-14,Beckyfort,United Kingdom
752,13743,Kimberly Bridges,kimberly963@example.com,F,Bronze,2024-03-26,North Ryan,United Kingdom
875,14595,Timothy Golden,timothy371@example.org,F,Bronze,2024-12-08,Fitzgeraldbury,United Kingdom
1070,16024,Phillip Greene,phillip714@example.com,F,Bronze,2024-01-01,Port Tiffany,United Kingdom
1136,13282,Theresa Bowman,theresa568@example.net,F,Bronze,2022-05-21,New Scott,United Kingdom
1221,17111,Jacob David,jacob281@example.net,F,Bronze,2021-10-01,South Meredith,United Kingdom
1239,15223,James Lane,james935@example.net,F,Bronze,2021-03-17,Port Bryanfurt,United Kingdom
1241,14423,Dale Stark,dale689@example.net,F,Bronze,2024-07-26,North Diana,United Kingdom
1249,16052,Kelly Sullivan,kelly942@example.org,F,Bronze,2022-12-29,Coleville,United Kingdom
1285,13663,Alexander Johnson,alexander421@example.net,F,Bronze,2024-03-04,New Robin,United Kingdom
1316,16595,Nancy Shaw MD,nancy637@example.com,F,Bronze,2023-08-10,New Brandiberg,United Kingdom
1463,16995,Olivia Adams,olivia711@example.com,F,Gold,2021-07-15,North Julie,United Kingdom
1539,18209,Mark Potter,mark350@example.net,F,Gold,2022-05-19,West Christopherchester,United Kingdom
1575,12602,James Miller,james741@example.com,F,Silver,2022-12-17,East Stephenton,France
1603,12478,Angela Hayes,angela878@example.com,F,Silver,2024-01-23,South Kirstenberg,Greece
1639,15348,Sherry Booker,sherry727@example.net,F,Silver,2022-09-01,Terriview,United Kingdom
1647,15730,Anthony Bruce,anthony599@example.com,F,Silver,2023-04-04,East Chelseafort,United Kingdom
1793,16292,Francisco Miller,francisco981@example.net,F,Silver,2025-06-11,Lauramouth,United Kingdom
1873,16557,Allison Mcdowell,allison231@example.com,F,Silver,2024-11-13,Natalieville,United Kingdom
1936,17033,Ronald Webb,ronald838@example.net,F,Silver,2023-02-09,Williamfort,United Kingdom
1961,14788,Daniel Haley,daniel443@example.com,F,Silver,2021-08-16,New Jessica,United Kingdom
2001,18117,Joy Garcia,joy965@example.com,F,Silver,2023-07-04,East Dawn,United Kingdom
2008,13158,Chloe Gilbert,chloe332@example.com,F,Silver,2023-05-17,Hansenbury,United Kingdom
2024,13095,Julie Padilla,julie686@example.com,F,Silver,2021-08-29,South Cynthialand,United Kingdom
2041,14790,Casey Bradford,casey922@example.com,F,Silver,2022-02-24,Port Brandifurt,United Kingdom
2074,16042,Christine Reed,christine535@example.com,F,Silver,2021-07-06,Mirandafort,United Kingdom
2123,13221,Sean Smith,sean354@example.net,F,Silver,2024-05-31,North Anthonymouth,United Kingdom
2128,14179,Richard Mcgee,richard115@example.net,F,Silver,2023-11-15,Hawkinston,United Kingdom
2139,14769,Elijah Bowman,elijah597@example.org,F,Silver,2025-10-17,Clarkfurt,United Kingdom
2193,13621,Matthew Howard,matthew966@example.com,F,Silver,2022-09-07,Colefort,United Kingdom
2301,13810,Beverly Smith,beverly305@example.net,M,Bronze,2025-07-08,Jasonton,Germany
2302,12472,Mary Allen,mary727@example.com,M,Bronze,2021-11-30,Brockland,Germany
2349,12733,Kayla Joseph,kayla706@example.com,M,Bronze,2024-10-26,Lake Craig,USA
2352,16150,Jamie Young,jamie681@example.net,M,Bronze,2024-03-22,West Kevinberg,United Kingdom
2357,15087,Cody Lee,cody388@example.com,M,Bronze,2025-03-04,Jordanhaven,United Kingdom
2393,14801,Brenda Jensen,brenda465@example.org,M,Bronze,2021-02-04,West Susan,United Kingdom
2425,17994,Brandon Cole,brandon696@example.org,M,Bronze,2024-10-28,North Sarahberg,United Kingdom
2491,13094,Mrs. Alexis Haley,mrs126@example.net,M,Bronze,2024-03-07,West Marystad,United Kingdom
2501,13524,Paul Johnson,paul187@example.com,M,Bronze,2022-09-02,Port Danielfort,United Kingdom
2552,14111,Troy Ochoa,troy697@example.com,M,Bronze,2021-05-30,Perezville,United Kingdom
2691,14173,Eric Campbell,eric471@example.net,M,Bronze,2023-05-16,Villarrealport,United Kingdom
2700,15478,Sherri Sweeney,sherri949@example.org,M,Bronze,2024-07-23,Heathbury,United Kingdom
2708,14880,Sara Brown,sara384@example.com,M,Bronze,2025-04-12,South Ashleyfort,United Kingdom
2711,17521,Nathaniel Mcdonald,nathaniel841@example.com,M,Bronze,2025-05-31,Johnsonberg,United Kingdom
2784,18024,Angela Cowan,angela375@example.com,M,Bronze,2023-12-01,Jamesland,United Kingdom
2802,14155,Stephen Hutchinson,stephen503@example.org,M,Bronze,2022-07-22,Robertmouth,United Kingdom
2883,16116,Derrick Nelson,derrick738@example.com,M,Bronze,2024-08-15,South Bryanfort,United Kingdom
2899,15417,David Salinas,david217@example.com,M,Bronze,2020-11-28,Lake Anthony,United Kingdom
2944,17490,Eddie Harris,eddie578@example.org,M,Bronze,2022-12-23,Jordanfort,United Kingdom
2961,18142,Jonathan Willis,jonathan225@example.net,M,Bronze,2021-09-14,Port Cindy,United Kingdom
3027,17855,Deanna Martin,deanna125@example.com,M,Bronze,2023-10-03,Jonesberg,United Kingdom
3059,13481,Joseph Garcia,joseph355@example.org,M,Bronze,2024-12-05,Raymondborough,United Kingdom
3070,14998,Christina Wilkins,christina554@example.org,M,Bronze,2025-10-20,Lake Chelsea,United Kingdom
3121,18075,Jane Lee,jane163@example.org,M,Bronze,2025-01-01,Taylorstad,United Kingdom
3124,14257,Lisa Smith,lisa517@example.com,M,Bronze,2023-08-22,Port Jillmouth,United Kingdom
3169,14691,Peggy Scott,peggy997@example.com,M,Bronze,2023-06-11,West Aaron,United Kingdom
3235,13634,Brandon Mcguire,brandon584@example.org,M,Bronze,2024-06-17,Kathleenhaven,United Kingdom
3246,13485,Christopher Moreno,christopher925@example.com,M,Bronze,2020-11-29,Brooksville,United Kingdom
3258,14092,Jon Avery,jon689@example.com,M,Bronze,2022-10-22,Joshuahaven,United Kingdom
3285,16500,Terri Singh,terri336@example.com,M,Bronze,2021-01-30,Amandashire,United Kingdom
3334,15473,Kevin Reyes,kevin385@example.com,M,Bronze,2020-12-13,West Paulberg,United Kingdom
3353,18053,Brenda Delgado,brenda795@example.org,M,Bronze,2024-03-04,Davidfort,United Kingdom
3374,13575,Stephanie Wade,stephanie736@example.net,M,Bronze,2020-12-15,Ronaldtown,United Kingdom
3471,12872,Terry Fowler,terry586@example.com,M,Bronze,2025-05-27,Ronnietown,United Kingdom
3632,17747,Mark Jones,mark499@example.net,M,Gold,2021-02-07,Katrinatown,United Kingdom
3675,15886,Bradley Shaffer,bradley279@example.org,M,Gold,2024-10-21,New Jenniferside,United Kingdom
3694,16722,John Parker,john890@example.com,M,Gold,2024-10-08,South Gregory,United Kingdom
3807,14215,Tyler Ali,tyler592@example.net,M,Silver,2023-12-23,Lake Michaelview,United Kingdom
3874,17615,Sean Buck,sean149@example.net,M,Silver,2021-12-01,Johnsonmouth,United Kingdom
3882,17849,Ashley Marsh,ashley147@example.net,M,Silver,2023-11-10,Lake Claudiaton,United Kingdom
4127,15809,Emily Mueller,emily499@example.org,M,Silver,2023-06-10,East Danielfurt,United Kingdom
4194,17186,Bryan Stokes,bryan246@example.org,M,Silver,2021-11-10,Anthonyfurt,United Kingdom
4217,18156,Susan Burns,susan794@example.com,M,Silver,2024-03-30,New Sharon,United Kingdom
4248,16448,Manuel Smith,manuel568@example.org,M,Silver,2022-03-29,North Janice,United Kingdom
4353,15845,Allen Bass,allen554@example.com,M,Silver,2023-01-01,Cameronmouth,United Kingdom
105,17524,Daniel Greene,daniel388@example.org,F,Bronze,2021-10-20,Heatherton,United Kingdom
182,14491,Julie Davis,julie374@example.com,F,Bronze,2020-12-13,East Jeffery,United Kingdom
222,15624,Jacqueline Campbell,jacqueline205@example.com,F,Bronze,2025-05-16,Colonville,United Kingdom
239,17860,Logan Ali,logan963@example.org,F,Bronze,2024-06-21,Whitemouth,United Kingdom
272,16810,Miguel Carlson,miguel626@example.com,F,Bronze,2023-03-16,South Jacob,United Kingdom
355,16755,Edward Mcintyre,edward959@example.com,F,Bronze,2022-09-11,East Rachelview,United Kingdom
492,16594,Keith Hood,keith417@example.com,F,Bronze,2024-04-18,New Stephen,United Kingdom
503,17064,Stephanie Edwards,stephanie962@example.org,F,Bronze,2024-07-30,Lake Wandashire,United Kingdom
555,14727,Christina Johnson,christina648@example.net,F,Bronze,2020-11-25,New Jamiefort,United Kingdom
589,15654,April Johnson,april818@example.net,F,Bronze,2025-04-04,Vasquezfurt,United Kingdom
645,14562,Emily Hernandez,emily528@example.com,F,Bronze,2024-08-29,New Maria,United Kingdom
703,12840,Dawn Aguilar,dawn679@example.net,F,Bronze,2024-05-30,South Amanda,United Kingdom
757,16178,Sherri Mcdonald,sherri378@example.com,F,Bronze,2022-07-28,Hilltown,United Kingdom
802,13534,Taylor Ballard,taylor785@example.com,F,Bronze,2023-07-12,Port Briantown,United Kingdom
933,17364,Mr. Thomas Terry MD,mr832@example.net,F,Bronze,2022-11-25,Deleonton,United Kingdom
977,16127,Joshua Simmons,joshua434@example.org,F,Bronze,2025-06-07,Gomezberg,United Kingdom
1020,14896,Misty Hill,misty935@example.org,F,Bronze,2021-12-16,Eileentown,United Kingdom
1030,13249,Michele Brown,michele736@example.org,F,Bronze,2021-05-17,Paulside,United Kingdom
1060,16616,Kaitlin Cordova,kaitlin384@example.com,F,Bronze,2023-09-30,Wendychester,United Kingdom
1077,14411,Kelli Long,kelli833@example.net,F,Bronze,2020-11-06,North Angelachester,United Kingdom
1085,16987,Crystal Galvan,crystal194@example.org,F,Bronze,2021-06-08,Williamsborough,United Kingdom
1133,15436,Virginia Park,virginia270@example.com,F,Bronze,2025-07-04,Sanchezfort,United Kingdom
1207,13573,Jeffrey Bell,jeffrey530@example.org,F,Bronze,2022-11-05,Lake Thomasville,United Kingdom
1231,13672,Edward Martin,edward679@example.org,F,Bronze,2020-12-06,Joditown,United Kingdom
1243,16682,Jason Fisher,jason304@example.net,F,Bronze,2023-08-16,Tylershire,United Kingdom
1306,13900,Jeffrey Miller,jeffrey557@example.net,F,Bronze,2024-12-18,Port Marcstad,United Kingdom
1390,14904,Jennifer Reed,jennifer782@example.org,F,Gold,2022-05-11,Walkerton,United Kingdom
1414,17777,Brian Cunningham,brian980@example.com,F,Gold,2022-11-24,North Roger,United Kingdom
1420,15022,Destiny Day,destiny429@example.com,F,Gold,2025-05-08,Davidstad,United Kingdom
1547,16680,William Ward,william185@example.com,F,Gold,2022-09-20,Melissaside,United Kingdom
1556,15829,Abigail Clark,abigail204@example.org,F,Gold,2022-06-28,Daviston,United Kingdom
1569,12457,Steven Fletcher,steven130@example.com,F,Silver,2022-09-23,New Nataliebury,Cyprus
1620,12503,Steve Ward,steve212@example.net,F,Silver,2021-05-24,Bradleychester,Spain
1734,15598,Steven Hall,steven605@example.net,F,Silver,2022-08-17,Edwardberg,United Kingdom
1802,13805,Carl Powell,carl297@example.net,F,Silver,2024-07-31,Larsonburgh,United Kingdom
1835,17509,Adam Alvarado,adam397@example.net,F,Silver,2025-05-04,Feliciaview,United Kingdom
1855,16084,Joel Armstrong,joel992@example.org,F,Silver,2021-10-24,Zhangberg,United Kingdom
1919,13364,Pamela Collins,pamela762@example.org,F,Silver,2023-02-14,Joseport,United Kingdom
1932,17135,Nicole Murray,nicole442@example.net,F,Silver,2022-08-31,Angelaview,United Kingdom
1960,13271,Emily Macias,emily787@example.com,F,Silver,2024-05-10,South Sabrina,United Kingdom
2055,15671,Michael Jordan,michael726@example.net,F,Silver,2025-03-04,Lake Aaron,United Kingdom
2089,14401,Mary Daniel,mary868@example.org,F,Silver,2022-07-30,Ashleyhaven,United Kingdom
2143,13184,Kevin Smith,kevin884@example.net,F,Silver,2021-12-20,East Eric,United Kingdom
2399,14970,Nicole Hall,nicole353@example.org,M,Bronze,2023-07-28,Lake Robertchester,United Kingdom
2442,14898,Mrs. Michelle Morris,mrs281@example.org,M,Bronze,2024-12-04,Taylorbury,United Kingdom
2453,15806,Jason Wagner,jason801@example.net,M,Bronze,2022-06-24,South Stephen,United Kingdom
2520,14367,Katie Harper,katie697@example.com,M,Bronze,2025-10-04,Lake Chelseahaven,United Kingdom
2540,13369,Brittany Hensley,brittany206@example.com,M,Bronze,2022-07-27,Washingtonborough,United Kingdom
2712,17892,Sean Martin,sean523@example.net,M,Bronze,2022-08-30,West Tonyville,United Kingdom
2780,18009,Yolanda Taylor,yolanda132@example.net,M,Bronze,2021-03-01,Steventown,United Kingdom
2830,13132,Gabrielle Morris,gabrielle817@example.net,M,Bronze,2024-02-02,Port Connieview,United Kingdom
2858,15253,Diane Marquez,diane379@example.com,M,Bronze,2025-08-25,Jamesville,United Kingdom
2920,14323,Michelle Thomas,michelle884@example.com,M,Bronze,2021-01-08,South Rebeccaville,United Kingdom
2948,14901,Christopher Williams,christopher381@example.com,M,Bronze,2024-08-20,Ericland,United Kingdom
3008,15039,Stephanie Sanchez,stephanie567@example.net,M,Bronze,2022-05-07,Dylanmouth,United Kingdom
3146,16951,Julie Richardson,julie128@example.org,M,Bronze,2023-12-15,West Derekmouth,United Kingdom
3147,18257,Mark Beasley,mark349@example.net,M,Bronze,2023-07-22,North Elizabeth,United Kingdom
3175,16978,Samantha Murphy,samantha575@example.com,M,Bronze,2023-01-12,Lake Christymouth,United Kingdom
3280,15021,Anthony Wagner,anthony844@example.net,M,Bronze,2022-08-25,West Angelamouth,United Kingdom
3321,13990,Brian King,brian838@example.net,M,Bronze,2023-01-02,Ramseyburgh,United Kingdom
3483,17977,Morgan Walker,morgan568@example.org,M,Bronze,2025-01-12,Dianabury,United Kingdom
3484,15520,Donald Smith,donald348@example.com,M,Bronze,2022-09-21,Port Chelsea,United Kingdom
3494,17051,Alex Ortiz,alex123@example.org,M,Bronze,2023-02-05,Lawrenceport,United Kingdom
3520,12430,Brandon Hatfield,brandon141@example.net,M,Gold,2025-08-18,Kingland,Norway
3640,13721,Alex Singleton,alex997@example.net,M,Gold,2021-11-07,Alexville,United Kingdom
3664,15245,Shawn Dalton,shawn652@example.org,M,Gold,2020-12-02,Lake Codyton,United Kingdom
3670,16368,Elizabeth Elliott,elizabeth335@example.net,M,Gold,2024-09-18,Stephenland,United Kingdom
3744,12471,John Herrera,john955@example.net,M,Silver,2024-11-15,North Michele,Germany
3748,12474,George Delacruz,george177@example.net,M,Silver,2025-10-12,Phillipschester,Germany
3770,12784,Janet Mack,janet770@example.net,M,Silver,2025-03-08,Lake Josephburgh,Portugal
3780,12558,Nathan Rivera,nathan724@example.org,M,Silver,2023-04-10,Stephaniemouth,USA
3791,17911,David Nelson,david151@example.net,M,Silver,2022-11-02,Jessechester,United Kingdom
3859,16936,Erik Salazar,erik799@example.net,M,Silver,2022-04-29,Port Anthony,United Kingdom
3904,17950,John Edwards,john184@example.net,M,Silver,2021-08-15,East Susanton,United Kingdom
3953,14910,Mikayla Ryan,mikayla621@example.com,M,Silver,2023-12-13,Karaland,United Kingdom
4049,13026,Lauren Jenkins,lauren565@example.net,M,Silver,2023-07-07,Lake Todd,United Kingdom
4088,13246,Bethany Braun,bethany884@example.org,M,Silver,2021-11-05,New Rachaeltown,United Kingdom
4119,13632,Jacob Myers,jacob471@example.org,M,Silver,2024-09-04,Juliaborough,United Kingdom
4303,13736,Erin Miller,erin764@example.com,M,Silver,2024-06-21,Gregoryfurt,United Kingdom
4341,17667,Tanya Baker,tanya928@example.com,M,Silver,2025-10-03,Lake Karen,United Kingdom
109,14114,Jennifer Smith,jennifer254@example.com,F,Bronze,2021-03-21,North Angela,United Kingdom
143,14770,Michael Mills,michael652@example.com,F,Bronze,2024-01-14,Clarkville,United Kingdom
146,16162,Jennifer Fisher,jennifer767@example.org,F,Bronze,2025-04-17,North Maryton,United Kingdom
153,16362,Mr. Tyler Mcmillan,mr369@example.com,F,Bronze,2024-10-26,Jasonburgh,United Kingdom
154,13297,Antonio Lewis,antonio197@example.com,F,Bronze,2023-06-14,Gardnerside,United Kingdom
263,15900,Erika Padilla,erika624@example.com,F,Bronze,2022-05-10,East Michelle,United Kingdom
266,15827,Dawn Williams,dawn519@example.org,F,Bronze,2022-07-27,Jeremyside,United Kingdom
457,13233,Robert Dunn,robert289@example.org,F,Bronze,2024-02-09,Alexanderstad,United Kingdom
465,13937,Ashley Chang,ashley792@example.com,F,Bronze,2022-03-02,West Lisachester,United Kingdom
485,15703,Erica Arnold,erica277@example.com,F,Bronze,2024-09-03,Raymouth,United Kingdom
606,15836,Timothy Davis,timothy830@example.net,F,Bronze,2021-04-22,North Leah,United Kingdom
722,13971,Ronald Goodman,ronald259@example.net,F,Bronze,2023-09-11,Smithchester,United Kingdom
894,17325,Gloria Benson,gloria898@example.org,F,Bronze,2023-07-02,Port Jason,United Kingdom
896,14353,Daniel Wright,daniel602@example.net,F,Bronze,2024-03-25,North Robin,United Kingdom
989,15656,Dana Hart,dana772@example.org,F,Bronze,2022-07-07,Youngberg,United Kingdom
1122,17286,Steven Curry,steven991@example.org,F,Bronze,2024-03-27,Port Patriciaburgh,United Kingdom
1202,13999,Carol Hickman,carol875@example.com,F,Bronze,2024-08-04,Walterside,United Kingdom
1300,17307,Nicholas Sandoval,nicholas515@example.net,F,Bronze,2024-08-31,Foxport,United Kingdom
1334,17193,Paul Yang,paul283@example.org,F,Bronze,2021-11-10,Port Audreyview,United Kingdom
1361,12451,Patricia Patel,patricia238@example.net,F,Gold,2021-06-04,New Daniel,Switzerland
1486,16809,Emily Freeman,emily285@example.com,F,Gold,2023-09-20,Lake Steven,United Kingdom
1597,12633,Mary Gentry,mary360@example.com,F,Silver,2024-02-18,West Tiffany,Germany
1609,12812,Rachael Turner,rachael181@example.com,F,Silver,2023-01-15,Lake Nicoleborough,Japan
1686,14004,William Medina,william715@example.net,F,Silver,2021-06-28,East Juan,United Kingdom
1940,16745,Mark Taylor,mark259@example.com,F,Silver,2021-02-26,North Juan,United Kingdom
1952,17350,Rachel Johnson,rachel607@example.com,F,Silver,2023-12-05,Lawsonfurt,United Kingdom
1954,18017,Sarah Marshall,sarah673@example.org,F,Silver,2020-11-12,West Patriciaton,United Kingdom
1965,13588,Sandra Hall,sandra534@example.org,F,Silver,2022-11-17,Port Corey,United Kingdom
2109,17228,Micheal Bradshaw,micheal158@example.com,F,Silver,2025-05-02,Jonesstad,United Kingdom
2120,16591,Connie Peterson,connie667@example.com,F,Silver,2023-06-05,New Melissa,United Kingdom
2127,16209,Amanda Bush,amanda940@example.net,F,Silver,2023-07-18,Campbellbury,United Kingdom
2243,12630,Michael Spencer,michael960@example.net,M,Bronze,2023-05-19,Gilbertside,Finland
2253,12691,Jackson Miller,jackson241@example.net,M,Bronze,2024-02-04,South Rebecca,France
2308,17508,Kevin Waters,kevin336@example.com,M,Bronze,2021-12-12,Port Stevenbury,Greece
2397,17585,Danny Mays,danny234@example.net,M,Bronze,2024-11-28,Lisafort,United Kingdom
2398,15296,Jessica Lowery,jessica959@example.org,M,Bronze,2022-11-19,East Ricardo,United Kingdom
2494,14243,Arthur George,arthur280@example.net,M,Bronze,2022-11-12,Lake Marcus,United Kingdom
2610,15955,Nathan Lopez,nathan588@example.com,M,Bronze,2021-03-11,Baldwinborough,United Kingdom
2688,16131,Stephanie Morales,stephanie772@example.org,M,Bronze,2025-09-22,New Stephanie,United Kingdom
2733,16104,Stephen Collins,stephen918@example.net,M,Bronze,2024-10-08,Danaville,United Kingdom
2812,17125,Timothy Daniels,timothy963@example.com,M,Bronze,2022-11-19,West Candiceshire,United Kingdom
2854,17440,Jeremy Torres,jeremy412@example.com,M,Bronze,2023-08-08,Port Scott,United Kingdom
2859,17948,Deborah Allen,deborah542@example.com,M,Bronze,2022-01-22,South Eduardo,United Kingdom
2916,18270,Monique Rubio,monique808@example.net,M,Bronze,2021-02-01,Tuckermouth,United Kingdom
2940,17749,Jennifer Armstrong,jennifer904@example.org,M,Bronze,2021-01-05,Kristinemouth,United Kingdom
2969,16183,Henry Banks,henry463@example.net,M,Bronze,2023-05-03,South Bettyfurt,United Kingdom
3012,14309,Jason Brown,jason865@example.net,M,Bronze,2023-03-13,Lake Tonyaview,United Kingdom
3096,14923,Angela Irwin,angela834@example.com,M,Bronze,2025-03-02,West Kathleenborough,United Kingdom
3144,12957,Mason Wong,mason932@example.org,M,Bronze,2025-01-30,Rileyberg,United Kingdom
3182,14051,Dr. Ashley Branch,dr207@example.org,M,Bronze,2023-06-13,Smithshire,United Kingdom
3222,16193,Corey Herring,corey626@example.net,M,Bronze,2024-11-27,North Alexishaven,United Kingdom
3239,13414,Christian Collins,christian651@example.org,M,Bronze,2021-09-29,Georgeshire,United Kingdom
3244,14232,Fernando Moore,fernando464@example.com,M,Bronze,2024-09-28,Donnaside,United Kingdom
3392,14272,Zachary Quinn,zachary933@example.com,M,Bronze,2024-09-04,North Thomasland,United Kingdom
3425,13338,Sheri Bell,sheri468@example.net,M,Bronze,2025-03-01,Tonyaside,United Kingdom
3468,13564,Rachel Thomas,rachel363@example.com,M,Bronze,2023-12-02,Vanessamouth,United Kingdom
3497,17247,Ryan Gentry,ryan492@example.net,M,Bronze,2025-08-10,Tinatown,United Kingdom
3525,18113,Andrea Miller,andrea784@example.net,M,Gold,2025-10-13,Roweshire,United Kingdom
3616,14046,Kelly Alvarado,kelly235@example.net,M,Gold,2021-09-26,Ashleystad,United Kingdom
3710,12434,Deborah Perez,deborah629@example.com,M,Silver,2020-11-18,North Robertton,Australia
3716,12464,Mary Kelly,mary249@example.org,M,Silver,2025-07-13,North Jasonview,Belgium
3745,12581,Beth James,beth481@example.org,M,Silver,2021-12-28,Luisshire,Germany
3769,12794,Christopher Gentry,christopher487@example.net,M,Silver,2023-02-20,Port Davidhaven,Portugal
3843,14529,Veronica Moore,veronica365@example.org,M,Silver,2022-04-19,Jamesshire,United Kingdom
3910,16824,William Sawyer,william672@example.net,M,Silver,2024-05-12,North Tiffanyfurt,United Kingdom
3966,13118,Jennifer Smith,jennifer939@example.net,M,Silver,2022-09-26,South Daniellechester,United Kingdom
4030,16141,Rachael Riley,rachael393@example.com,M,Silver,2021-09-29,South Carolineburgh,United Kingdom
4123,16583,Virginia Sanders,virginia790@example.org,M,Silver,2025-09-14,New Maria,United Kingdom
4278,14342,Mr. Christopher Weber MD,mr538@example.org,M,Silver,2022-08-11,North Ann,United Kingdom
4328,17628,Shannon Hayes,shannon360@example.org,M,Silver,2024-01-04,Lindseyhaven,United Kingdom
21,12674,Lauren Jones,lauren693@example.org,F,Bronze,2022-03-02,West John,France
64,12725,Ashley Moore,ashley626@example.com,F,Bronze,2023-12-11,Cunninghamborough,Italy
89,12540,Brent Schultz DVM,brent622@example.com,F,Bronze,2020-12-26,Russellview,Spain
107,16497,Laura Taylor,laura269@example.com,F,Bronze,2023-07-27,Lake Katelynhaven,United Kingdom
167,16242,John Hayes,john988@example.net,F,Bronze,2021-10-20,Samanthafort,United Kingdom
248,17527,Debra Sanchez,debra288@example.com,F,Bronze,2024-08-09,Gravestown,United Kingdom
363,18120,Paul Andrews DDS,paul579@example.org,F,Bronze,2023-10-20,Port Joannaburgh,United Kingdom
375,17967,Kimberly Moss,kimberly625@example.com,F,Bronze,2021-04-09,Stephanieport,United Kingdom
409,16109,Juan Cook,juan538@example.net,F,Bronze,2025-02-14,Hurstport,United Kingdom
478,16743,Theresa Hall,theresa965@example.com,F,Bronze,2025-08-19,Juanberg,United Kingdom
523,18225,Paul Hart,paul460@example.org,F,Bronze,2023-09-21,Jessicaland,United Kingdom
598,16837,Charles Hernandez,charles338@example.org,F,Bronze,2023-01-18,Campbellland,United Kingdom
808,15970,Jonathan Gilbert,jonathan735@example.com,F,Bronze,2025-07-19,Reyeshaven,United Kingdom
854,14745,Michelle Barron,michelle592@example.com,F,Bronze,2023-08-14,North Ryan,United Kingdom
862,14557,Matthew Carter,matthew392@example.com,F,Bronze,2024-07-25,Johnsonton,United Kingdom
863,13067,Edward Johnson,edward333@example.net,F,Bronze,2025-07-13,Estesmouth,United Kingdom
932,17593,Morgan Chase,morgan157@example.org,F,Bronze,2025-09-22,East John,United Kingdom
934,14784,Morgan Owens,morgan815@example.com,F,Bronze,2023-11-19,North Jacobport,United Kingdom
955,17827,Rachel Hawkins,rachel643@example.org,F,Bronze,2024-08-12,Kelseyhaven,United Kingdom
1048,16431,Jordan Jones,jordan214@example.org,F,Bronze,2023-04-23,Tapiamouth,United Kingdom
1093,12985,Daisy Smith,daisy614@example.org,F,Bronze,2024-06-25,North Alejandroville,United Kingdom
1164,14908,Whitney Morris,whitney918@example.net,F,Bronze,2022-11-01,Hudsonport,United Kingdom
1199,14867,John Miller,john635@example.org,F,Bronze,2021-08-31,Lauratown,United Kingdom
1279,14457,Katie Rojas,katie533@example.net,F,Bronze,2024-07-19,East Bruce,United Kingdom
1288,16764,Abigail Robinson,abigail238@example.org,F,Bronze,2025-08-30,Stewartborough,United Kingdom
1392,15712,Richard Stone,richard624@example.org,F,Gold,2025-08-11,Christianchester,United Kingdom
1408,17986,Tammy Rice,tammy169@example.org,F,Gold,2022-08-10,Dillonmouth,United Kingdom
1523,14765,Danielle Gibbs,danielle301@example.org,F,Gold,2021-12-21,East Dawn,United Kingdom
1527,18068,Patricia Henderson,patricia404@example.net,F,Gold,2021-11-02,Port Samantha,United Kingdom
1537,16426,Sarah Nelson,sarah188@example.org,F,Gold,2021-04-02,North Brian,United Kingdom
1541,16961,Kevin Mcgee,kevin534@example.net,F,Gold,2025-05-06,Victoriachester,United Kingdom
1621,12450,Heather Farley,heather484@example.com,F,Silver,2021-11-15,Reedview,Spain
1645,16656,Colleen Best,colleen631@example.org,F,Silver,2024-11-28,Port Stephenville,United Kingdom
1727,18184,Brittany Rodriguez,brittany997@example.org,F,Silver,2020-11-21,New Holly,United Kingdom
1840,13993,Trevor Villegas,trevor570@example.org,F,Silver,2023-02-25,Lopezfort,United Kingdom
1857,15026,Joseph Vega,joseph245@example.com,F,Silver,2023-09-21,South Erictown,United Kingdom
1880,16378,Thomas Turner,thomas178@example.org,F,Silver,2023-06-23,New Robert,United Kingdom
1910,16153,Ashlee Martinez,ashlee743@example.org,F,Silver,2024-07-29,Jonesberg,United Kingdom
2047,15142,Michael Lee,michael602@example.net,F,Silver,2022-01-24,New Johnberg,United Kingdom
2150,13558,Ronnie Peters DDS,ronnie161@example.net,F,Silver,2023-09-08,West Jon,United Kingdom
2196,17655,Sarah Moore,sarah205@example.net,F,Silver,2024-10-15,Cherylton,United Kingdom
2218,12393,Julia Rivera,julia455@example.com,M,Bronze,2022-12-04,Floresfort,Australia
2254,12682,Christopher Wilkins,christopher628@example.org,M,Bronze,2021-05-03,West Jamesburgh,France
2272,12615,Dr. Ruben Jensen,dr873@example.org,M,Bronze,2023-07-15,Blakechester,France
2362,17931,Jay Richardson,jay186@example.com,M,Bronze,2021-05-11,New Brian,United Kingdom
2412,13689,Michael Rodriguez,michael840@example.net,M,Bronze,2025-02-03,Garyport,United Kingdom
2529,16461,Tiffany Horton,tiffany621@example.net,M,Bronze,2021-11-25,Jimenezchester,United Kingdom
2665,16344,Alexandria Miller,alexandria545@example.net,M,Bronze,2021-06-07,East Shelby,United Kingdom
2696,16450,Amber Diaz,amber987@example.net,M,Bronze,2023-08-23,South Elizabeth,United Kingdom
2826,17314,Sherry Fletcher,sherry598@example.org,M,Bronze,2023-12-10,West Jasmine,United Kingdom
2857,15389,Thomas Hart,thomas794@example.net,M,Bronze,2022-05-10,New Allen,United Kingdom
2951,14044,James Lewis,james259@example.org,M,Bronze,2025-01-18,Joneshaven,United Kingdom
2957,15457,Lydia Smith,lydia175@example.com,M,Bronze,2024-04-17,Lake Eric,United Kingdom
2970,15739,Howard Salazar,howard571@example.org,M,Bronze,2022-04-07,North Pedro,United Kingdom
2978,14085,Kerry Mcbride,kerry792@example.net,M,Bronze,2025-08-30,East Jameshaven,United Kingdom
2988,13060,Daryl Orozco,daryl417@example.com,M,Bronze,2023-01-12,Adamburgh,United Kingdom
3112,17040,Priscilla Myers,priscilla759@example.net,M,Bronze,2021-07-18,North Monique,United Kingdom
3199,16404,Jeremy Wolfe,jeremy326@example.com,M,Bronze,2022-11-20,Lake Davidfurt,United Kingdom
3201,14585,David Garcia,david800@example.org,M,Bronze,2023-03-17,South Olivia,United Kingdom
3302,14236,Ryan Johnson,ryan852@example.org,M,Bronze,2025-08-27,New Jessicaland,United Kingdom
3351,14053,Richard Wood,richard822@example.com,M,Bronze,2024-12-18,Nixonton,United Kingdom
3359,17059,Ashley Hall,ashley683@example.com,M,Bronze,2022-04-05,Williamsstad,United Kingdom
3366,13421,Jason Chandler,jason140@example.org,M,Bronze,2025-02-17,North Jessemouth,United Kingdom
3396,17536,Roy Ho,roy624@example.org,M,Bronze,2021-03-08,East Laurenmouth,United Kingdom
3488,13606,Philip Hayes,philip632@example.net,M,Bronze,2024-06-20,Port Hannahville,United Kingdom
3504,12604,Kelly Montgomery,kelly535@example.com,M,Gold,2021-12-05,Nathanburgh,France
3515,12505,Robert Evans,robert194@example.org,M,Gold,2023-01-29,North Elizabeth,Italy
3538,13828,Mark Contreras,mark707@example.com,M,Gold,2023-07-22,Thomaschester,United Kingdom
3553,14438,Russell Dawson,russell665@example.net,M,Gold,2022-09-24,Murrayfurt,United Kingdom
3558,15063,Manuel Sanchez,manuel917@example.net,M,Gold,2021-08-03,Alishaport,United Kingdom
3559,16952,Amber Rodriguez,amber301@example.org,M,Gold,2024-10-07,Bensonland,United Kingdom
3609,16836,Robert Davis,robert108@example.org,M,Gold,2023-07-08,South Jakeview,United Kingdom
3630,18212,Craig Stevens,craig833@example.org,M,Gold,2022-07-09,North Clinton,United Kingdom
3663,15213,Phillip Ross,phillip376@example.net,M,Gold,2021-01-07,North Christine,United Kingdom
3673,17291,Laura Rivera,laura681@example.org,M,Gold,2023-08-17,Spencermouth,United Kingdom
3822,14897,Matthew Barton,matthew219@example.org,M,Silver,2025-10-14,South Elizabethburgh,United Kingdom
3824,13681,Brandi Hoffman,brandi815@example.net,M,Silver,2023-07-20,Lake Samuelton,United Kingdom
3856,14271,Troy Carroll,troy527@example.net,M,Silver,2022-05-27,West Patrickshire,United Kingdom
3903,15987,Charles Mann,charles392@example.org,M,Silver,2025-10-21,West Vanessa,United Kingdom
3930,15270,Lynn Patterson,lynn742@example.com,M,Silver,2025-09-03,South David,United Kingdom
3954,15526,Sandra Anderson,sandra413@example.com,M,Silver,2023-02-27,New Justinborough,United Kingdom
3962,16376,Rebekah Patrick,rebekah220@example.com,M,Silver,2022-04-04,West Peter,United Kingdom
4005,13267,John Lewis,john864@example.net,M,Silver,2021-07-17,Port Nicholas,United Kingdom
4048,15448,Melissa Colon,melissa746@example.org,M,Silver,2021-05-05,Allenmouth,United Kingdom
4115,14113,Amy Hale,amy394@example.com,M,Silver,2024-01-24,New Andrewland,United Kingdom
4160,15541,Franklin Pierce,franklin960@example.org,M,Silver,2021-04-06,Welchbury,United Kingdom
4188,14346,Emily Gonzalez,emily485@example.org,M,Silver,2021-12-12,North Gabrielberg,United Kingdom
4260,16063,Shirley Benitez,shirley488@example.org,M,Silver,2024-06-28,New Kimberlyshire,United Kingdom
4266,13523,Alicia Rivera,alicia986@example.org,M,Silver,2025-02-28,Christopherhaven,United Kingdom
4269,15810,Loretta Benton,loretta922@example.com,M,Silver,2025-02-14,East Steven,United Kingdom
4316,12989,Stephen Rodriguez,stephen388@example.org,M,Silver,2022-10-29,Christineshire,United Kingdom
4335,15618,Richard Rodriguez,richard217@example.net,M,Silver,2024-09-18,Cherylport,United Kingdom
16,14911,Frank Young,frank706@example.com,F,Bronze,2025-03-09,North Michaelstad,EIRE
136,17561,Denise Smith,denise411@example.net,F,Bronze,2022-11-19,New Ana,United Kingdom
139,16293,Jay Harris,jay925@example.net,F,Bronze,2024-07-20,New Andrew,United Kingdom
161,16899,Ashley Morgan,ashley599@example.net,F,Bronze,2022-11-12,East Barbara,United Kingdom
177,13429,Valerie Cannon,valerie657@example.net,F,Bronze,2025-05-13,Williamsbury,United Kingdom
192,16245,Nathan Simmons,nathan306@example.com,F,Bronze,2021-01-29,West Alexside,United Kingdom
193,17550,Christopher Parks MD,christopher879@example.org,F,Bronze,2024-01-07,Karenshire,United Kingdom
198,13877,John Hanson,john923@example.com,F,Bronze,2021-07-31,Sonyaside,United Kingdom
250,17101,Alyssa Harvey,alyssa693@example.net,F,Bronze,2024-06-25,Patrickshire,United Kingdom
269,13848,Hannah Conrad,hannah682@example.org,F,Bronze,2023-12-05,Murphyfort,United Kingdom
285,15103,Michael Holland,michael826@example.com,F,Bronze,2021-01-08,East Jeffrey,United Kingdom
314,17547,Brooke Underwood,brooke170@example.net,F,Bronze,2025-03-16,Seanport,United Kingdom
350,17671,Virginia Rose,virginia414@example.com,F,Bronze,2025-03-28,East Roberthaven,United Kingdom
353,17580,Dr. Scott Lopez PhD,dr156@example.org,F,Bronze,2022-10-01,North Anne,United Kingdom
373,14569,Linda Green,linda104@example.org,F,Bronze,2024-08-14,Williamstad,United Kingdom
402,15360,Andrew Perez,andrew128@example.net,F,Bronze,2021-01-30,South Nicholasburgh,United Kingdom
432,16686,Frederick Santana,frederick206@example.com,F,Bronze,2025-09-21,New Melissa,United Kingdom
552,15796,Stacy Wolfe,stacy943@example.com,F,Bronze,2023-11-11,East Terryville,United Kingdom
593,13901,Nathan Keller DDS,nathan203@example.com,F,Bronze,2024-07-19,Myerstown,United Kingdom
641,15838,Elizabeth Gomez,elizabeth381@example.com,F,Bronze,2023-04-14,Mccoyview,United Kingdom
661,13984,Donna Ruiz,donna172@example.org,F,Bronze,2024-07-12,East Theresabury,United Kingdom
665,15139,Rebecca Carr,rebecca667@example.com,F,Bronze,2025-10-27,Michaelstad,United Kingdom
696,18069,Anthony Chase,anthony117@example.net,F,Bronze,2023-06-16,East Brittanymouth,United Kingdom
735,13645,Kimberly Snow,kimberly604@example.org,F,Bronze,2024-04-15,Michaelland,United Kingdom
780,16765,Elizabeth Jacobson,elizabeth532@example.org,F,Bronze,2025-10-11,South Brittanyborough,United Kingdom
830,17230,Vanessa Joseph,vanessa542@example.net,F,Bronze,2024-06-12,North Bryanland,United Kingdom
864,17466,Ricky Rodriguez,ricky465@example.org,F,Bronze,2021-06-23,Leroyborough,United Kingdom
897,14883,Debra Banks,debra257@example.com,F,Bronze,2021-09-07,Evelynshire,United Kingdom
898,14584,John Gonzalez,john329@example.com,F,Bronze,2024-08-18,East Hollybury,United Kingdom
937,14555,Jaclyn Morton,jaclyn660@example.org,F,Bronze,2021-06-09,North Jenniferport,United Kingdom
964,14023,Casey Romero,casey820@example.org,F,Bronze,2024-03-22,Scottborough,United Kingdom
1107,13101,Alison Shepard,alison324@example.com,F,Bronze,2023-05-22,Newmanstad,United Kingdom
1128,14670,Matthew Owens,matthew934@example.org,F,Bronze,2025-02-11,Hamiltonborough,United Kingdom
1142,17503,Michael Cohen,michael384@example.com,F,Bronze,2024-09-27,Karenborough,United Kingdom
1212,16959,Brian Collins,brian365@example.net,F,Bronze,2024-09-21,East Teresa,United Kingdom
1284,17764,Matthew Underwood,matthew396@example.com,F,Bronze,2022-05-25,Mariahville,United Kingdom
1345,12412,Brittany Luna,brittany843@example.com,F,Gold,2025-01-10,Matthewfort,Denmark
1428,12867,Tanya Reed,tanya654@example.net,F,Gold,2022-01-24,Lake Brandyberg,United Kingdom
1443,14537,Dawn Sellers,dawn761@example.net,F,Gold,2021-10-02,Elizabethton,United Kingdom
1510,16539,Courtney Richard,courtney759@example.net,F,Gold,2025-05-01,South Brenda,United Kingdom
1557,18190,Kristin Olson,kristin880@example.com,F,Gold,2021-03-17,Smithport,United Kingdom
1574,12405,Stephanie Beltran,stephanie658@example.com,F,Silver,2023-01-20,Sullivanberg,Finland
1669,15655,Sarah Johnson,sarah116@example.org,F,Silver,2022-09-08,Shortview,United Kingdom
1670,15172,Dominique Johnson,dominique456@example.net,F,Silver,2025-02-23,Jordanberg,United Kingdom
1699,14609,Catherine Ramirez,catherine815@example.org,F,Silver,2023-12-12,Port Michele,United Kingdom
1706,17935,Tracy Rios,tracy867@example.org,F,Silver,2023-09-05,East Chelseastad,United Kingdom
1723,13483,Connie James,connie612@example.net,F,Silver,2023-02-02,Andrewview,United Kingdom
1755,13849,Tracy Krueger,tracy488@example.com,F,Silver,2022-07-04,Ashleymouth,United Kingdom
1791,15109,Stacy Hicks,stacy416@example.com,F,Silver,2024-12-14,Mckinneyside,United Kingdom
1799,13792,Kelly Moreno,kelly172@example.net,F,Silver,2023-03-31,Johnsonchester,United Kingdom
1804,14387,Ernest Myers,ernest351@example.org,F,Silver,2020-12-10,Lake Kevin,United Kingdom
1842,18087,Samantha Ramirez,samantha198@example.net,F,Silver,2025-08-26,Lake Zacharybury,United Kingdom
1957,17187,Kimberly Pena,kimberly761@example.net,F,Silver,2023-04-10,North Michelle,United Kingdom
2025,15774,Sean Barrett,sean395@example.org,F,Silver,2022-07-02,New Stephanieberg,United Kingdom
2028,15291,Kelly Griffith,kelly177@example.net,F,Silver,2023-01-25,Davidburgh,United Kingdom
2040,14636,Alexandra Hall,alexandra882@example.net,F,Silver,2025-09-04,New Jessica,United Kingdom
2083,13344,Barbara Chambers,barbara852@example.net,F,Silver,2021-08-14,Port Bianca,United Kingdom
2153,14421,Steven Davis,steven807@example.org,F,Silver,2022-05-26,Gilberthaven,United Kingdom
2163,14865,Leon Dyer,leon932@example.com,F,Silver,2024-11-13,East Bryan,United Kingdom
2173,13075,Brandon Ford,brandon544@example.net,F,Silver,2025-03-24,Perezburgh,United Kingdom
2244,12582,Nathan Richards,nathan328@example.net,M,Bronze,2022-03-15,Fredtown,Finland
2280,12517,Alicia Williams,alicia631@example.org,M,Bronze,2023-12-18,Port Adriana,Germany
2320,12802,Dawn Smith,dawn721@example.com,M,Bronze,2022-06-16,Watsonbury,Netherlands
2408,14542,Samantha Jones,samantha464@example.com,M,Bronze,2022-10-22,Melindaside,United Kingdom
2433,13723,Katherine George,katherine920@example.com,M,Bronze,2024-06-05,Swansonland,United Kingdom
2498,13565,Elizabeth Nunez,elizabeth793@example.com,M,Bronze,2024-07-12,Aaronmouth,United Kingdom
2632,15260,Kayla Reed,kayla277@example.com,M,Bronze,2024-09-21,Ortizside,United Kingdom
2672,17232,Alicia Mcclain,alicia255@example.net,M,Bronze,2024-03-20,Savannahfort,United Kingdom
2747,16030,Angela Snow,angela829@example.net,M,Bronze,2021-03-27,Port Jessica,United Kingdom
2767,18050,Jane Rodriguez,jane416@example.net,M,Bronze,2024-12-13,East Micheleberg,United Kingdom
2778,17783,Max Howard,max201@example.net,M,Bronze,2024-02-14,Lake Ashley,United Kingdom
2796,14037,Michael Kelly,michael709@example.com,M,Bronze,2025-09-09,Jeanland,United Kingdom
2808,14024,Carol Thornton,carol339@example.org,M,Bronze,2024-09-17,Stephanieport,United Kingdom
2820,17025,Taylor Ferrell,taylor802@example.com,M,Bronze,2025-05-21,New Levi,United Kingdom
2831,13059,Jeremy Ramirez,jeremy324@example.net,M,Bronze,2025-10-30,North Dalton,United Kingdom
2912,13973,Samantha Collins,samantha649@example.org,M,Bronze,2024-04-02,South Megan,United Kingdom
3010,14479,Jason Rogers,jason901@example.net,M,Bronze,2021-01-04,South Brian,United Kingdom
3022,13853,David Hardy,david397@example.net,M,Bronze,2020-11-23,Ginabury,United Kingdom
3028,17682,Eric Livingston,eric418@example.com,M,Bronze,2022-07-21,North Robertfurt,United Kingdom
3037,18280,Sarah Richardson,sarah238@example.com,M,Bronze,2021-02-12,Wilsonhaven,United Kingdom
3084,14520,Connor Chavez,connor881@example.org,M,Bronze,2022-03-15,Lake Stephanie,United Kingdom
3090,13235,Michael Simpson,michael256@example.org,M,Bronze,2022-07-05,Curtisfurt,United Kingdom
3197,15706,Allison Mahoney,allison312@example.net,M,Bronze,2022-10-15,New Michelle,United Kingdom
3213,17282,Andrea Diaz,andrea492@example.org,M,Bronze,2023-03-31,East James,United Kingdom
3250,13388,Donald Wise,donald301@example.net,M,Bronze,2022-05-21,Arthurmouth,United Kingdom
3308,15361,John Vega,john197@example.net,M,Bronze,2021-11-03,Lake Franciscoview,United Kingdom
3403,13488,Michaela Brown,michaela829@example.net,M,Bronze,2022-10-22,North Kathleenmouth,United Kingdom
3508,12585,Carolyn Cobb,carolyn858@example.org,M,Gold,2024-09-03,Denisemouth,Germany
3527,16637,Ashley Gray,ashley739@example.com,M,Gold,2022-02-03,South Thomas,United Kingdom
3532,13682,Christopher Williams,christopher507@example.org,M,Gold,2023-02-05,Weavermouth,United Kingdom
3679,15857,Martin Cole,martin377@example.com,M,Gold,2025-06-10,Waltonborough,United Kingdom
3740,12683,Scott Pitts,scott829@example.org,M,Silver,2024-07-22,Cynthiaport,France
3754,12426,Linda Goodman,linda897@example.com,M,Silver,2021-07-13,Amandabury,Germany
3778,13501,Maria Cooper,maria595@example.org,M,Silver,2024-11-12,Lake Jamesfort,Switzerland
3779,13492,Emma Hill,emma867@example.net,M,Silver,2024-11-10,Lake Billy,Switzerland
3796,13161,Nicholas Perez,nicholas312@example.org,M,Silver,2025-10-08,East Robinmouth,United Kingdom
3814,15582,William Young,william600@example.org,M,Silver,2021-11-04,East Tara,United Kingdom
3873,16096,Timothy Padilla,timothy301@example.com,M,Silver,2022-05-13,Mooretown,United Kingdom
3913,15120,Kimberly Sosa,kimberly149@example.org,M,Silver,2021-09-01,Juliaside,United Kingdom
3972,15585,Amber Greer,amber397@example.com,M,Silver,2024-02-27,Sotofurt,United Kingdom
3987,17147,Alan Jones,alan612@example.com,M,Silver,2022-07-25,New Sarahmouth,United Kingdom
4029,12884,Michelle Yu,michelle353@example.net,M,Silver,2024-10-28,Josephchester,United Kingdom
4031,13260,Kayla Wise DVM,kayla876@example.com,M,Silver,2024-02-17,Sabrinaburgh,United Kingdom
4038,17553,Kimberly Herrera,kimberly670@example.net,M,Silver,2022-09-01,East Johnmouth,United Kingdom
4050,14719,Justin Scott,justin793@example.com,M,Silver,2022-01-20,North Henry,United Kingdom
4125,13831,Rodney Robinson,rodney295@example.net,M,Silver,2021-03-10,New Charlesmouth,United Kingdom
4155,12993,Robin Scott,robin901@example.com,M,Silver,2021-02-08,Zunigahaven,United Kingdom
4162,16029,Krystal Martin,krystal727@example.com,M,Silver,2023-10-06,Johnville,United Kingdom
4177,14554,Jerry Montgomery,jerry826@example.net,M,Silver,2025-04-11,Weissstad,United Kingdom
4306,13962,Kelly Lloyd,kelly790@example.net,M,Silver,2020-11-06,Coxchester,United Kingdom
4350,16477,Edwin Gates,edwin549@example.net,M,Silver,2025-10-19,Joelton,United Kingdom
38,12724,Nicole Harris,nicole178@example.com,F,Bronze,2022-07-30,Tammyland,France
61,12560,Jessica Wong,jessica946@example.org,F,Bronze,2024-11-19,New Samuel,Germany
194,17589,James Higgins,james416@example.net,F,Bronze,2023-06-12,Stevenville,United Kingdom
230,15089,Anthony Torres,anthony100@example.com,F,Bronze,2021-12-08,Rachelfurt,United Kingdom
407,17368,Jeffrey Hill,jeffrey222@example.org,F,Bronze,2021-01-12,East Janet,United Kingdom
532,15572,Darren Aguilar MD,darren812@example.com,F,Bronze,2023-07-07,Lake Anthony,United Kingdom
557,14546,Scott Hernandez,scott725@example.org,F,Bronze,2025-06-09,Wolfton,United Kingdom
585,12962,Victor Fuentes,victor451@example.org,F,Bronze,2023-02-08,Jimenezside,United Kingdom
588,16851,Richard Miller,richard282@example.org,F,Bronze,2022-10-12,Port Davidmouth,United Kingdom
677,13949,Shelby Jensen,shelby368@example.net,F,Bronze,2021-03-20,East Teresaton,United Kingdom
744,14126,Bridget Mccoy,bridget178@example.net,F,Bronze,2023-05-12,New Jackiefurt,United Kingdom
811,13952,Michael Blake,michael760@example.org,F,Bronze,2022-09-13,Rosefurt,United Kingdom
849,17862,Billy Jones,billy734@example.org,F,Bronze,2023-01-31,Karenfort,United Kingdom
927,16250,Brett Neal,brett538@example.net,F,Bronze,2025-04-11,West Zacharyhaven,United Kingdom
941,17637,Christine Smith,christine245@example.org,F,Bronze,2022-03-07,Port Samanthamouth,United Kingdom
943,14250,Linda Walker,linda566@example.org,F,Bronze,2025-03-07,North Wandamouth,United Kingdom
997,17483,Timothy Costa,timothy760@example.net,F,Bronze,2022-11-19,New Angela,United Kingdom
1007,16927,Christopher Vargas,christopher353@example.org,F,Bronze,2021-10-06,Wattsport,United Kingdom
1012,16652,Robert Weber,robert453@example.org,F,Bronze,2022-09-19,Amandatown,United Kingdom
1018,14830,Carrie Hawkins,carrie430@example.com,F,Bronze,2023-04-17,Lake Tracyport,United Kingdom
1079,13956,Andrew Clark,andrew836@example.net,F,Bronze,2024-03-14,New Jessicaport,United Kingdom
1111,13669,Becky White,becky863@example.net,F,Bronze,2024-05-11,Port Angelaville,United Kingdom
1145,16221,Vicki Johnson,vicki596@example.org,F,Bronze,2022-05-30,Rachelland,United Kingdom
1168,12950,Bryan Warren,bryan541@example.org,F,Bronze,2022-03-12,Port Mark,United Kingdom
1181,18224,Ashley Levine,ashley450@example.net,F,Bronze,2025-04-28,Patrickbury,United Kingdom
1228,15916,Kristina Hall,kristina665@example.org,F,Bronze,2024-11-01,North Aaron,United Kingdom
1264,15791,Joseph Cooper,joseph286@example.org,F,Bronze,2022-07-07,New Teresaton,United Kingdom
1364,15019,Steven Rivera,steven869@example.com,F,Gold,2023-01-10,Farleyfurt,United Kingdom
1380,16120,Mark Brooks,mark263@example.com,F,Gold,2022-03-02,Alexanderville,United Kingdom
1607,12349,Erik Sandoval,erik922@example.org,F,Silver,2024-07-08,Port Jenniferberg,Italy
1613,12779,Tonya Stewart,tonya691@example.com,F,Silver,2022-10-09,South Dustinmouth,Poland
1709,18172,Tammy Salazar,tammy502@example.org,F,Silver,2022-01-04,Sabrinaton,United Kingdom
1714,13391,Craig Morales,craig427@example.net,F,Silver,2024-05-16,South Ryan,United Kingdom
1865,15153,Thomas Pope,thomas384@example.org,F,Silver,2021-06-11,New Marilyn,United Kingdom
1992,13176,Rachel Snyder,rachel903@example.org,F,Silver,2021-04-25,West Ricardoshire,United Kingdom
2016,14673,Janet Jones,janet629@example.net,F,Silver,2024-02-04,Danielleside,United Kingdom
2020,16319,Michael Reid,michael677@example.net,F,Silver,2021-07-31,Adamston,United Kingdom
2142,13932,Joanna Castillo,joanna845@example.org,F,Silver,2024-04-15,Andersonburgh,United Kingdom
2259,12617,Diane Khan,diane206@example.org,M,Bronze,2021-02-06,Jesseview,France
2432,15147,Kimberly Conner,kimberly156@example.net,M,Bronze,2024-01-10,Davidstad,United Kingdom
2461,12919,Tiffany Gomez,tiffany951@example.net,M,Bronze,2021-08-27,Shannonville,United Kingdom
2531,13109,Samantha Smith,samantha607@example.com,M,Bronze,2025-03-18,Johnburgh,United Kingdom
2532,15930,Adam Delgado,adam145@example.net,M,Bronze,2022-08-01,Stantonbury,United Kingdom
2568,15719,Crystal Johnson,crystal612@example.org,M,Bronze,2025-04-30,Gilbertborough,United Kingdom
2576,17765,Austin Murphy,austin259@example.net,M,Bronze,2021-04-14,Williamville,United Kingdom
2619,14128,Tanner Rodriguez,tanner455@example.com,M,Bronze,2023-03-24,Port Eduardofort,United Kingdom
2761,17873,Stephanie Gallagher,stephanie145@example.net,M,Bronze,2021-11-22,Carterberg,United Kingdom
2800,13044,Joseph Lee,joseph830@example.net,M,Bronze,2023-02-04,Vickiemouth,United Kingdom
2817,13748,Kristin Fischer,kristin367@example.org,M,Bronze,2023-06-29,Port Mark,United Kingdom
2847,16893,Allen Cox,allen616@example.org,M,Bronze,2025-08-16,Reillyview,United Kingdom
2864,17086,Yvonne Mitchell,yvonne735@example.net,M,Bronze,2021-12-07,Thomasstad,United Kingdom
2875,13865,Jesse Briggs,jesse276@example.org,M,Bronze,2025-03-13,Barronport,United Kingdom
2904,15621,Jennifer Ellis,jennifer136@example.com,M,Bronze,2020-12-08,East Matthewberg,United Kingdom
3110,14431,Sherri Jacobs,sherri370@example.com,M,Bronze,2025-05-30,East Jamieside,United Kingdom
3148,13684,Mary Austin,mary996@example.com,M,Bronze,2023-07-28,Jenkinsburgh,United Kingdom
3254,16971,Michael Kramer,michael219@example.org,M,Bronze,2021-03-17,New Greg,United Kingdom
3303,14189,Kelly Bell,kelly244@example.net,M,Bronze,2021-10-27,West Lindabury,United Kingdom
3399,13954,Douglas Newton,douglas502@example.org,M,Bronze,2023-03-04,South Annettetown,United Kingdom
3575,17442,Sharon Sullivan,sharon478@example.com,M,Gold,2025-01-17,Murraytown,United Kingdom
3600,17128,Ryan Foley,ryan934@example.org,M,Gold,2021-08-23,East Sandraburgh,United Kingdom
3711,12414,Tracy Parker,tracy194@example.com,M,Silver,2022-09-26,Port Duanestad,Austria
3817,15467,Karen Cortez,karen480@example.com,M,Silver,2021-08-06,Port Deborah,United Kingdom
3819,17737,Thomas Fisher,thomas405@example.org,M,Silver,2024-11-23,Grahamfort,United Kingdom
3919,13904,Alicia Simpson,alicia899@example.net,M,Silver,2023-01-06,Wrightfurt,United Kingdom
4013,17805,Sandra Taylor,sandra587@example.net,M,Silver,2021-02-26,North Scottfort,United Kingdom
4110,15877,Corey Williamson,corey878@example.com,M,Silver,2023-10-15,Mauricemouth,United Kingdom
4221,16705,Angela Brown,angela659@example.org,M,Silver,2021-11-28,Juanshire,United Kingdom
4289,16546,Maria Flowers,maria178@example.org,M,Silver,2025-03-24,Kimberlyview,United Kingdom
43,12673,Mrs. Jody Booth,mrs206@example.net,F,Bronze,2021-07-07,Nelsonville,Germany
79,12565,Jeremy Glover,jeremy951@example.org,F,Bronze,2024-06-25,South Phillipside,Saudi Arabia
84,12442,Raymond Harris,raymond687@example.com,F,Bronze,2023-02-15,Timothyfurt,Spain
131,18217,Peter Hopkins,peter339@example.org,F,Bronze,2024-10-17,West Ricky,United Kingdom
289,15432,Shawn Taylor,shawn486@example.com,F,Bronze,2022-07-16,Benjaminland,United Kingdom
305,13159,Sean Williams,sean838@example.org,F,Bronze,2023-04-01,Kelseyberg,United Kingdom
545,15006,Dana Rodriguez,dana308@example.net,F,Bronze,2024-09-26,Mariotown,United Kingdom
776,13385,Rebecca York,rebecca725@example.org,F,Bronze,2025-05-25,Allenton,United Kingdom
820,13347,Cheryl Figueroa,cheryl435@example.org,F,Bronze,2023-03-08,Padillastad,United Kingdom
944,17425,Patricia Nichols,patricia166@example.com,F,Bronze,2025-08-26,Christophershire,United Kingdom
996,13510,James Aguilar,james122@example.net,F,Bronze,2025-09-30,South Sharon,United Kingdom
1037,17052,Elizabeth Cooper,elizabeth123@example.com,F,Bronze,2024-03-15,Yorkhaven,United Kingdom
1051,14762,Terry Mueller,terry376@example.com,F,Bronze,2022-09-24,South Shane,United Kingdom
1098,14032,Dr. James Perez,dr212@example.com,F,Bronze,2025-03-25,West Lisafurt,United Kingdom
1100,13656,Sophia Williams,sophia166@example.com,F,Bronze,2025-05-01,New Evanland,United Kingdom
1117,14887,Zachary Joseph,zachary914@example.org,F,Bronze,2022-06-12,Lopezport,United Kingdom
1217,16106,Deborah Smith,deborah628@example.com,F,Bronze,2021-01-09,Barnesburgh,United Kingdom
1331,14071,Karen Aguilar,karen551@example.org,F,Bronze,2024-08-14,South Johnberg,United Kingdom
1367,17987,Christopher Hubbard,christopher641@example.org,F,Gold,2022-05-09,Leeport,United Kingdom
1369,15554,Nicole Thompson,nicole576@example.com,F,Gold,2022-12-26,Port Jacobstad,United Kingdom
1374,15045,Jacob Stark,jacob313@example.net,F,Gold,2022-10-28,Blackwellberg,United Kingdom
1441,16374,Claudia Walton,claudia750@example.net,F,Gold,2024-01-22,New Saraport,United Kingdom
1474,15442,Henry Stafford MD,henry315@example.net,F,Gold,2024-06-19,New Erica,United Kingdom
1593,12520,Christopher Jenkins,christopher999@example.com,F,Silver,2022-08-20,Port Craigmouth,Germany
1629,12456,Amber Rogers,amber518@example.org,F,Silver,2025-01-06,South Melissaside,Switzerland
1745,14412,Elizabeth Benson,elizabeth914@example.net,F,Silver,2022-01-07,Matthewside,United Kingdom
1747,18269,Brian Young,brian728@example.com,F,Silver,2022-02-10,North Amymouth,United Kingdom
1766,13928,Debbie Cox,debbie119@example.org,F,Silver,2023-04-25,Garciamouth,United Kingdom
1781,17957,Jennifer Martinez,jennifer204@example.net,F,Silver,2024-12-05,Port Shane,United Kingdom
1795,15221,Victoria Miller,victoria551@example.com,F,Silver,2023-10-19,North Timothyborough,United Kingdom
1953,15262,Jeffrey Huffman,jeffrey499@example.com,F,Silver,2025-05-27,West Amber,United Kingdom
1959,16054,John Poole,john273@example.com,F,Silver,2025-04-19,Port Matthewshire,United Kingdom
1979,14463,Luis Humphrey,luis734@example.com,F,Silver,2023-06-15,North Melissafort,United Kingdom
1998,16633,Nicole Castillo,nicole122@example.net,F,Silver,2024-06-01,Smithport,United Kingdom
2034,16327,Randall Hernandez,randall306@example.net,F,Silver,2022-01-05,Knightborough,United Kingdom
2178,16596,Katie Wilkerson,katie819@example.net,F,Silver,2023-11-18,New Darrylville,United Kingdom
2372,17181,Michael Anthony,michael301@example.org,M,Bronze,2022-03-06,West Alicialand,United Kingdom
2403,16788,Marcus Wagner,marcus866@example.net,M,Bronze,2021-06-10,Heidichester,United Kingdom
2426,17639,Rachel Martin,rachel298@example.org,M,Bronze,2022-10-04,Lake Ravenburgh,United Kingdom
2563,14443,Laura Norris,laura764@example.net,M,Bronze,2024-05-18,Lake John,United Kingdom
2583,16715,Matthew Robinson,matthew773@example.net,M,Bronze,2021-07-07,North Don,United Kingdom
2593,15549,Jennifer Moore,jennifer913@example.com,M,Bronze,2025-07-14,Lake Richard,United Kingdom
2668,16311,Destiny Williams,destiny700@example.com,M,Bronze,2025-01-25,Williamsonville,United Kingdom
2697,13372,Aaron Thomas,aaron647@example.net,M,Bronze,2023-08-15,Lake Douglasview,United Kingdom
2727,16214,Katie Ortiz,katie871@example.com,M,Bronze,2022-05-18,Cookberg,United Kingdom
2758,14306,John Barrett,john576@example.net,M,Bronze,2025-03-09,Evanston,United Kingdom
2838,13930,Jennifer Soto DDS,jennifer240@example.com,M,Bronze,2023-05-29,West Erinchester,United Kingdom
2849,14776,Sean Spencer,sean497@example.com,M,Bronze,2022-06-26,Taylorfort,United Kingdom
2930,17198,Marie Taylor,marie747@example.com,M,Bronze,2021-12-11,Jeffreytown,United Kingdom
2941,16170,Kristopher Phelps,kristopher137@example.org,M,Bronze,2024-08-13,South Jose,United Kingdom
3004,15814,Taylor Moore,taylor409@example.com,M,Bronze,2025-06-09,Kimberlyview,United Kingdom
3066,16766,Corey Smith,corey938@example.com,M,Bronze,2025-01-13,Mayville,United Kingdom
3068,13716,Stacy Martinez,stacy381@example.net,M,Bronze,2025-09-01,Morganview,United Kingdom
3176,17453,Erik Foster,erik207@example.net,M,Bronze,2025-03-21,Port Deniseville,United Kingdom
3259,15708,Amber Stevenson,amber546@example.net,M,Bronze,2025-10-24,Wyatttown,United Kingdom
3298,16400,Lisa Alvarado,lisa565@example.net,M,Bronze,2024-12-09,South Jamesside,United Kingdom
3300,13366,Wanda Anderson,wanda741@example.net,M,Bronze,2020-11-13,Port Mauricebury,United Kingdom
3385,16701,Patrick Gibson,patrick519@example.com,M,Bronze,2021-06-10,East Virginia,United Kingdom
3398,17312,Brittany Boyle,brittany184@example.net,M,Bronze,2023-06-06,North Travisport,United Kingdom
3500,12361,Adrian Velasquez,adrian112@example.com,M,Gold,2024-04-22,East Victor,Belgium
3569,13680,Mark Marquez,mark633@example.org,M,Gold,2025-02-10,Holmesstad,United Kingdom
3601,14038,Justin Kelley,justin456@example.net,M,Gold,2025-09-09,Ashleyside,United Kingdom
3700,13453,Gloria Wood,gloria129@example.net,M,Gold,2022-10-31,New Lindsey,United Kingdom
3729,12652,Kevin Campbell,kevin433@example.org,M,Silver,2023-11-07,Michaelhaven,France
3730,12728,Traci Melton,traci126@example.com,M,Silver,2023-09-17,Lake Williamfort,France
3787,15256,Roger Carrillo,roger730@example.org,M,Silver,2022-02-14,East Kathleenmouth,United Kingdom
3836,15211,James Scott,james846@example.net,M,Silver,2024-01-27,West Randy,United Kingdom
3844,17333,Gerald Johnson,gerald293@example.net,M,Silver,2024-12-05,Curtisville,United Kingdom
3936,14772,Christian Parker,christian720@example.net,M,Silver,2021-03-28,Danielmouth,United Kingdom
3955,14388,Richard Cooper,richard903@example.com,M,Silver,2022-08-15,Davidsonside,United Kingdom
3981,13941,Pamela Meyer,pamela878@example.org,M,Silver,2022-06-24,Timfurt,United Kingdom
3989,13236,Annette Saunders,annette473@example.net,M,Silver,2025-03-26,New Michele,United Kingdom
4133,17557,Rhonda Yates,rhonda836@example.org,M,Silver,2024-04-01,South Veronicaborough,United Kingdom
4195,16056,Jeff Robertson,jeff441@example.com,M,Silver,2023-06-24,Dennisbury,United Kingdom
4250,13058,Joan Ayers,joan385@example.com,M,Silver,2022-06-29,Matthewton,United Kingdom
4282,14652,Sarah Lawrence,sarah484@example.net,M,Silver,2023-06-25,Alanfurt,United Kingdom
4348,15274,Jennifer Fox,jennifer367@example.org,M,Silver,2024-12-04,Youngstad,United Kingdom
4352,15562,Kevin Thompson,kevin447@example.org,M,Silver,2024-06-03,Port Patrick,United Kingdom
68,12775,James Ford,james474@example.com,F,Bronze,2025-03-30,Lake Thomas,Netherlands
132,14015,Joseph Padilla,joseph318@example.net,F,Bronze,2024-03-16,Anitafurt,United Kingdom
175,14076,Willie Wallace,willie359@example.net,F,Bronze,2022-06-14,South Peggyshire,United Kingdom
207,12963,Nancy Mitchell,nancy175@example.com,F,Bronze,2023-10-30,Port Heatherton,United Kingdom
244,13581,Lance Davis PhD,lance777@example.org,F,Bronze,2021-10-30,South Brittany,United Kingdom
290,13705,Mrs. Debra Johnson,mrs357@example.net,F,Bronze,2021-01-25,Samuelbury,United Kingdom
368,13670,Wendy Lin,wendy166@example.net,F,Bronze,2022-06-19,South Tiffany,United Kingdom
377,16519,Sarah Peck,sarah852@example.org,F,Bronze,2024-11-05,New Peter,United Kingdom
415,13570,John Hampton,john847@example.net,F,Bronze,2022-04-21,Jasmineview,United Kingdom
577,17351,Amber Miller,amber162@example.net,F,Bronze,2025-09-10,West Melissa,United Kingdom
600,16007,Luis Nelson,luis665@example.net,F,Bronze,2023-09-14,Garymouth,United Kingdom
710,18005,Brandon Davis,brandon190@example.org,F,Bronze,2020-12-14,Port Chadmouth,United Kingdom
789,13099,Stephanie Miller,stephanie997@example.net,F,Bronze,2022-01-02,North Shirleyville,United Kingdom
793,14184,Ryan Thomas,ryan718@example.org,F,Bronze,2022-05-16,Michellemouth,United Kingdom
833,17362,Paula Lee,paula397@example.org,F,Bronze,2024-05-10,Port Hunterhaven,United Kingdom
866,15185,Laura Boone,laura237@example.org,F,Bronze,2022-06-27,New Miguel,United Kingdom
938,14110,Guy Perry,guy386@example.com,F,Bronze,2021-06-23,Dannytown,United Kingdom
952,13497,Tammy Stewart,tammy897@example.com,F,Bronze,2022-10-21,Owensbury,United Kingdom
958,12980,Anna Stevens,anna322@example.org,F,Bronze,2024-06-01,Stephaniehaven,United Kingdom
959,18256,Ryan Bryant,ryan623@example.com,F,Bronze,2025-03-23,Lisaburgh,United Kingdom
976,14951,Edwin Hughes,edwin368@example.net,F,Bronze,2024-10-12,North Edwardmouth,United Kingdom
1017,15193,Michael Diaz,michael228@example.net,F,Bronze,2022-12-20,Michaelton,United Kingdom
1059,15969,Jason Sandoval,jason439@example.com,F,Bronze,2022-02-11,Crystalbury,United Kingdom
1065,15330,Robert Torres,robert337@example.org,F,Bronze,2022-02-20,West Thomasport,United Kingdom
1091,16438,Andre Ramirez Jr.,andre850@example.org,F,Bronze,2022-07-13,Sandovalborough,United Kingdom
1134,16146,Samantha Hinton,samantha636@example.org,F,Bronze,2024-08-04,East Julieville,United Kingdom
1305,14477,Erica Evans,erica143@example.net,F,Bronze,2023-07-14,New James,United Kingdom
1354,12566,Dawn Garcia,dawn536@example.com,F,Gold,2021-07-16,Singhshire,Germany
1379,18167,Elizabeth Johnson,elizabeth891@example.org,F,Gold,2022-11-29,Johnside,United Kingdom
1395,13373,Jennifer Huffman,jennifer469@example.org,F,Gold,2024-12-12,Bakerburgh,United Kingdom
1410,17874,April Mccoy,april388@example.com,F,Gold,2022-11-29,Hansonfort,United Kingdom
1468,17702,Karen Patterson,karen127@example.org,F,Gold,2025-09-14,Foxland,United Kingdom
1578,12681,Daniel Cooper,daniel488@example.org,F,Silver,2025-08-28,East Joshuaton,France
1585,12508,Tamara Short,tamara345@example.net,F,Silver,2022-05-29,North Brett,France
1619,12548,Joseph Williams,joseph758@example.net,F,Silver,2024-12-28,Rothborough,Spain
1700,13489,Joseph Jackson,joseph120@example.com,F,Silver,2025-06-29,North Jenniferview,United Kingdom
1800,14002,Karen Bishop,karen241@example.net,F,Silver,2022-11-25,Port Lisaville,United Kingdom
1864,13447,Jacob Rose,jacob600@example.net,F,Silver,2023-07-27,Teresaville,United Kingdom
1885,14345,Martin Castaneda,martin540@example.net,F,Silver,2021-06-18,Meganmouth,United Kingdom
1890,15150,Desiree Green,desiree606@example.net,F,Silver,2023-10-10,West Melissa,United Kingdom
2064,15547,Justin Sullivan,justin557@example.com,F,Silver,2023-09-16,West Lindaberg,United Kingdom
2119,15714,John Byrd,john956@example.org,F,Silver,2024-05-10,Chanchester,United Kingdom
2137,13522,Linda Ayala,linda267@example.net,F,Silver,2021-11-11,Lake Hannah,United Kingdom
2186,13357,Shawn Brown,shawn954@example.org,F,Silver,2025-06-21,Beckermouth,United Kingdom
2203,17205,David Bradley,david791@example.net,F,Silver,2021-10-21,New Joseph,United Kingdom
2204,13403,Aaron Holloway,aaron567@example.net,F,Silver,2025-02-20,Justintown,United Kingdom
2224,12370,Misty Johnson,misty699@example.org,M,Bronze,2023-01-13,Port Micheleport,Austria
2232,12364,Kristen Ferrell,kristen133@example.net,M,Bronze,2022-06-13,West Jacob,Belgium
2270,12659,Stephanie Figueroa,stephanie271@example.com,M,Bronze,2021-09-11,Lake Laura,France
2456,17102,Shelby Walsh,shelby106@example.net,M,Bronze,2024-04-18,Weststad,United Kingdom
2492,16553,Amy Young,amy536@example.net,M,Bronze,2023-10-08,Padillaland,United Kingdom
2636,14871,Lawrence Wallace,lawrence218@example.org,M,Bronze,2023-09-13,South Jennifer,United Kingdom
2754,14704,Gregory Allen,gregory912@example.net,M,Bronze,2022-07-03,Ericland,United Kingdom
2863,18033,Teresa Schwartz,teresa346@example.org,M,Bronze,2023-04-05,Mclaughlinmouth,United Kingdom
2874,13725,Joshua Morris,joshua651@example.net,M,Bronze,2022-09-10,New Chasefort,United Kingdom
2891,16943,Jason Cain,jason599@example.org,M,Bronze,2022-12-17,Heatherhaven,United Kingdom
2901,15610,Mrs. Cindy Gonzalez,mrs716@example.com,M,Bronze,2023-09-21,East Kevin,United Kingdom
2922,15921,Mark Turner,mark921@example.com,M,Bronze,2023-10-30,New Maria,United Kingdom
3019,17190,Sarah Payne,sarah467@example.net,M,Bronze,2024-10-25,Nancyfurt,United Kingdom
3055,13146,Erica Leon,erica724@example.org,M,Bronze,2024-05-02,Davisfort,United Kingdom
3118,15953,Jason Smith,jason622@example.org,M,Bronze,2023-01-04,South Catherine,United Kingdom
3153,14583,Eric David,eric123@example.com,M,Bronze,2021-07-11,South Caitlin,United Kingdom
3158,15335,Katie Smith,katie378@example.com,M,Bronze,2021-10-15,Coreymouth,United Kingdom
3198,16555,Joshua Baker,joshua674@example.org,M,Bronze,2024-01-18,West Clayton,United Kingdom
3348,16942,Heather Cooley,heather170@example.net,M,Bronze,2023-09-23,Hessburgh,United Kingdom
3368,15952,Amy Hernandez,amy652@example.com,M,Bronze,2022-11-01,South Christine,United Kingdom
3375,17554,Charles Tucker,charles701@example.org,M,Bronze,2022-05-24,Buchananmouth,United Kingdom
3423,16963,Debra Smith,debra813@example.net,M,Bronze,2024-05-07,East Mark,United Kingdom
3491,15990,Sarah Casey,sarah512@example.com,M,Bronze,2024-01-26,East Davidview,United Kingdom
3588,14500,Daniel David,daniel232@example.com,M,Gold,2023-08-12,Port Jefferyland,United Kingdom
3637,16498,Victoria Molina,victoria271@example.com,M,Gold,2024-02-25,Stewartmouth,United Kingdom
3648,15118,Leslie Cochran,leslie278@example.net,M,Gold,2025-07-02,Lake Katherine,United Kingdom
3671,14473,Victoria Shaw,victoria492@example.com,M,Gold,2025-02-14,Port Sarahville,United Kingdom
3699,16676,Laura Curtis,laura310@example.net,M,Gold,2022-11-26,Susanbury,United Kingdom
3712,12429,Tonya Johnston,tonya777@example.com,M,Silver,2025-07-12,Shannonmouth,Austria
3728,12348,Peggy Howell,peggy837@example.net,M,Silver,2025-05-05,North Theresastad,Finland
3830,16917,Sylvia Gibson,sylvia163@example.org,M,Silver,2025-04-26,Michellestad,United Kingdom
3842,13601,James Wood,james841@example.org,M,Silver,2022-05-09,Rossbury,United Kingdom
3902,16098,Jasmine Henderson,jasmine244@example.com,M,Silver,2023-07-06,Brianland,United Kingdom
4015,16795,James Leonard,james519@example.net,M,Silver,2021-09-14,Marshallfort,United Kingdom
4062,17859,Kristine Kirk,kristine648@example.com,M,Silver,2023-03-04,North Brandonview,United Kingdom
4084,13343,Kevin Gonzalez,kevin478@example.org,M,Silver,2021-11-21,Justinmouth,United Kingdom
4139,17537,Lisa Pittman,lisa861@example.org,M,Silver,2025-07-15,Lake Leonside,United Kingdom
4171,14000,Joshua Owens,joshua828@example.net,M,Silver,2025-08-25,Wallfort,United Kingdom
4203,14796,Ashley Hicks,ashley349@example.com,M,Silver,2021-09-23,Mooneyfurt,United Kingdom
4229,14293,Debra Jordan,debra311@example.net,M,Silver,2022-08-04,Jasonberg,United Kingdom
4286,17878,Janice Pacheco,janice575@example.net,M,Silver,2023-05-05,New Benjamin,United Kingdom
34,12672,Maria Peters,maria695@example.org,F,Bronze,2021-12-21,Port Chrischester,France
172,16008,Catherine Wade,catherine134@example.net,F,Bronze,2022-09-21,Williamshaven,United Kingdom
220,14036,Troy Lyons,troy376@example.net,F,Bronze,2022-05-16,Port Alisha,United Kingdom
297,16163,Taylor Maddox DVM,taylor146@example.com,F,Bronze,2023-05-17,North Vincent,United Kingdom
403,14419,Laura Guzman,laura247@example.com,F,Bronze,2024-03-22,South Markberg,United Kingdom
491,13434,Mr. Tom Brandt,mr268@example.net,F,Bronze,2021-12-22,East Tiffanyshire,United Kingdom
527,17769,Mrs. Linda Richardson,mrs386@example.org,F,Bronze,2020-12-22,Port Lindaberg,United Kingdom
535,16383,Terry Shelton,terry540@example.org,F,Bronze,2021-02-15,Obrienstad,United Kingdom
660,14282,Amy Fernandez,amy797@example.com,F,Bronze,2022-08-31,Lake Christopher,United Kingdom
678,13325,Christopher Terry,christopher768@example.net,F,Bronze,2024-05-29,Taylorland,United Kingdom
691,17372,Sarah Reed,sarah131@example.org,F,Bronze,2024-10-04,New Travisside,United Kingdom
750,14407,Cindy Morales,cindy891@example.com,F,Bronze,2024-03-19,Markport,United Kingdom
771,16713,Ruth Romero,ruth108@example.com,F,Bronze,2024-02-18,Valentineton,United Kingdom
772,15641,Joseph Garcia,joseph129@example.net,F,Bronze,2022-09-09,Jeremiahland,United Kingdom
857,13647,Stephanie Moore,stephanie921@example.net,F,Bronze,2024-09-11,Lake Keithtown,United Kingdom
874,16043,Taylor Avery,taylor637@example.com,F,Bronze,2021-10-21,Dylanchester,United Kingdom
988,16427,Dominic Flores,dominic405@example.net,F,Bronze,2023-07-06,Susanberg,United Kingdom
1157,13899,Michele Smith,michele550@example.org,F,Bronze,2024-08-29,North Randy,United Kingdom
1162,14647,Nicole Bautista,nicole833@example.net,F,Bronze,2020-12-27,East Claudia,United Kingdom
1258,12346,Teresa Sawyer,teresa259@example.org,F,Bronze,2021-08-18,Daviston,United Kingdom
1269,13850,Ruth Perry,ruth364@example.org,F,Bronze,2021-05-20,Alishamouth,United Kingdom
1384,15658,Victoria Johnson,victoria990@example.net,F,Gold,2021-08-18,Anaborough,United Kingdom
1398,16932,Kelly Daniel,kelly827@example.com,F,Gold,2023-05-14,New Chris,United Kingdom
1400,17686,Tracy Hernandez,tracy822@example.net,F,Gold,2024-04-16,Morganchester,United Kingdom
1472,17227,Gary Richards,gary274@example.com,F,Gold,2024-06-18,Port Michael,United Kingdom
1476,14142,Brandon Martinez,brandon381@example.com,F,Gold,2022-05-09,West Richardland,United Kingdom
1477,13145,Alex Garcia III,alex950@example.org,F,Gold,2022-09-23,New Anne,United Kingdom
1579,12599,Brandy Garcia,brandy894@example.com,F,Silver,2024-09-25,Port Cindy,France
1605,12514,Alicia Lawson,alicia968@example.com,F,Silver,2021-12-28,North Lisaland,Italy
1660,17652,Nathaniel Duffy,nathaniel983@example.org,F,Silver,2025-04-29,Dukeport,United Kingdom
1776,15594,Emily Gonzalez,emily482@example.net,F,Silver,2024-12-04,Hardinstad,United Kingdom
1811,15843,Aaron Strong,aaron345@example.org,F,Silver,2022-04-11,Melissabury,United Kingdom
1843,14371,Bobby Morris,bobby832@example.net,F,Silver,2024-11-18,Port Claudiaview,United Kingdom
1852,15514,Jason Blankenship,jason817@example.org,F,Silver,2024-06-22,East Brandonside,United Kingdom
1888,17771,Katherine Kennedy,katherine339@example.net,F,Silver,2025-02-15,Jessicaport,United Kingdom
1908,16491,Robin Bowers,robin420@example.net,F,Silver,2022-09-18,Thomaschester,United Kingdom
2038,17507,Evelyn Williams,evelyn807@example.org,F,Silver,2025-04-10,Simmonsstad,United Kingdom
2050,17954,Julie Schmidt,julie797@example.com,F,Silver,2023-08-31,Nathanbury,United Kingdom
2068,14851,Kenneth Cole,kenneth319@example.net,F,Silver,2022-11-26,Harperland,United Kingdom
2078,16684,Derrick Wallace MD,derrick471@example.net,F,Silver,2021-11-18,West Nicholastown,United Kingdom
2105,13272,Mrs. Jennifer Randall,mrs393@example.com,F,Silver,2021-07-27,Guerreroview,United Kingdom
2125,15885,Candice Woods,candice527@example.net,F,Silver,2021-06-28,Lake Devinshire,United Kingdom
2189,16172,Karen Thomas,karen453@example.com,F,Silver,2024-11-08,North Rachel,United Kingdom
2221,12817,Mrs. Rebecca Harvey,mrs849@example.net,M,Bronze,2023-05-27,Lake Matthewview,Austria
2251,12532,Donald Graham,donald875@example.net,M,Bronze,2024-06-25,Port Mary,France
2271,12437,Donald Walsh,donald842@example.org,M,Bronze,2020-11-30,West Haleyport,France
2329,12762,Blake Johns,blake838@example.org,M,Bronze,2023-08-04,Millermouth,Portugal
2335,12550,Dale Zimmerman,dale902@example.com,M,Bronze,2021-07-01,South Christopherfort,Spain
2423,12823,Carlos Mcguire,carlos283@example.org,M,Bronze,2023-08-05,North Justin,United Kingdom
2555,14456,Patrick Castro,patrick741@example.com,M,Bronze,2021-01-27,East Joseph,United Kingdom
2584,13594,Dr. Carlos Rowe,dr568@example.org,M,Bronze,2021-11-14,Port Danielmouth,United Kingdom
2623,15073,Wayne Martin,wayne516@example.net,M,Bronze,2023-02-06,Jacquelinefort,United Kingdom
2639,15058,Michael Giles,michael102@example.com,M,Bronze,2024-10-13,Sarahmouth,United Kingdom
2803,16180,Robert James,robert832@example.net,M,Bronze,2024-09-23,West Taylor,United Kingdom
2884,15349,Brittany Barajas,brittany642@example.org,M,Bronze,2023-06-09,North Thomas,United Kingdom
2914,12901,Dawn Hunter,dawn786@example.org,M,Bronze,2025-03-05,Lopezmouth,United Kingdom
2926,12938,Jessica White,jessica271@example.org,M,Bronze,2024-05-08,South Robert,United Kingdom
3009,18102,Wendy King MD,wendy481@example.net,M,Bronze,2020-12-03,Floydburgh,United Kingdom
3035,17515,Paul Barry,paul562@example.net,M,Bronze,2023-01-16,Ayalaland,United Kingdom
3038,15906,Annette Jones,annette752@example.net,M,Bronze,2024-11-26,Johnmouth,United Kingdom
3119,16125,Morgan Taylor,morgan437@example.com,M,Bronze,2024-01-14,New Danielle,United Kingdom
3120,17799,Hannah Gross,hannah907@example.org,M,Bronze,2024-12-05,East Luis,United Kingdom
3136,16796,Tiffany Forbes,tiffany450@example.com,M,Bronze,2021-06-25,Robinsonshire,United Kingdom
3139,15763,Michelle Brennan,michelle725@example.org,M,Bronze,2021-01-13,Port Ruth,United Kingdom
3142,15805,Timothy Phelps,timothy745@example.com,M,Bronze,2020-12-31,Gilbertport,United Kingdom
3162,16666,Shelley Rivera,shelley272@example.org,M,Bronze,2023-12-22,Oneillbury,United Kingdom
3207,14414,Erika Hogan,erika954@example.org,M,Bronze,2025-08-10,Juarezberg,United Kingdom
3274,13602,Sarah Reyes,sarah829@example.net,M,Bronze,2023-03-18,West Shannon,United Kingdom
3582,15967,Joseph Brown,joseph537@example.com,M,Gold,2022-04-08,Berryhaven,United Kingdom
3669,13212,Keith Davis,keith655@example.com,M,Gold,2024-11-17,Johnmouth,United Kingdom
3686,14860,David Kane,david314@example.net,M,Gold,2023-06-17,Woodstad,United Kingdom
3758,12703,Sara Parker,sara131@example.net,M,Silver,2022-09-07,East Colleenside,Germany
3762,17828,Benjamin Anderson,benjamin282@example.net,M,Silver,2022-08-02,Dalemouth,Malta
3828,17540,Evan Cox,evan771@example.com,M,Silver,2020-11-12,Heatherton,United Kingdom
4174,16706,Brian Robinson,brian180@example.org,M,Silver,2021-02-15,Lake Reneestad,United Kingdom
4182,13224,Lisa Johnson,lisa167@example.com,M,Silver,2024-10-04,Lake Margaret,United Kingdom
4205,16003,Colleen Ruiz,colleen121@example.net,M,Silver,2021-08-11,East Joe,United Kingdom
4294,13893,Carol Evans,carol431@example.net,M,Silver,2022-05-21,North Erica,United Kingdom
4315,16717,William Moody,william806@example.org,M,Silver,2024-09-15,Lake Amandaland,United Kingdom
4322,13623,Gabriel Franklin,gabriel531@example.com,M,Silver,2023-04-02,Patrickberg,United Kingdom
4356,17624,Jessica Lee,jessica526@example.com,M,Silver,2023-09-02,North Laurie,United Kingdom
49,12592,Jasmine Graves,jasmine436@example.org,F,Bronze,2023-11-17,North Markfurt,Germany
115,17426,Patrick Moore,patrick811@example.net,F,Bronze,2023-06-01,Thomaston,United Kingdom
184,12916,Timothy Kennedy,timothy138@example.org,F,Bronze,2021-03-10,South Virginiafort,United Kingdom
185,12935,Erin Patterson,erin326@example.org,F,Bronze,2021-11-25,North Michaelmouth,United Kingdom
188,13584,Larry Brandt,larry848@example.net,F,Bronze,2021-01-26,South Tracy,United Kingdom
226,17289,Jamie Kane,jamie970@example.net,F,Bronze,2022-06-28,North Isaac,United Kingdom
278,13203,Emily Cox,emily113@example.org,F,Bronze,2022-12-11,Tylerview,United Kingdom
292,15363,Amber Harrington,amber753@example.org,F,Bronze,2024-11-17,Lake Daniel,United Kingdom
299,14472,Andrew Arroyo,andrew433@example.com,F,Bronze,2021-09-21,Stricklandtown,United Kingdom
302,15552,Karen Mccann,karen936@example.net,F,Bronze,2021-12-20,East Alexandriaville,United Kingdom
374,14264,Craig Medina,craig412@example.org,F,Bronze,2024-05-08,Hortonport,United Kingdom
399,15050,Timothy Hicks,timothy161@example.net,F,Bronze,2022-02-08,Hillshire,United Kingdom
446,17581,Sylvia White,sylvia701@example.org,F,Bronze,2023-01-13,East Laura,United Kingdom
538,15920,Thomas Moore,thomas619@example.com,F,Bronze,2022-11-11,Lake John,United Kingdom
543,16179,Cory Harrison,cory577@example.org,F,Bronze,2025-10-04,Jamesstad,United Kingdom
573,14107,David Rivera,david283@example.com,F,Bronze,2025-08-13,Huntshire,United Kingdom
591,14578,Eric Brown,eric899@example.com,F,Bronze,2023-04-27,Port James,United Kingdom
605,15678,Sandra Neal,sandra733@example.net,F,Bronze,2021-11-10,Danielsville,United Kingdom
748,14410,Derrick Anderson,derrick393@example.org,F,Bronze,2021-02-28,Danielleberg,United Kingdom
797,15111,Julie Torres,julie849@example.net,F,Bronze,2025-07-01,Martinezchester,United Kingdom
841,16017,Bethany Collins,bethany230@example.net,F,Bronze,2025-03-18,South Alexbury,United Kingdom
845,14396,John Watson,john897@example.net,F,Bronze,2024-07-13,Zacharyville,United Kingdom
928,15750,Connie Mcbride,connie299@example.com,F,Bronze,2025-10-06,West Paulaberg,United Kingdom
946,14416,Samuel Fuentes,samuel839@example.com,F,Bronze,2022-09-14,East Michael,United Kingdom
1062,16627,Johnny Terry PhD,johnny661@example.net,F,Bronze,2024-12-31,Bryanton,United Kingdom
1090,17448,Kevin Jones,kevin281@example.com,F,Bronze,2024-02-08,South Brianshire,United Kingdom
1176,13110,Michael Mitchell,michael239@example.org,F,Bronze,2025-04-06,West Dannyville,United Kingdom
1248,17321,Dr. Megan Williams,dr702@example.org,F,Bronze,2024-05-23,Tylerfurt,United Kingdom
1314,13960,Mrs. Lisa Brown,mrs576@example.net,F,Bronze,2025-07-25,South Cynthiamouth,United Kingdom
1406,15346,Mason Hess,mason450@example.org,F,Gold,2024-03-30,South Wesleyfurt,United Kingdom
1437,16582,Eric Russell,eric803@example.org,F,Gold,2022-11-23,New Debra,United Kingdom
1536,15869,Jose Alvarado,jose663@example.net,F,Gold,2023-12-12,Madisonborough,United Kingdom
1544,14552,Grace Braun,grace633@example.org,F,Gold,2022-07-05,New Kenneth,United Kingdom
1562,12818,Ian Brown,ian837@example.net,F,Silver,2021-10-27,Lake Jennifer,Austria
1630,12829,Alicia Carson,alicia467@example.com,F,Silver,2020-12-27,West Michaelhaven,United Kingdom
1687,16808,Peggy Kane,peggy447@example.org,F,Silver,2023-07-06,Meganborough,United Kingdom
1741,14029,Steven Campbell,steven482@example.com,F,Silver,2022-09-08,East Robert,United Kingdom
1809,13560,Stephanie Brown,stephanie613@example.org,F,Silver,2023-12-27,Millerhaven,United Kingdom
1875,15603,Lucas Durham,lucas776@example.org,F,Silver,2024-07-15,Margaretfurt,United Kingdom
1941,16572,Sierra Simpson,sierra620@example.org,F,Silver,2025-09-05,West Melaniestad,United Kingdom
1981,13300,Karen Hall,karen445@example.net,F,Silver,2024-05-07,Lake Philip,United Kingdom
2053,17107,Shelby Short,shelby456@example.org,F,Silver,2024-04-13,Vasquezland,United Kingdom
2072,12879,Mary Miller,mary328@example.org,F,Silver,2023-10-09,Port Michael,United Kingdom
2160,13422,Sabrina Reed,sabrina590@example.net,F,Silver,2022-04-11,Amyberg,United Kingdom
2201,18242,Mary Martin,mary246@example.com,F,Silver,2021-11-04,Kristenville,United Kingdom
2332,12538,Casey Howard,casey519@example.net,M,Bronze,2025-03-14,Robertville,Spain
2371,17836,Brian Willis,brian777@example.com,M,Bronze,2021-07-10,West Tinabury,United Kingdom
2438,14381,Christopher Carpenter,christopher927@example.net,M,Bronze,2023-02-09,Port Katiestad,United Kingdom
2466,17914,Jessica Stephens,jessica159@example.com,M,Bronze,2024-10-09,Stephaniemouth,United Kingdom
2489,17385,Abigail Levine,abigail514@example.org,M,Bronze,2022-03-21,Lake Robin,United Kingdom
2574,15681,Jill Jackson,jill773@example.org,M,Bronze,2023-12-04,Schmidtburgh,United Kingdom
2580,14716,Jordan Jimenez,jordan737@example.com,M,Bronze,2022-09-09,Adrianamouth,United Kingdom
2736,17500,Ashley Shields,ashley413@example.com,M,Bronze,2025-02-12,South Henry,United Kingdom
2762,14390,Michael Smith,michael620@example.org,M,Bronze,2020-11-08,Susanland,United Kingdom
2919,16657,Patrick Fuller,patrick457@example.org,M,Bronze,2025-03-03,New Laura,United Kingdom
3002,17549,Eric Avila,eric558@example.org,M,Bronze,2024-01-15,Lake Hannahstad,United Kingdom
3042,13895,Bryan Lopez,bryan540@example.org,M,Bronze,2023-08-06,Carmentown,United Kingdom
3045,16278,Haley Riley,haley786@example.com,M,Bronze,2023-05-15,Laurashire,United Kingdom
3048,13279,Justin Aguirre,justin237@example.net,M,Bronze,2024-05-11,Castilloburgh,United Kingdom
3071,12871,Mike Thomas,mike957@example.net,M,Bronze,2022-07-24,Melissamouth,United Kingdom
3102,16059,Alex Harper,alex580@example.com,M,Bronze,2025-10-26,South Melissaton,United Kingdom
3138,12936,Matthew Obrien,matthew935@example.com,M,Bronze,2025-09-04,East April,United Kingdom
3264,13659,Emily Baker,emily775@example.org,M,Bronze,2023-10-31,Tracyville,United Kingdom
3358,12984,Oscar Barnes,oscar213@example.net,M,Bronze,2023-04-24,North Melissa,United Kingdom
3364,12842,Christina Smith,christina553@example.net,M,Bronze,2023-05-10,South Theodore,United Kingdom
3429,15122,Jacqueline Davis,jacqueline424@example.net,M,Bronze,2025-10-04,East Lisamouth,United Kingdom
3589,17037,Barbara Tran,barbara211@example.org,M,Gold,2023-11-19,West Courtney,United Kingdom
3638,13486,Kimberly Boyd,kimberly853@example.com,M,Gold,2021-02-28,Lake Charles,United Kingdom
3644,15443,Jerry Richmond,jerry506@example.org,M,Gold,2025-01-06,Richardbury,United Kingdom
3709,12821,Caleb Green,caleb526@example.net,M,Gold,2023-02-23,New Amy,United Kingdom
3760,12586,Adriana Cole,adriana867@example.net,M,Silver,2023-09-09,Reyesfort,Italy
3781,15545,Bradley Warren,bradley115@example.org,M,Silver,2023-01-08,Lake Jessicafurt,United Kingdom
3790,16354,Steven Williams,steven963@example.org,M,Silver,2024-09-26,East Jennifer,United Kingdom
3849,17419,Jessica Garcia,jessica805@example.net,M,Silver,2024-04-02,Lake Maryberg,United Kingdom
3850,12928,Scott Downs,scott356@example.org,M,Silver,2021-07-27,Maddoxhaven,United Kingdom
3887,16057,Mr. Richard Suarez,mr450@example.net,M,Silver,2025-04-14,Prestonburgh,United Kingdom
3898,18099,Deborah Payne,deborah613@example.net,M,Silver,2024-08-23,Jonathanhaven,United Kingdom
4027,16229,Jacqueline Jackson,jacqueline489@example.net,M,Silver,2024-01-19,Frederickberg,United Kingdom
4042,18205,Patricia Freeman,patricia296@example.org,M,Silver,2023-08-14,Port Cynthia,United Kingdom
4047,16351,Krista Knight,krista838@example.org,M,Silver,2023-04-17,Nancyfurt,United Kingdom
4086,16442,Melissa Bray,melissa304@example.net,M,Silver,2024-09-30,Michaelview,United Kingdom
4138,15983,Latoya Martinez,latoya854@example.com,M,Silver,2023-12-15,Alexanderhaven,United Kingdom
4197,14968,Laura Collins,laura707@example.com,M,Silver,2022-10-16,Walkershire,United Kingdom
4258,16128,Bonnie Miller,bonnie897@example.org,M,Silver,2021-03-27,South Frank,United Kingdom
4263,15277,Lauren Romero,lauren292@example.net,M,Silver,2022-06-26,Lake Adamside,United Kingdom
4273,15883,Vickie Stephens,vickie900@example.com,M,Silver,2024-10-08,Michaelhaven,United Kingdom
4317,14505,Christopher Cook,christopher358@example.com,M,Silver,2021-10-26,South Christine,United Kingdom
28,12650,James Munoz,james888@example.net,F,Bronze,2024-05-11,Hicksfurt,France
45,12622,Courtney Lawson MD,courtney378@example.net,F,Bronze,2023-03-18,Kristenview,Germany
78,12446,Wendy Thomas,wendy915@example.net,F,Bronze,2021-09-07,Dixonmouth,RSA
98,12418,Matthew Collins,matthew817@example.net,F,Bronze,2021-08-06,North Jack,Switzerland
134,16504,Christine Morris,christine621@example.org,F,Bronze,2023-11-29,Port David,United Kingdom
274,15059,Corey Thompson,corey911@example.org,F,Bronze,2021-06-19,Toddshire,United Kingdom
282,15186,Maria Moore,maria473@example.net,F,Bronze,2022-12-30,East Andrew,United Kingdom
286,15492,Laurie Campbell,laurie207@example.org,F,Bronze,2025-03-09,Joneschester,United Kingdom
287,17666,Dylan Beasley,dylan202@example.org,F,Bronze,2023-12-29,Zacharystad,United Kingdom
296,13240,Stephanie Salinas,stephanie733@example.org,F,Bronze,2021-05-03,South Julia,United Kingdom
307,16641,Rachel Duncan,rachel752@example.org,F,Bronze,2021-01-14,East Alyssa,United Kingdom
328,15421,Nicole Smith,nicole543@example.org,F,Bronze,2025-09-30,New Deborahshire,United Kingdom
430,15426,Melissa Hobbs,melissa344@example.net,F,Bronze,2025-07-13,North Jonathan,United Kingdom
443,17010,Mike Bruce,mike163@example.net,F,Bronze,2023-01-04,Kellyview,United Kingdom
456,18179,Matthew Hopkins,matthew875@example.net,F,Bronze,2025-08-23,North Frederickberg,United Kingdom
488,15187,Whitney Reed,whitney445@example.org,F,Bronze,2022-10-15,Port Katelyn,United Kingdom
515,17779,Matthew Harris,matthew462@example.com,F,Bronze,2021-06-15,Greenton,United Kingdom
544,16430,Lorraine Barton DVM,lorraine692@example.net,F,Bronze,2024-12-22,New Dennis,United Kingdom
547,15716,Ronald Lewis,ronald532@example.com,F,Bronze,2024-08-04,Jasonview,United Kingdom
694,15447,Micheal Rose,micheal991@example.com,F,Bronze,2023-10-27,Brewerland,United Kingdom
728,16617,Shawn Bush,shawn843@example.org,F,Bronze,2024-03-21,East Michaelburgh,United Kingdom
742,17397,Michelle Zuniga,michelle706@example.net,F,Bronze,2020-12-29,East Jacob,United Kingdom
788,16723,Tiffany Anderson,tiffany659@example.org,F,Bronze,2021-06-12,Nicolechester,United Kingdom
822,17908,William Garcia,william650@example.net,F,Bronze,2022-02-24,Wigginsstad,United Kingdom
837,16526,Carla Allen,carla702@example.com,F,Bronze,2022-09-16,Port Jamesmouth,United Kingdom
882,15483,Brian Briggs II,brian664@example.net,F,Bronze,2022-02-12,Lake Garyfort,United Kingdom
901,16653,Kim Howell,kim428@example.net,F,Bronze,2022-11-01,New Krista,United Kingdom
923,17313,Juan Martinez,juan582@example.net,F,Bronze,2022-07-05,East Shawnstad,United Kingdom
973,15149,Carlos Rodriguez,carlos124@example.org,F,Bronze,2021-06-06,Smithhaven,United Kingdom
1026,17830,Robert Boyer,robert675@example.com,F,Bronze,2023-11-28,Burnsbury,United Kingdom
1035,16847,Frank Mccall,frank623@example.net,F,Bronze,2022-08-05,South Kathleen,United Kingdom
1155,15974,Shannon Johnson,shannon411@example.net,F,Bronze,2024-11-10,Charlesshire,United Kingdom
1210,17693,Crystal Roberts,crystal948@example.org,F,Bronze,2025-08-20,Jonathanland,United Kingdom
1219,13690,William Hernandez,william340@example.net,F,Bronze,2021-06-17,Hesterhaven,United Kingdom
1250,13598,Courtney Wilson,courtney667@example.net,F,Bronze,2021-02-16,Leahfort,United Kingdom
1262,15754,Alexander King,alexander575@example.com,F,Bronze,2023-11-22,Murphymouth,United Kingdom
1263,16628,Kent Hunter,kent165@example.net,F,Bronze,2025-06-25,Mendezburgh,United Kingdom
1308,12949,Benjamin Fleming,benjamin264@example.net,F,Bronze,2021-06-28,Kimbury,United Kingdom
1381,16643,Richard Delgado,richard726@example.com,F,Gold,2024-04-16,Richardborough,United Kingdom
1413,13699,Timothy Lee,timothy371@example.net,F,Gold,2024-05-17,Lake Adam,United Kingdom
1429,13551,Mitchell Burke,mitchell416@example.net,F,Gold,2025-02-15,South Gina,United Kingdom
1450,17664,Justin Carroll,justin960@example.com,F,Gold,2021-10-24,East Amy,United Kingdom
1458,15098,Catherine Smith,catherine498@example.com,F,Gold,2024-02-17,Wilsonton,United Kingdom
1479,13917,Luke Marshall,luke420@example.com,F,Gold,2022-05-16,East Laurenton,United Kingdom
1506,17680,Andre Phelps,andre744@example.com,F,Gold,2024-09-23,Lake Michaelshire,United Kingdom
1515,14549,Ronald Romero,ronald594@example.com,F,Gold,2024-04-21,Jasmineland,United Kingdom
1592,12528,Melissa Burns,melissa471@example.org,F,Silver,2023-12-17,Theresastad,Germany
1594,12625,Jeff Dudley,jeff140@example.net,F,Silver,2024-04-02,North Angelahaven,Germany
1602,12501,Christopher Henry,christopher450@example.com,F,Silver,2024-01-05,New Terri,Germany
1711,14064,Emma Moore,emma509@example.org,F,Silver,2024-11-20,Colemanmouth,United Kingdom
1946,12955,Elizabeth Johnson,elizabeth359@example.net,F,Silver,2025-06-05,Lopezville,United Kingdom
2019,14152,Autumn Wright,autumn899@example.com,F,Silver,2024-08-07,West Jacobtown,United Kingdom
2048,16025,Casey Michael,casey900@example.net,F,Silver,2022-04-25,East Tinaside,United Kingdom
2161,18067,Adam Dunlap,adam998@example.com,F,Silver,2024-01-29,Lake Ariel,United Kingdom
2168,17398,Russell Brewer,russell385@example.org,F,Silver,2022-07-04,East Michelle,United Kingdom
2181,14657,Vanessa Jackson,vanessa200@example.net,F,Silver,2025-07-19,East Anne,United Kingdom
2256,12686,Mary Ali,mary190@example.com,M,Bronze,2021-08-06,New Thomastown,France
2260,12620,Lawrence Rodriguez MD,lawrence207@example.org,M,Bronze,2022-07-22,Melissamouth,France
2358,13708,Adam Wood,adam304@example.com,M,Bronze,2022-12-28,Brendashire,United Kingdom
2363,15212,Devin Johnson,devin788@example.org,M,Bronze,2021-08-10,Michaelstad,United Kingdom
2473,14603,Anthony Erickson,anthony665@example.org,M,Bronze,2025-01-06,West Aaronbury,United Kingdom
2507,13504,Ronald Miller,ronald997@example.net,M,Bronze,2023-05-31,Gardnerfort,United Kingdom
2513,16402,Tracy Rocha,tracy398@example.com,M,Bronze,2022-08-03,Johnsonfort,United Kingdom
2575,16801,James Miller,james467@example.com,M,Bronze,2022-04-08,New John,United Kingdom
2602,17266,Kevin Palmer,kevin237@example.net,M,Bronze,2021-07-10,Amandaview,United Kingdom
2621,15258,Peggy Rodriguez,peggy500@example.net,M,Bronze,2021-06-22,Waltersside,United Kingdom
2768,16670,Amanda Howell,amanda823@example.com,M,Bronze,2024-08-14,South Kevin,United Kingdom
2807,14332,Michael Owen,michael638@example.net,M,Bronze,2022-10-10,Amandaberg,United Kingdom
2945,18027,Tara Miller,tara639@example.org,M,Bronze,2024-04-21,Mooretown,United Kingdom
2967,15412,James Taylor,james268@example.org,M,Bronze,2024-04-04,West Linda,United Kingdom
3003,16826,Miss Kristina Thomas,miss117@example.org,M,Bronze,2021-05-04,East Brandonland,United Kingdom
3018,16768,Brandi Martin,brandi992@example.net,M,Bronze,2025-08-03,South Bryanhaven,United Kingdom
3034,16554,Judy Thomas,judy115@example.com,M,Bronze,2023-08-31,Kellyland,United Kingdom
3078,16081,Colleen Kennedy,colleen269@example.net,M,Bronze,2022-03-11,Tristanburgh,United Kingdom
3085,13753,Charles Davis,charles726@example.net,M,Bronze,2021-11-05,Paulashire,United Kingdom
3107,15749,Matthew Coleman,matthew339@example.org,M,Bronze,2024-03-28,Juliachester,United Kingdom
3141,17238,Cindy Williams,cindy858@example.com,M,Bronze,2021-07-15,West Chad,United Kingdom
3218,15691,Jo Jones,jo874@example.net,M,Bronze,2024-08-06,Kylefurt,United Kingdom
3256,18164,Erin Nguyen,erin554@example.org,M,Bronze,2021-11-24,Port Alexander,United Kingdom
3272,12940,Johnny Hall,johnny195@example.org,M,Bronze,2025-04-19,Robertshire,United Kingdom
3309,16503,Dr. Regina Garcia,dr487@example.com,M,Bronze,2024-07-17,Christopherborough,United Kingdom
3323,15095,Melissa Robbins,melissa777@example.org,M,Bronze,2021-11-17,South Mikefort,United Kingdom
3326,16330,Gerald Gonzalez,gerald933@example.com,M,Bronze,2023-11-11,Lake Sandra,United Kingdom
3382,13108,George Reed,george900@example.net,M,Bronze,2024-07-02,Port Alan,United Kingdom
3424,14383,Dennis Cooper,dennis956@example.com,M,Bronze,2023-01-30,East Audrey,United Kingdom
3541,17857,Kristen Ruiz,kristen649@example.org,M,Gold,2024-03-30,Jefferystad,United Kingdom
3570,12981,Jeffery Brown,jeffery481@example.org,M,Gold,2021-08-23,Laurenmouth,United Kingdom
3590,17119,Heather Christian,heather742@example.org,M,Gold,2023-05-03,Adriantown,United Kingdom
3596,14178,Dean King,dean719@example.org,M,Gold,2023-08-02,Christianbury,United Kingdom
3606,15314,Brittany Harris,brittany451@example.org,M,Gold,2024-04-11,Dustinside,United Kingdom
3610,16945,Sonya Holland,sonya344@example.net,M,Gold,2023-05-09,Sandraburgh,United Kingdom
3752,12521,Shannon Harris,shannon416@example.org,M,Silver,2021-07-31,Danielfort,Germany
3775,12641,Brooke Davis,brooke800@example.com,M,Silver,2024-06-12,Isaiahhaven,Sweden
3827,14295,Julie Howard,julie648@example.org,M,Silver,2023-07-24,East Amandatown,United Kingdom
3837,17848,Jennifer Cole,jennifer936@example.com,M,Silver,2025-04-07,South Tiffanyton,United Kingdom
3846,17475,Sarah Rosales,sarah757@example.net,M,Silver,2024-02-24,South Davidhaven,United Kingdom
3942,15319,Kristina Green,kristina577@example.net,M,Silver,2024-06-19,Peterburgh,United Kingdom
3979,17759,Heather Vaughn,heather114@example.org,M,Silver,2023-01-05,Lisaville,United Kingdom
4079,13068,Mason Higgins,mason403@example.com,M,Silver,2023-05-27,Hoovertown,United Kingdom
4124,12947,Mitchell Spears,mitchell309@example.com,M,Silver,2022-03-14,East Michelle,United Kingdom
4189,13675,Alexander Miller,alexander934@example.com,M,Silver,2025-02-20,Lake Alyssastad,United Kingdom
4209,12831,Tommy Herrera,tommy842@example.com,M,Silver,2025-08-27,West Vickieborough,United Kingdom
4227,15306,Nichole Robinson,nichole538@example.org,M,Silver,2020-12-20,East Davidport,United Kingdom
4291,16271,Kimberly Morrison,kimberly703@example.org,M,Silver,2023-03-08,Christinahaven,United Kingdom
4342,15065,Caitlin Davenport,caitlin792@example.org,M,Silver,2021-11-29,East James,United Kingdom
4346,17154,Richard Weeks,richard333@example.com,M,Silver,2025-01-07,West Joseborough,United Kingdom
5,12449,Barbara Garcia,barbara249@example.com,F,Bronze,2025-10-11,Port Steven,Belgium
15,13919,Nicole Watson,nicole313@example.net,F,Bronze,2023-02-21,North Jamesfort,Denmark
312,16811,Christina Bird,christina800@example.org,F,Bronze,2025-08-19,South Josephtown,United Kingdom
367,15683,Brian Briggs,brian421@example.org,F,Bronze,2023-08-17,Port Richardstad,United Kingdom
396,17349,John Macdonald,john482@example.net,F,Bronze,2024-07-14,Susanview,United Kingdom
424,17221,Richard Mccormick,richard409@example.net,F,Bronze,2023-09-07,South Christine,United Kingdom
449,16779,Sara Martinez,sara616@example.net,F,Bronze,2022-08-31,Maloneberg,United Kingdom
469,14251,Joshua Singh,joshua958@example.org,F,Bronze,2023-02-12,Theodoreshire,United Kingdom
471,17852,Dr. Eddie Fischer,dr583@example.com,F,Bronze,2025-01-02,Maryberg,United Kingdom
534,18173,Michelle Barker,michelle609@example.net,F,Bronze,2025-08-19,Nicoletown,United Kingdom
554,13557,Jesse Hernandez,jesse277@example.org,F,Bronze,2025-07-28,Collinsstad,United Kingdom
575,17095,Lee Foley,lee601@example.com,F,Bronze,2025-02-25,Melissaberg,United Kingdom
630,17886,Jessica Gates,jessica120@example.org,F,Bronze,2024-06-23,Brianmouth,United Kingdom
708,17647,Michael Brown,michael742@example.com,F,Bronze,2024-04-28,Kristaborough,United Kingdom
719,14779,Kelli Gonzalez,kelli576@example.com,F,Bronze,2023-06-13,Maryhaven,United Kingdom
721,16913,Rebecca Gould,rebecca333@example.org,F,Bronze,2021-09-07,South Joshuaview,United Kingdom
733,16338,Susan Alexander,susan576@example.net,F,Bronze,2022-06-19,North Dean,United Kingdom
800,15079,James Luna,james607@example.org,F,Bronze,2021-08-05,Fletcherville,United Kingdom
831,17180,Andrew Collins,andrew437@example.net,F,Bronze,2023-12-23,Port Joshuaport,United Kingdom
856,17883,Rebekah Thomas,rebekah540@example.org,F,Bronze,2022-01-30,North Derekhaven,United Kingdom
935,14662,Martha Brown,martha854@example.net,F,Bronze,2025-03-04,Montoyahaven,United Kingdom
984,13330,Scott Jones,scott424@example.com,F,Bronze,2023-06-02,Parkerbury,United Kingdom
1003,16071,Evan Carson,evan324@example.com,F,Bronze,2023-12-12,North Luke,United Kingdom
1106,16721,Jenna Washington,jenna176@example.org,F,Bronze,2022-08-27,Randymouth,United Kingdom
1192,18081,Edgar Holland,edgar334@example.net,F,Bronze,2021-05-20,Juliabury,United Kingdom
1237,14499,Raven Zuniga,raven976@example.com,F,Bronze,2022-11-07,New Ashleyfurt,United Kingdom
1261,15918,William Wade,william695@example.net,F,Bronze,2023-06-17,Taylorburgh,United Kingdom
1318,16177,Mrs. Brenda Flores PhD,mrs134@example.com,F,Bronze,2025-08-13,New Amanda,United Kingdom
1327,17044,Emily Martin,emily792@example.org,F,Bronze,2022-02-10,East Markfort,United Kingdom
1500,16000,Emily Braun,emily291@example.org,F,Gold,2025-01-24,Vincentmouth,United Kingdom
1507,13888,Dawn Phelps,dawn835@example.net,F,Gold,2023-11-26,North Amyshire,United Kingdom
1512,13533,Laura Johnson,laura554@example.com,F,Gold,2020-12-29,South Carolynborough,United Kingdom
1534,16350,Ana Adams,ana738@example.com,F,Gold,2022-10-15,South Ginaland,United Kingdom
1546,13419,Terry Mata,terry371@example.org,F,Gold,2023-04-24,Kennedytown,United Kingdom
1848,14855,Stephen Wilson,stephen723@example.org,F,Silver,2025-02-26,Davidton,United Kingdom
1996,15234,Todd Pierce,todd312@example.com,F,Silver,2024-08-31,West Juliechester,United Kingdom
2061,13587,Paula Chandler,paula594@example.com,F,Silver,2024-02-23,Hartchester,United Kingdom
2126,16425,Robert Mendoza,robert606@example.com,F,Silver,2023-01-09,Port April,United Kingdom
2262,12656,Robert Kelley DDS,robert888@example.com,M,Bronze,2024-04-17,Abigailtown,France
2305,13817,Gail Wilkinson,gail471@example.net,M,Bronze,2022-07-17,Natashahaven,Germany
2325,12576,Erica Schmitt,erica582@example.net,M,Bronze,2020-12-25,South Cynthiatown,Poland
2333,12421,Rebecca Russell,rebecca715@example.com,M,Bronze,2023-04-12,East Jacqueline,Spain
2345,12377,Benjamin Robinson,benjamin247@example.net,M,Bronze,2024-06-08,East Jeanmouth,Switzerland
2350,14496,William Avery,william383@example.org,M,Bronze,2022-01-22,Lake Earl,United Kingdom
2401,15236,Jonathan Sanders,jonathan541@example.com,M,Bronze,2022-04-13,Randystad,United Kingdom
2422,12924,Anthony Pittman,anthony123@example.com,M,Bronze,2022-10-04,Briannaview,United Kingdom
2437,15127,Cynthia Bennett,cynthia587@example.com,M,Bronze,2025-05-21,South Frederick,United Kingdom
2517,16996,Stephanie Lee,stephanie588@example.com,M,Bronze,2021-03-14,New Jennifer,United Kingdom
2539,12967,Emily Ingram,emily852@example.org,M,Bronze,2023-02-28,West Martha,United Kingdom
2586,15385,Mr. Brandon Morales,mr486@example.org,M,Bronze,2021-02-09,Christinaland,United Kingdom
2773,14828,Steven Spears,steven895@example.net,M,Bronze,2024-10-21,Cantrellview,United Kingdom
2848,13538,Alicia Sanford,alicia448@example.org,M,Bronze,2023-03-02,Gillmouth,United Kingdom
2871,13162,Mary Wood,mary571@example.org,M,Bronze,2023-08-30,North Nicolemouth,United Kingdom
3080,14878,Kimberly Morgan,kimberly886@example.org,M,Bronze,2024-06-22,Josephland,United Kingdom
3100,15061,Steven Harrison,steven541@example.com,M,Bronze,2021-05-05,South Elizabeth,United Kingdom
3149,13292,Jacqueline Holmes,jacqueline615@example.net,M,Bronze,2024-04-03,Port Williamview,United Kingdom
3267,17733,Luis Lee,luis736@example.com,M,Bronze,2022-02-18,West Marytown,United Kingdom
3286,16222,Jonathan Hunt,jonathan356@example.com,M,Bronze,2023-08-21,Beverlybury,United Kingdom
3290,15400,Sabrina Williams,sabrina723@example.org,M,Bronze,2024-12-18,South Dylan,United Kingdom
3331,17172,Caitlyn Gonzalez,caitlyn149@example.org,M,Bronze,2022-10-04,Port Jeffreystad,United Kingdom
3386,15527,Julie Decker,julie740@example.net,M,Bronze,2022-10-20,Woodfort,United Kingdom
3426,12832,Stephanie Rodgers,stephanie903@example.com,M,Bronze,2025-07-06,Henrybury,United Kingdom
3427,16433,Jonathan Santana Jr.,jonathan632@example.org,M,Bronze,2023-09-19,East John,United Kingdom
3481,13685,Jacqueline King,jacqueline692@example.net,M,Bronze,2024-01-27,Port Jeffrey,United Kingdom
3548,18018,Warren Owen,warren483@example.com,M,Gold,2024-03-15,New Joel,United Kingdom
3567,16956,Paul Jackson,paul987@example.com,M,Gold,2024-06-30,Christophertown,United Kingdom
3627,14651,Michael Anderson,michael664@example.net,M,Gold,2021-10-21,Klineville,United Kingdom
3659,13925,Joshua Pennington,joshua978@example.net,M,Gold,2023-08-08,Port Margaretberg,United Kingdom
3660,14240,Tracy Morris,tracy858@example.net,M,Gold,2024-07-06,Aimeeberg,United Kingdom
3667,15852,Drew Hawkins DDS,drew802@example.org,M,Gold,2021-11-15,East James,United Kingdom
3774,12484,Dr. Michele Franklin,dr594@example.com,M,Silver,2021-04-10,South Tammy,Spain
3804,15663,Jessica Hampton,jessica396@example.org,M,Silver,2021-10-27,Lake Jason,United Kingdom
3894,15143,Steven Cantrell,steven293@example.org,M,Silver,2023-10-06,Lake Susan,United Kingdom
3911,16464,Wendy Luna,wendy452@example.com,M,Silver,2025-05-01,Chenport,United Kingdom
3948,16200,Amber Smith,amber382@example.com,M,Silver,2023-06-15,Stevenberg,United Kingdom
3974,14102,Emily Smith,emily962@example.com,M,Silver,2021-05-30,New Pamborough,United Kingdom
3992,16571,Sarah Moss,sarah672@example.com,M,Silver,2024-08-23,East Connorshire,United Kingdom
3995,18133,Gregory Conner,gregory288@example.com,M,Silver,2022-11-27,North Jeremiah,United Kingdom
4044,14785,Mary Torres,mary136@example.org,M,Silver,2021-03-05,Adamshaven,United Kingdom
4202,15502,Rachel Taylor,rachel680@example.net,M,Silver,2022-05-01,Lopezville,United Kingdom
4247,17374,Theresa West,theresa964@example.org,M,Silver,2021-03-02,East Nicholas,United Kingdom
4256,16186,Aaron Wyatt,aaron440@example.com,M,Silver,2025-01-07,Port Hannahview,United Kingdom
4261,13731,Megan Diaz,megan149@example.net,M,Silver,2021-02-02,North Jacob,United Kingdom
213,13107,Vicki Gomez,vicki658@example.net,F,Bronze,2022-02-24,Kathleenside,United Kingdom
288,16887,Richard Guzman,richard851@example.org,F,Bronze,2022-12-03,Port Shawn,United Kingdom
303,13657,Dale Contreras,dale821@example.org,F,Bronze,2024-11-29,Vargasborough,United Kingdom
308,17590,Chase Richards,chase625@example.net,F,Bronze,2021-01-28,North Timothy,United Kingdom
327,15246,Jerry Sanders,jerry336@example.org,F,Bronze,2021-10-16,Cassandramouth,United Kingdom
438,13232,Reginald Stokes,reginald134@example.net,F,Bronze,2022-05-20,Laurenside,United Kingdom
477,13948,Michael Scott,michael550@example.net,F,Bronze,2022-03-01,South Michael,United Kingdom
586,13860,Robert Bennett,robert149@example.org,F,Bronze,2021-03-12,Charlottemouth,United Kingdom
597,14619,Michele Hill,michele269@example.com,F,Bronze,2025-07-04,Marquezmouth,United Kingdom
693,16850,Cory Mitchell,cory577@example.net,F,Bronze,2023-11-29,Knoxfort,United Kingdom
701,17795,Crystal Stark,crystal976@example.net,F,Bronze,2022-02-28,Port Peter,United Kingdom
795,16164,Julie Davis,julie626@example.net,F,Bronze,2025-07-19,East Joshuamouth,United Kingdom
816,14019,William Hubbard,william502@example.org,F,Bronze,2023-06-18,New James,United Kingdom
842,17623,Jessica Clark,jessica971@example.org,F,Bronze,2024-09-04,Freemanview,United Kingdom
924,17502,Dustin Gibson,dustin779@example.net,F,Bronze,2024-03-10,Port Matthew,United Kingdom
939,14288,Joyce Meadows,joyce202@example.com,F,Bronze,2021-07-15,Michaeltown,United Kingdom
981,13280,John Allen,john502@example.net,F,Bronze,2025-05-04,Jasontown,United Kingdom
1121,15557,Andrew Bright Jr.,andrew378@example.com,F,Bronze,2024-05-23,Bryceside,United Kingdom
1187,13213,Daniel Hodges,daniel241@example.org,F,Bronze,2024-06-10,Chanfurt,United Kingdom
1190,17353,Mr. Joseph Ross Jr.,mr475@example.org,F,Bronze,2021-10-26,Hillport,United Kingdom
1394,14995,George Adams,george769@example.org,F,Gold,2024-01-21,Nelsonfurt,United Kingdom
1426,15428,Sarah Matthews,sarah496@example.net,F,Gold,2022-08-20,Port Sarah,United Kingdom
1455,12834,Thomas Lopez,thomas641@example.net,F,Gold,2021-04-06,South Brianaton,United Kingdom
1489,13368,Kayla Price,kayla176@example.org,F,Gold,2022-06-30,North Adam,United Kingdom
1497,16105,Ronald Stanley,ronald357@example.com,F,Gold,2020-11-27,West Sean,United Kingdom
1642,15043,Tracey Davies,tracey292@example.org,F,Silver,2024-07-22,North Deannaville,United Kingdom
1651,13244,Travis Morris,travis233@example.org,F,Silver,2021-09-18,Lisaburgh,United Kingdom
1662,17250,Bradley Preston,bradley990@example.net,F,Silver,2022-06-17,Velasquezton,United Kingdom
1703,16609,Kristen Rhodes,kristen987@example.com,F,Silver,2023-10-16,Ralphberg,United Kingdom
1715,13296,Jacob Ramirez,jacob875@example.com,F,Silver,2024-06-08,Port Nathanton,United Kingdom
1752,14235,Elizabeth Garcia,elizabeth993@example.net,F,Silver,2020-12-28,North Petermouth,United Kingdom
1810,14548,Holly Huang,holly574@example.org,F,Silver,2024-01-06,South Joshua,United Kingdom
2030,13405,Abigail Cannon,abigail838@example.org,F,Silver,2024-06-07,New Denise,United Kingdom
2044,12925,Angel Garza,angel192@example.com,F,Silver,2023-04-23,Lake Louisland,United Kingdom
2080,16618,Brian Mann,brian903@example.com,F,Silver,2024-12-07,South Andreaview,United Kingdom
2141,18145,Laurie Johnson,laurie165@example.org,F,Silver,2022-01-18,Port Adam,United Kingdom
2171,14837,Brenda Richardson,brenda492@example.com,F,Silver,2022-02-06,Nicolestad,United Kingdom
2242,12367,Darrell Shaffer,darrell973@example.org,M,Bronze,2024-12-25,Grayborough,Denmark
2274,12714,Robert Li,robert553@example.net,M,Bronze,2023-03-10,Morenostad,France
2294,12693,Catherine Johnston,catherine526@example.com,M,Bronze,2025-01-06,Gonzalezhaven,Germany
2314,12618,Allison Hodge,allison661@example.net,M,Bronze,2021-01-12,East Seth,Italy
2331,12354,Natalie King,natalie604@example.com,M,Bronze,2022-11-06,Lake Michael,Spain
2381,14565,Edward Pope,edward173@example.org,M,Bronze,2021-10-09,North Elaine,United Kingdom
2400,15864,April Crawford,april429@example.com,M,Bronze,2023-12-04,Lake Savannah,United Kingdom
2436,13189,Brian Ritter,brian513@example.org,M,Bronze,2025-07-27,South Ralphside,United Kingdom
2479,15813,Douglas Bailey,douglas239@example.com,M,Bronze,2022-07-26,Port Stephanie,United Kingdom
2486,15051,Joseph Figueroa,joseph867@example.com,M,Bronze,2022-09-24,West Mallory,United Kingdom
2488,16015,Daniel Richardson,daniel775@example.com,M,Bronze,2025-06-10,New Yvonneport,United Kingdom
2633,18239,Anita Lewis,anita626@example.com,M,Bronze,2022-12-18,Harrisonborough,United Kingdom
2685,15785,Jessica Lewis,jessica764@example.com,M,Bronze,2022-11-26,Cortezmouth,United Kingdom
2722,14560,Michael Chambers,michael687@example.net,M,Bronze,2022-12-02,South Steve,United Kingdom
2723,13473,Alex Johnson,alex787@example.org,M,Bronze,2025-06-23,Rodriguezview,United Kingdom
2753,17245,Suzanne Graves,suzanne188@example.net,M,Bronze,2022-12-04,Griffithton,United Kingdom
2842,16026,Shawn Andrews,shawn731@example.net,M,Bronze,2025-07-11,South Robert,United Kingdom
2855,17697,Patrick Woods,patrick766@example.com,M,Bronze,2022-12-22,Lake Carlosmouth,United Kingdom
2880,16696,Joshua Houston,joshua941@example.org,M,Bronze,2021-10-12,Lake Sean,United Kingdom
2881,13762,Andrew Lopez,andrew600@example.net,M,Bronze,2021-09-19,Stephanieburgh,United Kingdom
2889,14618,Mr. Shaun Armstrong,mr927@example.com,M,Bronze,2023-04-16,West Stevenmouth,United Kingdom
2910,14643,Donald Kirk,donald790@example.org,M,Bronze,2025-03-14,East Daniel,United Kingdom
2956,13631,Matthew Jones,matthew996@example.org,M,Bronze,2022-04-13,South Abigailside,United Kingdom
3057,17243,Mary Thomas,mary831@example.net,M,Bronze,2024-06-13,Lake James,United Kingdom
3093,14432,Karen Hamilton MD,karen545@example.com,M,Bronze,2025-03-27,Alvarezville,United Kingdom
3104,16875,Mary Manning,mary317@example.org,M,Bronze,2021-07-14,Royfort,United Kingdom
3108,13883,Vicki Hardin,vicki572@example.com,M,Bronze,2022-05-23,Lake Vanessaville,United Kingdom
3189,13744,Ashley Edwards,ashley286@example.net,M,Bronze,2024-09-12,North Robinchester,United Kingdom
3293,16175,Brian Green,brian890@example.net,M,Bronze,2025-02-27,New Ana,United Kingdom
3342,14987,Thomas Alexander,thomas522@example.org,M,Bronze,2023-11-06,North Mariahaven,United Kingdom
3452,18008,Matthew Calderon,matthew598@example.org,M,Bronze,2021-03-28,South Brendaland,United Kingdom
3495,16053,Margaret Elliott,margaret729@example.com,M,Bronze,2021-01-17,East Carlland,United Kingdom
3573,14819,David Fleming,david306@example.net,M,Gold,2023-07-19,Josetown,United Kingdom
3641,16326,Kyle Yang,kyle354@example.com,M,Gold,2021-11-08,Sabrinaberg,United Kingdom
3676,15382,Jake Wright,jake495@example.org,M,Gold,2023-02-25,New Angelberg,United Kingdom
3795,15510,Melinda Campbell,melinda530@example.com,M,Silver,2022-12-20,East Martin,United Kingdom
3803,16984,Meredith Chambers PhD,meredith437@example.com,M,Silver,2024-09-02,Port Lindseyland,United Kingdom
3860,15758,Jacob Williams,jacob292@example.net,M,Silver,2022-06-03,South Robertfort,United Kingdom
3891,12838,Thomas Sanders,thomas211@example.org,M,Silver,2021-03-19,Ashleystad,United Kingdom
3975,16411,Sarah Hall,sarah431@example.org,M,Silver,2022-06-22,Goodmantown,United Kingdom
3999,13314,Derrick Taylor,derrick933@example.com,M,Silver,2021-07-11,Aguirrefort,United Kingdom
4009,17166,Lauren Williams,lauren508@example.com,M,Silver,2024-04-30,Baldwinstad,United Kingdom
4037,16394,Melvin Marshall,melvin530@example.com,M,Silver,2024-07-21,Willismouth,United Kingdom
4122,15345,Stacey Stephens,stacey604@example.org,M,Silver,2020-11-10,Matthewfurt,United Kingdom
4154,14258,Robert Bennett,robert201@example.net,M,Silver,2024-05-29,East Sean,United Kingdom
4191,14759,David Simpson,david598@example.com,M,Silver,2025-04-24,New Richard,United Kingdom
4241,14164,Becky Jordan,becky530@example.org,M,Silver,2025-07-11,Lake Carla,United Kingdom
4244,17744,Kelli Williams,kelli742@example.net,M,Silver,2024-07-30,Jamesfort,United Kingdom
4349,13694,Katelyn Cabrera,katelyn253@example.net,M,Silver,2025-05-07,Raymondfort,United Kingdom
4358,13845,Amy Cox,amy853@example.net,M,Silver,2024-01-01,Petersonstad,United Kingdom
59,12720,Nancy Mcdonald,nancy433@example.com,F,Bronze,2023-11-27,Williamsmouth,Germany
199,15853,Cynthia Nunez,cynthia259@example.net,F,Bronze,2021-07-09,East Melissa,United Kingdom
236,17354,Jodi Rogers,jodi359@example.org,F,Bronze,2025-07-01,East Jacquelineside,United Kingdom
318,17062,Patty Smith DDS,patty817@example.net,F,Bronze,2024-05-09,South Chadhaven,United Kingdom
447,15894,Brett Robinson,brett739@example.com,F,Bronze,2023-12-03,Bethanyfurt,United Kingdom
452,14205,Ashley Long,ashley948@example.net,F,Bronze,2025-02-15,South Angelachester,United Kingdom
518,16742,Robert Lam,robert323@example.com,F,Bronze,2021-04-02,Melvinmouth,United Kingdom
539,15342,Teresa Williams,teresa490@example.com,F,Bronze,2021-10-15,Englishborough,United Kingdom
607,15158,David Trevino,david422@example.org,F,Bronze,2023-10-18,North April,United Kingdom
610,15645,Jeremy Barrett,jeremy811@example.net,F,Bronze,2025-02-03,Marymouth,United Kingdom
646,14226,Steven Benson,steven276@example.com,F,Bronze,2022-01-02,South Lindaville,United Kingdom
690,17236,Jacob Obrien,jacob626@example.com,F,Bronze,2023-02-21,Lake Shawn,United Kingdom
736,15300,Caleb James,caleb235@example.org,F,Bronze,2022-03-10,Troyburgh,United Kingdom
768,17254,Brandon Jenkins,brandon669@example.org,F,Bronze,2021-12-29,West Dawnhaven,United Kingdom
848,15532,Michael Ryan,michael430@example.net,F,Bronze,2022-10-08,Allenville,United Kingdom
1025,15670,Mr. David Butler,mr102@example.com,F,Bronze,2021-05-16,West Ericaland,United Kingdom
1069,13732,Tiffany Hernandez,tiffany299@example.net,F,Bronze,2025-08-22,Tammyborough,United Kingdom
1072,16931,Angela Myers,angela717@example.org,F,Bronze,2024-07-20,Port Tammybury,United Kingdom
1163,15372,Kelly Taylor,kelly262@example.net,F,Bronze,2024-12-04,Port Shannon,United Kingdom
1171,14441,Dennis Bush,dennis194@example.org,F,Bronze,2022-12-19,Timothyburgh,United Kingdom
1296,14480,Ethan Davis,ethan316@example.net,F,Bronze,2024-08-19,South Davidfurt,United Kingdom
1337,15677,Sherri Ortiz,sherri919@example.com,F,Bronze,2024-04-21,Helenport,United Kingdom
1366,13693,Jose Simmons,jose403@example.net,F,Gold,2023-10-28,Stephenmouth,United Kingdom
1538,17594,Angela Ford,angela664@example.org,F,Gold,2025-10-13,Lake Jenniferstad,United Kingdom
1550,14959,Victoria Frank,victoria294@example.net,F,Gold,2023-04-01,West Shaunshire,United Kingdom
1555,15925,Leslie Zuniga,leslie985@example.org,F,Gold,2022-06-23,East Kenneth,United Kingdom
1587,12494,Jeanne Williams,jeanne264@example.org,F,Silver,2023-12-13,Wilsonville,France
1740,13263,Lynn Villa,lynn566@example.org,F,Silver,2023-02-25,Grantburgh,United Kingdom
1790,16469,Trevor Stevens,trevor112@example.org,F,Silver,2024-05-03,Fosterborough,United Kingdom
1839,16607,Daniel Escobar,daniel359@example.org,F,Silver,2025-07-25,Margaretberg,United Kingdom
1860,13741,Cheryl Baird,cheryl144@example.com,F,Silver,2023-07-16,Port Alicia,United Kingdom
1877,17618,William Olson,william411@example.com,F,Silver,2021-05-11,Michaelmouth,United Kingdom
1882,16103,Eric Brooks,eric667@example.net,F,Silver,2023-02-20,North Ariana,United Kingdom
1931,15923,Jason Jones,jason203@example.com,F,Silver,2022-06-20,East Alexandershire,United Kingdom
1955,13226,Douglas Roberts,douglas260@example.com,F,Silver,2023-02-14,Ryanfort,United Kingdom
1963,17430,Anna Barnett,anna610@example.org,F,Silver,2023-08-17,Lake Teresahaven,United Kingdom
1977,14304,Jasmine Kane,jasmine322@example.org,F,Silver,2022-02-09,Lake Stevenhaven,United Kingdom
2094,15405,Gloria Gomez,gloria679@example.org,F,Silver,2022-08-08,Port Loriport,United Kingdom
2149,14434,Stephanie Foster,stephanie100@example.com,F,Silver,2022-01-20,Bradfordland,United Kingdom
2182,17035,Troy Odom,troy685@example.org,F,Silver,2020-11-08,East Kelly,United Kingdom
2222,12360,William Hickman,william415@example.com,M,Bronze,2022-04-12,East Donaldhaven,Austria
2264,12562,Daniel Parrish,daniel839@example.com,M,Bronze,2022-04-14,Hernandezshire,France
2284,12497,Robert Craig MD,robert452@example.net,M,Bronze,2023-05-27,West Krystalbury,Germany
2289,12668,Dawn Mcintosh,dawn563@example.net,M,Bronze,2024-01-03,Rodriguezchester,Germany
2339,12457,Austin Cameron,austin837@example.net,M,Bronze,2025-06-16,North Allisonstad,Switzerland
2411,15484,Emily Barker,emily991@example.org,M,Bronze,2024-04-27,West Michelleview,United Kingdom
2441,16835,James Wagner,james527@example.org,M,Bronze,2021-09-29,Douglasfort,United Kingdom
2447,17742,Jamie Marquez,jamie260@example.org,M,Bronze,2021-06-03,East Jamie,United Kingdom
2585,15000,Jorge Day,jorge256@example.com,M,Bronze,2025-03-07,Port Marystad,United Kingdom
2638,16912,Lisa Burgess,lisa172@example.org,M,Bronze,2021-10-28,Alexandrialand,United Kingdom
2683,13494,William Moody,william590@example.org,M,Bronze,2025-02-26,West Todd,United Kingdom
2706,15569,Brett Kane,brett231@example.net,M,Bronze,2025-08-03,Garciaview,United Kingdom
2717,13050,Tyler Arellano,tyler162@example.org,M,Bronze,2021-05-21,Ramosville,United Kingdom
2748,13309,Cynthia Bryant,cynthia726@example.org,M,Bronze,2024-07-06,East Lisa,United Kingdom
2763,15808,Jorge Holt,jorge974@example.com,M,Bronze,2021-03-04,Alexandermouth,United Kingdom
2791,15471,Larry Lee,larry308@example.net,M,Bronze,2024-05-11,South Matthew,United Kingdom
2792,14688,Lisa Fleming,lisa462@example.net,M,Bronze,2022-11-03,South Catherine,United Kingdom
2823,16367,Crystal Erickson,crystal728@example.com,M,Bronze,2022-01-25,South Cynthia,United Kingdom
2851,13799,James Norton,james137@example.net,M,Bronze,2021-08-26,New Aaronmouth,United Kingdom
2954,14193,Kaitlyn Cook,kaitlyn355@example.org,M,Bronze,2024-06-03,Joseport,United Kingdom
3016,15812,Michael Moyer,michael347@example.com,M,Bronze,2023-07-01,Cunninghammouth,United Kingdom
3033,17400,Todd Terry,todd837@example.org,M,Bronze,2022-01-27,Port Katrinamouth,United Kingdom
3152,14886,Carl Williams,carl693@example.net,M,Bronze,2025-06-26,Davisville,United Kingdom
3172,15280,Scott Henson,scott470@example.com,M,Bronze,2020-11-11,West Adamfort,United Kingdom
3183,17262,Kristina Reynolds,kristina291@example.org,M,Bronze,2025-10-09,Whitemouth,United Kingdom
3187,15215,Nicholas Coleman,nicholas123@example.net,M,Bronze,2024-12-07,Lindseyhaven,United Kingdom
3211,14389,Erica Valencia,erica683@example.org,M,Bronze,2023-10-07,Charlenefort,United Kingdom
3215,13884,Veronica Good,veronica710@example.com,M,Bronze,2024-01-22,North David,United Kingdom
3216,16626,Sharon Bailey MD,sharon341@example.com,M,Bronze,2025-09-26,Lake Jessicaberg,United Kingdom
3283,16567,Brian Baker,brian293@example.com,M,Bronze,2021-05-05,Lake Davidside,United Kingdom
3310,13097,Samantha Miller,samantha217@example.org,M,Bronze,2024-04-08,Collinsville,United Kingdom
3335,15355,Miss Samantha Jones,miss873@example.net,M,Bronze,2023-06-15,Port John,United Kingdom
3518,12753,Scott Tucker,scott378@example.com,M,Gold,2023-02-14,East Lisa,Japan
3561,16919,Rose Hernandez,rose204@example.net,M,Gold,2020-12-18,South Allison,United Kingdom
3634,14836,Rhonda Martin,rhonda545@example.org,M,Gold,2023-10-13,West Ruthborough,United Kingdom
3653,13319,Jessica French,jessica563@example.org,M,Gold,2021-10-27,East Christopher,United Kingdom
3698,14150,Rodney Edwards,rodney125@example.com,M,Gold,2025-04-11,East Kirsten,United Kingdom
3726,14156,James Coleman,james966@example.com,M,Silver,2023-10-22,South Elizabeth,EIRE
3750,12738,Adam Gates,adam588@example.com,M,Silver,2022-07-11,West Stephanie,Germany
3768,12425,John Swanson,john285@example.net,M,Silver,2025-05-12,New Bradley,Portugal
3776,12384,Megan Leach,megan118@example.org,M,Silver,2021-04-10,Jonesstad,Switzerland
3847,13127,Jennifer Snyder,jennifer394@example.net,M,Silver,2025-07-22,Lindsayberg,United Kingdom
3888,15874,Joseph Carpenter,joseph745@example.com,M,Silver,2022-03-08,East Dana,United Kingdom
3985,15602,Ann Meyer,ann515@example.org,M,Silver,2024-01-06,North Michaelchester,United Kingdom
4001,13160,Kathy Long,kathy367@example.org,M,Silver,2022-01-14,Mauriceview,United Kingdom
4135,16685,Carl Hurst,carl335@example.net,M,Silver,2024-12-01,East Nancy,United Kingdom
39,12589,Jim Bell,jim527@example.net,F,Bronze,2023-11-02,Smithview,France
97,12398,John Baker,john332@example.net,F,Bronze,2024-03-03,New Christopher,Switzerland
144,14048,Shane Pena,shane588@example.org,F,Bronze,2025-06-09,West Michael,United Kingdom
164,17730,Carol Miller,carol717@example.net,F,Bronze,2021-04-07,Lake Kristinastad,United Kingdom
180,14974,Chelsey Lin,chelsey537@example.org,F,Bronze,2023-11-28,Rebeccachester,United Kingdom
311,14953,Joseph Burton,joseph946@example.org,F,Bronze,2020-12-13,New Jacquelineborough,United Kingdom
344,17420,Frank Tapia,frank757@example.net,F,Bronze,2024-07-03,Lake Carla,United Kingdom
346,15605,Anna West,anna351@example.net,F,Bronze,2023-09-10,Tuckershire,United Kingdom
370,15269,Stephanie Hansen,stephanie684@example.com,F,Bronze,2022-01-29,Nguyenside,United Kingdom
411,15724,Shane House,shane225@example.com,F,Bronze,2021-08-04,New Brianland,United Kingdom
522,16048,Nathan Lopez,nathan151@example.com,F,Bronze,2025-06-22,South William,United Kingdom
616,13238,Jacob Fisher,jacob770@example.com,F,Bronze,2023-04-27,Princeberg,United Kingdom
619,14976,Rhonda Hayes,rhonda299@example.net,F,Bronze,2025-01-06,Harrisbury,United Kingdom
658,15899,Brandon Allen,brandon838@example.com,F,Bronze,2023-02-28,Port Apriltown,United Kingdom
674,13517,Allen Bolton,allen815@example.com,F,Bronze,2023-05-03,Kimberlyshire,United Kingdom
884,17088,Melissa Phillips,melissa442@example.net,F,Bronze,2025-08-27,North Alejandramouth,United Kingdom
890,17233,Janet Jones,janet215@example.net,F,Bronze,2025-02-11,North Allisonborough,United Kingdom
951,13579,Deanna Martin,deanna344@example.net,F,Bronze,2023-08-22,Schmidtland,United Kingdom
998,15578,Shaun Williams,shaun308@example.com,F,Bronze,2023-11-23,South Jasonside,United Kingdom
1019,16770,Lauren Carter,lauren282@example.net,F,Bronze,2021-09-25,West Lisaberg,United Kingdom
1049,13870,Tiffany Hull,tiffany493@example.com,F,Bronze,2023-09-20,Thomasberg,United Kingdom
1078,13636,Carla Shaffer,carla599@example.org,F,Bronze,2021-08-14,Douglasbury,United Kingdom
1139,15505,Adam Miller,adam994@example.org,F,Bronze,2023-05-23,East Kyle,United Kingdom
1166,14317,Melinda Kelly,melinda177@example.org,F,Bronze,2022-10-31,Greenefurt,United Kingdom
1167,13193,Jason Booth,jason738@example.net,F,Bronze,2025-07-24,West Timothy,United Kingdom
1186,16227,Lisa Carlson,lisa485@example.com,F,Bronze,2020-12-30,Bellchester,United Kingdom
1220,17148,Joseph Joyce,joseph736@example.com,F,Bronze,2024-01-20,Maytown,United Kingdom
1227,13199,Jeffrey Morse,jeffrey683@example.org,F,Bronze,2021-11-16,New Justin,United Kingdom
1260,16217,Amy Zhang,amy121@example.com,F,Bronze,2024-10-12,Port Katherine,United Kingdom
1396,12948,Craig Moss,craig618@example.net,F,Gold,2022-09-02,South Susan,United Kingdom
1417,15550,Barbara Pacheco,barbara703@example.net,F,Gold,2025-08-03,Bryanborough,United Kingdom
1464,14723,Jose Martinez,jose963@example.org,F,Gold,2021-01-21,Juanmouth,United Kingdom
1495,15320,Scott King,scott502@example.com,F,Gold,2025-08-23,Jessicabury,United Kingdom
1502,13819,Dr. Laura Rush,dr756@example.net,F,Gold,2024-11-07,Lake Raymond,United Kingdom
1504,13307,Travis Gonzalez,travis694@example.com,F,Gold,2021-08-18,Josephhaven,United Kingdom
1532,16960,Jack Riley,jack197@example.org,F,Gold,2024-07-14,Lake Nancy,United Kingdom
1568,14442,Mary Phelps,mary994@example.com,F,Silver,2021-12-04,Lake Jeffrey,Channel Islands
1649,17110,Gregory Robles,gregory587@example.org,F,Silver,2022-10-02,West Allen,United Kingdom
1652,14710,Justin Morrow,justin454@example.com,F,Silver,2022-12-08,East Nancybury,United Kingdom
1666,13638,Jeff Hudson,jeff266@example.net,F,Silver,2022-06-22,Kaylahaven,United Kingdom
1720,13668,Jeff Hess,jeff158@example.net,F,Silver,2023-04-11,Lake Catherine,United Kingdom
1751,16392,Jessica Schmidt,jessica510@example.org,F,Silver,2023-10-12,South Sheila,United Kingdom
1836,13673,Kenneth Hart,kenneth954@example.com,F,Silver,2024-07-07,Joannaland,United Kingdom
1847,18150,Heather Russell,heather139@example.net,F,Silver,2022-04-05,Lake James,United Kingdom
1901,18016,Amber Williams,amber843@example.org,F,Silver,2020-12-28,Lewismouth,United Kingdom
2121,13747,Emily Burns,emily733@example.net,F,Silver,2022-02-20,North Stephanie,United Kingdom
2227,12353,Christopher Mcdonald,christopher574@example.org,M,Bronze,2023-11-19,Mejiafurt,Bahrain
2261,12657,Christopher Long,christopher806@example.net,M,Bronze,2024-05-01,New Deborah,France
2383,16270,Jason Myers,jason202@example.org,M,Bronze,2022-04-18,Andersonmouth,United Kingdom
2439,16953,Christopher Aguilar,christopher964@example.net,M,Bronze,2021-04-17,Shawnburgh,United Kingdom
2535,16516,Anthony Lane,anthony167@example.org,M,Bronze,2024-03-24,Clarkchester,United Kingdom
2536,15720,Angela Mccormick,angela396@example.com,M,Bronze,2022-05-30,Christinafort,United Kingdom
2545,16419,Kristen Chung,kristen418@example.org,M,Bronze,2025-03-25,North Melissachester,United Kingdom
2547,15129,Donna Garza,donna245@example.net,M,Bronze,2024-08-03,South Rickyport,United Kingdom
2564,15628,Martha David,martha576@example.com,M,Bronze,2024-03-13,Adamtown,United Kingdom
2592,14101,David Harris,david365@example.org,M,Bronze,2022-11-02,West Alexandrachester,United Kingdom
2732,15399,Wesley Farley,wesley142@example.com,M,Bronze,2021-11-27,Gibsonville,United Kingdom
2757,13500,Juan Lewis,juan859@example.net,M,Bronze,2025-02-06,West Nicholasfort,United Kingdom
2797,17007,Vincent Black,vincent911@example.com,M,Bronze,2025-07-29,West Andrew,United Kingdom
2935,12997,Megan Carpenter,megan792@example.org,M,Bronze,2021-06-11,Davidchester,United Kingdom
2999,16101,Mrs. Nancy Wheeler,mrs281@example.net,M,Bronze,2021-07-06,Ashleyview,United Kingdom
3053,13822,Gerald Peterson,gerald154@example.org,M,Bronze,2024-11-26,Port Lindaville,United Kingdom
3097,15576,Nicholas Murphy,nicholas791@example.org,M,Bronze,2025-07-15,South William,United Kingdom
3154,14551,Shawn Wilson,shawn859@example.com,M,Bronze,2020-12-07,New Saraville,United Kingdom
3170,13417,Kathy Rivera,kathy879@example.net,M,Bronze,2021-09-09,Jessicashire,United Kingdom
3179,15567,Carol Dillon,carol995@example.org,M,Bronze,2021-06-27,Adrianland,United Kingdom
3232,13963,Melissa Gardner,melissa538@example.com,M,Bronze,2022-01-15,Fryemouth,United Kingdom
3249,14862,Theresa Thompson,theresa805@example.org,M,Bronze,2024-01-06,East Aprilton,United Kingdom
3276,17566,Alexis Fletcher,alexis920@example.net,M,Bronze,2022-08-03,Francisstad,United Kingdom
3337,15368,Vincent Johnson,vincent866@example.org,M,Bronze,2025-02-15,Lake Markfort,United Kingdom
3343,14737,Linda Oliver,linda203@example.com,M,Bronze,2023-02-13,Lake Austin,United Kingdom
3376,17330,James Marshall,james999@example.com,M,Bronze,2024-09-02,Marshmouth,United Kingdom
3407,18141,Megan Quinn,megan830@example.com,M,Bronze,2024-05-03,Jonesborough,United Kingdom
3612,13169,Michael Smith,michael194@example.net,M,Gold,2023-11-29,Port Donna,United Kingdom
3678,16659,Nathaniel Bradley,nathaniel223@example.com,M,Gold,2021-11-10,Campbellchester,United Kingdom
3708,13867,Crystal Williams,crystal493@example.com,M,Gold,2022-06-13,Port Jaredberg,United Kingdom
3853,13951,Hannah Greene,hannah415@example.com,M,Silver,2024-05-19,Markfurt,United Kingdom
3875,13062,Nicolas Davis,nicolas634@example.net,M,Silver,2021-11-14,New Sabrina,United Kingdom
3907,18202,Tracy Johnson,tracy747@example.net,M,Silver,2020-12-30,North Brooke,United Kingdom
3934,14818,Tammy Frazier,tammy282@example.com,M,Silver,2025-01-25,North Nicole,United Kingdom
3984,17796,Natasha Morris,natasha970@example.com,M,Silver,2023-01-16,South Cassandra,United Kingdom
3996,16076,Marcus Williams,marcus368@example.org,M,Silver,2024-11-18,Wrightmouth,United Kingdom
4040,17573,Crystal Webb MD,crystal428@example.org,M,Silver,2022-04-23,East April,United Kingdom
4108,15592,Todd Francis,todd889@example.net,M,Silver,2024-03-16,Port Richardport,United Kingdom
4143,14854,Brandon Anderson,brandon599@example.net,M,Silver,2021-10-09,Allenville,United Kingdom
4176,16688,Jared Nielsen,jared201@example.com,M,Silver,2024-05-19,Noahton,United Kingdom
4231,17692,Cassandra Hampton,cassandra960@example.org,M,Silver,2021-09-03,Molinachester,United Kingdom
4242,12841,Taylor Walsh,taylor727@example.net,M,Silver,2023-06-13,West Sheila,United Kingdom
3,12379,Christine Whitney,christine193@example.com,F,Bronze,2022-04-25,North Richard,Belgium
7,12408,Ian Pham II,ian268@example.org,F,Bronze,2022-09-25,Cantuland,Belgium
110,17861,Beth Wright,beth563@example.com,F,Bronze,2025-01-28,Pattersonchester,United Kingdom
121,15668,Michael Johnson,michael223@example.org,F,Bronze,2021-11-27,Marquezview,United Kingdom
166,17165,Diana Jackson,diana379@example.org,F,Bronze,2022-10-22,West Sarahside,United Kingdom
190,13934,Gary Jackson,gary406@example.net,F,Bronze,2025-05-31,Kennethstad,United Kingdom
196,13218,Caleb Mckenzie,caleb772@example.com,F,Bronze,2023-01-02,West Kevin,United Kingdom
283,16272,Robert Hartman,robert544@example.org,F,Bronze,2022-06-26,Baldwintown,United Kingdom
354,14738,Christina Nelson,christina948@example.net,F,Bronze,2023-07-22,Ambertown,United Kingdom
394,13308,Christopher Acosta,christopher892@example.org,F,Bronze,2022-06-22,South Brandy,United Kingdom
412,14056,Mitchell Moore,mitchell928@example.com,F,Bronze,2021-05-27,West Grantmouth,United Kingdom
475,15358,Bryan Hernandez,bryan308@example.net,F,Bronze,2024-07-23,Mckenziebury,United Kingdom
482,17644,Amber Gonzalez,amber592@example.net,F,Bronze,2022-11-11,Evansberg,United Kingdom
637,14971,Sarah Shaffer,sarah868@example.net,F,Bronze,2020-12-06,Rhondatown,United Kingdom
878,13425,Brent Hanson,brent347@example.net,F,Bronze,2021-12-23,Stevenmouth,United Kingdom
891,13532,Elaine Miller,elaine771@example.org,F,Bronze,2021-07-02,West Ryanland,United Kingdom
899,18204,Nichole Taylor,nichole300@example.net,F,Bronze,2021-01-15,West Krystal,United Kingdom
1259,14631,Tonya Brown,tonya366@example.net,F,Bronze,2023-10-16,East Andrew,United Kingdom
1358,12795,Andrew Brewer,andrew865@example.net,F,Gold,2022-08-06,Davidland,Portugal
1371,17030,Megan Gibson,megan498@example.org,F,Gold,2023-01-15,Schmidtmouth,United Kingdom
1376,12951,Heidi Davis,heidi535@example.com,F,Gold,2024-08-21,North Charles,United Kingdom
1389,13192,William Best,william422@example.org,F,Gold,2024-05-12,North Darryl,United Kingdom
1418,17715,Brian Butler,brian322@example.net,F,Gold,2024-11-25,Melindafort,United Kingdom
1424,13752,Krista Sanchez,krista342@example.net,F,Gold,2023-01-26,Cardenashaven,United Kingdom
1475,16828,Adam Berry,adam939@example.net,F,Gold,2021-06-07,Gilbertville,United Kingdom
1554,15237,Tara Johnson,tara673@example.com,F,Gold,2022-02-22,East Amyview,United Kingdom
1571,12365,Christina Velazquez,christina251@example.com,F,Silver,2025-10-01,Lake Cory,Cyprus
1635,16418,Christina Williams,christina716@example.org,F,Silver,2021-04-24,South Melodyport,United Kingdom
1643,15988,Michael Maxwell,michael460@example.org,F,Silver,2025-07-01,West Katherine,United Kingdom
1722,13823,Jennifer Martinez,jennifer704@example.net,F,Silver,2024-03-01,Gregoryfort,United Kingdom
1773,12945,Beverly Roberts,beverly133@example.net,F,Silver,2024-06-10,New Markmouth,United Kingdom
1990,18146,Jack Rivers,jack808@example.org,F,Silver,2022-10-16,East Emily,United Kingdom
2014,17019,Cynthia Ferguson,cynthia778@example.net,F,Silver,2024-08-25,Byrdview,United Kingdom
2195,15023,Dr. Deborah Adams,dr942@example.com,F,Silver,2023-05-09,Jeffreystad,United Kingdom
2246,12375,Gabriel Smith,gabriel800@example.org,M,Bronze,2025-09-06,West Reginald,Finland
2273,12684,Clayton Davis,clayton212@example.org,M,Bronze,2020-11-26,Luistown,France
2278,12605,Jimmy Goodman,jimmy579@example.net,M,Bronze,2023-07-25,Chadstad,Germany
2394,16790,William Torres,william232@example.com,M,Bronze,2022-05-19,Andrewview,United Kingdom
2449,13168,Shannon Obrien,shannon153@example.net,M,Bronze,2024-02-20,South John,United Kingdom
2462,13291,Luke Cherry,luke203@example.net,M,Bronze,2023-10-23,West Jordan,United Kingdom
2475,17669,Tiffany Coffey,tiffany539@example.net,M,Bronze,2021-12-22,Robertsbury,United Kingdom
2561,14929,Sharon Carroll,sharon474@example.com,M,Bronze,2022-09-27,Robinsonton,United Kingdom
2721,16145,Cassandra Page,cassandra454@example.net,M,Bronze,2021-03-17,Haleville,United Kingdom
2740,13715,Denise Lewis,denise125@example.com,M,Bronze,2023-10-12,Colefort,United Kingdom
2837,14034,Ernest Bowman,ernest567@example.org,M,Bronze,2025-06-02,East Janetside,United Kingdom
2839,16160,Ronald Hale,ronald413@example.com,M,Bronze,2023-01-06,South Markfurt,United Kingdom
2868,14256,Anthony Jacobs,anthony252@example.net,M,Bronze,2022-09-22,Barnesfort,United Kingdom
2989,13427,Christopher Walker,christopher170@example.org,M,Bronze,2023-05-03,Lake Madison,United Kingdom
3032,13487,Patrick Harris,patrick922@example.org,M,Bronze,2023-01-12,East Jodyland,United Kingdom
3094,15978,Patricia Benjamin,patricia761@example.com,M,Bronze,2023-10-13,Richardchester,United Kingdom
3156,13514,Albert Figueroa,albert126@example.net,M,Bronze,2024-05-07,North David,United Kingdom
3227,13083,John York,john187@example.com,M,Bronze,2024-04-08,Hallstad,United Kingdom
3245,15625,Adam Rubio,adam821@example.org,M,Bronze,2025-10-31,Kellyburgh,United Kingdom
3288,15226,Margaret Daniels,margaret687@example.net,M,Bronze,2022-08-19,Port Michaelstad,United Kingdom
3320,12909,Caitlin Miller,caitlin783@example.org,M,Bronze,2020-12-16,South Dylanfort,United Kingdom
3333,13348,Christopher Smith,christopher412@example.org,M,Bronze,2024-04-27,East Kathleen,United Kingdom
3338,13428,Dr. Timothy Goodwin,dr268@example.com,M,Bronze,2022-03-30,Jasonton,United Kingdom
3350,14351,Trevor Mercado,trevor267@example.com,M,Bronze,2021-12-05,Barnesport,United Kingdom
3367,14620,Robin Taylor,robin104@example.com,M,Bronze,2025-05-01,Austinbury,United Kingdom
3449,15713,Daniel Daniels,daniel153@example.com,M,Bronze,2022-12-08,Port Christopher,United Kingdom
3489,15755,Jerry Cooper,jerry675@example.com,M,Bronze,2022-08-18,Claytonberg,United Kingdom
3535,16727,Nicholas Wong,nicholas837@example.com,M,Gold,2021-11-26,New Georgeland,United Kingdom
3543,15174,Michael Espinoza,michael260@example.net,M,Gold,2023-08-12,Lake Stevenview,United Kingdom
3587,15125,Peter Smith,peter343@example.org,M,Gold,2025-01-11,Lake Amanda,United Kingdom
3854,17499,James Howell,james937@example.org,M,Silver,2024-04-23,Watkinsfurt,United Kingdom
3865,14758,Christopher Hill,christopher415@example.org,M,Silver,2021-09-18,Peggybury,United Kingdom
3905,13198,Mark Stein,mark105@example.org,M,Silver,2023-10-06,West Davidshire,United Kingdom
3906,17204,Joseph Taylor,joseph727@example.com,M,Silver,2021-12-07,North Taylorville,United Kingdom
3929,17001,Alejandro Wallace,alejandro450@example.net,M,Silver,2025-07-25,East Sarah,United Kingdom
3950,16527,Shannon Hawkins,shannon651@example.net,M,Silver,2024-03-18,Greenland,United Kingdom
3960,15264,Anthony Cherry,anthony658@example.com,M,Silver,2023-01-10,Port Dianastad,United Kingdom
3986,15973,David Wood,david171@example.com,M,Silver,2024-07-26,New Cassandra,United Kingdom
3994,14377,Kevin Wilkerson,kevin286@example.org,M,Silver,2024-07-04,North Andrew,United Kingdom
4004,13069,Kyle Golden,kyle441@example.org,M,Silver,2023-12-22,Port Sandraton,United Kingdom
4178,13727,William Aguilar,william152@example.com,M,Silver,2022-10-21,Jessicaview,United Kingdom
4183,13566,Jasmine Howard,jasmine126@example.org,M,Silver,2024-11-28,Lake William,United Kingdom
4251,15786,Anna Meza,anna182@example.org,M,Silver,2023-10-17,Lake Rose,United Kingdom
4284,17244,Scott Hines,scott901@example.org,M,Silver,2021-07-17,North Jessicamouth,United Kingdom
108,16303,Ashley Anderson,ashley586@example.com,F,Bronze,2020-11-03,East Danielmouth,United Kingdom
351,12826,Sara Hartman,sara637@example.com,F,Bronze,2023-10-04,Paulville,United Kingdom
406,14553,Benjamin Mclaughlin,benjamin741@example.org,F,Bronze,2023-01-11,Thomasbury,United Kingdom
468,14488,Kelly Martin,kelly528@example.org,F,Bronze,2024-09-25,Lake Travis,United Kingdom
520,17290,Michael Shaw,michael155@example.com,F,Bronze,2023-11-12,Juliahaven,United Kingdom
564,16536,Lawrence Clark,lawrence554@example.org,F,Bronze,2024-12-20,Johnsonhaven,United Kingdom
596,17516,Michelle Spencer,michelle806@example.org,F,Bronze,2024-06-13,West Katherine,United Kingdom
624,12852,Melinda Wells,melinda101@example.com,F,Bronze,2023-11-25,West Debrachester,United Kingdom
669,17063,Alan Smith,alan298@example.com,F,Bronze,2023-12-23,Morrisstad,United Kingdom
670,13341,Kimberly Roberts,kimberly737@example.org,F,Bronze,2024-04-14,Avilaside,United Kingdom
685,14047,Arthur Wilson,arthur800@example.com,F,Bronze,2024-10-02,North Laura,United Kingdom
720,17463,Ethan Rodriguez,ethan616@example.org,F,Bronze,2020-12-02,New Michaelport,United Kingdom
906,15860,Allen Hill,allen833@example.org,F,Bronze,2024-05-19,Jasonfurt,United Kingdom
908,14702,Earl Hunt,earl466@example.net,F,Bronze,2022-09-13,Cruzbury,United Kingdom
965,15214,Gregory Conner,gregory651@example.net,F,Bronze,2025-01-26,East Kevinland,United Kingdom
1050,17789,Lauren Padilla,lauren428@example.org,F,Bronze,2022-01-16,East John,United Kingdom
1074,13000,Justin Burnett,justin385@example.net,F,Bronze,2021-04-13,Lake Cathymouth,United Kingdom
1114,13375,Justin Bailey,justin577@example.org,F,Bronze,2021-08-11,Adammouth,United Kingdom
1132,15381,Erica Johnson,erica267@example.org,F,Bronze,2021-01-31,Gouldburgh,United Kingdom
1141,15297,Timothy Taylor,timothy671@example.net,F,Bronze,2021-06-29,West Jose,United Kingdom
1188,15069,Derek Shaw,derek577@example.org,F,Bronze,2024-03-06,South Christopherland,United Kingdom
1203,16317,Nicole Thomas,nicole626@example.org,F,Bronze,2021-11-09,New Adamland,United Kingdom
1211,16734,Charles Adams,charles140@example.org,F,Bronze,2022-04-28,Port Amyton,United Kingdom
1278,13615,Lauren Butler,lauren894@example.net,F,Bronze,2023-01-15,Port Jennifer,United Kingdom
1311,14493,Kelly Rodriguez,kelly598@example.com,F,Bronze,2021-02-23,Rosariomouth,United Kingdom
1332,18221,Laurie Ward,laurie311@example.net,F,Bronze,2021-08-10,Melissafort,United Kingdom
1338,16320,Courtney Turner,courtney758@example.net,F,Bronze,2023-04-12,Port Paula,Unspecified
1397,14852,Kyle Johnson,kyle887@example.com,F,Gold,2022-05-09,South Abigailstad,United Kingdom
1422,15867,Vincent Garrison,vincent272@example.org,F,Gold,2022-06-01,North Audrey,United Kingdom
1488,14409,Larry Cameron,larry656@example.org,F,Gold,2021-06-28,Sarachester,United Kingdom
1545,13571,Chelsea Walters,chelsea222@example.org,F,Gold,2023-01-27,Port Tami,United Kingdom
1572,12394,Mathew Holt,mathew829@example.com,F,Silver,2021-07-10,West Danabury,Denmark
1689,14259,Troy Ball,troy311@example.com,F,Silver,2024-04-18,Christinaland,United Kingdom
1695,16558,James Singh,james862@example.org,F,Silver,2023-03-04,South Kathleen,United Kingdom
1783,17011,Tanya Williams,tanya905@example.net,F,Silver,2022-10-17,Johnstonborough,United Kingdom
1805,15958,Dalton Black,dalton372@example.com,F,Silver,2025-04-15,Jeffreyside,United Kingdom
1814,13243,Allison Blake,allison538@example.com,F,Silver,2021-04-16,Gonzalezview,United Kingdom
1897,16542,William Richmond,william342@example.org,F,Silver,2020-11-09,Port Melissafort,United Kingdom
2022,17703,Samantha Larson DVM,samantha670@example.org,F,Silver,2021-07-31,Port Ruthview,United Kingdom
2250,12593,Ashley Larsen,ashley857@example.org,M,Bronze,2021-03-02,Michelleside,France
2326,12785,Frederick Newman,frederick324@example.com,M,Bronze,2025-10-25,Richardchester,Portugal
2343,12409,Dr. Sandra Peck,dr724@example.org,M,Bronze,2022-07-22,Andreaville,Switzerland
2396,16985,Andrew Gray,andrew712@example.net,M,Bronze,2025-08-25,Robertport,United Kingdom
2460,13384,Richard Pena,richard496@example.net,M,Bronze,2025-03-17,Seanland,United Kingdom
2471,15643,John Yang,john347@example.com,M,Bronze,2025-01-05,South Tracie,United Kingdom
2472,13476,Nicholas Benson,nicholas515@example.com,M,Bronze,2024-09-04,West Adamstad,United Kingdom
2579,17157,Tina Dodson,tina797@example.org,M,Bronze,2022-10-08,Andersonberg,United Kingdom
2594,17323,Judy Rice,judy834@example.com,M,Bronze,2025-04-09,Spencerburgh,United Kingdom
2650,16793,Rachel Soto,rachel970@example.org,M,Bronze,2021-11-20,New Maryview,United Kingdom
2725,13955,Erica Myers,erica830@example.org,M,Bronze,2022-06-23,Michaelstad,United Kingdom
2750,14403,Joyce Day,joyce545@example.net,M,Bronze,2023-08-23,North Billy,United Kingdom
2878,16712,Stephen Thornton,stephen467@example.com,M,Bronze,2023-11-25,Perkinsfurt,United Kingdom
2885,16910,Fred Castillo,fred904@example.net,M,Bronze,2023-10-22,Whitakerbury,United Kingdom
2968,15099,Holly Rogers,holly842@example.net,M,Bronze,2023-06-02,Emilyview,United Kingdom
3000,13352,Manuel Medina,manuel123@example.org,M,Bronze,2021-06-21,West Joel,United Kingdom
3159,13467,Michael Hernandez,michael646@example.org,M,Bronze,2025-09-21,New Emmaside,United Kingdom
3165,15257,Jeremy Mcdaniel,jeremy221@example.org,M,Bronze,2021-08-16,Robinsonhaven,United Kingdom
3166,15622,Laura Vaughn,laura318@example.org,M,Bronze,2023-01-26,West Thomas,United Kingdom
3196,12930,Gabrielle Peters,gabrielle592@example.com,M,Bronze,2025-02-24,East Danielle,United Kingdom
3387,16771,Michelle Mckinney,michelle888@example.org,M,Bronze,2021-03-21,Masonburgh,United Kingdom
3438,17631,Charles Wood,charles113@example.net,M,Bronze,2020-12-08,Lake Johnchester,United Kingdom
3439,15333,Garrett Jones,garrett149@example.net,M,Bronze,2023-02-25,East Cassandraborough,United Kingdom
3442,18127,Dennis Brown,dennis774@example.com,M,Bronze,2021-12-27,Lamchester,United Kingdom
3486,14209,Ms. Linda Barry MD,ms889@example.com,M,Bronze,2024-12-18,Gatesmouth,United Kingdom
3591,14598,Daniel Scott,daniel990@example.net,M,Gold,2025-04-27,Simmonsside,United Kingdom
3652,13739,Timothy Oneill,timothy316@example.com,M,Gold,2021-08-19,East Codytown,United Kingdom
3707,17725,Kevin Adams,kevin955@example.com,M,Gold,2022-01-30,Lake Sarah,United Kingdom
3734,12726,Jeffery Hernandez,jeffery633@example.net,M,Silver,2023-04-07,Roblesland,France
3747,13812,Candice Morrison,candice615@example.com,M,Silver,2023-01-31,Deborahmouth,Germany
3761,12754,Christine Smith,christine772@example.org,M,Silver,2025-01-28,Smallmouth,Japan
3792,17548,Jessica Davis,jessica138@example.com,M,Silver,2022-08-24,Taylorstad,United Kingdom
3881,15224,Mr. Ronald Barnes,mr910@example.com,M,Silver,2020-11-22,Thompsonshire,United Kingdom
3924,16218,Wanda Quinn,wanda717@example.org,M,Silver,2025-11-01,New Jessica,United Kingdom
4007,18078,Mary Cruz,mary546@example.org,M,Silver,2022-09-25,West Peterhaven,United Kingdom
4018,17155,Holly Nixon,holly402@example.org,M,Silver,2023-01-01,Barbaramouth,United Kingdom
4083,14198,Joyce Orozco,joyce806@example.com,M,Silver,2021-11-20,Potterstad,United Kingdom
4170,17704,Cynthia Adams,cynthia164@example.net,M,Silver,2022-11-07,Whitakerchester,United Kingdom
4222,15053,Jeremy Reyes,jeremy964@example.com,M,Silver,2023-05-22,Port Kevin,United Kingdom
4319,13859,Denise Peters,denise118@example.net,M,Silver,2023-02-15,North Vickiport,United Kingdom
4355,18246,Andrew Perry,andrew620@example.org,M,Silver,2023-01-22,Aprilfurt,United Kingdom
66,12798,Michael Chandler,michael179@example.net,F,Bronze,2024-05-13,Port Hannahstad,Japan
69,12381,Brett Smith,brett457@example.net,F,Bronze,2021-06-15,Williamsshire,Norway
142,13898,Joan Salinas,joan385@example.org,F,Bronze,2023-01-05,South Patrick,United Kingdom
253,15105,Amy Bowen,amy519@example.net,F,Bronze,2023-03-09,Hendersonmouth,United Kingdom
256,16629,Austin Wilson,austin410@example.org,F,Bronze,2021-07-08,South Emma,United Kingdom
260,12952,Jennifer Mcfarland,jennifer475@example.com,F,Bronze,2025-07-06,Patrickport,United Kingdom
268,16233,Robert Cunningham,robert432@example.net,F,Bronze,2021-07-03,Obrienbury,United Kingdom
325,14544,Emily Perez,emily718@example.com,F,Bronze,2023-01-08,Port Jennifertown,United Kingdom
341,14109,Daniel Hall,daniel805@example.net,F,Bronze,2023-09-28,West Cindyville,United Kingdom
388,16623,Alejandro Scott,alejandro919@example.org,F,Bronze,2024-09-13,Charlesborough,United Kingdom
454,15468,Amy Davis,amy782@example.org,F,Bronze,2024-01-15,North Benjamin,United Kingdom
687,17406,Keith Dominguez,keith423@example.net,F,Bronze,2023-05-09,Mejiaville,United Kingdom
740,16720,Christine Craig,christine982@example.com,F,Bronze,2021-07-26,West Donnaville,United Kingdom
773,13266,Megan Lee,megan214@example.org,F,Bronze,2025-10-21,Hayesstad,United Kingdom
893,17392,Kimberly Cummings,kimberly782@example.org,F,Bronze,2021-05-05,North Christianchester,United Kingdom
914,18196,Jocelyn Simmons,jocelyn100@example.net,F,Bronze,2024-08-15,Stevenmouth,United Kingdom
966,15225,Mr. Kenneth Warren,mr926@example.org,F,Bronze,2025-07-29,Fullerbury,United Kingdom
1031,17562,Christian Bowen,christian297@example.org,F,Bronze,2023-04-30,Mariefurt,United Kingdom
1075,18245,Gregory Jimenez,gregory999@example.com,F,Bronze,2024-01-27,Port Jay,United Kingdom
1088,15124,Christine Simpson,christine267@example.com,F,Bronze,2020-12-21,Dianeland,United Kingdom
1218,13806,Julie Jones,julie884@example.com,F,Bronze,2023-10-02,North Joshua,United Kingdom
1224,15646,Joseph Baker,joseph115@example.org,F,Bronze,2025-09-04,Susanfort,United Kingdom
1289,15232,Darlene Vasquez,darlene484@example.com,F,Bronze,2024-11-13,Courtneyside,United Kingdom
1347,12553,Krista Thomas,krista494@example.com,F,Gold,2022-07-10,Michaelfort,France
1378,16149,David Thompson,david290@example.org,F,Gold,2022-04-24,East Ronald,United Kingdom
1434,13136,Jose Hunt,jose762@example.com,F,Gold,2023-03-10,Matthewland,United Kingdom
1438,14687,Bernard Rice,bernard286@example.net,F,Gold,2025-07-18,Lake Mariefort,United Kingdom
1449,14099,Ronald Hernandez,ronald310@example.org,F,Gold,2023-05-05,Watsonview,United Kingdom
1484,17297,Judith Calderon,judith668@example.com,F,Gold,2021-02-09,South Jo,United Kingdom
1522,14525,Brent Ramos,brent888@example.com,F,Gold,2023-02-19,East Kenneth,United Kingdom
1596,12569,Priscilla Davis,priscilla564@example.org,F,Silver,2024-05-21,Loweton,Germany
1599,12527,Matthew Brown,matthew516@example.net,F,Silver,2022-08-14,North Jeffreyfurt,Germany
1671,15210,Duane Fisher,duane951@example.net,F,Silver,2024-01-01,Saraberg,United Kingdom
1704,17140,Stephanie Roberts,stephanie864@example.com,F,Silver,2025-10-29,Bradyport,United Kingdom
1708,15834,Christine Chen,christine908@example.net,F,Silver,2024-03-13,Nancytown,United Kingdom
1712,15027,Hannah Lang,hannah635@example.com,F,Silver,2022-10-12,Wrightburgh,United Kingdom
1820,14080,Ashley Graham,ashley302@example.org,F,Silver,2024-09-03,Huynhland,United Kingdom
1861,14285,Edward Lewis,edward753@example.net,F,Silver,2024-02-08,Erikaton,United Kingdom
1892,15737,Karen Kent,karen471@example.net,F,Silver,2025-03-19,New Andrewmouth,United Kingdom
1920,18096,Mackenzie Romero,mackenzie488@example.net,F,Silver,2025-06-29,Yeseniatown,United Kingdom
1947,17438,Thomas Ortiz,thomas584@example.org,F,Silver,2023-12-04,North Aaron,United Kingdom
1951,16774,Matthew Anthony,matthew210@example.com,F,Silver,2024-10-24,Lake Scottmouth,United Kingdom
1988,15367,Tara Dudley,tara834@example.net,F,Silver,2024-12-09,Darrenhaven,United Kingdom
2003,13077,Kathryn Brewer,kathryn417@example.com,F,Silver,2023-06-10,Kevinfurt,United Kingdom
2060,16533,Cassandra Willis,cassandra881@example.net,F,Silver,2021-11-06,Wilsonbury,United Kingdom
2167,15651,Courtney Harper,courtney872@example.com,F,Silver,2023-09-09,West Daniel,United Kingdom
2175,13882,Marvin Castillo,marvin491@example.com,F,Silver,2023-09-29,Wrightfort,United Kingdom
2213,13940,Mikayla Wright,mikayla506@example.net,F,Silver,2025-01-25,Mistyville,United Kingdom
2237,14930,Ryan Dunn,ryan995@example.net,M,Bronze,2025-03-21,Lake Breannahaven,Channel Islands
2240,12391,Michelle Vasquez,michelle842@example.net,M,Bronze,2021-06-09,New Robert,Cyprus
2247,12704,Kelly Lee,kelly269@example.com,M,Bronze,2024-05-02,Kathleenville,Finland
2299,12481,Jennifer Hill,jennifer725@example.net,M,Bronze,2021-07-18,North Alicia,Germany
2321,12444,Ian Freeman,ian825@example.com,M,Bronze,2021-06-19,Dawnberg,Norway
2336,12541,Caitlin Jones,caitlin966@example.org,M,Bronze,2021-05-12,North Jessica,Spain
2490,15732,Charles Nguyen,charles581@example.com,M,Bronze,2021-11-11,Katelynstad,United Kingdom
2503,13730,Jacob Washington,jacob148@example.org,M,Bronze,2022-07-09,Baileyfurt,United Kingdom
2644,15119,Kyle Warner,kyle722@example.org,M,Bronze,2025-10-26,East Jenniferville,United Kingdom
2734,16284,Steven Schaefer,steven298@example.net,M,Bronze,2022-03-10,Veronicaview,United Kingdom
2923,16379,Michael Hall,michael351@example.com,M,Bronze,2021-05-23,North Davidside,United Kingdom
2960,17394,Maria Jones,maria510@example.net,M,Bronze,2022-04-05,New Tabitha,United Kingdom
2963,18160,Melissa Young,melissa619@example.org,M,Bronze,2024-10-20,New Carolyn,United Kingdom
3007,16168,Joanne Davis,joanne938@example.com,M,Bronze,2024-05-08,New Anita,United Kingdom
3030,13115,Michael Jackson,michael282@example.org,M,Bronze,2020-11-10,West Sarah,United Kingdom
3046,14360,Linda Hensley,linda968@example.com,M,Bronze,2025-01-30,Randytown,United Kingdom
3065,15944,Joseph Sellers,joseph695@example.com,M,Bronze,2023-11-20,Elizabethfurt,United Kingdom
3220,15935,Tina Schneider,tina984@example.net,M,Bronze,2025-06-18,New David,United Kingdom
3332,13639,Jordan Hammond,jordan359@example.org,M,Bronze,2025-08-21,South Paulaberg,United Kingdom
3684,14338,Lisa Shepard,lisa305@example.net,M,Gold,2021-10-15,North Michael,United Kingdom
3855,14267,Rebekah Carrillo,rebekah820@example.net,M,Silver,2023-03-11,North Michael,United Kingdom
3918,18084,Darryl Sanders,darryl312@example.net,M,Silver,2024-12-30,Josephborough,United Kingdom
3943,13931,Troy Lamb,troy430@example.org,M,Silver,2025-01-16,Port Ryan,United Kingdom
3945,18220,Kimberly Thompson,kimberly368@example.net,M,Silver,2021-11-29,Mooremouth,United Kingdom
3990,15522,Robert Hutchinson,robert200@example.com,M,Silver,2024-11-05,North Michaelville,United Kingdom
4051,16370,Melissa Robertson,melissa424@example.net,M,Silver,2025-01-01,Johnberg,United Kingdom
4067,17073,Katherine Melton,katherine213@example.org,M,Silver,2023-03-22,South Derrickberg,United Kingdom
4076,13211,Robert Montgomery,robert395@example.org,M,Silver,2022-12-19,New Sarah,United Kingdom
4103,15206,Melissa Massey,melissa774@example.net,M,Silver,2021-01-13,Port Cynthia,United Kingdom
118,16308,Nicole Warren,nicole972@example.com,F,Bronze,2022-08-06,South Charlesfort,United Kingdom
141,13027,Steven Johnson,steven680@example.org,F,Bronze,2024-04-25,North Daniel,United Kingdom
160,15018,Terri Farmer,terri608@example.org,F,Bronze,2024-05-01,Laurieton,United Kingdom
176,14171,Shane Brown,shane719@example.com,F,Bronze,2024-06-19,New Brettfort,United Kingdom
298,17530,Allison Morris,allison786@example.org,F,Bronze,2020-12-05,West Elizabethhaven,United Kingdom
321,17722,Wanda Gibson,wanda780@example.com,F,Bronze,2024-02-09,Katherinechester,United Kingdom
337,14327,Cheryl Ramirez,cheryl845@example.com,F,Bronze,2024-11-07,Mooreland,United Kingdom
420,15130,Daniel Burch,daniel823@example.net,F,Bronze,2024-09-10,Keithport,United Kingdom
494,15344,Amy Kennedy,amy973@example.com,F,Bronze,2022-12-25,South Crystal,United Kingdom
500,13786,Chelsey Henry,chelsey679@example.net,F,Bronze,2024-11-03,Millerview,United Kingdom
525,16679,Amanda Castro,amanda717@example.org,F,Bronze,2024-02-10,New Yvette,United Kingdom
526,14057,David Garrison,david622@example.org,F,Bronze,2021-06-04,Port Blakefurt,United Kingdom
540,15136,Mark Wu,mark796@example.com,F,Bronze,2025-03-19,Fergusonburgh,United Kingdom
594,14035,Larry Reynolds,larry825@example.net,F,Bronze,2021-03-23,West Kevinberg,United Kingdom
613,14679,Javier Small,javier495@example.com,F,Bronze,2024-03-06,Wrightland,United Kingdom
621,14130,Michelle Leon,michelle164@example.net,F,Bronze,2021-11-01,Wilsonchester,United Kingdom
640,13117,Mary Duke,mary957@example.net,F,Bronze,2024-01-25,Port Matthew,United Kingdom
729,17429,Danny Hernandez,danny296@example.net,F,Bronze,2023-05-22,Michaelmouth,United Kingdom
739,14216,Rebecca Walker,rebecca516@example.org,F,Bronze,2024-02-05,Steeleburgh,United Kingdom
759,17451,Carl Moreno,carl287@example.net,F,Bronze,2022-12-27,Sanchezfurt,United Kingdom
809,16014,Terry Baxter,terry614@example.net,F,Bronze,2024-08-04,Port Christophermouth,United Kingdom
850,16110,Robert Lee,robert375@example.org,F,Bronze,2025-10-04,New Kimberlyshire,United Kingdom
872,17555,Barbara Wright,barbara574@example.com,F,Bronze,2024-01-28,Carlsonfort,United Kingdom
889,16340,Keith Estrada,keith707@example.org,F,Bronze,2023-04-03,Christopherbury,United Kingdom
947,12912,Chris Wood,chris348@example.org,F,Bronze,2024-10-01,North Sophiamouth,United Kingdom
992,17734,Eric Austin,eric739@example.net,F,Bronze,2024-11-07,Kathrynshire,United Kingdom
1010,14188,Leah Smith,leah554@example.com,F,Bronze,2021-12-22,Ochoaland,United Kingdom
1027,17864,Amber Hill,amber389@example.net,F,Bronze,2021-02-21,Ashleytown,United Kingdom
1039,15783,Lori Brown,lori382@example.net,F,Bronze,2021-03-07,Aguilarport,United Kingdom
1173,15379,Sara Nelson,sara205@example.org,F,Bronze,2023-04-28,West Michael,United Kingdom
1200,14176,Eileen Carlson,eileen529@example.net,F,Bronze,2022-02-14,Brittanystad,United Kingdom
1293,15458,John Howe,john710@example.net,F,Bronze,2021-01-24,Hillstad,United Kingdom
1353,12468,Jaime Rodriguez,jaime865@example.com,F,Gold,2022-08-15,Veronicaland,Germany
1405,15872,William Mosley,william496@example.com,F,Gold,2022-12-23,Port Carolynport,United Kingdom
1490,16515,Tom Mueller,tom772@example.net,F,Gold,2024-06-13,Diamondville,United Kingdom
1577,12573,Amy Collins,amy330@example.net,F,Silver,2024-11-26,Pattychester,France
1612,12432,Geoffrey Hudson,geoffrey970@example.org,F,Silver,2022-01-22,Lake Timothybury,Norway
1617,12744,Henry Watson,henry246@example.org,F,Silver,2025-03-17,Pennyton,Singapore
1624,12551,Kristina Carter,kristina725@example.com,F,Silver,2024-02-19,New Penny,Spain
1683,17189,Jorge Jones,jorge241@example.org,F,Silver,2024-04-22,West Amberton,United Kingdom
1769,13448,Amber Parker,amber491@example.org,F,Silver,2024-09-07,Mercerbury,United Kingdom
1902,16462,Allison Taylor,allison981@example.com,F,Silver,2021-01-18,Donaldtown,United Kingdom
1903,13544,Emily Williams,emily724@example.net,F,Silver,2024-05-15,South Donnatown,United Kingdom
2036,14755,Dylan Herrera,dylan243@example.org,F,Silver,2025-01-25,Poncehaven,United Kingdom
2082,15932,Tyler Davenport,tyler765@example.org,F,Silver,2025-01-17,North Dawnburgh,United Kingdom
2248,12651,Kimberly James,kimberly540@example.com,M,Bronze,2021-08-31,South Travisview,France
2319,12789,Susan Hall,susan568@example.com,M,Bronze,2024-07-15,South Alyssatown,Netherlands
2384,17376,Paul Harvey,paul901@example.org,M,Bronze,2022-03-26,East Tanya,United Kingdom
2386,12956,Hannah Lang,hannah291@example.org,M,Bronze,2022-09-30,Deannaborough,United Kingdom
2508,17712,Peggy Hanson,peggy140@example.org,M,Bronze,2022-06-17,Stewartside,United Kingdom
2522,17060,Daniel Palmer,daniel411@example.com,M,Bronze,2025-06-16,West Sierramouth,United Kingdom
2571,16496,Kristina Osborne,kristina990@example.com,M,Bronze,2021-01-30,Jordanport,United Kingdom
2591,16711,Tammy Ross,tammy753@example.org,M,Bronze,2023-06-28,Rebeccamouth,United Kingdom
2626,15565,Joy Kelly,joy431@example.org,M,Bronze,2022-04-04,Janiceview,United Kingdom
2666,13991,Samantha Mason,samantha430@example.net,M,Bronze,2021-08-15,Laurenport,United Kingdom
2679,12942,Cory Page,cory299@example.org,M,Bronze,2023-12-27,Port Rickyton,United Kingdom
2680,17988,Douglas Thomas,douglas171@example.com,M,Bronze,2024-06-07,Crossfort,United Kingdom
2690,17974,Larry Cummings,larry245@example.net,M,Bronze,2022-04-21,West Kathleenbury,United Kingdom
2979,12870,Jacob Richardson,jacob706@example.net,M,Bronze,2025-05-22,Cherylborough,United Kingdom
3011,16037,Colleen Brewer,colleen696@example.com,M,Bronze,2025-03-22,Jasonland,United Kingdom
3049,16747,Joseph Thompson,joseph895@example.net,M,Bronze,2025-02-27,Jessicamouth,United Kingdom
3117,17947,Pamela Coleman,pamela399@example.org,M,Bronze,2021-02-10,West Claudiahaven,United Kingdom
3157,13979,Samantha Yang,samantha660@example.org,M,Bronze,2021-05-14,Drakechester,United Kingdom
3236,16897,Kathy Jensen,kathy433@example.com,M,Bronze,2023-07-30,Natashashire,United Kingdom
3275,18019,Jeremy Stewart MD,jeremy554@example.net,M,Bronze,2024-09-05,Jessicafort,United Kingdom
3295,14199,Rachel Melton,rachel299@example.net,M,Bronze,2024-03-11,East Adamstad,United Kingdom
3316,16511,Steven Herring,steven157@example.org,M,Bronze,2024-06-26,South Howard,United Kingdom
3340,14031,Sylvia Ferguson,sylvia205@example.org,M,Bronze,2021-06-01,Brookeland,United Kingdom
3420,17164,Regina Ross,regina743@example.net,M,Bronze,2021-07-22,Wellsstad,United Kingdom
3441,17649,Scott Wright,scott104@example.org,M,Bronze,2021-04-26,North Colleen,United Kingdom
3466,17863,Adam Evans,adam250@example.com,M,Bronze,2024-09-18,Ochoahaven,United Kingdom
3474,13396,Jonathan Lee,jonathan270@example.net,M,Bronze,2022-07-23,East Nancychester,United Kingdom
3509,12627,Charles Wade,charles396@example.net,M,Gold,2025-05-31,Johnsonmouth,Germany
3533,13635,Melissa Floyd,melissa697@example.com,M,Gold,2025-02-17,Port Brianna,United Kingdom
3564,17049,Tracy Garner,tracy479@example.org,M,Gold,2022-01-21,Jonesfort,United Kingdom
3607,13104,Samuel Pierce,samuel498@example.com,M,Gold,2022-08-03,Rowlandville,United Kingdom
3696,16123,Richard Rodriguez,richard338@example.org,M,Gold,2023-06-03,Edwardland,United Kingdom
3720,14931,Amanda Mendoza,amanda369@example.org,M,Silver,2022-03-11,West Cynthiatown,Channel Islands
3858,14067,Leslie Bond,leslie248@example.net,M,Silver,2022-12-22,New Margaret,United Kingdom
3958,13098,Marcus Parker,marcus853@example.net,M,Silver,2022-02-01,Lake Christinaburgh,United Kingdom
3971,14891,Anna Johnson,anna620@example.net,M,Silver,2025-06-30,West Annview,United Kingdom
3982,18041,Timothy Hunt,timothy858@example.org,M,Silver,2020-12-19,Anthonyville,United Kingdom
4023,15189,Joshua Hughes,joshua750@example.net,M,Silver,2021-02-03,Christinafort,United Kingdom
4064,17781,Sandra Guzman,sandra140@example.net,M,Silver,2022-03-11,Scotthaven,United Kingdom
4068,13778,Kevin Chambers,kevin121@example.net,M,Silver,2024-08-10,Evanstown,United Kingdom
4120,14022,John Ortiz,john257@example.org,M,Silver,2023-09-11,Mclaughlinburgh,United Kingdom
4165,13742,Jenna Smith,jenna536@example.net,M,Silver,2022-06-10,South Laura,United Kingdom
4207,18151,Brandi Nelson,brandi771@example.com,M,Silver,2023-10-30,East Shannon,United Kingdom
4359,14975,Darlene Blake,darlene423@example.com,M,Silver,2024-05-16,New Jason,United Kingdom
11,14932,Alexander Gutierrez,alexander465@example.com,F,Bronze,2021-04-08,Port Jaredfort,Channel Islands
24,12729,Jeffery Williams,jeffery640@example.org,F,Bronze,2021-05-23,Port Elizabethport,France
128,14660,Tyler Sheppard,tyler875@example.org,F,Bronze,2021-04-11,Washingtonstad,United Kingdom
195,18122,Nicholas Graham,nicholas422@example.net,F,Bronze,2022-02-25,North Christopherburgh,United Kingdom
254,16147,Danielle Hicks,danielle462@example.org,F,Bronze,2024-06-06,Warrenshire,United Kingdom
262,13923,Tonya Anderson,tonya897@example.org,F,Bronze,2024-12-14,Leeberg,United Kingdom
304,18112,Allen Cisneros,allen233@example.org,F,Bronze,2021-10-18,Harrisonstad,United Kingdom
324,14290,Frederick Wright,frederick661@example.net,F,Bronze,2024-04-24,North Austin,United Kingdom
440,14658,John Reyes,john453@example.net,F,Bronze,2024-01-06,Halehaven,United Kingdom
533,13975,John Wang,john782@example.net,F,Bronze,2025-06-02,Michaelfurt,United Kingdom
602,16545,Brenda Cabrera,brenda225@example.com,F,Bronze,2023-06-13,Port Rachel,United Kingdom
692,17343,Kevin Cohen,kevin836@example.org,F,Bronze,2023-09-01,East Michael,United Kingdom
747,16716,Carol Jenkins,carol167@example.org,F,Bronze,2023-08-07,South Laura,United Kingdom
782,14730,Elizabeth Miller,elizabeth864@example.com,F,Bronze,2022-02-26,North Frank,United Kingdom
865,17079,Michael Pruitt,michael554@example.com,F,Bronze,2022-11-07,Mckenziefurt,United Kingdom
869,14180,Mrs. Angela Wilson,mrs765@example.com,F,Bronze,2023-04-10,Jeffreyburgh,United Kingdom
904,14300,Zachary Phelps,zachary933@example.org,F,Bronze,2023-04-27,Dorothyburgh,United Kingdom
916,17423,Andrew Scott,andrew250@example.net,F,Bronze,2023-12-19,East Tonya,United Kingdom
919,18121,Melissa Baker,melissa762@example.org,F,Bronze,2023-12-27,Port Patrickbury,United Kingdom
1127,16389,Dr. Michelle Peterson,dr801@example.org,F,Bronze,2023-12-12,Keithfurt,United Kingdom
1169,14601,Ian Rhodes,ian346@example.org,F,Bronze,2022-10-14,West Seanville,United Kingdom
1205,15408,Lisa Smith,lisa652@example.org,F,Bronze,2024-06-27,Kyleton,United Kingdom
1215,17498,William Smith,william198@example.net,F,Bronze,2025-08-04,Brandonton,United Kingdom
1370,13185,Scott Mcgrath,scott433@example.org,F,Gold,2021-08-07,Melissatown,United Kingdom
1388,14231,Jennifer Young,jennifer790@example.net,F,Gold,2024-06-25,North Rachael,United Kingdom
1419,13351,Tony Palmer,tony981@example.net,F,Gold,2023-07-03,Port Brianstad,United Kingdom
1505,14638,Dana Higgins,dana844@example.com,F,Gold,2021-01-10,Port Eric,United Kingdom
1521,16065,Misty Richardson,misty760@example.net,F,Gold,2020-12-12,Walshfort,United Kingdom
1530,15604,Mariah Shepard,mariah874@example.net,F,Gold,2022-12-29,West Joseph,United Kingdom
1561,12386,Timothy Wilson,timothy311@example.com,F,Silver,2025-06-03,West Brandon,Australia
1640,13006,Elizabeth Shannon,elizabeth833@example.org,F,Silver,2022-08-23,Gomezbury,United Kingdom
1688,16610,Jared Parker,jared963@example.org,F,Silver,2021-12-27,East Brian,United Kingdom
1724,14592,Ronnie Obrien,ronnie908@example.com,F,Silver,2025-05-09,South Stanley,United Kingdom
1738,16315,David Powell,david170@example.com,F,Silver,2021-03-08,Lake Petermouth,United Kingdom
1774,13509,Kristen Ewing,kristen425@example.com,F,Silver,2021-01-22,New Denisetown,United Kingdom
1949,14948,Daniel Porter,daniel716@example.net,F,Silver,2023-02-22,Martinland,United Kingdom
1993,16905,Daniel Sandoval,daniel439@example.net,F,Silver,2024-06-26,East Adamland,United Kingdom
2075,14395,Lindsey Ramirez,lindsey448@example.org,F,Silver,2021-02-12,West Courtneyside,United Kingdom
2226,12373,Erik Watkins,erik785@example.net,M,Bronze,2023-09-16,Romeroton,Austria
2236,14935,Julie Pierce,julie703@example.com,M,Bronze,2022-03-17,East Jasminborough,Channel Islands
2279,12710,Douglas Hebert,douglas123@example.net,M,Bronze,2025-04-17,Muellerport,Germany
2287,12479,Isabella Conrad,isabella847@example.net,M,Bronze,2021-10-11,Reynoldsburgh,Germany
2297,12473,Wayne Hardy,wayne907@example.org,M,Bronze,2022-08-03,Laurachester,Germany
2387,13301,John Weiss,john299@example.org,M,Bronze,2021-02-28,Lisamouth,United Kingdom
2413,13980,Lindsay Munoz,lindsay873@example.com,M,Bronze,2021-09-22,Lake Daniellehaven,United Kingdom
2615,18004,Adam Hess,adam948@example.net,M,Bronze,2025-01-26,Jenniferburgh,United Kingdom
2627,14698,William Jones,william979@example.net,M,Bronze,2020-12-16,Gutierrezton,United Kingdom
2689,15891,April Brown,april648@example.net,M,Bronze,2025-03-04,Silvahaven,United Kingdom
2731,15074,Jonathan Lewis,jonathan325@example.org,M,Bronze,2025-02-05,Garyshire,United Kingdom
2769,13029,Ryan Combs,ryan881@example.net,M,Bronze,2021-12-08,New Candice,United Kingdom
2852,15121,Jacqueline Brown,jacqueline819@example.net,M,Bronze,2022-03-08,Curryton,United Kingdom
2856,14655,Paula Horton,paula980@example.net,M,Bronze,2024-07-25,Seanport,United Kingdom
2993,18262,Nathan Powell,nathan214@example.com,M,Bronze,2022-10-22,North Nancy,United Kingdom
3044,14108,William Hansen,william347@example.net,M,Bronze,2025-04-14,Douglasmouth,United Kingdom
3127,14711,Jeffery Oconnor,jeffery270@example.com,M,Bronze,2023-11-01,Beanburgh,United Kingdom
3155,13323,Joseph Ward,joseph797@example.com,M,Bronze,2025-02-05,South Heatherside,United Kingdom
3181,16814,Heather Davis,heather356@example.org,M,Bronze,2023-09-27,West Kevinburgh,United Kingdom
3184,13593,Sierra Mathews,sierra581@example.com,M,Bronze,2023-12-27,Leebury,United Kingdom
3253,16982,Robert Young,robert176@example.net,M,Bronze,2022-08-21,Port Francisco,United Kingdom
3273,13247,Joe Green,joe124@example.net,M,Bronze,2025-05-04,Olsenstad,United Kingdom
3365,13133,Benjamin Williams,benjamin855@example.net,M,Bronze,2025-05-23,New Conniehaven,United Kingdom
3373,14997,Brooke Sheppard,brooke955@example.org,M,Bronze,2022-02-09,Derekmouth,United Kingdom
3415,15228,Shari Taylor,shari661@example.org,M,Bronze,2020-11-18,Lake Lisa,United Kingdom
3443,17788,Albert Campos,albert672@example.com,M,Bronze,2025-07-02,New Tinamouth,United Kingdom
3462,15612,Holly Hale,holly196@example.com,M,Bronze,2021-02-25,West Scott,United Kingdom
3685,14055,Roy Rosales,roy912@example.org,M,Gold,2022-06-05,North Jeffrey,United Kingdom
3692,17976,Anthony Valdez,anthony103@example.com,M,Gold,2021-06-02,Katherineberg,United Kingdom
3808,13880,Maria Torres,maria701@example.org,M,Silver,2023-04-04,West Dennis,United Kingdom
3821,13875,Jeffrey Benson,jeffrey211@example.com,M,Silver,2025-08-16,East Beverlyberg,United Kingdom
3967,14447,Kathleen Graham,kathleen125@example.com,M,Silver,2022-02-01,Port David,United Kingdom
4034,17041,Jessica Baker,jessica799@example.net,M,Silver,2023-07-14,West April,United Kingdom
4100,17460,Andrew Sullivan,andrew817@example.net,M,Silver,2024-11-16,Millerchester,United Kingdom
4116,17672,Holly Rose,holly189@example.com,M,Silver,2021-04-23,Molinaville,United Kingdom
4190,18177,Yesenia Gray,yesenia923@example.org,M,Silver,2025-02-26,Elizabethfurt,United Kingdom
4259,15220,Kenneth Hall,kenneth971@example.org,M,Silver,2022-10-02,Lake Michelle,United Kingdom
4320,16523,Kelsey Salazar,kelsey940@example.org,M,Silver,2023-03-12,North Bianca,United Kingdom
4354,13908,Michael Haynes,michael718@example.com,M,Silver,2022-02-07,Port Brianville,United Kingdom
42,12722,Ricardo Peterson,ricardo494@example.org,F,Bronze,2022-09-06,Gabrielport,France
74,12809,Kenneth Williams,kenneth985@example.com,F,Bronze,2024-04-22,Jenniferview,Portugal
76,12766,Brian Williams,brian906@example.com,F,Bronze,2025-09-25,Thomasfurt,Portugal
94,12638,Daniel Romero,daniel177@example.net,F,Bronze,2024-08-14,West Robert,Sweden
126,14567,Sherry Hill,sherry343@example.net,F,Bronze,2024-12-27,Maysfort,United Kingdom
237,15311,Thomas Knapp,thomas348@example.com,F,Bronze,2023-06-22,Doughertymouth,United Kingdom
295,15078,Christina Reyes,christina260@example.com,F,Bronze,2024-06-05,Lake April,United Kingdom
300,16804,Becky Matthews MD,becky784@example.net,F,Bronze,2023-05-05,Obrienbury,United Kingdom
313,17951,Michael Hooper,michael683@example.com,F,Bronze,2023-03-01,Alvaradotown,United Kingdom
427,13986,Samantha Tyler,samantha297@example.org,F,Bronze,2021-04-18,Malikfort,United Kingdom
549,16083,Shane Wright,shane179@example.net,F,Bronze,2022-09-01,Hoffmanchester,United Kingdom
614,17674,Brooke Dunn,brooke567@example.com,F,Bronze,2024-04-27,Port Philip,United Kingdom
647,18272,Roger Lawson,roger880@example.net,F,Bronze,2024-03-31,West Rickyfort,United Kingdom
651,15374,Keith Smith,keith877@example.net,F,Bronze,2023-03-31,Mariabury,United Kingdom
698,16992,Patricia Jones,patricia528@example.org,F,Bronze,2022-08-18,Zacharyshire,United Kingdom
713,15097,Cody Smith,cody104@example.com,F,Bronze,2024-07-07,Jenniferview,United Kingdom
731,16239,Veronica Bailey,veronica250@example.org,F,Bronze,2022-04-19,Samanthafurt,United Kingdom
796,17791,Mrs. Ashley Hernandez,mrs265@example.org,F,Bronze,2022-02-08,Lake Christopherbury,United Kingdom
801,18065,Jamie Hill,jamie954@example.org,F,Bronze,2021-07-31,East Cameronside,United Kingdom
807,16409,Ronnie Smith,ronnie469@example.net,F,Bronze,2022-01-18,Alanborough,United Kingdom
828,17339,Roger Mahoney,roger936@example.org,F,Bronze,2024-04-21,Hillside,United Kingdom
930,17790,Richard Lewis,richard321@example.com,F,Bronze,2024-08-30,Port Gabrielle,United Kingdom
960,13782,Mary Reeves,mary376@example.com,F,Bronze,2022-03-10,Aaronchester,United Kingdom
969,14522,Shari Thomas,shari184@example.net,F,Bronze,2024-01-16,Port Johnnyfurt,United Kingdom
978,17897,Sarah Robertson,sarah527@example.org,F,Bronze,2021-01-05,North Jo,United Kingdom
1001,17203,John Butler,john700@example.net,F,Bronze,2025-02-21,Johnville,United Kingdom
1023,13750,Hannah Weaver,hannah737@example.org,F,Bronze,2021-11-05,Ronaldfurt,United Kingdom
1174,13310,Samantha Hansen,samantha205@example.net,F,Bronze,2025-08-15,Brooksville,United Kingdom
1194,17153,Tracy Watkins,tracy279@example.net,F,Bronze,2023-03-27,North Gabriel,United Kingdom
1272,13519,Matthew Gutierrez,matthew516@example.com,F,Bronze,2023-12-03,East Juanberg,United Kingdom
1301,14320,Christopher Keith,christopher955@example.org,F,Bronze,2025-01-24,New Edward,United Kingdom
1461,15104,Bradley Santos,bradley660@example.net,F,Gold,2021-10-15,East Joseph,United Kingdom
1508,13745,Bradley Jimenez,bradley697@example.com,F,Gold,2023-02-10,South Melanie,United Kingdom
1535,16449,Mark Perez,mark204@example.net,F,Gold,2024-07-04,Greenechester,United Kingdom
1551,16744,Christopher Roach,christopher610@example.org,F,Gold,2024-07-17,Davisshire,United Kingdom
1595,14335,Veronica Phillips,veronica483@example.net,F,Silver,2023-05-16,Port Charlotte,Germany
1780,13704,Tony Abbott,tony236@example.com,F,Silver,2022-02-09,Port Anthony,United Kingdom
1849,15466,Christopher Cole,christopher958@example.net,F,Silver,2021-12-01,Suttonburgh,United Kingdom
1907,17679,Craig Roberts,craig133@example.com,F,Silver,2023-09-10,South Nathanville,United Kingdom
1926,14315,Stephen Downs,stephen429@example.org,F,Silver,2021-12-16,Zacharyshire,United Kingdom
1935,16726,Dean Gomez,dean842@example.com,F,Silver,2022-12-13,North Traceyland,United Kingdom
2046,13878,Karen Weaver,karen129@example.net,F,Silver,2024-12-09,West Jimmyberg,United Kingdom
2059,14124,Christopher Heath,christopher308@example.com,F,Silver,2022-08-19,Sanchezhaven,United Kingdom
2239,12370,Scott Stevenson,scott584@example.com,M,Bronze,2025-07-11,South Beverlyborough,Cyprus
2300,12654,Grant Harris,grant763@example.com,M,Bronze,2025-08-23,Port Markland,Germany
2311,12584,Patrick Esparza,patrick288@example.com,M,Bronze,2024-02-28,Amandaside,Italy
2364,14149,Luis Maxwell,luis785@example.org,M,Bronze,2022-12-01,Youngton,United Kingdom
2405,14623,Gabrielle Webb,gabrielle917@example.com,M,Bronze,2022-10-24,Munozberg,United Kingdom
2416,13047,Renee Valdez,renee571@example.com,M,Bronze,2025-03-26,Pachecoburgh,United Kingdom
2510,14219,James Rivera,james848@example.net,M,Bronze,2024-12-18,North David,United Kingdom
2546,15133,Elizabeth Saunders,elizabeth208@example.net,M,Bronze,2025-05-17,Matthewsburgh,United Kingdom
2589,17383,Allison Page,allison343@example.net,M,Bronze,2023-02-06,East Melissaberg,United Kingdom
2631,15524,Melody Howell,melody408@example.net,M,Bronze,2023-10-31,Gabriellaland,United Kingdom
2634,13081,Jeremiah Page,jeremiah998@example.net,M,Bronze,2024-02-24,Port Jessicamouth,United Kingdom
2729,13134,Roger Nash,roger831@example.org,M,Bronze,2023-12-11,Oliverfort,United Kingdom
2775,16124,William Kramer,william936@example.net,M,Bronze,2021-06-21,Jennifermouth,United Kingdom
2788,16171,John Jones,john770@example.com,M,Bronze,2020-11-18,South Brucefort,United Kingdom
2906,17880,Ronald Silva,ronald888@example.org,M,Bronze,2022-10-01,Tatefurt,United Kingdom
2908,16665,Jaime Vaughn,jaime624@example.com,M,Bronze,2023-01-08,North Deborahton,United Kingdom
2909,15366,Reginald Medina,reginald412@example.org,M,Bronze,2025-08-11,North Timothybury,United Kingdom
2971,17295,Jason Schmidt,jason282@example.com,M,Bronze,2025-05-26,Port Nicholeborough,United Kingdom
3058,14800,Katherine Baker,katherine983@example.net,M,Bronze,2022-12-26,Mcintyrestad,United Kingdom
3062,17889,Charles Allen,charles660@example.org,M,Bronze,2022-01-02,Debrafurt,United Kingdom
3073,13186,Joseph Simon,joseph535@example.net,M,Bronze,2020-11-22,Deborahmouth,United Kingdom
3150,16023,Christine Andersen,christine299@example.com,M,Bronze,2022-05-02,Hallburgh,United Kingdom
3231,16550,Jessica Ramirez,jessica851@example.org,M,Bronze,2022-10-08,North Jenniferland,United Kingdom
3296,13339,George Park,george431@example.net,M,Bronze,2023-09-11,Jessicastad,United Kingdom
3405,13769,Amy Barrera,amy202@example.net,M,Bronze,2023-10-21,West Sarabury,United Kingdom
3430,13718,Clayton Cochran,clayton168@example.com,M,Bronze,2023-01-09,Patrickport,United Kingdom
3450,16812,Jessica Miller,jessica663@example.org,M,Bronze,2022-09-19,Perezberg,United Kingdom
3459,16929,Amy Baker,amy710@example.net,M,Bronze,2024-08-01,Lake Alexandra,United Kingdom
3473,15395,Ashley Floyd,ashley206@example.net,M,Bronze,2025-02-08,Meghanbury,United Kingdom
3490,16566,Amanda Stephenson,amanda510@example.net,M,Bronze,2021-09-05,West Lauren,United Kingdom
3529,14462,Jacqueline Davis,jacqueline190@example.com,M,Gold,2022-10-23,Savannahville,United Kingdom
3586,13978,Tammy Williams,tammy303@example.com,M,Gold,2021-07-12,West Stephen,United Kingdom
3620,13269,Thomas Parker,thomas542@example.net,M,Gold,2025-05-09,Kevinberg,United Kingdom
3649,17969,Jeremy Snyder,jeremy305@example.net,M,Gold,2025-06-01,Davidhaven,United Kingdom
3794,15194,Daniel Morris,daniel800@example.org,M,Silver,2021-04-24,Katherineville,United Kingdom
3800,14497,Nicholas Walker,nicholas247@example.org,M,Silver,2023-06-30,Franciscoside,United Kingdom
3877,16248,David Park,david174@example.com,M,Silver,2021-03-07,Jamesland,United Kingdom
4061,14239,Michael Tucker,michael211@example.net,M,Silver,2022-08-08,Michaelburgh,United Kingdom
4111,15540,Cheryl Wagner,cheryl608@example.org,M,Silver,2021-05-12,Lake Carolyn,United Kingdom
4159,16990,Andrea Gill,andrea977@example.net,M,Silver,2022-03-21,Meaganshire,United Kingdom
4293,14090,Amber Cain,amber156@example.net,M,Silver,2025-07-22,Lake Jason,United Kingdom
4302,15589,Luis Stewart,luis524@example.com,M,Silver,2021-11-30,Richardburgh,United Kingdom
4338,14913,Danielle Sanchez,danielle877@example.org,M,Silver,2021-03-04,North Raymond,United Kingdom
10,14937,Joseph Brown,joseph527@example.com,F,Bronze,2023-04-28,Oliviachester,Channel Islands
20,12631,Natasha Martin,natasha601@example.com,F,Bronze,2023-01-24,New Jocelyn,Finland
173,16324,Whitney Perez,whitney893@example.net,F,Bronze,2024-04-08,New Shirley,United Kingdom
319,15898,Nicholas Norton,nicholas708@example.org,F,Bronze,2025-06-11,North David,United Kingdom
330,15308,Kimberly Martin,kimberly542@example.net,F,Bronze,2024-07-03,South Jamieshire,United Kingdom
379,16843,Dr. Justin Jordan,dr369@example.com,F,Bronze,2024-09-30,North Frankbury,United Kingdom
426,14382,Frank Morales,frank207@example.com,F,Bronze,2025-05-31,South Edwin,United Kingdom
464,17877,Andrew Reeves,andrew546@example.org,F,Bronze,2024-09-10,Millerland,United Kingdom
495,18169,Bobby Howell,bobby763@example.org,F,Bronze,2021-11-20,Lake Lauren,United Kingdom
512,17414,Sandra Smith,sandra469@example.org,F,Bronze,2024-09-30,Bryantmouth,United Kingdom
548,16579,Mark Chambers,mark835@example.net,F,Bronze,2023-07-13,Emilyfort,United Kingdom
562,17169,Amanda Guerra,amanda564@example.org,F,Bronze,2023-08-18,Zacharyhaven,United Kingdom
618,14715,Sheri Schwartz,sheri777@example.org,F,Bronze,2023-09-26,North Larrychester,United Kingdom
790,15500,Brandon Vincent,brandon604@example.net,F,Bronze,2022-01-24,Youngton,United Kingdom
881,18210,John Castillo,john341@example.org,F,Bronze,2024-06-14,Port Samuel,United Kingdom
929,13854,John Hall,john951@example.com,F,Bronze,2025-01-02,Williamsmouth,United Kingdom
948,15752,Sandra Carter,sandra446@example.org,F,Bronze,2024-03-15,Newtonburgh,United Kingdom
1045,14146,Michael Gonzales,michael859@example.net,F,Bronze,2022-11-21,Port John,United Kingdom
1103,17361,Laurie Benjamin,laurie961@example.com,F,Bronze,2025-06-01,Josephside,United Kingdom
1105,13345,Tammy Chapman,tammy554@example.com,F,Bronze,2024-12-26,Garyside,United Kingdom
1165,16119,Danny Larsen,danny288@example.com,F,Bronze,2021-06-08,Port Brian,United Kingdom
1245,15469,David Clarke,david610@example.com,F,Bronze,2023-03-14,New Matthewmouth,United Kingdom
1292,15821,Nicole Kirby,nicole387@example.org,F,Bronze,2021-02-17,East Danielle,United Kingdom
1298,12748,Robert Wilson,robert358@example.net,F,Bronze,2025-05-24,Port Michaelport,United Kingdom
1346,15108,Sydney Drake,sydney766@example.net,F,Gold,2022-06-29,New Markfurt,European Community
1421,17287,Debra Anderson PhD,debra774@example.com,F,Gold,2024-09-26,West Charleshaven,United Kingdom
1439,17824,Natalie Brown,natalie926@example.org,F,Gold,2025-01-28,Port John,United Kingdom
1509,14882,Jessica Maddox,jessica976@example.org,F,Gold,2023-07-17,North Scott,United Kingdom
1565,12431,Brian Reyes,brian153@example.org,F,Silver,2024-08-21,West Jessica,Belgium
1567,14934,Glen Miller,glen793@example.com,F,Silver,2023-08-22,Nguyenville,Channel Islands
1580,12413,Amy Jackson,amy978@example.org,F,Silver,2024-04-17,Longhaven,France
1588,12694,Stephanie Hill,stephanie686@example.org,F,Silver,2021-08-24,South Jessemouth,France
1591,13815,Stephanie Rodriguez,stephanie233@example.org,F,Silver,2021-11-02,Gutierrezview,Germany
1614,12816,Donald Soto,donald963@example.net,F,Silver,2022-07-10,West Tammymouth,Poland
1672,13555,Adam Torres,adam934@example.org,F,Silver,2023-07-23,New April,United Kingdom
1674,15041,Stacy Griffith,stacy216@example.org,F,Silver,2024-03-21,Simmonsstad,United Kingdom
1679,16909,James Nelson,james823@example.net,F,Silver,2025-03-12,Reginafurt,United Kingdom
1694,15235,Emily Villegas,emily208@example.com,F,Silver,2022-10-31,North Jonathan,United Kingdom
1813,13072,Ryan Thompson,ryan150@example.org,F,Silver,2023-06-07,Rhodestown,United Kingdom
1878,13627,Christopher Travis,christopher497@example.net,F,Silver,2023-09-14,Rodriguezburgh,United Kingdom
1889,17786,Makayla Houston,makayla633@example.net,F,Silver,2021-03-02,Perezside,United Kingdom
1896,13430,Sarah Castro,sarah732@example.org,F,Silver,2024-09-24,Barkerberg,United Kingdom
1976,14127,Michael Nichols Jr.,michael900@example.net,F,Silver,2022-03-27,Baileyshire,United Kingdom
2146,13365,George Mclean,george314@example.org,F,Silver,2022-06-23,Aprilshire,United Kingdom
2159,16803,Timothy Figueroa,timothy714@example.net,F,Silver,2020-12-06,West Nicholas,United Kingdom
2188,13771,Laura Robinson,laura246@example.org,F,Silver,2022-01-31,Sarahchester,United Kingdom
2263,12736,Corey Davis,corey237@example.net,M,Bronze,2024-12-05,Shortport,France
2318,12790,Joseph Roberts,joseph390@example.org,M,Bronze,2023-04-24,New Aprilberg,Netherlands
2341,12452,Jeffrey Thomas,jeffrey388@example.net,M,Bronze,2023-07-29,West Matthewchester,Switzerland
2463,17962,Amber Lambert,amber698@example.com,M,Bronze,2023-08-22,Jimenezmouth,United Kingdom
2505,17267,Alex Weber,alex952@example.org,M,Bronze,2025-08-05,North Margaretfort,United Kingdom
2554,16358,Holly Ramirez,holly734@example.org,M,Bronze,2025-05-12,Nealshire,United Kingdom
2657,18125,Kathryn Medina,kathryn197@example.org,M,Bronze,2021-03-08,Alecberg,United Kingdom
2658,15981,Kristin Wolf,kristin644@example.com,M,Bronze,2020-11-25,Carrillofort,United Kingdom
2670,17197,Donald Adkins,donald861@example.org,M,Bronze,2024-03-28,East Traceybury,United Kingdom
2710,14924,Mrs. Sarah Beard DDS,mrs870@example.net,M,Bronze,2024-10-15,Port Natalietown,United Kingdom
2794,15301,Nicholas Anderson,nicholas156@example.com,M,Bronze,2024-06-08,West Samuel,United Kingdom
2822,16700,Evelyn Taylor,evelyn890@example.net,M,Bronze,2025-07-20,Castrostad,United Kingdom
2827,17472,Matthew Tate,matthew149@example.com,M,Bronze,2022-03-19,Chambersland,United Kingdom
2931,17211,Ariana Rogers,ariana979@example.com,M,Bronze,2022-08-13,Teresachester,United Kingdom
2991,16038,Jamie Smith,jamie838@example.net,M,Bronze,2022-11-27,Alexanderhaven,United Kingdom
3015,14541,Anthony Schultz,anthony396@example.com,M,Bronze,2025-10-16,Jorgeview,United Kingdom
3105,16094,David Welch,david209@example.org,M,Bronze,2022-06-10,North Sarah,United Kingdom
3161,15025,Courtney Ryan,courtney609@example.net,M,Bronze,2024-09-02,West Claudiaside,United Kingdom
3167,14483,Rebecca Simmons,rebecca924@example.net,M,Bronze,2021-03-31,Riggsborough,United Kingdom
3191,15644,Lisa Sexton,lisa795@example.com,M,Bronze,2021-10-18,Timothyfurt,United Kingdom
3411,14501,Katherine Riley,katherine705@example.org,M,Bronze,2025-06-24,Cheyennechester,United Kingdom
3469,17591,Rebecca Pearson,rebecca958@example.com,M,Bronze,2025-02-21,South Vanessa,United Kingdom
3511,12614,Rhonda Baker,rhonda250@example.com,M,Gold,2024-12-09,Garychester,Germany
3604,16471,Michelle Edwards,michelle104@example.org,M,Gold,2025-07-18,New Courtneyport,United Kingdom
3623,16873,Sarah Murphy,sarah870@example.net,M,Gold,2023-01-11,Gonzalezshire,United Kingdom
3654,16903,Marilyn Curtis,marilyn142@example.net,M,Gold,2025-01-13,North Alice,United Kingdom
3715,12447,Martha Collins,martha418@example.org,M,Silver,2021-01-29,Lake Christophermouth,Belgium
3765,12814,Patricia Henry,patricia503@example.com,M,Silver,2022-03-26,Valerieport,Poland
3829,17512,Christopher Campbell,christopher803@example.com,M,Silver,2023-02-10,New Barrystad,United Kingdom
3868,13449,Alan White,alan173@example.com,M,Silver,2022-12-28,Lake Sarashire,United Kingdom
3872,17496,Julian Smith,julian967@example.com,M,Silver,2022-04-20,Dustinbury,United Kingdom
4012,15307,Sarah Griffith,sarah225@example.net,M,Silver,2022-04-22,Paulafurt,United Kingdom
4082,17574,Lydia Gonzales,lydia823@example.net,M,Silver,2023-11-16,Kleinton,United Kingdom
4085,16848,Brianna Blake,brianna514@example.net,M,Silver,2022-08-19,South Robert,United Kingdom
4134,16480,Dr. Victor Santos,dr343@example.net,M,Silver,2020-11-01,Wilsonport,United Kingdom
4147,15016,Rachel Stark,rachel379@example.org,M,Silver,2025-06-01,North Holly,United Kingdom
4192,15757,Christopher Lowe,christopher147@example.net,M,Silver,2022-07-07,Floresville,United Kingdom
4214,17832,Gary Burnett,gary539@example.net,M,Silver,2023-07-25,Alexisstad,United Kingdom
4224,17045,Joy Vasquez,joy664@example.com,M,Silver,2023-04-19,South Dylanland,United Kingdom
4253,16650,Elizabeth Thompson,elizabeth212@example.org,M,Silver,2022-12-14,Paulfurt,United Kingdom
4254,14485,Eddie Jackson,eddie782@example.com,M,Silver,2022-09-27,South Jackland,United Kingdom
4326,13686,David Horton,david722@example.net,M,Silver,2021-06-21,Jessicatown,United Kingdom
1,12415,Terri Acosta,terri438@example.net,F,Bronze,2021-12-09,Mooreport,Australia
18,12664,Greg Caldwell,greg955@example.net,F,Bronze,2021-03-24,South Adamland,Finland
46,12559,Deborah Kline,deborah641@example.org,F,Bronze,2020-12-13,Lake Karentown,Germany
51,12590,Craig Hardin,craig828@example.com,F,Bronze,2022-06-07,Port Abigailtown,Germany
73,12356,Katie Williamson,katie600@example.org,F,Bronze,2025-06-05,Hartstad,Portugal
90,12462,Ashley Morgan,ashley754@example.com,F,Bronze,2021-09-06,West Michaelmouth,Spain
227,15909,Mark Martin,mark841@example.net,F,Bronze,2025-09-17,Robinsonfort,United Kingdom
243,12836,Dr. Tony Harris,dr877@example.com,F,Bronze,2024-12-17,Mendozaside,United Kingdom
309,16602,Laurie Clayton,laurie115@example.com,F,Bronze,2024-05-03,Port Annetown,United Kingdom
333,13549,Samuel Turner,samuel423@example.com,F,Bronze,2022-06-16,Wrightland,United Kingdom
352,17303,Elizabeth Jones,elizabeth227@example.com,F,Bronze,2024-07-04,New Deborahburgh,United Kingdom
358,16806,Michelle Doyle,michelle628@example.net,F,Bronze,2024-10-23,South Shane,United Kingdom
378,17890,Kimberly Moreno,kimberly582@example.net,F,Bronze,2022-08-04,New Deborahville,United Kingdom
383,17560,Michelle Mccoy,michelle968@example.com,F,Bronze,2021-06-25,North Megan,United Kingdom
441,13464,Joanna Allen,joanna755@example.com,F,Bronze,2024-04-12,Jamesfurt,United Kingdom
445,14204,Matthew Macias,matthew998@example.com,F,Bronze,2021-04-21,Matthewshire,United Kingdom
453,17231,Peter Young,peter423@example.com,F,Bronze,2022-08-22,Lake Matthewhaven,United Kingdom
487,18108,Diana Boyer,diana232@example.org,F,Bronze,2021-12-31,South Sheila,United Kingdom
498,13992,Elizabeth Alvarez,elizabeth625@example.org,F,Bronze,2022-08-15,Douglasville,United Kingdom
550,16112,Brian Compton,brian577@example.org,F,Bronze,2021-10-08,West Deborah,United Kingdom
636,13028,Morgan Andrews,morgan809@example.org,F,Bronze,2025-07-23,Stephenhaven,United Kingdom
709,14121,Tonya Zuniga,tonya431@example.org,F,Bronze,2021-06-23,Parsonsberg,United Kingdom
738,15748,Janet Rodgers,janet353@example.com,F,Bronze,2023-08-01,Lopezville,United Kingdom
827,15945,James Carlson,james968@example.net,F,Bronze,2024-02-06,South Melissa,United Kingdom
855,16144,David Johnson,david443@example.net,F,Bronze,2021-01-28,West Kristenton,United Kingdom
917,18235,Heather Jones,heather922@example.com,F,Bronze,2023-07-28,Ashleyborough,United Kingdom
931,14373,Jonathan Mills,jonathan934@example.org,F,Bronze,2021-01-28,Timothyside,United Kingdom
1118,18276,Erik Davis,erik897@example.org,F,Bronze,2024-03-09,Lake Kevinbury,United Kingdom
1153,15590,Joshua Smith,joshua462@example.org,F,Bronze,2024-10-29,Randyfort,United Kingdom
1172,15664,Jennifer Walker,jennifer634@example.net,F,Bronze,2023-02-21,Maymouth,United Kingdom
1178,15722,Mrs. Taylor Barrett,mrs287@example.org,F,Bronze,2023-03-19,East Steven,United Kingdom
1197,16528,Billy Gonzales,billy331@example.net,F,Bronze,2022-08-28,Lake Bryan,United Kingdom
1204,15049,Michael Anderson,michael464@example.net,F,Bronze,2025-09-29,Gibbsland,United Kingdom
1348,12731,Allison Jackson,allison807@example.com,F,Gold,2022-10-28,Port Angela,France
1393,15148,Tanya Bright,tanya575@example.net,F,Gold,2023-11-21,East Samanthaton,United Kingdom
1452,16005,David Montgomery,david523@example.org,F,Gold,2024-11-01,East Lauren,United Kingdom
1466,16624,Timothy Curry,timothy272@example.net,F,Gold,2021-08-04,Port Philip,United Kingdom
1480,14453,Courtney Johnston,courtney877@example.net,F,Gold,2022-08-24,Lake Ericaburgh,United Kingdom
1496,16916,Gary Hill,gary679@example.org,F,Gold,2023-06-15,Mitchellland,United Kingdom
1618,12417,Kristina Rivera,kristina588@example.org,F,Silver,2021-02-22,North Destinyberg,Spain
1673,15507,Nicholas Stevens,nicholas390@example.com,F,Silver,2025-01-13,Lake Levi,United Kingdom
1934,17068,Eric Torres,eric379@example.com,F,Silver,2025-10-05,South Madisonport,United Kingdom
2205,16955,Drew Sullivan,drew529@example.com,F,Silver,2022-05-20,West Brian,United Kingdom
2356,15781,Seth Nicholson,seth873@example.org,M,Bronze,2020-11-16,East Loganberg,United Kingdom
2480,17932,Christopher Webb,christopher727@example.org,M,Bronze,2023-08-22,Wuton,United Kingdom
2533,15516,Andrew Thomas,andrew238@example.net,M,Bronze,2021-09-08,Daltonview,United Kingdom
2640,16434,Barbara Wallace,barbara553@example.org,M,Bronze,2024-02-20,South Patrickburgh,United Kingdom
2642,15861,Philip Rogers,philip921@example.com,M,Bronze,2022-07-27,Laurieside,United Kingdom
2653,17975,Caleb Diaz,caleb267@example.net,M,Bronze,2024-08-17,Gutierrezmouth,United Kingdom
2825,13802,Kelly Foster,kelly704@example.com,M,Bronze,2023-04-03,East Todd,United Kingdom
2862,18255,Darryl Carter,darryl887@example.org,M,Bronze,2023-03-16,North Alyssa,United Kingdom
2938,17034,Jaime Shelton,jaime435@example.com,M,Bronze,2022-01-27,South Nancy,United Kingdom
2958,15068,Christina Herman,christina724@example.org,M,Bronze,2024-10-12,West Tracymouth,United Kingdom
2987,18010,Mr. Jermaine Bishop PhD,mr166@example.net,M,Bronze,2022-09-18,Jenniferview,United Kingdom
3067,17080,Gloria Dean,gloria552@example.com,M,Bronze,2020-11-29,South Anna,United Kingdom
3076,17219,Martin Francis,martin167@example.com,M,Bronze,2023-09-02,Franklinfort,United Kingdom
3082,14119,Ashley Craig,ashley174@example.net,M,Bronze,2021-10-08,Churchton,United Kingdom
3109,17714,Jamie Ayers,jamie707@example.com,M,Bronze,2024-04-13,West Gabriellaport,United Kingdom
3206,17917,William Tate,william269@example.org,M,Bronze,2025-04-10,East Shelby,United Kingdom
3234,14533,Paul Flores,paul827@example.org,M,Bronze,2021-10-16,Bennettton,United Kingdom
3252,13755,Steve Berger,steve768@example.org,M,Bronze,2022-01-18,South Jordanhaven,United Kingdom
3341,16858,Jacob Ellis,jacob896@example.net,M,Bronze,2022-12-21,Port Spencerbury,United Kingdom
3409,16532,Lauren Martin,lauren396@example.net,M,Bronze,2024-12-29,Port Ambermouth,United Kingdom
3410,16473,Wesley Shaw,wesley429@example.com,M,Bronze,2021-12-26,Frederickville,United Kingdom
3418,14227,Brian Mann,brian799@example.net,M,Bronze,2024-05-28,Mikaylaport,United Kingdom
3487,14534,David Johnson DVM,david110@example.net,M,Bronze,2022-08-05,Woodsville,United Kingdom
3635,16456,Gregory Saunders,gregory326@example.org,M,Gold,2023-04-18,East Joseph,United Kingdom
3683,15768,Sarah Salinas,sarah143@example.net,M,Gold,2023-10-20,Stephanieview,United Kingdom
3693,14829,Matthew Williams,matthew146@example.net,M,Gold,2024-08-18,Jonesport,United Kingdom
3767,12811,Anna Palmer,anna721@example.com,M,Silver,2022-07-05,Monicaside,Portugal
3797,17171,Denise Cook,denise982@example.org,M,Silver,2022-10-27,North Nancy,United Kingdom
3969,15410,Susan Williams,susan935@example.net,M,Silver,2025-05-13,Jodimouth,United Kingdom
4008,14681,Kenneth Myers,kenneth939@example.org,M,Silver,2023-12-27,Candacechester,United Kingdom
4035,13451,Bradley Whitaker,bradley530@example.net,M,Silver,2021-05-22,Lake Sherry,United Kingdom
23,12643,Latoya White,latoya453@example.com,F,Bronze,2021-03-25,North Catherineside,France
33,12577,Christopher Jordan,christopher282@example.org,F,Bronze,2022-11-02,West Dylanchester,France
122,16483,Alicia Barber,alicia918@example.org,F,Bronze,2025-07-17,East Stephanie,United Kingdom
123,15184,Andrew Cooper,andrew683@example.com,F,Bronze,2021-05-15,Maryland,United Kingdom
163,13784,Jessica Fisher,jessica749@example.com,F,Bronze,2024-05-25,Mariaview,United Kingdom
251,17024,Alyssa Long,alyssa874@example.net,F,Bronze,2021-09-07,West Dylan,United Kingdom
294,18219,Jack Williams,jack696@example.net,F,Bronze,2024-12-23,Nancyborough,United Kingdom
326,14415,Anthony Foster,anthony809@example.net,F,Bronze,2024-05-25,Acostaside,United Kingdom
364,17047,Jesse Stevenson,jesse266@example.com,F,Bronze,2021-03-30,North Alisha,United Kingdom
365,16117,Sean Wallace,sean592@example.org,F,Bronze,2022-03-30,Port Jennifer,United Kingdom
461,16690,Craig Atkinson,craig427@example.com,F,Bronze,2025-01-14,Lake Craigstad,United Kingdom
632,16099,Peter Chavez,peter826@example.com,F,Bronze,2024-04-15,Brianstad,United Kingdom
682,14703,Julia Wilson,julia700@example.com,F,Bronze,2023-09-07,Watsonberg,United Kingdom
787,17656,Veronica Benson,veronica302@example.com,F,Bronze,2022-05-19,Kaylaport,United Kingdom
798,17838,Hailey James,hailey706@example.com,F,Bronze,2022-11-07,Lopezburgh,United Kingdom
805,13527,Ariel Meyer,ariel727@example.com,F,Bronze,2022-09-03,Michaelberg,United Kingdom
839,15571,Kristen Patrick,kristen972@example.com,F,Bronze,2021-10-03,Port Anthonytown,United Kingdom
940,13967,Whitney Gordon,whitney946@example.com,F,Bronze,2022-05-07,Solisburgh,United Kingdom
962,14289,John Phillips,john553@example.com,F,Bronze,2022-02-09,Hansenstad,United Kingdom
983,12970,Thomas Harris,thomas718@example.org,F,Bronze,2021-09-14,South Jamieville,United Kingdom
995,14451,Christopher Hunter,christopher254@example.com,F,Bronze,2020-11-30,North Audreyhaven,United Kingdom
1073,18077,Riley Taylor,riley628@example.net,F,Bronze,2024-03-16,Lake Eric,United Kingdom
1081,13841,Elizabeth Wolf,elizabeth588@example.net,F,Bronze,2025-06-19,East Stephanie,United Kingdom
1137,17384,Yolanda Sandoval,yolanda148@example.net,F,Bronze,2021-01-27,West Kaitlynmouth,United Kingdom
1253,17894,Pam Kim,pam968@example.org,F,Bronze,2023-02-27,Michaelfort,United Kingdom
1372,13844,Alexandria Chapman,alexandria645@example.net,F,Gold,2024-01-26,Katherinehaven,United Kingdom
1442,16189,Jimmy Palmer,jimmy238@example.net,F,Gold,2022-11-02,West Dana,United Kingdom
1456,14195,Michele Black,michele538@example.com,F,Gold,2020-12-21,New Allisonville,United Kingdom
1513,13148,Mark Mccann,mark937@example.com,F,Gold,2024-06-26,Dawntown,United Kingdom
1549,18176,Jeffrey Reed,jeffrey147@example.net,F,Gold,2023-07-13,New Kara,United Kingdom
1731,13122,Andrea Brown,andrea524@example.com,F,Silver,2023-06-21,North Adam,United Kingdom
1746,14385,Megan Dalton,megan549@example.net,F,Silver,2021-04-26,Lake Shelia,United Kingdom
1770,14334,Lisa Pena,lisa733@example.org,F,Silver,2021-10-21,North David,United Kingdom
1879,13953,David Cruz,david395@example.org,F,Silver,2022-06-11,Garciaview,United Kingdom
1915,16965,Edward Montoya,edward858@example.org,F,Silver,2020-12-29,West Marie,United Kingdom
2090,16889,Christopher Schmidt,christopher472@example.net,F,Silver,2023-07-30,South Lindsayville,United Kingdom
2114,17409,Lauren Henderson,lauren492@example.org,F,Silver,2020-12-12,North Rickyburgh,United Kingdom
2144,16598,Savannah Adams,savannah944@example.net,F,Silver,2025-06-10,Raymouth,United Kingdom
2145,13340,Dustin Hernandez,dustin358@example.com,F,Silver,2023-01-23,North Joseph,United Kingdom
2180,18037,Brittany Jones,brittany250@example.net,F,Silver,2022-10-04,East Brettland,United Kingdom
2197,14621,Andrew Rogers,andrew444@example.net,F,Silver,2024-10-19,Lake Steve,United Kingdom
2296,12648,James Huff,james605@example.org,M,Bronze,2024-01-25,Brianstad,Germany
2368,13924,Clinton Newton,clinton615@example.com,M,Bronze,2024-12-20,North Derekmouth,United Kingdom
2369,17222,Michael Harris,michael515@example.com,M,Bronze,2020-11-28,Lake Sarah,United Kingdom
2391,12995,Kimberly Myers,kimberly270@example.org,M,Bronze,2024-12-12,Lake David,United Kingdom
2467,13569,Carmen Hughes,carmen309@example.org,M,Bronze,2024-11-03,Lake Paige,United Kingdom
2482,17695,Jacob Cordova,jacob843@example.org,M,Bronze,2021-06-22,Martinton,United Kingdom
2502,16440,Jesse Miller,jesse974@example.org,M,Bronze,2024-06-14,Stevestad,United Kingdom
2504,17065,Billy Owens,billy585@example.net,M,Bronze,2025-05-23,New Geoffrey,United Kingdom
2523,14245,Jasmine Mitchell,jasmine539@example.org,M,Bronze,2021-02-11,Shepardside,United Kingdom
2549,15648,Carl Chang,carl749@example.com,M,Bronze,2024-10-17,Wilsonbury,United Kingdom
2581,18215,Heather Douglas,heather931@example.net,M,Bronze,2022-03-14,Melissabury,United Kingdom
2635,14739,Vanessa Jackson,vanessa936@example.com,M,Bronze,2023-04-24,South Brittanymouth,United Kingdom
2682,16730,Kristin Dickerson,kristin113@example.net,M,Bronze,2021-07-19,Masseyport,United Kingdom
2713,14847,Holly Lawson,holly617@example.net,M,Bronze,2025-04-03,Port Zacharybury,United Kingdom
2766,16202,Elizabeth Hill,elizabeth808@example.net,M,Bronze,2024-06-04,East Jenniferbury,United Kingdom
2809,16201,Donald Miller,donald906@example.org,M,Bronze,2022-10-23,New Craig,United Kingdom
2813,14629,Curtis Stanley,curtis905@example.org,M,Bronze,2025-03-19,East Brandyhaven,United Kingdom
2877,14570,Keith Zimmerman,keith802@example.com,M,Bronze,2021-09-10,Greenburgh,United Kingdom
2895,13135,Craig Acosta,craig651@example.org,M,Bronze,2023-10-22,Jeffreyside,United Kingdom
2965,13466,Rachel Wilkerson,rachel720@example.org,M,Bronze,2024-07-07,Maryview,United Kingdom
3047,13228,Edward Conway,edward595@example.org,M,Bronze,2025-05-04,Valerieland,United Kingdom
3195,14622,Collin Bender,collin162@example.com,M,Bronze,2020-12-12,East Stephenmouth,United Kingdom
3214,17422,Deborah Rios,deborah241@example.com,M,Bronze,2024-05-08,East Joseph,United Kingdom
3233,16904,Mathew Mccann,mathew194@example.org,M,Bronze,2023-04-18,Franklinmouth,United Kingdom
3238,16842,Amanda Wilson,amanda966@example.org,M,Bronze,2023-03-14,Brandonmouth,United Kingdom
3268,15289,Kim Mitchell,kim755@example.org,M,Bronze,2022-08-14,New Nicholasburgh,United Kingdom
3299,14518,Karen Fleming,karen929@example.org,M,Bronze,2025-06-15,Mariatown,United Kingdom
3370,13737,Walter Fisher,walter566@example.com,M,Bronze,2020-12-18,Smithburgh,United Kingdom
3391,15669,Joseph Serrano,joseph568@example.org,M,Bronze,2021-01-06,Weaverland,United Kingdom
3414,17843,Brandon Gonzalez,brandon286@example.com,M,Bronze,2022-05-02,Heathershire,United Kingdom
3437,12999,Sara Hernandez,sara881@example.com,M,Bronze,2023-05-06,Johnsonside,United Kingdom
3595,16424,Louis Long,louis659@example.com,M,Gold,2023-02-13,North Allison,United Kingdom
3656,17604,Taylor Kennedy,taylor969@example.net,M,Gold,2025-07-05,Michelleton,United Kingdom
3884,15415,Jerry Williams,jerry696@example.org,M,Silver,2024-09-01,Port Joshua,United Kingdom
3944,16384,Laura Brooks,laura603@example.net,M,Silver,2023-01-13,South Sabrinaside,United Kingdom
3946,13258,Donna Camacho,donna643@example.com,M,Silver,2021-01-15,East Matthew,United Kingdom
4026,17416,Samantha Leon,samantha779@example.net,M,Silver,2025-07-20,Santiagochester,United Kingdom
4053,14918,April Meyers,april690@example.com,M,Silver,2024-03-09,Boonetown,United Kingdom
4059,13040,Cindy Marks,cindy959@example.com,M,Silver,2024-04-19,Andersonland,United Kingdom
4060,13983,Collin Hudson,collin834@example.net,M,Silver,2025-09-23,Port Eric,United Kingdom
4069,16674,Sarah Wright,sarah762@example.com,M,Silver,2023-02-13,Williamsfurt,United Kingdom
4070,16761,Joe Jenkins,joe473@example.org,M,Silver,2024-11-29,Port Matthewbury,United Kingdom
4074,17346,Devon Robinson DVM,devon162@example.com,M,Silver,2022-12-20,Ryanchester,United Kingdom
4117,14778,William Park,william927@example.net,M,Silver,2023-07-19,Markville,United Kingdom
4163,13758,Cynthia Collins,cynthia238@example.com,M,Silver,2023-02-16,Charlesville,United Kingdom
4187,12990,Jessica Richardson,jessica881@example.org,M,Silver,2020-12-10,North Amandastad,United Kingdom
4264,18274,Christopher Porter,christopher320@example.org,M,Silver,2021-05-25,South Nicholasstad,United Kingdom
4270,15847,Rachel Cabrera,rachel222@example.net,M,Silver,2021-04-09,Lake Nathanielfurt,United Kingdom
4309,12830,Shannon Davis,shannon656@example.net,M,Silver,2024-12-30,East Bobfurt,United Kingdom
4310,12856,Madison Robinson,madison737@example.org,M,Silver,2021-06-22,East Brandyburgh,United Kingdom
137,17850,Dustin Burnett,dustin463@example.com,F,Bronze,2021-04-14,Harrischester,United Kingdom
145,16807,Crystal Brady,crystal197@example.com,F,Bronze,2023-06-02,Dorseyfort,United Kingdom
168,16475,Pamela Cardenas,pamela403@example.com,F,Bronze,2023-11-21,North Steven,United Kingdom
200,15435,Kendra Collins,kendra422@example.com,F,Bronze,2024-11-22,Craigberg,United Kingdom
228,17464,Miss Erika Robinson MD,miss118@example.net,F,Bronze,2021-03-01,South Dominiquemouth,United Kingdom
252,13379,Cody Clark,cody800@example.org,F,Bronze,2021-07-10,Natashaville,United Kingdom
265,14087,Mark Sampson,mark455@example.com,F,Bronze,2021-04-23,Lake Kristen,United Kingdom
317,13838,Rick Reeves,rick960@example.net,F,Bronze,2024-04-12,West Jesusville,United Kingdom
380,17311,Joel Lynch,joel673@example.org,F,Bronze,2024-10-24,Meyerburgh,United Kingdom
462,17345,Timothy Davis,timothy502@example.org,F,Bronze,2021-07-31,Karenhaven,United Kingdom
499,17396,Joyce Cardenas,joyce828@example.net,F,Bronze,2025-05-05,East Christopher,United Kingdom
561,15897,Leslie Bowman,leslie895@example.org,F,Bronze,2022-03-09,Campbellfurt,United Kingdom
565,18147,Leah Brock,leah524@example.net,F,Bronze,2022-05-04,South Rachelview,United Kingdom
569,16210,Debra Brown,debra964@example.net,F,Bronze,2021-12-19,Charlesburgh,United Kingdom
612,13418,Jasmine Young,jasmine778@example.com,F,Bronze,2023-12-18,Dixonhaven,United Kingdom
673,14834,Shirley Scott,shirley782@example.net,F,Bronze,2021-09-30,Port Dana,United Kingdom
679,14550,Jennifer Rollins,jennifer450@example.org,F,Bronze,2022-04-08,Aaronfort,United Kingdom
725,14962,Brent White,brent309@example.net,F,Bronze,2022-05-22,North Saraview,United Kingdom
785,16253,Howard Henderson,howard556@example.net,F,Bronze,2021-08-24,Port Jaychester,United Kingdom
821,13188,Ricardo Rodriguez,ricardo777@example.com,F,Bronze,2025-05-27,Mendozamouth,United Kingdom
832,13707,Norma Williams,norma627@example.net,F,Bronze,2025-07-23,Port Matthew,United Kingdom
886,13863,Jonathan Glass,jonathan956@example.net,F,Bronze,2021-06-06,Amyport,United Kingdom
911,13064,Valerie Lopez,valerie402@example.com,F,Bronze,2022-03-03,Wernerchester,United Kingdom
945,15286,Cindy Walker,cindy314@example.org,F,Bronze,2025-05-14,South Victoria,United Kingdom
1006,16891,Wesley Bailey,wesley275@example.com,F,Bronze,2022-01-04,Nicholsonmouth,United Kingdom
1008,16531,Travis Smith,travis626@example.org,F,Bronze,2022-05-01,Sanchezville,United Kingdom
1208,14246,Jamie Zimmerman,jamie751@example.net,F,Bronze,2023-05-26,Cindyport,United Kingdom
1244,17750,Rodney Gonzales,rodney880@example.org,F,Bronze,2021-06-27,East Margaretland,United Kingdom
1270,15653,Carlos Henderson,carlos165@example.com,F,Bronze,2021-04-16,East Lauren,United Kingdom
1271,15263,Meredith Thomas,meredith340@example.net,F,Bronze,2022-06-13,Smithshire,United Kingdom
1324,16634,Max Lee,max674@example.org,F,Bronze,2021-02-18,Simpsonberg,United Kingdom
1470,15334,Dr. Lisa Ward,dr625@example.com,F,Gold,2024-05-04,Mckenziemouth,United Kingdom
1529,16852,Leah Johnson,leah627@example.net,F,Gold,2023-11-10,Kingmouth,United Kingdom
1570,12359,Seth Newton,seth414@example.com,F,Silver,2022-03-04,Chaseborough,Cyprus
1581,12670,Deanna Hudson,deanna734@example.net,F,Silver,2021-09-08,Triciaburgh,France
1655,15005,Frank Aguilar,frank464@example.com,F,Silver,2022-11-10,Brianton,United Kingdom
1680,16535,Brian Bennett,brian199@example.org,F,Silver,2024-09-01,Hardyborough,United Kingdom
1768,13868,Tammy Holmes,tammy860@example.net,F,Silver,2022-05-19,Wisehaven,United Kingdom
1850,13521,Rita Brown,rita367@example.net,F,Silver,2022-11-27,Port Paulaburgh,United Kingdom
1887,13869,Julia Conway,julia456@example.org,F,Silver,2021-08-19,East Robertbury,United Kingdom
1906,13210,David Willis,david340@example.com,F,Silver,2021-02-03,Thomasberg,United Kingdom
1973,15721,Lori Guerrero,lori812@example.org,F,Silver,2021-03-12,Laurenshire,United Kingdom
2004,16907,Brian Simmons,brian681@example.com,F,Silver,2025-09-18,New Jennifer,United Kingdom
2037,16395,Christina Rich,christina861@example.org,F,Silver,2025-01-19,Cassandraberg,United Kingdom
2058,17846,Linda Molina,linda952@example.org,F,Silver,2022-03-24,New Timburgh,United Kingdom
2088,13603,Colleen Young,colleen497@example.com,F,Silver,2023-05-19,West Donnaview,United Kingdom
2140,18226,Elizabeth Miller,elizabeth604@example.net,F,Silver,2024-10-13,Laurenland,United Kingdom
2158,16574,Patricia Lane,patricia152@example.net,F,Silver,2021-10-30,West Julieville,United Kingdom
2206,13021,Joseph Ellis,joseph611@example.com,F,Silver,2024-11-04,East Richardport,United Kingdom
2230,12417,Mary Hall,mary781@example.net,M,Bronze,2023-03-14,Marshallmouth,Belgium
2288,12603,Stephen Ponce,stephen882@example.com,M,Bronze,2022-06-18,North Andrealand,Germany
2322,12433,Melissa Wilcox,melissa700@example.net,M,Bronze,2025-03-27,New Carolyn,Norway
2338,17404,Michelle Brown,michelle312@example.com,M,Bronze,2024-07-27,East Johnathan,Sweden
2340,13505,Michael Everett,michael895@example.org,M,Bronze,2020-12-20,Garciahaven,Switzerland
2392,17447,Jeremy Brown,jeremy450@example.net,M,Bronze,2024-09-06,Lake Elizabethfort,United Kingdom
2457,13512,Brenda Woodard,brenda946@example.net,M,Bronze,2025-09-07,North Steven,United Kingdom
2481,15238,Megan Morgan,megan744@example.org,M,Bronze,2021-06-14,South Oliviaborough,United Kingdom
2597,13989,Joel Williams,joel525@example.org,M,Bronze,2023-03-31,Nancyside,United Kingdom
2659,15303,Dawn Roberts,dawn660@example.net,M,Bronze,2023-03-04,Brentshire,United Kingdom
2677,13078,Kevin Gibson,kevin996@example.com,M,Bronze,2023-01-15,Douglasside,United Kingdom
2735,14140,Edward Simpson,edward285@example.org,M,Bronze,2025-06-28,North Chris,United Kingdom
2845,16781,Kenneth Brown,kenneth605@example.org,M,Bronze,2022-07-02,South Jordan,United Kingdom
2915,13499,Cassandra Roberts,cassandra716@example.net,M,Bronze,2025-09-30,Pattersontown,United Kingdom
2921,13223,Barbara Wright,barbara499@example.org,M,Bronze,2024-07-09,North Amystad,United Kingdom
2973,16243,Daniel Dixon,daniel528@example.org,M,Bronze,2025-05-24,Seanborough,United Kingdom
3099,17357,Laurie Smith,laurie607@example.com,M,Bronze,2025-05-09,Jonesview,United Kingdom
3123,16470,Ethan Knight,ethan559@example.org,M,Bronze,2023-08-01,Peterbury,United Kingdom
3131,16309,Mr. Bradley Wallace PhD,mr398@example.com,M,Bronze,2021-02-11,New Kathryntown,United Kingdom
3203,15904,Chris Lopez,chris119@example.org,M,Bronze,2023-12-21,Port Kimberly,United Kingdom
3226,18143,Andrew Ward,andrew438@example.org,M,Bronze,2025-03-09,Tonyastad,United Kingdom
3413,13871,Jennifer Zimmerman,jennifer847@example.com,M,Bronze,2022-09-01,Clarkville,United Kingdom
3419,14012,Stephanie Wilson,stephanie670@example.com,M,Bronze,2025-03-27,Lake Ashleychester,United Kingdom
3517,12770,Wendy Williams,wendy820@example.com,M,Gold,2025-09-29,West Thomasside,Japan
3566,17387,Jacqueline Sanchez,jacqueline339@example.org,M,Gold,2024-07-07,East Paulhaven,United Kingdom
3580,17970,Tyler Murphy,tyler715@example.com,M,Gold,2025-07-28,Lake Chelseabury,United Kingdom
3619,13726,Scott Murphy,scott485@example.net,M,Gold,2024-02-17,South Thomas,United Kingdom
3625,13717,Jamie Underwood,jamie529@example.org,M,Gold,2024-02-17,North Dianafurt,United Kingdom
3706,14532,William Taylor,william694@example.org,M,Gold,2023-12-24,South Sandra,United Kingdom
3759,14439,Mr. James Smith MD,mr566@example.net,M,Silver,2021-07-03,Keithfurt,Greece
3816,14921,Richard Steele,richard523@example.com,M,Silver,2021-08-08,Lake Cameron,United Kingdom
3912,14100,April Bryan,april337@example.org,M,Silver,2024-10-05,Peckburgh,United Kingdom
3922,14148,Cheryl White,cheryl589@example.org,M,Silver,2024-03-20,Amyburgh,United Kingdom
3977,13376,Christine Thompson,christine209@example.org,M,Silver,2021-07-07,Parkertown,United Kingdom
4024,14659,Sarah Gonzalez,sarah286@example.net,M,Silver,2023-05-10,Port Brianmouth,United Kingdom
4046,14889,Patricia Figueroa,patricia675@example.org,M,Silver,2021-07-18,Judithstad,United Kingdom
4152,15100,Joe Obrien,joe710@example.net,M,Silver,2023-12-12,East Tanyahaven,United Kingdom
4157,14446,Derek Wheeler,derek361@example.net,M,Silver,2025-04-14,Dawnville,United Kingdom
4272,13441,Patricia Rivera,patricia332@example.com,M,Silver,2023-07-14,Lake Kelly,United Kingdom
4327,14143,Timothy Curtis,timothy848@example.com,M,Silver,2023-01-13,Ashleymouth,United Kingdom
4330,14448,Jordan Williams,jordan193@example.net,M,Silver,2023-05-28,West Dennis,United Kingdom
27,12488,Jennifer Smith,jennifer511@example.net,F,Bronze,2022-08-24,Baldwinbury,France
36,12732,Kimberly Rivera,kimberly400@example.com,F,Bronze,2022-02-26,Johnborough,France
62,12717,Tracy Ross MD,tracy976@example.net,F,Bronze,2022-08-25,West Juliahaven,Greece
65,12755,Suzanne Hansen,suzanne512@example.net,F,Bronze,2023-01-18,Clarkport,Japan
99,12458,Stephen Kennedy,stephen182@example.org,F,Bronze,2025-01-24,East Danny,Switzerland
246,12910,Gregory Guzman,gregory686@example.com,F,Bronze,2022-08-11,Nicoleville,United Kingdom
381,14133,Ashley Miller,ashley648@example.com,F,Bronze,2023-07-27,South Lauren,United Kingdom
413,13166,Christina Fleming,christina280@example.net,F,Bronze,2024-08-01,North Jacqueline,United Kingdom
472,18011,Robert Sanchez,robert633@example.net,F,Bronze,2025-06-26,Port Katherinefurt,United Kingdom
514,14795,Robert Jones,robert400@example.org,F,Bronze,2022-04-02,Lake Marvinshire,United Kingdom
649,16763,Robert Luna,robert299@example.net,F,Bronze,2024-09-06,Johnbury,United Kingdom
756,17899,Nicole Sanders,nicole903@example.com,F,Bronze,2023-01-25,Thompsonview,United Kingdom
786,14262,Jane Frey,jane388@example.net,F,Bronze,2021-05-23,Lake Christine,United Kingdom
829,17293,Edward Hawkins,edward715@example.com,F,Bronze,2025-09-18,New Donnashire,United Kingdom
922,13278,David Baker,david133@example.org,F,Bronze,2024-02-04,East Michaelview,United Kingdom
954,16654,Christy Pierce,christy337@example.com,F,Bronze,2024-05-25,New Jeffreymouth,United Kingdom
975,13518,Emily Monroe,emily131@example.net,F,Bronze,2024-06-16,Port Charles,United Kingdom
1041,13295,Natalie Bradshaw,natalie689@example.com,F,Bronze,2022-11-11,Emilyberg,United Kingdom
1083,14273,Amanda Flores,amanda249@example.org,F,Bronze,2024-03-15,Port Raymondburgh,United Kingdom
1154,18231,Christine Todd,christine926@example.net,F,Bronze,2023-08-25,South Matthewberg,United Kingdom
1160,14957,Stephen Huerta DVM,stephen590@example.net,F,Bronze,2025-08-12,Lake Susan,United Kingdom
1234,17329,Timothy Stevenson,timothy995@example.org,F,Bronze,2022-08-21,West Anne,United Kingdom
1276,17461,Jeffery Newman,jeffery534@example.org,F,Bronze,2025-06-11,Jenniferview,United Kingdom
1315,13503,Jessica Thompson,jessica284@example.org,F,Bronze,2020-11-26,Cartermouth,United Kingdom
1326,14684,Molly Mueller,molly555@example.org,F,Bronze,2022-12-26,Grayside,United Kingdom
1423,15460,Glen Williams,glen709@example.org,F,Gold,2021-12-17,South Ronald,United Kingdom
1440,14633,Jessica Holden,jessica616@example.org,F,Gold,2024-12-03,Booneshire,United Kingdom
1531,15815,Nicholas Davis,nicholas244@example.net,F,Gold,2025-08-17,Kingtown,United Kingdom
1540,13607,Tracy Shelton,tracy909@example.org,F,Gold,2023-03-29,West Janetshire,United Kingdom
1552,17896,Jesse Berg,jesse950@example.org,F,Gold,2022-01-21,West Steven,United Kingdom
1558,17609,Sandra Gilbert,sandra719@example.org,F,Gold,2023-01-08,East Justin,United Kingdom
1750,13754,Brittany Baker,brittany958@example.net,F,Silver,2025-08-16,Lake Olivia,United Kingdom
1806,17201,Mark Huang,mark128@example.net,F,Silver,2025-08-15,South Alicia,United Kingdom
1837,14073,Angela Baker,angela190@example.org,F,Silver,2022-09-27,Leachberg,United Kingdom
1853,17214,Amanda Johnson,amanda393@example.net,F,Silver,2024-04-15,West Karen,United Kingdom
1884,15267,Barbara Fischer,barbara291@example.net,F,Silver,2024-03-21,Dodsonton,United Kingdom
1913,15251,Crystal Wiley,crystal179@example.net,F,Silver,2022-10-18,Josephborough,United Kingdom
1939,16655,Richard Dixon,richard620@example.org,F,Silver,2025-08-23,South Robert,United Kingdom
1975,13397,Paul Neal DDS,paul595@example.com,F,Silver,2022-02-06,Marshallbury,United Kingdom
2027,17100,Troy Austin,troy531@example.org,F,Silver,2025-09-22,East Mary,United Kingdom
2091,16159,Donald Scott,donald181@example.org,F,Silver,2021-09-24,East Christopher,United Kingdom
2095,17660,Jodi Glover,jodi429@example.com,F,Silver,2021-08-28,South Stacey,United Kingdom
2099,17381,William Dickson,william543@example.org,F,Silver,2023-03-11,Port Jacob,United Kingdom
2134,13508,Susan Wood,susan506@example.net,F,Silver,2025-02-25,Lake Cory,United Kingdom
2165,15370,Carlos Clark,carlos388@example.net,F,Silver,2022-07-26,Simonshire,United Kingdom
2353,15157,Jonathan Barnett,jonathan353@example.com,M,Bronze,2021-10-02,Jasonfurt,United Kingdom
2373,17643,Steven Cooper,steven603@example.org,M,Bronze,2021-04-04,North Alisonfurt,United Kingdom
2375,15555,Michael Pittman,michael121@example.org,M,Bronze,2024-10-29,Lake Monica,United Kingdom
2407,16055,Julie Sanchez,julie575@example.org,M,Bronze,2025-07-21,Lake Vincentberg,United Kingdom
2418,17519,Jo Medina,jo419@example.org,M,Bronze,2024-04-26,Atkinsside,United Kingdom
2444,15777,Luis Wheeler,luis771@example.org,M,Bronze,2025-02-21,South Eric,United Kingdom
2496,16556,Andrea Merritt,andrea432@example.net,M,Bronze,2024-04-19,New Amandastad,United Kingdom
2578,13572,Patrick Hurley,patrick804@example.com,M,Bronze,2024-10-21,Powelltown,United Kingdom
2647,14593,Brian Barnes,brian727@example.com,M,Bronze,2023-07-13,South Diana,United Kingdom
2675,17858,Christopher Singh,christopher842@example.com,M,Bronze,2020-12-02,East Michael,United Kingdom
2815,17793,Wesley Mckinney,wesley752@example.org,M,Bronze,2022-11-12,South Ericmouth,United Kingdom
2821,13270,Teresa Kennedy,teresa471@example.com,M,Bronze,2024-10-10,Shannonberg,United Kingdom
2897,15537,William Mcclure,william150@example.net,M,Bronze,2023-07-15,South Derrick,United Kingdom
3054,14098,Crystal Nguyen,crystal983@example.net,M,Bronze,2021-05-03,South Annette,United Kingdom
3145,14475,Laura Miller,laura618@example.org,M,Bronze,2021-02-04,West Joannastad,United Kingdom
3208,13922,Jessica Ashley,jessica852@example.net,M,Bronze,2024-06-15,Lake Alan,United Kingdom
3217,15674,Dr. Christina Cooper,dr772@example.org,M,Bronze,2022-08-23,Port Wesleyview,United Kingdom
3344,13165,Johnny Sanders,johnny259@example.org,M,Bronze,2025-10-26,New Jerryview,United Kingdom
3369,13887,Chelsey Quinn,chelsey172@example.org,M,Bronze,2021-10-13,Bryceland,United Kingdom
3381,14307,Barbara Adams,barbara324@example.org,M,Bronze,2021-02-06,East Johnland,United Kingdom
3547,16954,Tracy Shaw,tracy453@example.org,M,Gold,2024-11-05,North Jeffreyfurt,United Kingdom
3576,14297,Vicki Maldonado,vicki568@example.net,M,Gold,2022-05-09,Longland,United Kingdom
3598,15993,Amber Aguirre,amber422@example.com,M,Gold,2023-12-10,Port Jeffreyfort,United Kingdom
3714,12402,Kevin Baker,kevin363@example.net,M,Silver,2023-01-17,Russellton,Belgium
3736,12574,Joseph Coleman,joseph198@example.org,M,Silver,2023-05-06,North Margaret,France
3753,12561,James Bennett,james149@example.com,M,Silver,2025-06-10,West Michael,Germany
3783,16466,Dean Harris,dean576@example.net,M,Silver,2022-07-16,Antonioport,United Kingdom
3805,15475,Erika Thompson,erika331@example.net,M,Silver,2025-04-22,New Sandy,United Kingdom
3806,13177,Joel Bowman,joel878@example.com,M,Silver,2025-05-21,South Linda,United Kingdom
3845,13774,Sheila Anderson,sheila621@example.org,M,Silver,2022-12-08,West Jeremy,United Kingdom
4014,14967,William Miller,william376@example.net,M,Silver,2020-12-10,Lisahaven,United Kingdom
4039,14712,Kayla Perkins,kayla951@example.net,M,Silver,2022-10-21,Alexandramouth,United Kingdom
4041,13321,Philip Carr,philip181@example.com,M,Silver,2023-10-17,Port James,United Kingdom
4243,17990,Jeffrey Stanley,jeffrey623@example.org,M,Silver,2021-01-21,Port Andrew,United Kingdom
4271,17015,Patrick Reed,patrick467@example.net,M,Silver,2021-03-14,South Megan,United Kingdom
4281,15975,Denise Lopez,denise156@example.org,M,Silver,2023-01-03,Moralesview,United Kingdom
4297,17183,Nancy Davis,nancy727@example.com,M,Silver,2025-07-15,Jasontown,United Kingdom
4313,17787,Christina Marks,christina819@example.net,M,Silver,2021-02-01,North Ryanmouth,United Kingdom
4343,16339,Cole Williams MD,cole330@example.com,M,Silver,2021-01-13,Nicholaston,United Kingdom
104,13807,Dawn Nichols,dawn748@example.com,F,Bronze,2022-11-11,Lesliefort,United Kingdom
156,15659,Debra Moore,debra527@example.net,F,Bronze,2024-09-20,Johnsonside,United Kingdom
159,13030,Heidi Keller,heidi197@example.net,F,Bronze,2024-01-16,West Vanessa,United Kingdom
306,14418,David Green,david175@example.net,F,Bronze,2025-09-03,Robinsonfurt,United Kingdom
389,17268,Jordan Mcclure,jordan441@example.org,F,Bronze,2024-08-12,Ramseychester,United Kingdom
436,16073,Mr. Marcus Harris,mr890@example.com,F,Bronze,2023-12-09,Schultzside,United Kingdom
463,17124,Erin Winters,erin187@example.net,F,Bronze,2025-01-22,Lake Christinaton,United Kingdom
479,14653,Michael Powell,michael298@example.com,F,Bronze,2025-02-12,New Timothy,United Kingdom
505,16667,Lisa Aguilar,lisa990@example.net,F,Bronze,2023-09-13,Whiteberg,United Kingdom
506,18149,John Brown,john323@example.net,F,Bronze,2025-07-27,Huntburgh,United Kingdom
553,16838,Eric Schaefer,eric868@example.com,F,Bronze,2021-11-21,Pamelaville,United Kingdom
563,15198,Monique Stewart,monique478@example.org,F,Bronze,2024-02-21,Cassandraside,United Kingdom
576,16997,Victoria Kerr,victoria807@example.com,F,Bronze,2021-11-11,Lake Sandra,United Kingdom
584,17584,Michelle Turner,michelle987@example.com,F,Bronze,2023-04-12,Bradleyton,United Kingdom
604,13276,Brittany Smith,brittany590@example.org,F,Bronze,2024-11-29,East Susan,United Kingdom
663,15312,James Green,james159@example.net,F,Bronze,2022-09-12,Port Kimberlyhaven,United Kingdom
707,17433,Jamie Luna,jamie386@example.com,F,Bronze,2025-10-27,Port Johntown,United Kingdom
734,17229,Joshua Zavala,joshua951@example.net,F,Bronze,2024-08-15,East Isaiah,United Kingdom
791,16236,Anna Fuller,anna884@example.com,F,Bronze,2021-06-18,West Randallhaven,United Kingdom
871,15841,Sabrina Villa,sabrina153@example.com,F,Bronze,2023-09-12,West Timothy,United Kingdom
956,17912,Michael Hawkins,michael461@example.org,F,Bronze,2023-12-24,Michaelberg,United Kingdom
1014,17879,Lisa Acosta,lisa253@example.net,F,Bronze,2023-06-01,Joshuaview,United Kingdom
1016,16361,Michael Moore,michael247@example.com,F,Bronze,2023-10-18,Lake Lisa,United Kingdom
1129,17535,Tina Schroeder,tina806@example.org,F,Bronze,2023-07-09,North Joymouth,United Kingdom
1151,15579,Ryan Jones,ryan916@example.org,F,Bronze,2020-11-16,Port Stephenville,United Kingdom
1152,16148,James Sullivan,james306@example.com,F,Bronze,2022-01-04,East Jasonburgh,United Kingdom
1257,16316,Daniel Baldwin,daniel423@example.net,F,Bronze,2024-06-25,Jonathanburgh,United Kingdom
1307,17775,Tracy Adams,tracy281@example.com,F,Bronze,2025-10-02,Port Dana,United Kingdom
1323,17379,Darren Blair,darren757@example.org,F,Bronze,2023-05-02,Dianestad,United Kingdom
1391,17690,Andrew Ramos,andrew810@example.org,F,Gold,2024-01-04,North Dorothy,United Kingdom
1519,12864,Timothy Cortez,timothy889@example.org,F,Gold,2021-10-30,South William,United Kingdom
1525,16754,Jonathan Pena Jr.,jonathan583@example.net,F,Gold,2023-09-11,Lake Terri,United Kingdom
1528,16325,Melissa Alvarado,melissa161@example.net,F,Gold,2023-03-22,New Brianport,United Kingdom
1606,12611,Angela Gutierrez,angela103@example.net,F,Silver,2022-04-12,Mariemouth,Italy
1646,14393,Martin Rice,martin386@example.net,F,Silver,2022-03-18,North Olivia,United Kingdom
1653,15444,Kaylee Morgan,kaylee964@example.com,F,Silver,2025-06-20,Georgetown,United Kingdom
1778,14420,Anthony Summers,anthony336@example.net,F,Silver,2022-08-11,Lisaport,United Kingdom
1826,13144,Tina Berry,tina443@example.org,F,Silver,2025-09-18,Jasonview,United Kingdom
2012,15261,Sheryl Dixon,sheryl903@example.net,F,Silver,2025-02-12,Masonbury,United Kingdom
2122,13599,Frederick Obrien,frederick524@example.org,F,Silver,2021-09-23,Melissamouth,United Kingdom
2225,12453,Wendy Miller,wendy694@example.org,M,Bronze,2022-11-28,Larsenberg,Austria
2267,12598,Steven Bell,steven602@example.org,M,Bronze,2024-07-09,Amandashire,France
2282,12635,Karen Larson,karen795@example.com,M,Bronze,2022-10-06,North Elizabethfurt,Germany
2428,15793,Jessica Chapman,jessica262@example.org,M,Bronze,2024-02-15,Alexisport,United Kingdom
2499,15445,Cory Hernandez,cory418@example.org,M,Bronze,2021-02-11,Port Valerieburgh,United Kingdom
2699,14014,Melissa Edwards,melissa868@example.org,M,Bronze,2024-09-06,East John,United Kingdom
2718,16520,Phillip Shaw,phillip491@example.net,M,Bronze,2020-11-03,Lake Louis,United Kingdom
2751,16226,Nicole Nelson,nicole666@example.net,M,Bronze,2021-02-20,Johnland,United Kingdom
2824,14413,Beverly Murphy,beverly206@example.com,M,Bronze,2023-04-02,Davidfort,United Kingdom
2828,14276,Oscar Martin,oscar871@example.org,M,Bronze,2021-07-07,Port Alicia,United Kingdom
2866,16353,Joe King,joe793@example.net,M,Bronze,2025-03-16,North Deborahmouth,United Kingdom
2894,17042,Jennifer Sullivan,jennifer109@example.com,M,Bronze,2020-11-25,Odomhaven,United Kingdom
2902,16190,Candace Roach PhD,candace851@example.com,M,Bronze,2021-04-02,New Isaacton,United Kingdom
2959,16188,Hunter Miller,hunter728@example.net,M,Bronze,2021-11-20,Lewisbury,United Kingdom
2975,14357,Courtney Skinner,courtney729@example.com,M,Bronze,2022-10-28,Rodneyfort,United Kingdom
2990,17505,Chad Mills,chad219@example.com,M,Bronze,2022-12-26,Port Jennifer,United Kingdom
3023,15728,Mrs. Sara Woods,mrs853@example.com,M,Bronze,2024-08-12,West Bryan,United Kingdom
3075,15096,Sherry Rodriguez,sherry465@example.com,M,Bronze,2024-12-23,South Keith,United Kingdom
3115,16737,Raymond Roberts,raymond769@example.net,M,Bronze,2024-11-06,Powersshire,United Kingdom
3193,15292,Jay Rivera II,jay121@example.org,M,Bronze,2023-06-22,Danielberg,United Kingdom
3257,13153,Billy Harris,billy300@example.com,M,Bronze,2021-06-15,Russellfurt,United Kingdom
3465,15570,Julian Phillips,julian473@example.com,M,Bronze,2025-06-04,Port Annburgh,United Kingdom
3602,15454,Dalton Harris,dalton505@example.com,M,Gold,2023-10-08,Port Latoyamouth,United Kingdom
3672,12827,Brent Anderson,brent208@example.org,M,Gold,2024-04-04,New Joshua,United Kingdom
3689,17179,Thomas Brooks,thomas939@example.com,M,Gold,2023-04-13,New Anthonyside,United Kingdom
3801,17698,Alejandro Lee,alejandro871@example.org,M,Silver,2025-10-10,Hawkinston,United Kingdom
3813,17217,Lisa Cook,lisa366@example.org,M,Silver,2023-04-01,Seanview,United Kingdom
3915,16881,Caitlin Parker,caitlin388@example.net,M,Silver,2024-04-12,Port Richard,United Kingdom
3926,17675,Joseph Moore,joseph677@example.com,M,Silver,2024-05-02,Tommouth,United Kingdom
4032,17806,Christopher Hernandez,christopher812@example.net,M,Silver,2021-01-20,Lake Caitlin,United Kingdom
4077,13458,Brittney Bond,brittney214@example.com,M,Silver,2025-03-10,West Diane,United Kingdom
4132,17651,Kevin Manning,kevin832@example.org,M,Silver,2021-06-14,East Michaelfort,United Kingdom
4219,17126,Cole Jackson,cole314@example.org,M,Silver,2024-04-13,Port Angelafort,United Kingdom
4223,15528,Victoria Drake,victoria677@example.org,M,Silver,2022-03-18,Christopherstad,United Kingdom
4239,16275,Dwayne Moon,dwayne707@example.com,M,Silver,2024-01-18,East Marie,United Kingdom
4300,13468,Jason Snyder,jason395@example.net,M,Silver,2023-11-09,Cherylstad,United Kingdom
4312,14804,Vanessa Nelson,vanessa519@example.net,M,Silver,2024-09-24,Port Robert,United Kingdom
82,12502,Hayley Wolf,hayley277@example.com,F,Bronze,2024-05-16,South Laura,Spain
149,15205,Nicholas Gordon,nicholas850@example.org,F,Bronze,2024-06-05,Gabrielleton,United Kingdom
189,12845,Susan Daniels,susan226@example.net,F,Bronze,2022-03-09,Christianstad,United Kingdom
202,14741,Kayla Mueller,kayla814@example.org,F,Bronze,2021-09-07,Port Ryanhaven,United Kingdom
255,17122,Andrew Hernandez,andrew736@example.org,F,Bronze,2021-03-06,Lake Kimberly,United Kingdom
315,13370,Amy Nelson,amy468@example.net,F,Bronze,2025-10-26,Willisborough,United Kingdom
371,14641,Gina Krause,gina258@example.net,F,Bronze,2025-02-07,Olsonland,United Kingdom
448,13495,Elaine Wong,elaine426@example.com,F,Bronze,2024-04-02,North Devin,United Kingdom
516,15740,Peter Thompson,peter843@example.com,F,Bronze,2024-04-26,South Krystal,United Kingdom
715,17965,Ashley Schmitt,ashley355@example.com,F,Bronze,2025-03-05,Port Sarah,United Kingdom
764,15010,Tiffany Alexander,tiffany206@example.org,F,Bronze,2024-06-23,Jamesstad,United Kingdom
835,16377,Geoffrey Valencia,geoffrey488@example.org,F,Bronze,2023-10-18,Morrisonville,United Kingdom
846,17752,Kari Marks,kari462@example.net,F,Bronze,2022-05-08,Rebekahshire,United Kingdom
900,18228,Michael Dunn,michael311@example.org,F,Bronze,2020-12-04,Vasquezville,United Kingdom
1032,15035,Ryan Franco,ryan480@example.com,F,Bronze,2022-03-08,Hannahfort,United Kingdom
1057,16484,Justin Ponce,justin242@example.net,F,Bronze,2024-01-12,Bakerburgh,United Kingdom
1058,13435,Devin Barnes,devin900@example.net,F,Bronze,2021-06-20,Melindatown,United Kingdom
1101,14088,Jeffrey Rodriguez,jeffrey663@example.org,F,Bronze,2025-01-04,East Timothychester,United Kingdom
1110,16232,Allison Rodriguez,allison517@example.com,F,Bronze,2023-01-20,Lopezland,United Kingdom
1113,15608,Kenneth Smith,kenneth996@example.org,F,Bronze,2025-01-15,North Joseph,United Kingdom
1240,14535,Megan Boyd,megan980@example.org,F,Bronze,2023-02-18,West Heather,United Kingdom
1274,18126,Kimberly Gibson,kimberly349@example.net,F,Bronze,2020-12-12,Rodriguezburgh,United Kingdom
1425,17370,Alexander Cohen,alexander928@example.org,F,Gold,2021-06-20,Port Johnny,United Kingdom
1448,16108,Sara Medina,sara797@example.org,F,Gold,2024-08-12,Holtshire,United Kingdom
1460,13851,George Smith,george615@example.com,F,Gold,2021-09-05,East Xaviertown,United Kingdom
1467,13756,Taylor Evans,taylor426@example.org,F,Gold,2024-08-18,Lake Dylan,United Kingdom
1520,16428,Johnny Sawyer,johnny102@example.net,F,Gold,2021-05-08,Paulton,United Kingdom
1615,12750,Amy Matthews,amy973@example.org,F,Silver,2024-04-25,South Jonathan,Poland
1628,12461,Frank Campbell,frank362@example.org,F,Silver,2021-05-04,South Sarahbury,Switzerland
1632,14352,Robert Newton,robert938@example.org,F,Silver,2021-03-15,Waltersstad,United Kingdom
1792,16739,Jeffrey White,jeffrey116@example.org,F,Silver,2023-07-10,Lindsayfort,United Kingdom
1796,15218,Jeremy Shaw,jeremy592@example.com,F,Silver,2022-12-04,West Loretta,United Kingdom
1797,15090,Michael Glass,michael149@example.com,F,Silver,2024-01-11,Matthewmouth,United Kingdom
1918,13194,Donna Shields,donna221@example.org,F,Silver,2021-07-02,Grantmouth,United Kingdom
1924,16863,Mason Gallagher,mason468@example.com,F,Silver,2023-10-06,Kendrabury,United Kingdom
1925,15392,Xavier Sandoval,xavier179@example.net,F,Silver,2022-04-22,Jesseton,United Kingdom
1930,13460,Erin Johnson,erin939@example.org,F,Silver,2022-05-14,East Christopher,United Kingdom
1938,15281,Robin Alexander,robin206@example.net,F,Silver,2021-12-01,Nguyenmouth,United Kingdom
1978,16933,Natalie Blevins,natalie289@example.com,F,Silver,2022-04-13,North Thomasville,United Kingdom
1983,16033,Heather Neal,heather273@example.com,F,Silver,2023-12-20,Marvinport,United Kingdom
2005,16010,Jennifer Williams,jennifer749@example.net,F,Silver,2021-08-11,Juliehaven,United Kingdom
2009,17105,Tammy Ochoa,tammy324@example.net,F,Silver,2021-10-18,Jeffport,United Kingdom
2031,13837,Heather Smith,heather778@example.com,F,Silver,2023-09-26,East Amyburgh,United Kingdom
2085,12888,William Duncan Jr.,william901@example.org,F,Silver,2025-04-18,Jacobtown,United Kingdom
2118,13350,James Faulkner,james392@example.com,F,Silver,2025-09-13,Port Calebfort,United Kingdom
2147,15117,Raymond Hess,raymond169@example.com,F,Silver,2021-07-30,Carlburgh,United Kingdom
2172,13248,Howard Bryant,howard220@example.net,F,Silver,2022-07-25,Griffinshire,United Kingdom
2309,12610,Robert Robinson,robert912@example.org,M,Bronze,2025-10-30,Michaelside,Italy
2334,12445,Valerie Joseph,valerie280@example.com,M,Bronze,2021-06-09,Richardschester,Spain
2367,16999,Sarah Martin,sarah844@example.com,M,Bronze,2025-05-24,Kevinville,United Kingdom
2380,17870,Richard Henson,richard709@example.org,M,Bronze,2025-09-16,North Jenniferborough,United Kingdom
2477,15775,Robert Mckinney,robert427@example.com,M,Bronze,2021-08-22,New Amandashire,United Kingdom
2487,15533,Alexis Gregory,alexis370@example.com,M,Bronze,2024-04-09,Jonathantown,United Kingdom
2497,15789,Anthony Garcia,anthony223@example.org,M,Bronze,2024-09-29,New Loganfurt,United Kingdom
2538,15823,Lindsay Bryant,lindsay427@example.net,M,Bronze,2025-05-29,Kennethmouth,United Kingdom
2582,13431,Mrs. Denise Butler,mrs178@example.com,M,Bronze,2023-03-04,Fischershire,United Kingdom
2765,17611,Jennifer Shelton,jennifer176@example.com,M,Bronze,2024-05-01,Port Ryan,United Kingdom
2779,16249,Alex Hester,alex193@example.com,M,Bronze,2023-08-15,Christianland,United Kingdom
2785,12883,Edwin Johnson,edwin443@example.org,M,Bronze,2021-05-07,East Pam,United Kingdom
2929,12971,Jaime Williams,jaime337@example.org,M,Bronze,2025-03-26,New Melissamouth,United Kingdom
2950,12931,Ashlee Mcknight,ashlee854@example.org,M,Bronze,2022-07-09,North Kevin,United Kingdom
2962,13976,Stephanie Hicks,stephanie538@example.org,M,Bronze,2024-08-14,Port Loriside,United Kingdom
3086,15676,Keith Garrison,keith570@example.com,M,Bronze,2023-12-15,Christopherbury,United Kingdom
3092,17642,Stephen Kane,stephen612@example.net,M,Bronze,2025-03-07,Lake Sandra,United Kingdom
3205,16817,Christopher Wolfe,christopher144@example.org,M,Bronze,2024-04-29,Silvaside,United Kingdom
3219,14958,Katelyn Sweeney,katelyn846@example.org,M,Bronze,2021-01-13,North Nicole,United Kingdom
3228,16181,Martin Jones,martin738@example.org,M,Bronze,2024-10-31,North William,United Kingdom
3314,16441,Alexander Wood,alexander855@example.org,M,Bronze,2022-01-31,Larrytown,United Kingdom
3315,16212,Sheryl Armstrong,sheryl596@example.org,M,Bronze,2024-03-07,Danielberg,United Kingdom
3347,13740,David Blankenship,david763@example.org,M,Bronze,2023-03-03,Port Michael,United Kingdom
3362,16255,Keith Valencia,keith727@example.org,M,Bronze,2025-06-25,Lake Christopherfurt,United Kingdom
3440,13546,Antonio Lozano,antonio163@example.net,M,Bronze,2022-02-26,Amytown,United Kingdom
3448,17341,James Thomas,james735@example.org,M,Bronze,2021-02-26,North Angelicaton,United Kingdom
3463,16413,Amy Krause,amy412@example.org,M,Bronze,2022-05-05,Howellbury,United Kingdom
3562,17365,Hannah Cochran,hannah966@example.com,M,Gold,2022-10-20,South Jillianborough,United Kingdom
3572,17517,Sara Ali,sara293@example.com,M,Gold,2023-05-30,Goodmanshire,United Kingdom
3611,16282,Christopher Farrell,christopher387@example.org,M,Gold,2024-03-31,Lake Dave,United Kingdom
3613,17813,Tracy Decker,tracy221@example.net,M,Gold,2025-08-11,Jeffersonburgh,United Kingdom
3621,17054,Wayne Lara,wayne773@example.com,M,Gold,2024-11-01,South Thomashaven,United Kingdom
3626,16518,Jennifer Jordan,jennifer374@example.net,M,Gold,2024-11-30,New Daniel,United Kingdom
3628,13354,Kenneth Monroe,kenneth850@example.com,M,Gold,2021-02-25,East Benjamin,United Kingdom
3657,14408,Rhonda Mccarthy,rhonda560@example.com,M,Gold,2025-07-26,New Steven,United Kingdom
3702,18168,Michael Rice,michael391@example.org,M,Gold,2025-05-16,Smithmouth,United Kingdom
3812,16966,Andrea Olson,andrea705@example.org,M,Silver,2023-10-23,South Johnberg,United Kingdom
3831,14808,Martin Boyd,martin842@example.net,M,Silver,2020-12-02,North Jennifer,United Kingdom
3866,17058,Alexander Miller,alexander765@example.org,M,Silver,2023-08-14,West Dennisberg,United Kingdom
3880,14696,Gabriel Schmidt,gabriel126@example.net,M,Silver,2022-09-10,East Robert,United Kingdom
3928,15101,Chelsea Reed,chelsea547@example.net,M,Silver,2023-11-27,Ashleyton,United Kingdom
4019,14459,Michelle Maxwell,michelle743@example.com,M,Silver,2024-12-19,New Dorothychester,United Kingdom
4107,14697,Deborah Pierce,deborah909@example.net,M,Silver,2022-04-03,South Angelachester,United Kingdom
4180,16672,Victoria Colon,victoria528@example.com,M,Silver,2022-11-06,Dickersonfurt,United Kingdom
4232,13700,Carl Morales,carl627@example.net,M,Silver,2020-12-12,Brittanyborough,United Kingdom
4236,14489,Kenneth Walters,kenneth520@example.net,M,Silver,2025-07-28,New Matthewside,United Kingdom
4237,14009,Carolyn Richards,carolyn211@example.com,M,Silver,2025-03-24,Lake Adam,United Kingdom
4287,18105,Sarah Carter,sarah382@example.com,M,Silver,2025-04-19,Lake Todd,United Kingdom
4339,14709,Leslie Reynolds,leslie448@example.com,M,Silver,2022-07-11,Ramosmouth,United Kingdom
9,15388,Justin Cooper,justin525@example.net,F,Bronze,2021-08-14,Bateschester,Canada
96,12715,Stacey Bishop,stacey929@example.com,F,Bronze,2022-08-17,Conniefurt,Sweden
241,18161,Randall Simpson,randall220@example.org,F,Bronze,2024-12-22,Solomonshire,United Kingdom
356,18188,Wanda Villarreal,wanda931@example.org,F,Bronze,2025-02-08,West Sandra,United Kingdom
362,17522,Richard Jones,richard812@example.net,F,Bronze,2021-01-26,Leahfort,United Kingdom
422,16211,Gloria Roy,gloria842@example.net,F,Bronze,2024-03-12,North Tylerfurt,United Kingdom
483,15110,Brandy Cruz,brandy711@example.org,F,Bronze,2023-10-18,Port Jenniferland,United Kingdom
510,18241,Joseph Gould,joseph337@example.net,F,Bronze,2025-05-13,Jimenezfurt,United Kingdom
650,16589,Evan Pope,evan777@example.net,F,Bronze,2022-04-09,Port John,United Kingdom
652,16878,David Long,david994@example.net,F,Bronze,2023-11-24,West David,United Kingdom
762,12923,Marissa Choi,marissa988@example.net,F,Bronze,2021-05-23,Lake Michaelchester,United Kingdom
779,14665,Tony Blankenship,tony146@example.net,F,Bronze,2025-10-03,Saraburgh,United Kingdom
861,14141,Lucas Johnson,lucas331@example.com,F,Bronze,2021-12-02,West Brandonhaven,United Kingdom
1071,16510,Crystal Mcdonald,crystal106@example.com,F,Bronze,2022-04-18,Davismouth,United Kingdom
1116,12895,Ryan Lewis,ryan791@example.net,F,Bronze,2025-09-14,West Leroyhaven,United Kingdom
1126,16549,Ivan Guerra,ivan529@example.com,F,Bronze,2021-03-31,Piercefort,United Kingdom
1146,16385,Rachel Rodriguez,rachel895@example.com,F,Bronze,2022-09-07,East Martin,United Kingdom
1201,15723,Christopher Vaughan,christopher233@example.org,F,Bronze,2021-05-21,Sandrabury,United Kingdom
1242,14920,William Hall,william859@example.net,F,Bronze,2022-11-07,Lake Emilymouth,United Kingdom
1268,13217,Lauren Villegas,lauren879@example.org,F,Bronze,2025-09-23,Rodriguezshire,United Kingdom
1313,14096,Anne Kelly,anne243@example.com,F,Bronze,2024-11-18,West Kevin,United Kingdom
1317,16412,Dean Morgan,dean883@example.org,F,Bronze,2024-05-03,Pachecomouth,United Kingdom
1321,12890,Rebecca Leon DVM,rebecca238@example.net,F,Bronze,2024-01-31,West Williamstad,United Kingdom
1339,12358,Howard Butler,howard495@example.net,F,Gold,2025-07-28,Coxton,Austria
1377,17900,Lisa Sims,lisa389@example.com,F,Gold,2024-11-09,Port Oscarshire,United Kingdom
1433,14449,Jeffrey Miller,jeffrey620@example.com,F,Gold,2022-08-11,Tyronestad,United Kingdom
1436,16266,Alexander Tapia,alexander825@example.com,F,Gold,2021-01-31,North Sheenafort,United Kingdom
1518,17109,Tammy Tanner,tammy358@example.org,F,Gold,2025-06-06,East Matthew,United Kingdom
1560,16773,Jacqueline Meza,jacqueline294@example.org,F,Gold,2023-03-14,Simpsonburgh,United Kingdom
1573,14016,Edward Benson,edward383@example.net,F,Silver,2023-10-14,Westmouth,EIRE
1604,12347,Ricky Rios,ricky971@example.com,F,Silver,2024-02-06,Leonardfort,Iceland
1717,16318,Rebecca Ryan,rebecca777@example.org,F,Silver,2025-01-30,Lake Nicholasstad,United Kingdom
1772,13038,Danielle Yates,danielle911@example.com,F,Silver,2022-06-07,Lake Jenniferbury,United Kingdom
1784,16988,Ryan Wells,ryan423@example.org,F,Silver,2024-05-26,Gainesport,United Kingdom
1807,15844,Paul Miller,paul492@example.org,F,Silver,2024-02-20,North Kimberly,United Kingdom
1863,13311,Joshua Vaughn,joshua347@example.org,F,Silver,2022-02-03,Harristown,United Kingdom
1866,13436,Donald White,donald264@example.org,F,Silver,2021-07-29,Katrinaberg,United Kingdom
1893,18248,Donna Horton,donna160@example.com,F,Silver,2023-05-23,South Michaelmouth,United Kingdom
1899,15107,Alexandria Gonzalez,alexandria798@example.com,F,Silver,2023-04-20,Gordonview,United Kingdom
1968,18072,Kelly Andrews,kelly525@example.net,F,Silver,2022-12-18,East Brooke,United Kingdom
2117,15494,Lisa Howe,lisa867@example.net,F,Silver,2021-07-08,Lake Sydneyfurt,United Kingdom
2194,13402,George Velasquez,george487@example.net,F,Silver,2023-06-08,Thomasmouth,United Kingdom
2211,15453,Tara Beasley DVM,tara674@example.org,F,Silver,2024-06-02,Juliehaven,United Kingdom
2215,12743,Blake Myers,blake960@example.net,F,Silver,2022-03-27,South Benjaminport,Unspecified
2245,12588,Debra Soto,debra901@example.net,M,Bronze,2021-03-05,West Michaeltown,Finland
2265,12719,Chad Johnson,chad165@example.org,M,Bronze,2021-03-12,Evelynmouth,France
2275,12660,Rodney Ware,rodney773@example.com,M,Bronze,2025-04-25,Benjaminstad,France
2290,12709,Andrew Jenkins,andrew953@example.net,M,Bronze,2022-12-20,Andersonton,Germany
2323,12438,Aimee Conley,aimee224@example.org,M,Bronze,2022-10-14,North Kevinview,Norway
2324,12436,William Coffey,william929@example.com,M,Bronze,2025-06-11,Pacetown,Norway
2359,13452,Selena Lopez,selena379@example.org,M,Bronze,2023-11-18,East Cynthia,United Kingdom
2435,14222,David Hebert Jr.,david696@example.com,M,Bronze,2025-03-12,Melaniemouth,United Kingdom
2443,12875,Matthew Santana,matthew765@example.net,M,Bronze,2021-08-03,Christinaburgh,United Kingdom
2446,17358,Wendy Prince DVM,wendy924@example.org,M,Bronze,2022-11-07,Anthonyton,United Kingdom
2525,17955,Daniel Palmer,daniel620@example.org,M,Bronze,2022-10-28,Kevinbury,United Kingdom
2598,15717,Joel King,joel231@example.net,M,Bronze,2021-09-13,Callahanside,United Kingdom
2618,14075,Stephen Edwards Jr.,stephen370@example.net,M,Bronze,2022-09-12,Jesuston,United Kingdom
2835,13589,Kristopher Fuller,kristopher191@example.org,M,Bronze,2022-03-31,Thomasfurt,United Kingdom
2888,16505,Kimberly Patel,kimberly697@example.org,M,Bronze,2021-07-14,Morsefurt,United Kingdom
2936,13894,Linda Young,linda473@example.net,M,Bronze,2025-10-20,West April,United Kingdom
2947,17841,Sonya Rosales,sonya330@example.com,M,Bronze,2023-06-13,Pachecomouth,United Kingdom
2982,18095,Carla Patterson,carla126@example.com,M,Bronze,2023-10-10,Alexandraside,United Kingdom
2986,16216,Roger Soto,roger962@example.org,M,Bronze,2021-01-09,Shannonshire,United Kingdom
3005,15513,Kelly Hawkins,kelly626@example.org,M,Bronze,2025-04-21,Annafort,United Kingdom
3014,17418,Christine Campbell,christine931@example.net,M,Bronze,2022-07-06,South Jessicashire,United Kingdom
3025,17523,Rodney Pugh,rodney121@example.net,M,Bronze,2024-05-14,Jerrymouth,United Kingdom
3060,14821,Anna Dickson,anna535@example.org,M,Bronze,2021-11-01,Clarkshire,United Kingdom
3074,13801,Monica Lang,monica904@example.net,M,Bronze,2023-02-03,Suzannetown,United Kingdom
3132,16611,Christine Rivera,christine756@example.com,M,Bronze,2023-03-27,Gloverborough,United Kingdom
3164,14627,Gabriel Kelly,gabriel255@example.com,M,Bronze,2023-02-13,East Christophermouth,United Kingdom
3171,15042,Richard Brown,richard810@example.com,M,Bronze,2023-10-04,Halemouth,United Kingdom
3185,16401,Pamela Wagner,pamela853@example.org,M,Bronze,2023-11-23,Lydiahaven,United Kingdom
3190,15132,Monica Marsh,monica758@example.net,M,Bronze,2020-11-20,New Hunter,United Kingdom
3269,16880,Cassandra Smith,cassandra642@example.org,M,Bronze,2025-01-28,Brentstad,United Kingdom
3360,17402,Andrew Chavez,andrew290@example.net,M,Bronze,2025-10-30,Juliechester,United Kingdom
3390,18211,Scott Austin,scott908@example.org,M,Bronze,2023-10-30,Raymondside,United Kingdom
3432,16136,Richard Barker,richard125@example.org,M,Bronze,2021-11-24,East Davidmouth,United Kingdom
3455,13262,Kelly Taylor,kelly346@example.com,M,Bronze,2023-04-29,Mullinsland,United Kingdom
3464,14810,Dana Miller,dana202@example.org,M,Bronze,2022-12-20,Wigginsland,United Kingdom
3467,15984,Tami Mccall,tami694@example.net,M,Bronze,2023-10-19,South Jacobfurt,United Kingdom
3512,12475,Jesse Nguyen,jesse667@example.net,M,Gold,2021-12-03,Ericton,Germany
3516,12552,Teresa Carlson,teresa847@example.com,M,Gold,2025-10-24,Glennside,Italy
3556,18216,Laura Lambert,laura981@example.net,M,Gold,2022-08-23,Lake Sylvia,United Kingdom
3563,13208,Andrea Cuevas,andrea340@example.net,M,Gold,2021-02-12,East Crystal,United Kingdom
3788,17919,Alex Rivera,alex381@example.net,M,Silver,2025-07-10,Bellville,United Kingdom
3848,16363,Victoria Jensen,victoria520@example.com,M,Silver,2020-11-11,West Gregoryville,United Kingdom
3914,13355,Nathan Johnson,nathan489@example.net,M,Silver,2025-04-21,Port Donald,United Kingdom
4097,16169,Angelica Harrington,angelica646@example.com,M,Silver,2025-07-15,New Heatherburgh,United Kingdom
4201,18109,Vanessa Johnson,vanessa696@example.net,M,Silver,2022-12-29,South Brentbury,United Kingdom
4216,12915,Jessica Reid,jessica885@example.com,M,Silver,2022-10-14,Jessicaview,United Kingdom
4296,13023,Heather Miranda,heather867@example.org,M,Silver,2025-04-09,Perryton,United Kingdom
4357,13390,John Wagner,john608@example.org,M,Silver,2023-04-22,Leefurt,United Kingdom
83,12454,Mrs. Karen Goodwin,mrs898@example.net,F,Bronze,2021-12-22,East Joelmouth,Spain
191,14870,Matthew Castillo,matthew146@example.org,F,Bronze,2022-01-08,New Madisonfort,United Kingdom
221,12881,Peter Thomas,peter913@example.com,F,Bronze,2021-01-30,South Christopher,United Kingdom
508,12937,Maria Cruz,maria949@example.com,F,Bronze,2021-03-28,Kennedyshire,United Kingdom
551,16235,Natalie Mills,natalie674@example.net,F,Bronze,2023-02-06,Lisaton,United Kingdom
574,15290,Robert Miller,robert717@example.org,F,Bronze,2022-07-08,Kimberlyshire,United Kingdom
583,13116,Debbie Allen,debbie590@example.net,F,Bronze,2022-09-05,West Christinabury,United Kingdom
666,14587,Shirley Holland,shirley608@example.com,F,Bronze,2021-07-20,Austinmouth,United Kingdom
706,16447,Tracey Brown,tracey847@example.net,F,Bronze,2021-01-02,New Kristin,United Kingdom
718,12820,Tyler Brown,tyler660@example.net,F,Bronze,2025-05-06,Donaldsonshire,United Kingdom
760,16924,Marcus James,marcus529@example.org,F,Bronze,2021-05-13,Scottborough,United Kingdom
887,14326,Greg Robertson,greg184@example.org,F,Bronze,2021-09-04,Jennifershire,United Kingdom
1053,14628,Timothy Valentine,timothy945@example.com,F,Bronze,2023-03-10,Patrickfurt,United Kingdom
1068,14354,Kristen Moreno,kristen282@example.net,F,Bronze,2025-08-18,Tonyshire,United Kingdom
1143,15790,Jeffrey Poole,jeffrey638@example.org,F,Bronze,2025-03-21,Lake Lauraland,United Kingdom
1158,14840,Thomas Reyes,thomas293@example.net,F,Bronze,2025-10-20,East Laurentown,United Kingdom
1266,14375,Lisa Howard,lisa383@example.com,F,Bronze,2021-02-11,Teresafort,United Kingdom
1303,16156,Steve Yang,steve782@example.org,F,Bronze,2023-10-07,Jacobsstad,United Kingdom
1312,16012,James Guerrero,james763@example.net,F,Bronze,2020-12-22,Washingtontown,United Kingdom
1325,15649,Sue Morris,sue456@example.net,F,Bronze,2025-04-12,Armstrongfort,United Kingdom
1336,15762,Victor Bates,victor501@example.net,F,Bronze,2022-05-06,Lake Erik,United Kingdom
1349,12658,Ryan Wilson,ryan839@example.net,F,Gold,2025-07-25,Daniellestad,Germany
1373,14985,Mr. James Lamb,mr588@example.com,F,Gold,2022-11-05,South Daniel,United Kingdom
1403,17096,Charles Kelly,charles533@example.net,F,Gold,2022-05-01,Smithmouth,United Kingdom
1411,14515,Richard Beltran,richard145@example.net,F,Gold,2021-08-23,East Tonyachester,United Kingdom
1469,16206,Brian Cline,brian773@example.net,F,Gold,2025-08-02,West Ian,United Kingdom
1576,12571,Natalie Ramirez,natalie563@example.net,F,Silver,2023-05-24,Josephshire,France
1616,12815,Anthony Hernandez,anthony226@example.com,F,Silver,2024-04-28,West Tylerberg,Poland
1622,17097,Stephanie Holloway,stephanie618@example.org,F,Silver,2025-07-24,Spencerville,Spain
1710,14162,Tim Sanchez,tim232@example.com,F,Silver,2022-12-16,Lake Donnamouth,United Kingdom
1730,12878,Mr. James Wilson,mr109@example.com,F,Silver,2023-03-19,South Laura,United Kingdom
1739,13929,Mr. Justin Mathis,mr522@example.net,F,Silver,2022-07-01,North Catherineton,United Kingdom
1786,16923,Misty Costa,misty881@example.net,F,Silver,2024-09-28,New Kimberly,United Kingdom
1845,15134,Vanessa Roman MD,vanessa279@example.com,F,Silver,2021-01-08,West Keithshire,United Kingdom
1948,18213,Steven Dennis,steven399@example.org,F,Silver,2024-02-19,East Amyberg,United Kingdom
2079,17389,Katherine Weber,katherine598@example.net,F,Silver,2021-01-12,Port Lance,United Kingdom
2093,16258,Danny Duffy,danny970@example.org,F,Silver,2025-07-21,Cathychester,United Kingdom
2103,13502,Hector Moon DDS,hector198@example.com,F,Silver,2022-02-18,New Jeremyport,United Kingdom
2190,16121,Tiffany Hines,tiffany257@example.org,F,Silver,2020-11-09,Port Davidborough,United Kingdom
2200,17893,Carlos Osborne,carlos478@example.net,F,Silver,2022-02-23,Freemanborough,United Kingdom
2283,12504,Christopher Ramos,christopher815@example.org,M,Bronze,2022-04-08,East Rachelmouth,Germany
2292,12613,Adrienne Miller,adrienne434@example.org,M,Bronze,2022-11-15,Nelsonbury,Germany
2298,12644,Kelly Wade,kelly839@example.com,M,Bronze,2022-01-11,East Johnny,Germany
2366,13336,Teresa Arnold,teresa691@example.net,M,Bronze,2023-04-05,Jeremyside,United Kingdom
2376,14748,Laura Martin,laura201@example.net,M,Bronze,2025-01-08,Spencerville,United Kingdom
2417,14849,Jeanette Bell,jeanette302@example.net,M,Bronze,2025-09-27,New Jill,United Kingdom
2544,14450,Kathryn Phillips,kathryn607@example.com,M,Bronze,2022-03-22,Jaredshire,United Kingdom
2587,16914,Andrew Myers,andrew391@example.net,M,Bronze,2021-09-18,Wagnerstad,United Kingdom
2614,15028,Jennifer Knapp,jennifer791@example.net,M,Bronze,2021-04-27,East George,United Kingdom
2684,16332,Jonathan Morales,jonathan505@example.org,M,Bronze,2025-07-08,South Eric,United Kingdom
2692,14853,Melissa Chan,melissa481@example.org,M,Bronze,2024-10-16,Leonardmouth,United Kingdom
2741,16161,Edgar Murphy,edgar745@example.org,M,Bronze,2021-06-05,Sharpmouth,United Kingdom
2783,16091,Matthew Nolan,matthew595@example.net,M,Bronze,2024-03-23,Calderonville,United Kingdom
2786,17144,Kimberly Jones,kimberly445@example.com,M,Bronze,2021-09-07,Kellyburgh,United Kingdom
2832,13548,Tammie Washington,tammie230@example.com,M,Bronze,2022-12-28,South Eric,United Kingdom
2882,17578,Christina Conley,christina527@example.org,M,Bronze,2023-02-08,New Anthonyport,United Kingdom
2955,16976,Jessica Sandoval,jessica453@example.com,M,Bronze,2025-09-02,Lake Emma,United Kingdom
2992,13972,Kimberly Smith,kimberly938@example.net,M,Bronze,2022-01-08,Tracychester,United Kingdom
2998,12906,Sabrina Nguyen,sabrina588@example.net,M,Bronze,2025-05-29,South Adrianaville,United Kingdom
3095,16613,Randall Patel,randall381@example.net,M,Bronze,2025-02-17,Melindaview,United Kingdom
3098,13066,Kelly Parker,kelly128@example.com,M,Bronze,2025-08-03,Jessicashire,United Kingdom
3103,15780,Harold Brown,harold208@example.com,M,Bronze,2024-08-29,Lake Roberttown,United Kingdom
3186,15820,Lauren Simpson,lauren321@example.com,M,Bronze,2023-08-15,Lake Jamie,United Kingdom
3255,16884,Ashley Rodriguez,ashley650@example.net,M,Bronze,2023-03-21,North Craigview,United Kingdom
3313,17707,Christine Avila,christine647@example.com,M,Bronze,2024-05-09,New Candice,United Kingdom
3322,15826,Alex Warner,alex417@example.org,M,Bronze,2021-07-26,Wilsonhaven,United Kingdom
3355,13103,Chris Guzman,chris178@example.net,M,Bronze,2020-12-11,South Amandashire,United Kingdom
3460,16930,Elizabeth Benton,elizabeth565@example.net,M,Bronze,2025-08-10,Port Robertborough,United Kingdom
3571,17428,Laura Wagner,laura382@example.net,M,Gold,2025-09-13,Markborough,United Kingdom
3643,15889,Victoria Smith,victoria790@example.com,M,Gold,2025-04-28,West Ryanmouth,United Kingdom
3687,18074,Isaiah Richardson,isaiah817@example.net,M,Gold,2025-03-15,North Melanieville,United Kingdom
3832,16009,James Ward,james175@example.org,M,Silver,2025-08-13,Michelleshire,United Kingdom
3841,16859,Taylor Duncan Jr.,taylor706@example.org,M,Silver,2024-07-15,Noblechester,United Kingdom
3940,13089,Jessica Smith,jessica815@example.org,M,Silver,2021-05-29,Nicoleberg,United Kingdom
3976,12857,Jennifer Baker,jennifer205@example.org,M,Silver,2022-12-15,North Vincentview,United Kingdom
3997,15639,Laura Smith,laura596@example.com,M,Silver,2023-07-11,South Nicolebury,United Kingdom
4011,13563,Margaret Wilkins,margaret482@example.com,M,Silver,2024-09-06,New Terry,United Kingdom
4113,16455,Amanda Andrews,amanda967@example.net,M,Silver,2022-08-24,Lake Daniel,United Kingdom
4212,14972,Corey Mcgrath,corey819@example.net,M,Silver,2024-12-03,Powellshire,United Kingdom
4234,12902,Aimee Diaz,aimee924@example.com,M,Silver,2024-06-05,East Michael,United Kingdom
4267,14713,Roger Perez,roger462@example.com,M,Silver,2023-08-04,Troyport,United Kingdom
4301,13034,Hannah Harrison,hannah980@example.org,M,Silver,2024-10-28,South Matthewburgh,United Kingdom
13,12420,Michael Palmer,michael422@example.com,F,Bronze,2023-01-16,Jacobsville,Cyprus
25,12535,Susan Rivas,susan975@example.com,F,Bronze,2023-05-08,New Elizabethland,France
54,13816,Denise Kemp,denise333@example.org,F,Bronze,2022-09-11,Smithshire,Germany
63,12591,Jeffrey Carter,jeffrey931@example.com,F,Bronze,2025-02-12,Adamville,Italy
75,12792,Gloria Anderson,gloria566@example.org,F,Bronze,2022-07-26,North Travishaven,Portugal
124,12837,Lisa Chambers,lisa391@example.net,F,Bronze,2022-04-12,Ashleyport,United Kingdom
181,13318,Gregory Torres,gregory961@example.org,F,Bronze,2024-10-25,Raymondfurt,United Kingdom
382,16612,Lisa Collins,lisa613@example.org,F,Bronze,2023-07-05,North Rodney,United Kingdom
392,15489,Mrs. Melissa Mendez,mrs960@example.org,F,Bronze,2024-11-27,Benjaminland,United Kingdom
460,13285,Jeremiah Mendez,jeremiah580@example.net,F,Bronze,2024-07-12,East Amyberg,United Kingdom
511,16825,James Blake,james375@example.com,F,Bronze,2021-06-21,New Linda,United Kingdom
587,17415,Jose Perkins,jose711@example.org,F,Bronze,2021-01-25,Port Chadport,United Kingdom
603,17514,John Wallace,john855@example.com,F,Bronze,2021-08-21,Lake Jessicaside,United Kingdom
654,16295,David Novak,david298@example.com,F,Bronze,2025-01-29,North Richard,United Kingdom
686,17616,Erik Hudson,erik898@example.org,F,Bronze,2021-11-06,South Tonya,United Kingdom
711,15977,Gregory Brown,gregory494@example.org,F,Bronze,2022-08-03,Robertville,United Kingdom
774,16748,Jessica Mason,jessica586@example.com,F,Bronze,2023-09-09,Roseside,United Kingdom
818,17640,Jennifer Davis,jennifer746@example.net,F,Bronze,2022-07-29,West Sandraville,United Kingdom
844,13408,Matthew Lee,matthew528@example.com,F,Bronze,2021-04-12,East Rebeccashire,United Kingdom
853,12988,Randy Moore,randy478@example.net,F,Bronze,2024-07-09,Lake Carmen,United Kingdom
982,14321,Jason Floyd,jason836@example.com,F,Bronze,2021-06-25,Port Patrickborough,United Kingdom
985,13600,Michelle Davis,michelle737@example.com,F,Bronze,2022-08-15,West Kelly,United Kingdom
1043,15503,Courtney Sherman,courtney798@example.org,F,Bronze,2022-07-11,East Glendatown,United Kingdom
1044,15689,Brandon Wallace,brandon528@example.net,F,Bronze,2023-08-26,West Tiffany,United Kingdom
1115,13032,Scott Rodriguez,scott438@example.net,F,Bronze,2025-10-11,New Cynthiafort,United Kingdom
1161,15561,James Henderson,james558@example.com,F,Bronze,2022-01-14,Bowmanville,United Kingdom
1179,13362,Keith Olsen,keith601@example.net,F,Bronze,2023-01-29,Maryburgh,United Kingdom
1236,13590,Antonio Lewis MD,antonio109@example.org,F,Bronze,2022-01-04,Lake Jeffery,United Kingdom
1282,13918,Sean Gilbert,sean695@example.com,F,Bronze,2021-06-10,West Rachaelfurt,United Kingdom
1304,13157,Dr. Ivan Porter,dr851@example.org,F,Bronze,2023-04-06,New Michael,United Kingdom
1310,18013,Kara Johnson,kara653@example.net,F,Bronze,2025-07-31,South Mistyview,United Kingdom
1320,16337,Richard Robinson MD,richard138@example.net,F,Bronze,2021-04-30,North Hannah,United Kingdom
1335,17724,Sara Price,sara941@example.com,F,Bronze,2021-03-07,Evansstad,United Kingdom
1344,12406,Kelly Gomez,kelly267@example.com,F,Gold,2020-12-25,West Tony,Denmark
1465,14915,Brian Taylor,brian646@example.org,F,Gold,2020-11-26,Sototown,United Kingdom
1501,16252,Amanda Mejia,amanda601@example.org,F,Gold,2022-09-04,Lake Hannah,United Kingdom
1542,16213,Paul Carpenter,paul659@example.com,F,Gold,2025-05-13,Stephenland,United Kingdom
1590,12600,Barbara Hughes,barbara712@example.net,F,Silver,2023-02-18,Thorntonview,Germany
1648,13780,Gary Oliver,gary506@example.org,F,Silver,2021-04-10,New Edwinburgh,United Kingdom
1824,18119,Alejandro Baldwin,alejandro361@example.com,F,Silver,2025-04-30,South Amberport,United Kingdom
1881,13018,Steven Spencer,steven806@example.net,F,Silver,2022-12-27,Port Jacob,United Kingdom
1921,17017,Thomas Moore,thomas502@example.net,F,Silver,2023-12-23,Crossfort,United Kingdom
1972,15807,Antonio Adams,antonio971@example.com,F,Silver,2025-04-18,Annfort,United Kingdom
2029,16013,Jordan Walker,jordan602@example.org,F,Silver,2024-01-23,Flynnstad,United Kingdom
2076,18230,Mr. Joseph Warren,mr135@example.com,F,Silver,2021-06-30,New Deanside,United Kingdom
2131,17711,Robert Clements,robert390@example.net,F,Silver,2021-09-14,Lake Anthonyburgh,United Kingdom
2209,17018,Rachael Kim,rachael942@example.net,F,Silver,2024-08-01,Lake Bradleyburgh,United Kingdom
2377,16719,Brittany Moreno,brittany338@example.com,M,Bronze,2021-11-01,East Jose,United Kingdom
2414,13832,Kathryn Gibson,kathryn488@example.com,M,Bronze,2025-08-09,Tiffanyshire,United Kingdom
2427,16871,Christine Wang,christine746@example.net,M,Bronze,2024-03-15,Austinberg,United Kingdom
2445,15394,Tammie Rasmussen,tammie186@example.net,M,Bronze,2024-02-10,Garciaport,United Kingdom
2495,16062,Tina Robles,tina276@example.com,M,Bronze,2025-06-08,Jamesburgh,United Kingdom
2519,12908,Ronald Gilbert,ronald457@example.com,M,Bronze,2024-08-26,South Michelleshire,United Kingdom
2530,15747,Frank Bailey,frank948@example.net,M,Bronze,2024-07-12,East Amanda,United Kingdom
2553,17436,Brandon Miller,brandon957@example.org,M,Bronze,2025-09-11,North Joshua,United Kingdom
2572,14805,Michael Henderson,michael837@example.net,M,Bronze,2025-08-31,Jamesport,United Kingdom
2662,14191,Cassie Thompson,cassie808@example.net,M,Bronze,2020-12-02,Williamfort,United Kingdom
2669,16445,Michael Stanley,michael450@example.net,M,Bronze,2025-06-01,Nelsonland,United Kingdom
2676,16775,Anthony Thompson,anthony161@example.net,M,Bronze,2023-08-29,West Laura,United Kingdom
2745,15160,Kenneth Rangel,kenneth624@example.org,M,Bronze,2023-08-21,Hopkinston,United Kingdom
2777,17770,Caleb Cunningham,caleb861@example.net,M,Bronze,2023-07-27,Bookerland,United Kingdom
2790,13332,Daniel Mora,daniel317@example.net,M,Bronze,2023-08-02,Hudsonbury,United Kingdom
2911,14842,Darlene Cox,darlene562@example.org,M,Bronze,2023-01-22,Ronaldshire,United Kingdom
3087,16792,Corey Collins,corey346@example.net,M,Bronze,2024-09-12,South Shawn,United Kingdom
3089,16698,Jennifer Cohen,jennifer916@example.net,M,Bronze,2022-03-14,Donnaton,United Kingdom
3111,16356,Micheal Torres,micheal621@example.org,M,Bronze,2024-08-30,East Brian,United Kingdom
3180,13017,Michael Smith,michael937@example.org,M,Bronze,2022-12-06,East Kendraburgh,United Kingdom
3194,18135,Timothy Shaffer,timothy203@example.net,M,Bronze,2024-07-26,Port Sandy,United Kingdom
3204,17964,Wanda Martin,wanda374@example.com,M,Bronze,2024-08-19,Whitebury,United Kingdom
3271,17405,Hailey Whitehead,hailey909@example.org,M,Bronze,2022-07-07,Foxfurt,United Kingdom
3318,13439,Joseph Hebert,joseph299@example.com,M,Bronze,2025-08-13,North Allison,United Kingdom
3402,13349,Mrs. Caroline Huber,mrs257@example.org,M,Bronze,2025-06-15,Port Claireport,United Kingdom
3433,14507,Joseph Beasley,joseph381@example.org,M,Bronze,2021-12-10,Feliciachester,United Kingdom
3436,12849,Ashley Anderson,ashley656@example.net,M,Bronze,2023-02-12,Sellersmouth,United Kingdom
3550,15866,Erica White,erica989@example.com,M,Gold,2022-09-30,South Marc,United Kingdom
3560,14052,James Love,james552@example.net,M,Gold,2025-03-10,Erinview,United Kingdom
3579,15326,Amanda Johnson,amanda220@example.com,M,Gold,2022-06-08,South Royfurt,United Kingdom
3594,18055,Sheila Mahoney,sheila664@example.org,M,Gold,2025-10-30,West Hunterfurt,United Kingdom
3622,17489,Kara Mullins,kara980@example.net,M,Gold,2025-07-14,West Sandra,United Kingdom
3757,12705,Leah Banks,leah273@example.net,M,Silver,2021-10-10,Amyfort,Germany
3867,13356,Susan Atkins,susan534@example.org,M,Silver,2025-09-15,Jacquelineberg,United Kingdom
3920,15675,Aaron Stevens,aaron680@example.org,M,Silver,2024-06-06,Williamstad,United Kingdom
4003,14466,Heather Zimmerman DDS,heather978@example.net,M,Silver,2024-10-05,East Rodney,United Kingdom
4022,14494,Dale Nielsen,dale991@example.org,M,Silver,2025-09-17,North Tommyburgh,United Kingdom
4045,15539,Haley Davis,haley429@example.net,M,Silver,2025-02-04,Port Brandi,United Kingdom
4054,14212,Taylor Carpenter,taylor764@example.net,M,Silver,2021-04-15,Banksbury,United Kingdom
4109,16415,Ashley Green,ashley766@example.com,M,Silver,2024-11-22,Randallburgh,United Kingdom
4158,15491,Todd Fox,todd694@example.com,M,Silver,2021-06-06,West Shannon,United Kingdom
4184,14708,Samantha Bender,samantha588@example.com,M,Silver,2022-05-18,Rothville,United Kingdom
4199,15992,Shannon Rodriguez,shannon682@example.org,M,Silver,2025-03-14,Tuckerview,United Kingdom
4200,13013,Michael Russell,michael262@example.net,M,Silver,2022-03-25,Whitneytown,United Kingdom
4220,15950,Mark Campbell,mark617@example.org,M,Silver,2021-06-26,Rasmussenhaven,United Kingdom
4252,15272,Deborah Booker DVM,deborah798@example.net,M,Silver,2024-07-12,South Shannonville,United Kingdom
4298,14359,Andrea Evans,andrea198@example.org,M,Silver,2025-10-28,South Veronica,United Kingdom
4314,16365,Michael Smith,michael905@example.org,M,Silver,2025-04-05,North Susan,United Kingdom