CustomerID,Country,CustomerName,Email,Gender,LoyaltyLevel,SignupDate,City
12434,Australia,Deborah Perez,deborah629@example.com,M,Silver,11/18/2020,North Robertton
16321,Australia,Jessica Greene,jessica415@example.com,M,Bronze,1/11/2023,Oliverton
12386,Australia,Timothy Wilson,timothy311@example.com,F,Silver,6/3/2025,West Brandon
12424,Australia,Tyler Howard,tyler907@example.org,M,Bronze,10/24/2021,Andreachester
12393,Australia,Julia Rivera,julia455@example.com,M,Bronze,12/4/2022,Floresfort
12422,Australia,Daniel Rose,daniel969@example.com,M,Bronze,10/21/2022,Wilkinsonhaven
12388,Australia,Lindsey Keith,lindsey848@example.org,M,Gold,6/23/2023,West Kaylachester
12431,Australia,Alicia Webb,alicia659@example.org,M,Bronze,1/14/2025,Thompsonborough
12415,Australia,Terri Acosta,terri438@example.net,F,Bronze,12/9/2021,Mooreport
12817,Austria,Mrs. Rebecca Harvey,mrs849@example.net,M,Bronze,5/27/2023,Lake Matthewview
12360,Austria,William Hickman,william415@example.com,M,Bronze,4/12/2022,East Donaldhaven
12865,Austria,Tiffany Owen,tiffany474@example.net,M,Bronze,10/10/2025,East Erica
12370,Austria,Misty Johnson,misty699@example.org,M,Bronze,1/13/2023,Port Micheleport
12414,Austria,Tracy Parker,tracy194@example.com,M,Silver,9/26/2022,Port Duanestad
12429,Austria,Tonya Johnston,tonya777@example.com,M,Silver,7/12/2025,Shannonmouth
12453,Austria,Wendy Miller,wendy694@example.org,M,Bronze,11/28/2022,Larsenberg
12358,Austria,Howard Butler,howard495@example.net,F,Gold,7/28/2025,Coxton
12373,Austria,Erik Watkins,erik785@example.net,M,Bronze,9/16/2023,Romeroton
12374,Austria,Daniel Williams,daniel440@example.net,F,Bronze,1/8/2023,Barberland
12818,Austria,Ian Brown,ian837@example.net,F,Silver,10/27/2021,Lake Jennifer
12353,Bahrain,Christopher Mcdonald,christopher574@example.org,M,Bronze,11/19/2023,Mejiafurt
12355,Bahrain,Ashley Long,ashley745@example.net,M,Silver,11/13/2024,North Rebeccaland
12379,Belgium,Christine Whitney,christine193@example.com,F,Bronze,4/25/2022,North Richard
12401,Belgium,Jonathan Zimmerman,jonathan686@example.com,F,Bronze,9/12/2024,South James
12407,Belgium,Sandra Robinson,sandra494@example.org,F,Silver,2/14/2023,Sydneyview
12402,Belgium,Kevin Baker,kevin363@example.net,M,Silver,1/17/2023,Russellton
12866,Belgium,Richard Johnson,richard987@example.net,M,Bronze,9/23/2022,West Jonmouth
12465,Belgium,Brenda Lopez,brenda593@example.com,F,Silver,9/2/2025,Terribury
12447,Belgium,Martha Collins,martha418@example.org,M,Silver,1/29/2021,Lake Christophermouth
12464,Belgium,Mary Kelly,mary249@example.org,M,Silver,7/13/2025,North Jasonview
12431,Belgium,Brian Reyes,brian153@example.org,F,Silver,8/21/2024,West Jessica
12876,Belgium,Dawn Williams,dawn775@example.net,M,Bronze,11/2/2022,Melissaburgh
12397,Belgium,Lindsay Wilson,lindsay887@example.net,F,Gold,8/18/2021,West Beckyhaven
12362,Belgium,Matthew Sanchez,matthew204@example.net,F,Gold,4/4/2024,West Cherylmouth
12449,Belgium,Barbara Garcia,barbara249@example.com,F,Bronze,10/11/2025,Port Steven
12417,Belgium,Mary Hall,mary781@example.net,M,Bronze,3/14/2023,Marshallmouth
12394,Belgium,Bob King,bob654@example.org,F,Bronze,3/7/2021,Daughertyfort
12395,Belgium,Jason Duncan,jason586@example.net,M,Silver,6/15/2025,Port Andrea
12390,Belgium,Danny Glenn,danny762@example.org,F,Gold,3/5/2022,Benjaminland
12383,Belgium,Keith Brown,keith394@example.com,M,Silver,10/11/2023,Ryanville
12423,Belgium,Anne Reed,anne201@example.net,F,Gold,6/19/2021,Edwardsfurt
12408,Belgium,Ian Pham II,ian268@example.org,F,Bronze,9/25/2022,Cantuland
12463,Belgium,Lori Jones,lori528@example.com,M,Bronze,10/19/2023,North Danielchester
12364,Belgium,Kristen Ferrell,kristen133@example.net,M,Bronze,6/13/2022,West Jacob
12399,Belgium,Ashley Li,ashley683@example.net,M,Bronze,1/2/2022,Martinezmouth
12361,Belgium,Adrian Velasquez,adrian112@example.com,M,Gold,4/22/2024,East Victor
12380,Belgium,Calvin Nunez,calvin553@example.org,F,Bronze,10/8/2022,North Thomasfort
12769,Brazil,Joshua Olson,joshua473@example.net,M,Bronze,1/20/2022,East Jillview
17844,Canada,William Morgan,william276@example.org,M,Bronze,10/15/2021,South Jeffrey
17443,Canada,Lindsay George,lindsay112@example.net,M,Silver,9/26/2025,West Amy
17444,Canada,Michael Collins,michael584@example.com,F,Silver,6/10/2025,Annton
15388,Canada,Justin Cooper,justin525@example.net,F,Bronze,8/14/2021,Bateschester
14937,Channel Islands,Joseph Brown,joseph527@example.com,F,Bronze,4/28/2023,Oliviachester
14932,Channel Islands,Alexander Gutierrez,alexander465@example.com,F,Bronze,4/8/2021,Port Jaredfort
14935,Channel Islands,Julie Pierce,julie703@example.com,M,Bronze,3/17/2022,East Jasminborough
14566,Channel Islands,Deborah Mejia,deborah866@example.net,F,Bronze,5/10/2021,South Jasonland
14934,Channel Islands,Glen Miller,glen793@example.com,F,Silver,8/22/2023,Nguyenville
14930,Channel Islands,Ryan Dunn,ryan995@example.net,M,Bronze,3/21/2025,Lake Breannahaven
14442,Channel Islands,Mary Phelps,mary994@example.com,F,Silver,12/4/2021,Lake Jeffrey
14931,Channel Islands,Amanda Mendoza,amanda369@example.org,M,Silver,3/11/2022,West Cynthiatown
14936,Channel Islands,Jason Rocha,jason840@example.org,M,Bronze,4/5/2023,South Danielhaven
12370,Cyprus,Scott Stevenson,scott584@example.com,M,Bronze,7/11/2025,South Beverlyborough
12391,Cyprus,Michelle Vasquez,michelle842@example.net,M,Bronze,6/9/2021,New Robert
12457,Cyprus,Steven Fletcher,steven130@example.com,F,Silver,9/23/2022,New Nataliebury
12420,Cyprus,Michael Palmer,michael422@example.com,F,Bronze,1/16/2023,Jacobsville
12359,Cyprus,Seth Newton,seth414@example.com,F,Silver,3/4/2022,Chaseborough
12455,Cyprus,Mrs. Erika Martinez PhD,mrs937@example.org,M,Silver,8/4/2021,Port Patrickfurt
12365,Cyprus,Christina Velazquez,christina251@example.com,F,Silver,10/1/2025,Lake Cory
13809,Cyprus,Kelly Wheeler MD,kelly466@example.org,M,Bronze,6/1/2025,West Julieberg
12781,Czech Republic,Mark Crane,mark961@example.org,M,Silver,10/25/2023,Weeksland
12367,Denmark,Darrell Shaffer,darrell973@example.org,M,Bronze,12/25/2024,Grayborough
12372,Denmark,Stephanie Rodriguez,stephanie966@example.org,F,Bronze,3/23/2022,Lake Raymondville
13919,Denmark,Nicole Watson,nicole313@example.net,F,Bronze,2/21/2023,North Jamesfort
12406,Denmark,Kelly Gomez,kelly267@example.com,F,Gold,12/25/2020,West Tony
12403,Denmark,Randy Bright,randy959@example.com,M,Silver,7/18/2025,Johnsonview
12435,Denmark,Jenna Hughes,jenna154@example.com,M,Silver,2/5/2022,Lake Angela
12394,Denmark,Mathew Holt,mathew829@example.com,F,Silver,7/10/2021,West Danabury
12429,Denmark,Laurie Cook,laurie666@example.org,M,Silver,6/22/2023,Joshualand
12412,Denmark,Brittany Luna,brittany843@example.com,F,Gold,1/10/2025,Matthewfort
14911,EIRE,Frank Young,frank706@example.com,F,Bronze,3/9/2025,North Michaelstad
14016,EIRE,Edward Benson,edward383@example.net,F,Silver,10/14/2023,Westmouth
14156,EIRE,James Coleman,james966@example.com,M,Silver,10/22/2023,South Elizabeth
15108,European Community,Sydney Drake,sydney766@example.net,F,Gold,6/29/2022,New Markfurt
12630,Finland,Michael Spencer,michael960@example.net,M,Bronze,5/19/2023,Gilbertside
12582,Finland,Nathan Richards,nathan328@example.net,M,Bronze,3/15/2022,Fredtown
12405,Finland,Stephanie Beltran,stephanie658@example.com,F,Silver,1/20/2023,Sullivanberg
12587,Finland,Diana Carter,diana556@example.net,F,Bronze,5/26/2023,Josefurt
12664,Finland,Greg Caldwell,greg955@example.net,F,Bronze,3/24/2021,South Adamland
12667,Finland,Andrew Martin,andrew490@example.org,F,Bronze,6/17/2021,Taylorland
12428,Finland,Sarah Elliott,sarah751@example.com,M,Silver,2/10/2025,New Joseville
12588,Finland,Debra Soto,debra901@example.net,M,Bronze,3/5/2021,West Michaeltown
12631,Finland,Natasha Martin,natasha601@example.com,F,Bronze,1/24/2023,New Jocelyn
12375,Finland,Gabriel Smith,gabriel800@example.org,M,Bronze,9/6/2025,West Reginald
12704,Finland,Kelly Lee,kelly269@example.com,M,Bronze,5/2/2024,Kathleenville
12348,Finland,Peggy Howell,peggy837@example.net,M,Silver,5/5/2025,North Theresastad
12651,France,Kimberly James,kimberly540@example.com,M,Bronze,8/31/2021,South Travisview
12652,France,Kevin Campbell,kevin433@example.org,M,Silver,11/7/2023,Michaelhaven
12674,France,Lauren Jones,lauren693@example.org,F,Bronze,3/2/2022,West John
12441,France,Morgan Perry,morgan941@example.net,M,Gold,4/21/2022,Jimmystad
12616,France,Samuel Rivas,samuel593@example.com,F,Bronze,6/23/2025,Michelefort
12602,France,James Miller,james741@example.com,F,Silver,12/17/2022,East Stephenton
12643,France,Latoya White,latoya453@example.com,F,Bronze,3/25/2021,North Catherineside
12571,France,Natalie Ramirez,natalie563@example.net,F,Silver,5/24/2023,Josephshire
12707,France,Debra Parker,debra908@example.org,M,Bronze,7/31/2025,Millston
12489,France,Albert Hamilton,albert112@example.com,M,Gold,9/6/2024,South Alishabury
12729,France,Jeffery Williams,jeffery640@example.org,F,Bronze,5/23/2021,Port Elizabethport
12535,France,Susan Rivas,susan975@example.com,F,Bronze,5/8/2023,New Elizabethland
12593,France,Ashley Larsen,ashley857@example.org,M,Bronze,3/2/2021,Michelleside
12493,France,Paul Kelley,paul142@example.org,F,Bronze,4/1/2024,North Sean
12488,France,Jennifer Smith,jennifer511@example.net,F,Bronze,8/24/2022,Baldwinbury
12728,France,Traci Melton,traci126@example.com,M,Silver,9/17/2023,Lake Williamfort
12573,France,Amy Collins,amy330@example.net,F,Silver,11/26/2024,Pattychester
12532,France,Donald Graham,donald875@example.net,M,Bronze,6/25/2024,Port Mary
12553,France,Krista Thomas,krista494@example.com,F,Gold,7/10/2022,Michaelfort
12624,France,Taylor Ellis,taylor730@example.org,M,Bronze,1/19/2023,Hickston
12536,France,Kayla Miller,kayla777@example.org,M,Silver,6/18/2022,West Annafurt
12650,France,James Munoz,james888@example.net,F,Bronze,5/11/2024,Hicksfurt
12691,France,Jackson Miller,jackson241@example.net,M,Bronze,2/4/2024,South Rebecca
12700,France,Bobby Weber,bobby759@example.net,M,Gold,3/21/2022,North Wesley
12509,France,Jessica Lee,jessica648@example.com,F,Bronze,6/3/2022,Vangside
12604,France,Kelly Montgomery,kelly535@example.com,M,Gold,12/5/2021,Nathanburgh
12682,France,Christopher Wilkins,christopher628@example.org,M,Bronze,5/3/2021,West Jamesburgh
12721,France,David Long,david797@example.org,F,Bronze,7/2/2023,Jeffreyview
12637,France,Angela Gray,angela958@example.org,F,Bronze,2/27/2021,North Erika
12718,France,Amber Aguirre,amber207@example.org,M,Silver,11/28/2022,Barnettbury
12583,France,Amanda Taylor,amanda738@example.com,M,Bronze,1/14/2022,South Robertview
12689,France,Amber Smith,amber695@example.net,F,Bronze,12/31/2024,Virginiafort
12681,France,Daniel Cooper,daniel488@example.org,F,Silver,8/28/2025,East Joshuaton
12678,France,Michael Cuevas,michael837@example.org,M,Gold,8/22/2024,South Randy
12564,France,Christopher Dunn,christopher145@example.org,M,Gold,2/15/2025,Nelsonberg
12669,France,Dennis Gonzalez,dennis859@example.com,M,Silver,12/3/2022,Williamville
12686,France,Mary Ali,mary190@example.com,M,Bronze,8/6/2021,New Thomastown
12567,France,Tammy Meyer,tammy784@example.net,M,Bronze,5/2/2024,Kristiside
12731,France,Allison Jackson,allison807@example.com,F,Gold,10/28/2022,Port Angela
12734,France,Amy Tucker,amy247@example.org,M,Bronze,3/11/2022,Jasonland
12617,France,Diane Khan,diane206@example.org,M,Bronze,2/6/2021,Jesseview
12726,France,Jeffery Hernandez,jeffery633@example.net,M,Silver,4/7/2023,Roblesland
12577,France,Christopher Jordan,christopher282@example.org,F,Bronze,11/2/2022,West Dylanchester
12735,France,Alexandra Diaz,alexandra415@example.com,M,Silver,10/26/2022,Port Feliciabury
12672,France,Maria Peters,maria695@example.org,F,Bronze,12/21/2021,Port Chrischester
12599,France,Brandy Garcia,brandy894@example.com,F,Silver,9/25/2024,Port Cindy
12620,France,Lawrence Rodriguez MD,lawrence207@example.org,M,Bronze,7/22/2022,Melissamouth
12657,France,Christopher Long,christopher806@example.net,M,Bronze,5/1/2024,New Deborah
12413,France,Amy Jackson,amy978@example.org,F,Silver,4/17/2024,Longhaven
12679,France,John Tucker,john403@example.org,F,Bronze,12/26/2022,North Oliviamouth
12670,France,Deanna Hudson,deanna734@example.net,F,Silver,9/8/2021,Triciaburgh
12732,France,Kimberly Rivera,kimberly400@example.com,F,Bronze,2/26/2022,Johnborough
12506,France,Mark Gray,mark715@example.com,F,Bronze,12/22/2024,New Melissaport
12656,France,Robert Kelley DDS,robert888@example.com,M,Bronze,4/17/2024,Abigailtown
12574,France,Joseph Coleman,joseph198@example.org,M,Silver,5/6/2023,North Margaret
12680,France,Christine Jones,christine974@example.com,M,Silver,7/16/2021,Harriston
12736,France,Corey Davis,corey237@example.net,M,Bronze,12/5/2024,Shortport
12727,France,David Mason,david933@example.org,F,Silver,2/4/2023,Murphychester
12740,France,Jennifer Taylor,jennifer804@example.com,M,Silver,9/9/2022,Matthewstad
12562,France,Daniel Parrish,daniel839@example.com,M,Bronze,4/14/2022,Hernandezshire
12719,France,Chad Johnson,chad165@example.org,M,Bronze,3/12/2021,Evelynmouth
12491,France,Rebecca Medina,rebecca269@example.org,M,Silver,5/8/2021,West Tiffanyview
12683,France,Scott Pitts,scott829@example.org,M,Silver,7/22/2024,Cynthiaport
12695,France,William Mueller,william264@example.org,M,Bronze,12/9/2024,Carrillofurt
12685,France,Mr. Travis Carter,mr230@example.net,M,Silver,8/20/2024,Lake Amy
12640,France,Allen Perez,allen493@example.net,M,Silver,2/26/2025,Nguyenbury
12598,France,Steven Bell,steven602@example.org,M,Bronze,7/9/2024,Amandashire
12724,France,Nicole Harris,nicole178@example.com,F,Bronze,7/30/2022,Tammyland
14277,France,Robert Smith,robert791@example.org,M,Bronze,5/14/2025,Davisland
12690,France,Gail Dunn,gail230@example.com,M,Bronze,10/9/2025,Port David
12589,France,Jim Bell,jim527@example.net,F,Bronze,11/2/2023,Smithview
12716,France,Joshua Spencer,joshua168@example.org,F,Silver,6/29/2022,North Maryborough
12659,France,Stephanie Figueroa,stephanie271@example.com,M,Bronze,9/11/2021,Lake Laura
12437,France,Donald Walsh,donald842@example.org,M,Bronze,11/30/2020,West Haleyport
12490,France,Sean Contreras,sean273@example.com,F,Silver,3/10/2021,Timothyberg
12615,France,Dr. Ruben Jensen,dr873@example.org,M,Bronze,7/15/2023,Blakechester
12579,France,Joshua Savage,joshua338@example.com,F,Bronze,12/3/2024,South Pamelafort
12508,France,Tamara Short,tamara345@example.net,F,Silver,5/29/2022,North Brett
12684,France,Clayton Davis,clayton212@example.org,M,Bronze,11/26/2020,Luistown
12714,France,Robert Li,robert553@example.net,M,Bronze,3/10/2023,Morenostad
12660,France,Rodney Ware,rodney773@example.com,M,Bronze,4/25/2025,Benjaminstad
12523,France,Jared Schwartz,jared821@example.org,F,Bronze,9/23/2025,Burtonburgh
12722,France,Ricardo Peterson,ricardo494@example.org,F,Bronze,9/6/2022,Gabrielport
12723,France,Wanda Gregory,wanda257@example.org,F,Silver,4/23/2021,Lambland
12494,France,Jeanne Williams,jeanne264@example.org,F,Silver,12/13/2023,Wilsonville
12694,France,Stephanie Hill,stephanie686@example.org,F,Silver,8/24/2021,South Jessemouth
12513,France,Patricia Callahan,patricia292@example.org,M,Bronze,9/8/2024,New Amymouth
12518,Germany,Anthony Ward,anthony867@example.org,M,Gold,10/15/2022,Lawrenceside
12621,Germany,Danielle Brooks,danielle790@example.com,M,Bronze,9/1/2024,East Sarahside
12673,Germany,Mrs. Jody Booth,mrs206@example.net,F,Bronze,7/7/2021,Nelsonville
12531,Germany,Dr. Matthew Jennings,dr444@example.net,F,Silver,5/13/2025,Kimberlyhaven
12605,Germany,Jimmy Goodman,jimmy579@example.net,M,Bronze,7/25/2023,Chadstad
12710,Germany,Douglas Hebert,douglas123@example.net,M,Bronze,4/17/2025,Muellerport
12517,Germany,Alicia Williams,alicia631@example.org,M,Bronze,12/18/2023,Port Adriana
12492,Germany,Jessica Tran,jessica380@example.org,M,Silver,8/18/2022,Melindabury
12658,Germany,Ryan Wilson,ryan839@example.net,F,Gold,7/25/2025,Daniellestad
12471,Germany,John Herrera,john955@example.net,M,Silver,11/15/2024,North Michele
12600,Germany,Barbara Hughes,barbara712@example.net,F,Silver,2/18/2023,Thorntonview
12581,Germany,Beth James,beth481@example.org,M,Silver,12/28/2021,Luisshire
12712,Germany,Kyle Meyer,kyle644@example.net,F,Bronze,10/27/2021,Gordonburgh
13815,Germany,Stephanie Rodriguez,stephanie233@example.org,F,Silver,11/2/2021,Gutierrezview
12645,Germany,Lisa Wood,lisa357@example.net,M,Bronze,10/24/2021,Michaelberg
12585,Germany,Carolyn Cobb,carolyn858@example.org,M,Gold,9/3/2024,Denisemouth
12528,Germany,Melissa Burns,melissa471@example.org,F,Silver,12/17/2023,Theresastad
12635,Germany,Karen Larson,karen795@example.com,M,Bronze,10/6/2022,North Elizabethfurt
12504,Germany,Christopher Ramos,christopher815@example.org,M,Bronze,4/8/2022,East Rachelmouth
12497,Germany,Robert Craig MD,robert452@example.net,M,Bronze,5/27/2023,West Krystalbury
12628,Germany,Rhonda Brooks,rhonda251@example.net,M,Bronze,8/9/2021,North Tarafurt
12476,Germany,Heidi Thomas,heidi659@example.net,M,Silver,8/30/2024,South Benjamin
12601,Germany,Kimberly Johnson,kimberly250@example.com,M,Bronze,5/31/2022,East Rogerbury
12622,Germany,Courtney Lawson MD,courtney378@example.net,F,Bronze,3/18/2023,Kristenview
12559,Germany,Deborah Kline,deborah641@example.org,F,Bronze,12/13/2020,Lake Karentown
12609,Germany,Elizabeth Owens,elizabeth367@example.org,F,Bronze,6/27/2024,West Kevinchester
12479,Germany,Isabella Conrad,isabella847@example.net,M,Bronze,10/11/2021,Reynoldsburgh
12520,Germany,Christopher Jenkins,christopher999@example.com,F,Silver,8/20/2022,Port Craigmouth
12603,Germany,Stephen Ponce,stephen882@example.com,M,Bronze,6/18/2022,North Andrealand
12668,Germany,Dawn Mcintosh,dawn563@example.net,M,Bronze,1/3/2024,Rodriguezchester
12580,Germany,Shelby Harvey,shelby319@example.org,F,Gold,11/19/2023,Rollinsfort
12627,Germany,Charles Wade,charles396@example.net,M,Gold,5/31/2025,Johnsonmouth
12662,Germany,Courtney Cervantes,courtney697@example.org,F,Bronze,10/29/2023,Bartonview
12625,Germany,Jeff Dudley,jeff140@example.net,F,Silver,4/2/2024,North Angelahaven
12592,Germany,Jasmine Graves,jasmine436@example.org,F,Bronze,11/17/2023,North Markfurt
12708,Germany,Melissa Crosby,melissa448@example.net,F,Bronze,8/3/2023,Lake Dylan
12590,Germany,Craig Hardin,craig828@example.com,F,Bronze,6/7/2022,Port Abigailtown
12477,Germany,Jasmine Williamson,jasmine610@example.com,F,Bronze,5/18/2025,Lake Judith
13812,Germany,Candice Morrison,candice615@example.com,M,Silver,1/31/2023,Deborahmouth
12709,Germany,Andrew Jenkins,andrew953@example.net,M,Bronze,12/20/2022,Andersonton
12519,Germany,Michael Rice,michael831@example.org,F,Bronze,12/18/2021,Gonzalezfort
12530,Germany,Bradley White MD,bradley472@example.org,M,Gold,12/26/2021,West Christiantown
12701,Germany,Timothy Frazier,timothy760@example.com,M,Bronze,5/21/2021,Joshuabury
12474,Germany,George Delacruz,george177@example.net,M,Silver,10/12/2025,Phillipschester
14335,Germany,Veronica Phillips,veronica483@example.net,F,Silver,5/16/2023,Port Charlotte
12614,Germany,Rhonda Baker,rhonda250@example.com,M,Gold,12/9/2024,Garychester
12613,Germany,Adrienne Miller,adrienne434@example.org,M,Bronze,11/15/2022,Nelsonbury
12569,Germany,Priscilla Davis,priscilla564@example.org,F,Silver,5/21/2024,Loweton
12516,Germany,Paul Frank,paul268@example.com,M,Bronze,2/2/2021,North Jenny
13814,Germany,Joshua Khan,joshua682@example.net,M,Silver,7/4/2023,West Judith
12475,Germany,Jesse Nguyen,jesse667@example.net,M,Gold,12/3/2021,Ericton
12693,Germany,Catherine Johnston,catherine526@example.com,M,Bronze,1/6/2025,Gonzalezhaven
12738,Germany,Adam Gates,adam588@example.com,M,Silver,7/11/2022,West Stephanie
13811,Germany,Gregory Freeman,gregory485@example.com,M,Bronze,10/23/2021,South Jamestown
12648,Germany,James Huff,james605@example.org,M,Bronze,1/25/2024,Brianstad
13816,Germany,Denise Kemp,denise333@example.org,F,Bronze,9/11/2022,Smithshire
12524,Germany,Valerie Mendoza,valerie609@example.com,M,Silver,8/29/2021,North Kevin
12521,Germany,Shannon Harris,shannon416@example.org,M,Silver,7/31/2021,Danielfort
12561,Germany,James Bennett,james149@example.com,M,Silver,6/10/2025,West Michael
12426,Germany,Linda Goodman,linda897@example.com,M,Silver,7/13/2021,Amandabury
12612,Germany,Francisco Miles,francisco253@example.org,F,Gold,1/11/2025,West Christopher
12572,Germany,David Duke,david492@example.net,F,Bronze,5/8/2022,Michellemouth
12702,Germany,Gary Rosales,gary671@example.com,F,Gold,1/2/2024,Davidbury
12713,Germany,Meghan Watson,meghan897@example.com,M,Silver,3/3/2025,New Matthewport
12468,Germany,Jaime Rodriguez,jaime865@example.com,F,Gold,8/15/2022,Veronicaland
12473,Germany,Wayne Hardy,wayne907@example.org,M,Bronze,8/3/2022,Laurachester
12665,Germany,Elizabeth Lopez,elizabeth901@example.com,F,Bronze,11/11/2020,New Ryan
12633,Germany,Mary Gentry,mary360@example.com,F,Silver,2/18/2024,West Tiffany
12647,Germany,Lisa Jensen,lisa304@example.org,M,Silver,6/22/2024,North Laurie
12649,Germany,Logan Wallace,logan261@example.com,F,Bronze,7/18/2022,North Williammouth
12534,Germany,Trevor Larsen,trevor423@example.com,F,Bronze,2/27/2021,Davidberg
12720,Germany,Nancy Mcdonald,nancy433@example.com,F,Bronze,11/27/2023,Williamsmouth
12705,Germany,Leah Banks,leah273@example.net,M,Silver,10/10/2021,Amyfort
12644,Germany,Kelly Wade,kelly839@example.com,M,Bronze,1/11/2022,East Johnny
12626,Germany,Sara Perkins,sara918@example.net,F,Bronze,3/8/2023,Owensview
12703,Germany,Sara Parker,sara131@example.net,M,Silver,9/7/2022,East Colleenside
12619,Germany,Sandra Payne,sandra956@example.com,M,Gold,7/25/2025,New Christopher
12481,Germany,Jennifer Hill,jennifer725@example.net,M,Bronze,7/18/2021,North Alicia
12500,Germany,Gerald Copeland,gerald859@example.com,F,Silver,8/19/2024,New Johnmouth
12654,Germany,Grant Harris,grant763@example.com,M,Bronze,8/23/2025,Port Markland
12566,Germany,Dawn Garcia,dawn536@example.com,F,Gold,7/16/2021,Singhshire
13810,Germany,Beverly Smith,beverly305@example.net,M,Bronze,7/8/2025,Jasonton
12472,Germany,Mary Allen,mary727@example.com,M,Bronze,11/30/2021,Brockland
12527,Germany,Matthew Brown,matthew516@example.net,F,Silver,8/14/2022,North Jeffreyfurt
12623,Germany,Michael Scott,michael661@example.com,F,Silver,7/12/2022,Lake Belindaview
12642,Germany,Lisa Jones DDS,lisa455@example.net,M,Bronze,12/31/2023,Cassiemouth
12498,Germany,Melissa Carrillo,melissa201@example.net,F,Gold,5/31/2025,Lake Cindy
13813,Germany,James Haney,james180@example.org,F,Silver,11/22/2021,Sanchezborough
12427,Germany,Michael Dixon,michael721@example.com,M,Bronze,11/22/2024,New Keith
12560,Germany,Jessica Wong,jessica946@example.org,F,Bronze,11/19/2024,New Samuel
13817,Germany,Gail Wilkinson,gail471@example.net,M,Bronze,7/17/2022,Natashahaven
12522,Germany,Patrick Green,patrick129@example.org,M,Bronze,7/4/2025,East Kimberlybury
12501,Germany,Christopher Henry,christopher450@example.com,F,Silver,1/5/2024,New Terri
12480,Germany,Ashley Allen,ashley986@example.net,M,Gold,1/31/2022,Cunninghamborough
12526,Germany,Lauren Carter,lauren236@example.com,M,Bronze,11/14/2024,Valenzuelaville
14439,Greece,Mr. James Smith MD,mr566@example.net,M,Silver,7/3/2021,Keithfurt
12478,Greece,Angela Hayes,angela878@example.com,F,Silver,1/23/2024,South Kirstenberg
12717,Greece,Tracy Ross MD,tracy976@example.net,F,Bronze,8/25/2022,West Juliahaven
17508,Greece,Kevin Waters,kevin336@example.com,M,Bronze,12/12/2021,Port Stevenbury
12347,Iceland,Ricky Rios,ricky971@example.com,F,Silver,2/6/2024,Leonardfort
12610,Italy,Robert Robinson,robert912@example.org,M,Bronze,10/30/2025,Michaelside
12505,Italy,Robert Evans,robert194@example.org,M,Gold,1/29/2023,North Elizabeth
12591,Italy,Jeffrey Carter,jeffrey931@example.com,F,Bronze,2/12/2025,Adamville
12514,Italy,Alicia Lawson,alicia968@example.com,F,Silver,12/28/2021,North Lisaland
12578,Italy,Allison Newman,allison531@example.net,M,Bronze,9/20/2021,East Devinport
12552,Italy,Teresa Carlson,teresa847@example.com,M,Gold,10/24/2025,Glennside
12611,Italy,Angela Gutierrez,angela103@example.net,F,Silver,4/12/2022,Mariemouth
12584,Italy,Patrick Esparza,patrick288@example.com,M,Bronze,2/28/2024,Amandaside
12349,Italy,Erik Sandoval,erik922@example.org,F,Silver,7/8/2024,Port Jenniferberg
12515,Italy,Mary Johnson DDS,mary812@example.com,M,Bronze,7/6/2022,Reynoldstown
12594,Italy,Carl Davies,carl860@example.net,F,Silver,2/3/2021,West Laurenton
12725,Italy,Ashley Moore,ashley626@example.com,F,Bronze,12/11/2023,Cunninghamborough
14912,Italy,Joseph Black,joseph779@example.com,M,Bronze,11/2/2020,Jonathanfort
12586,Italy,Adriana Cole,adriana867@example.net,M,Silver,9/9/2023,Reyesfort
12618,Italy,Allison Hodge,allison661@example.net,M,Bronze,1/12/2021,East Seth
12770,Japan,Wendy Williams,wendy820@example.com,M,Gold,9/29/2025,West Thomasside
12756,Japan,Renee Hughes,renee561@example.com,M,Bronze,5/21/2022,Donaldberg
12755,Japan,Suzanne Hansen,suzanne512@example.net,F,Bronze,1/18/2023,Clarkport
12753,Japan,Scott Tucker,scott378@example.com,M,Gold,2/14/2023,East Lisa
12812,Japan,Rachael Turner,rachael181@example.com,F,Silver,1/15/2023,Lake Nicoleborough
12754,Japan,Christine Smith,christine772@example.org,M,Silver,1/28/2025,Smallmouth
12763,Japan,Nathan Schwartz,nathan156@example.net,M,Bronze,1/1/2023,Lake Samuelside
12798,Japan,Michael Chandler,michael179@example.net,F,Bronze,5/13/2024,Port Hannahstad
12764,Lebanon,Lauren Brooks,lauren264@example.org,F,Gold,6/27/2023,Lake Penny
15332,Lithuania,Marie Smith,marie213@example.com,M,Bronze,12/15/2022,New Elizabethport
15480,Malta,Elizabeth Hamilton,elizabeth380@example.com,F,Gold,12/13/2021,New Douglas
17828,Malta,Benjamin Anderson,benjamin282@example.net,M,Silver,8/2/2022,Dalemouth
12791,Netherlands,Jamie Jones,jamie955@example.com,M,Silver,2/14/2023,Holmeshaven
12790,Netherlands,Joseph Roberts,joseph390@example.org,M,Bronze,4/24/2023,New Aprilberg
14646,Netherlands,George Rose,george470@example.net,F,Bronze,3/8/2025,Diaztown
12775,Netherlands,James Ford,james474@example.com,F,Bronze,3/30/2025,Lake Thomas
12778,Netherlands,Austin Evans,austin370@example.com,M,Gold,8/31/2021,Hallhaven
12789,Netherlands,Susan Hall,susan568@example.com,M,Bronze,7/15/2024,South Alyssatown
12802,Netherlands,Dawn Smith,dawn721@example.com,M,Bronze,6/16/2022,Watsonbury
12759,Netherlands,Sandra Carter,sandra420@example.org,M,Silver,6/14/2025,Janiceshire
12787,Netherlands,Erika Daniels,erika737@example.net,F,Silver,1/1/2023,Monicamouth
12444,Norway,Ian Freeman,ian825@example.com,M,Bronze,6/19/2021,Dawnberg
12430,Norway,Brandon Hatfield,brandon141@example.net,M,Gold,8/18/2025,Kingland
12352,Norway,Richard Taylor,richard588@example.net,F,Silver,8/9/2022,Floresshire
12381,Norway,Brett Smith,brett457@example.net,F,Bronze,6/15/2021,Williamsshire
12433,Norway,Melissa Wilcox,melissa700@example.net,M,Bronze,3/27/2025,New Carolyn
12432,Norway,Geoffrey Hudson,geoffrey970@example.org,F,Silver,1/22/2022,Lake Timothybury
12438,Norway,Aimee Conley,aimee224@example.org,M,Bronze,10/14/2022,North Kevinview
12436,Norway,William Coffey,william929@example.com,M,Bronze,6/11/2025,Pacetown
12350,Norway,Gabriel Maxwell,gabriel287@example.org,F,Bronze,9/15/2023,Eugeneshire
12752,Norway,Adrian Phillips,adrian748@example.com,M,Gold,8/20/2024,Port Jimmyside
12779,Poland,Tonya Stewart,tonya691@example.com,F,Silver,10/9/2022,South Dustinmouth
12576,Poland,Erica Schmitt,erica582@example.net,M,Bronze,12/25/2020,South Cynthiatown
12814,Poland,Patricia Henry,patricia503@example.com,M,Silver,3/26/2022,Valerieport
12816,Poland,Donald Soto,donald963@example.net,F,Silver,7/10/2022,West Tammymouth
12750,Poland,Amy Matthews,amy973@example.org,F,Silver,4/25/2024,South Jonathan
12815,Poland,Anthony Hernandez,anthony226@example.com,F,Silver,4/28/2024,West Tylerberg
12793,Portugal,Tina Haynes,tina411@example.org,M,Silver,11/7/2020,Butlerview
12785,Portugal,Frederick Newman,frederick324@example.com,M,Bronze,10/25/2025,Richardchester
12811,Portugal,Anna Palmer,anna721@example.com,M,Silver,7/5/2022,Monicaside
12758,Portugal,Erin Smith,erin210@example.com,M,Bronze,2/22/2022,North Melissaport
12757,Portugal,Misty Edwards,misty321@example.net,F,Bronze,4/17/2021,Justinhaven
12782,Portugal,Timothy Arnold,timothy843@example.com,F,Bronze,4/23/2024,Nicholasmouth
12356,Portugal,Katie Williamson,katie600@example.org,F,Bronze,6/5/2025,Hartstad
12783,Portugal,Sarah Hart,sarah654@example.net,M,Bronze,7/15/2025,Ballardfurt
12809,Portugal,Kenneth Williams,kenneth985@example.com,F,Bronze,4/22/2024,Jenniferview
12792,Portugal,Gloria Anderson,gloria566@example.org,F,Bronze,7/26/2022,North Travishaven
12795,Portugal,Andrew Brewer,andrew865@example.net,F,Gold,8/6/2022,Davidland
12766,Portugal,Brian Williams,brian906@example.com,F,Bronze,9/25/2025,Thomasfurt
12425,Portugal,John Swanson,john285@example.net,M,Silver,5/12/2025,New Bradley
12794,Portugal,Christopher Gentry,christopher487@example.net,M,Silver,2/20/2023,Port Davidhaven
12797,Portugal,Daniel Jackson,daniel995@example.com,F,Bronze,1/11/2025,South Terriland
12762,Portugal,Blake Johns,blake838@example.org,M,Bronze,8/4/2023,Millermouth
12808,Portugal,Thomas Hodges,thomas192@example.net,F,Gold,2/24/2022,Belindaburgh
12784,Portugal,Janet Mack,janet770@example.net,M,Silver,3/8/2025,Lake Josephburgh
12772,Portugal,Joseph Estrada,joseph582@example.net,M,Bronze,10/13/2023,South Vincent
12446,RSA,Wendy Thomas,wendy915@example.net,F,Bronze,9/7/2021,Dixonmouth
12565,Saudi Arabia,Jeremy Glover,jeremy951@example.org,F,Bronze,6/25/2024,South Phillipside
12744,Singapore,Henry Watson,henry246@example.org,F,Silver,3/17/2025,Pennyton
12417,Spain,Kristina Rivera,kristina588@example.org,F,Silver,2/22/2021,North Destinyberg
12546,Spain,Dr. Deborah Hayes MD,dr602@example.net,M,Silver,5/23/2025,Nicolefurt
12597,Spain,Tracy Romero,tracy404@example.org,F,Bronze,11/19/2024,West Leahburgh
12354,Spain,Natalie King,natalie604@example.com,M,Bronze,11/6/2022,Lake Michael
12548,Spain,Joseph Williams,joseph758@example.net,F,Silver,12/28/2024,Rothborough
12538,Spain,Casey Howard,casey519@example.net,M,Bronze,3/14/2025,Robertville
12503,Spain,Steve Ward,steve212@example.net,F,Silver,5/24/2021,Bradleychester
12539,Spain,Jesse Barnes,jesse492@example.com,M,Silver,7/13/2022,Newmanbury
12421,Spain,Rebecca Russell,rebecca715@example.com,M,Bronze,4/12/2023,East Jacqueline
12545,Spain,Christina Morales,christina887@example.com,F,Bronze,7/28/2022,Brownberg
12502,Spain,Hayley Wolf,hayley277@example.com,F,Bronze,5/16/2024,South Laura
12455,Spain,Charles Cantrell,charles252@example.net,M,Silver,11/30/2022,Seanbury
12454,Spain,Mrs. Karen Goodwin,mrs898@example.net,F,Bronze,12/22/2021,East Joelmouth
12442,Spain,Raymond Harris,raymond687@example.com,F,Bronze,2/15/2023,Timothyfurt
12484,Spain,Dr. Michele Franklin,dr594@example.com,M,Silver,4/10/2021,South Tammy
12507,Spain,Jeffrey Hudson,jeffrey412@example.net,F,Bronze,3/3/2023,Patelside
12547,Spain,Jeanette Jenkins,jeanette194@example.com,F,Bronze,9/20/2024,New Lindsay
12450,Spain,Heather Farley,heather484@example.com,F,Silver,11/15/2021,Reedview
12556,Spain,Jessica Lewis,jessica827@example.org,F,Bronze,4/3/2025,Anthonybury
12448,Spain,Victoria Hernandez,victoria399@example.net,F,Bronze,9/9/2022,North Heatherhaven
17097,Spain,Stephanie Holloway,stephanie618@example.org,F,Silver,7/24/2025,Spencerville
12445,Spain,Valerie Joseph,valerie280@example.com,M,Bronze,6/9/2021,Richardschester
12550,Spain,Dale Zimmerman,dale902@example.com,M,Bronze,7/1/2021,South Christopherfort
12544,Spain,Julie Mcintosh,julie412@example.org,F,Silver,2/1/2022,Gailside
12551,Spain,Kristina Carter,kristina725@example.com,F,Silver,2/19/2024,New Penny
12541,Spain,Caitlin Jones,caitlin966@example.org,M,Bronze,5/12/2021,North Jessica
12540,Spain,Brent Schultz DVM,brent622@example.com,F,Bronze,12/26/2020,Russellview
12462,Spain,Ashley Morgan,ashley754@example.com,F,Bronze,9/6/2021,West Michaelmouth
12596,Spain,Mark Garcia,mark381@example.com,M,Bronze,12/31/2021,Lake Johnnyfort
12510,Spain,Anne Torres,anne547@example.org,F,Bronze,11/20/2023,North Carrieview
12557,Spain,Taylor Davis,taylor478@example.com,F,Bronze,10/12/2021,Port Heidi
17404,Sweden,Michelle Brown,michelle312@example.com,M,Bronze,7/27/2024,East Johnathan
12639,Sweden,Alicia Reeves,alicia616@example.org,F,Bronze,9/10/2021,Port Danieltown
12638,Sweden,Daniel Romero,daniel177@example.net,F,Bronze,8/14/2024,West Robert
12483,Sweden,Rebekah Hardy,rebekah949@example.net,F,Bronze,4/14/2025,Jenniferhaven
12676,Sweden,Michael Schneider,michael421@example.org,F,Silver,11/10/2022,Johnland
12715,Sweden,Stacey Bishop,stacey929@example.com,F,Bronze,8/17/2022,Conniefurt
12641,Sweden,Brooke Davis,brooke800@example.com,M,Silver,6/12/2024,Isaiahhaven
12697,Sweden,David Williams,david226@example.org,F,Silver,4/2/2021,Crystaltown
12457,Switzerland,Austin Cameron,austin837@example.net,M,Bronze,6/16/2025,North Allisonstad
13505,Switzerland,Michael Everett,michael895@example.org,M,Bronze,12/20/2020,Garciahaven
12378,Switzerland,Sharon Ramirez,sharon805@example.org,F,Silver,8/7/2024,Davidfurt
12398,Switzerland,John Baker,john332@example.net,F,Bronze,3/3/2024,New Christopher
12384,Switzerland,Megan Leach,megan118@example.org,M,Silver,4/10/2021,Jonesstad
12422,Switzerland,Lisa Ellison,lisa695@example.net,M,Silver,3/1/2024,East Cynthia
12418,Switzerland,Matthew Collins,matthew817@example.net,F,Bronze,8/6/2021,North Jack
13501,Switzerland,Maria Cooper,maria595@example.org,M,Silver,11/12/2024,Lake Jamesfort
12452,Switzerland,Jeffrey Thomas,jeffrey388@example.net,M,Bronze,7/29/2023,West Matthewchester
13520,Switzerland,Christopher Ellis,christopher407@example.net,M,Bronze,7/26/2023,Marthamouth
12409,Switzerland,Dr. Sandra Peck,dr724@example.org,M,Bronze,7/22/2022,Andreaville
12357,Switzerland,Stacey Haley,stacey487@example.net,M,Bronze,4/15/2022,Karenbury
12377,Switzerland,Benjamin Robinson,benjamin247@example.net,M,Bronze,6/8/2024,East Jeanmouth
12461,Switzerland,Frank Campbell,frank362@example.org,F,Silver,5/4/2021,South Sarahbury
13493,Switzerland,Carol Perry,carol828@example.net,M,Bronze,10/8/2024,East Sierrahaven
12458,Switzerland,Stephen Kennedy,stephen182@example.org,F,Bronze,1/24/2025,East Danny
12456,Switzerland,Amber Rogers,amber518@example.org,F,Silver,1/6/2025,South Melissaside
13492,Switzerland,Emma Hill,emma867@example.net,M,Silver,11/10/2024,Lake Billy
12410,Switzerland,Joseph Tate,joseph531@example.com,F,Gold,4/13/2024,North Lori
12371,Switzerland,Yvette Wilson,yvette621@example.org,F,Bronze,5/2/2021,Reeseburgh
12451,Switzerland,Patricia Patel,patricia238@example.net,F,Gold,6/4/2021,New Daniel
12558,USA,Nathan Rivera,nathan724@example.org,M,Silver,4/10/2023,Stephaniemouth
12607,USA,Jennifer Carpenter,jennifer755@example.com,M,Bronze,5/21/2024,Lake Desiree
12646,USA,Chelsea Williams,chelsea592@example.org,M,Bronze,7/5/2024,South Robert
12733,USA,Kayla Joseph,kayla706@example.com,M,Bronze,10/26/2024,Lake Craig
17829,United Arab Emirates,Amy Gonzalez,amy145@example.org,F,Bronze,10/29/2021,Ballfort
12739,United Arab Emirates,Michael Humphrey,michael161@example.net,M,Gold,2/21/2025,East Maryland
14496,United Kingdom,William Avery,william383@example.org,M,Bronze,1/22/2022,Lake Earl
17802,United Kingdom,Abigail Coffey,abigail587@example.org,F,Bronze,2/19/2023,Stephanietown
13798,United Kingdom,Dr. Henry Gross,dr574@example.net,M,Bronze,6/29/2021,Andrewston
16150,United Kingdom,Jamie Young,jamie681@example.net,M,Bronze,3/22/2024,West Kevinberg
15545,United Kingdom,Bradley Warren,bradley115@example.org,M,Silver,1/8/2023,Lake Jessicafurt
16422,United Kingdom,Robert Gutierrez,robert291@example.net,F,Bronze,11/24/2020,New Aaron
14667,United Kingdom,Elizabeth Castillo,elizabeth338@example.net,M,Silver,2/13/2024,North Jane
13807,United Kingdom,Dawn Nichols,dawn748@example.com,F,Bronze,11/11/2022,Lesliefort
15680,United Kingdom,Ariana Cameron,ariana613@example.org,F,Gold,10/17/2022,Lake Christopherport
17524,United Kingdom,Daniel Greene,daniel388@example.org,F,Bronze,10/20/2021,Heatherton
12829,United Kingdom,Alicia Carson,alicia467@example.com,F,Silver,12/27/2020,West Michaelhaven
16746,United Kingdom,Charles Wiggins,charles301@example.com,F,Silver,1/9/2024,West Sarah
15157,United Kingdom,Jonathan Barnett,jonathan353@example.com,M,Bronze,10/2/2021,Jasonfurt
17913,United Kingdom,Edward Khan,edward565@example.org,F,Bronze,9/23/2023,South Kenneth
16497,United Kingdom,Laura Taylor,laura269@example.com,F,Bronze,7/27/2023,Lake Katelynhaven
16303,United Kingdom,Ashley Anderson,ashley586@example.com,F,Bronze,11/3/2020,East Danielmouth
15835,United Kingdom,Chelsea Smith,chelsea320@example.com,M,Bronze,6/19/2024,Tranchester
14114,United Kingdom,Jennifer Smith,jennifer254@example.com,F,Bronze,3/21/2021,North Angela
17861,United Kingdom,Beth Wright,beth563@example.com,F,Bronze,1/28/2025,Pattersonchester
17071,United Kingdom,Julie Shields,julie340@example.net,M,Bronze,7/19/2021,Port Frederickville
17929,United Kingdom,Victor Leach,victor461@example.com,F,Bronze,5/26/2021,Patrickstad
13911,United Kingdom,Kimberly Thomas,kimberly529@example.net,F,Gold,7/20/2024,Lake Kimberly
15781,United Kingdom,Seth Nicholson,seth873@example.org,M,Bronze,11/16/2020,East Loganberg
14676,United Kingdom,Andrea Williams,andrea572@example.net,F,Bronze,11/12/2023,Port Bonnie
16466,United Kingdom,Dean Harris,dean576@example.net,M,Silver,7/16/2022,Antonioport
15321,United Kingdom,Tracy Robinson,tracy333@example.net,F,Bronze,8/18/2025,Danashire
15146,United Kingdom,Corey Parsons,corey962@example.org,F,Bronze,9/10/2025,Ericksonfort
17426,United Kingdom,Patrick Moore,patrick811@example.net,F,Bronze,6/1/2023,Thomaston
15087,United Kingdom,Cody Lee,cody388@example.com,M,Bronze,3/4/2025,Jordanhaven
16709,United Kingdom,John Nunez,john129@example.org,M,Gold,8/8/2021,North Drew
13654,United Kingdom,Christine Schaefer,christine540@example.net,M,Silver,7/19/2021,Ashleychester
13043,United Kingdom,Brandy Nguyen,brandy663@example.com,M,Silver,7/26/2021,Port Kristina
14352,United Kingdom,Robert Newton,robert938@example.org,F,Silver,3/15/2021,Waltersstad
13708,United Kingdom,Adam Wood,adam304@example.com,M,Bronze,12/28/2022,Brendashire
13452,United Kingdom,Selena Lopez,selena379@example.org,M,Bronze,11/18/2023,East Cynthia
13650,United Kingdom,Richard Page,richard450@example.com,M,Bronze,4/7/2025,Bautistafort
17603,United Kingdom,David Stewart,david629@example.net,F,Bronze,4/18/2025,Rickymouth
15019,United Kingdom,Steven Rivera,steven869@example.com,F,Gold,1/10/2023,Farleyfurt
14041,United Kingdom,Diana Hernandez,diana646@example.com,F,Bronze,3/4/2025,Port Robert
13592,United Kingdom,Kathryn Cunningham,kathryn194@example.com,F,Silver,5/26/2024,South Toddfort
16308,United Kingdom,Nicole Warren,nicole972@example.com,F,Bronze,8/6/2022,South Charlesfort
17946,United Kingdom,Dawn Ramos,dawn995@example.net,M,Bronze,10/2/2025,East Sherry
17931,United Kingdom,Jay Richardson,jay186@example.com,M,Bronze,5/11/2021,New Brian
16092,United Kingdom,Emma Small,emma445@example.com,F,Silver,11/3/2022,North Thomasstad
18080,United Kingdom,Tracy Meza,tracy898@example.org,F,Bronze,7/4/2023,East Daniellestad
15212,United Kingdom,Devin Johnson,devin788@example.org,M,Bronze,8/10/2021,Michaelstad
17930,United Kingdom,Linda Carter,linda305@example.com,F,Bronze,4/7/2023,West Jeremyville
16418,United Kingdom,Christina Williams,christina716@example.org,F,Silver,4/24/2021,South Melodyport
14149,United Kingdom,Luis Maxwell,luis785@example.org,M,Bronze,12/1/2022,Youngton
15668,United Kingdom,Michael Johnson,michael223@example.org,F,Bronze,11/27/2021,Marquezview
17597,United Kingdom,Margaret King,margaret192@example.com,F,Silver,2/3/2024,West Robertfort
16483,United Kingdom,Alicia Barber,alicia918@example.org,F,Bronze,7/17/2025,East Stephanie
15184,United Kingdom,Andrew Cooper,andrew683@example.com,F,Bronze,5/15/2021,Maryland
16529,United Kingdom,David Edwards DVM,david363@example.net,M,Silver,7/12/2025,North Mary
12837,United Kingdom,Lisa Chambers,lisa391@example.net,F,Bronze,4/12/2022,Ashleyport
15256,United Kingdom,Roger Carrillo,roger730@example.org,M,Silver,2/14/2022,East Kathleenmouth
13994,United Kingdom,Daniel Young,daniel638@example.net,F,Bronze,9/22/2023,Joshuatown
14567,United Kingdom,Sherry Hill,sherry343@example.net,F,Bronze,12/27/2024,Maysfort
17887,United Kingdom,Oscar Savage,oscar271@example.com,F,Bronze,11/11/2022,Deleonberg
12917,United Kingdom,Makayla Love,makayla589@example.org,M,Bronze,1/31/2021,West Elizabethside
15701,United Kingdom,Jamie Smith,jamie761@example.org,F,Silver,9/7/2022,East Johnborough
13644,United Kingdom,Taylor Howard,taylor333@example.com,F,Silver,2/19/2022,Isaiahtown
14660,United Kingdom,Tyler Sheppard,tyler875@example.org,F,Bronze,4/11/2021,Washingtonstad
17919,United Kingdom,Alex Rivera,alex381@example.net,M,Silver,7/10/2025,Bellville
15216,United Kingdom,Rachel Phillips,rachel482@example.net,F,Bronze,4/5/2023,Parkerberg
15933,United Kingdom,Angela Booker,angela160@example.org,M,Silver,11/5/2022,Michellemouth
13336,United Kingdom,Teresa Arnold,teresa691@example.net,M,Bronze,4/5/2023,Jeremyside
13866,United Kingdom,Alexis Lambert,alexis148@example.com,F,Bronze,12/15/2020,Dicksonfort
16999,United Kingdom,Sarah Martin,sarah844@example.com,M,Bronze,5/24/2025,Kevinville
16354,United Kingdom,Steven Williams,steven963@example.org,M,Silver,9/26/2024,East Jennifer
15348,United Kingdom,Sherry Booker,sherry727@example.net,F,Silver,9/1/2022,Terriview
13924,United Kingdom,Clinton Newton,clinton615@example.com,M,Bronze,12/20/2024,North Derekmouth
18217,United Kingdom,Peter Hopkins,peter339@example.org,F,Bronze,10/17/2024,West Ricky
17222,United Kingdom,Michael Harris,michael515@example.com,M,Bronze,11/28/2020,Lake Sarah
17279,United Kingdom,Michael Burton,michael488@example.com,M,Bronze,11/28/2023,West Kennethmouth
13006,United Kingdom,Elizabeth Shannon,elizabeth833@example.org,F,Silver,8/23/2022,Gomezbury
14015,United Kingdom,Joseph Padilla,joseph318@example.net,F,Bronze,3/16/2024,Anitafurt
17973,United Kingdom,Andrew Travis,andrew117@example.com,F,Silver,1/3/2023,Port Ruth
17836,United Kingdom,Brian Willis,brian777@example.com,M,Bronze,7/10/2021,West Tinabury
13697,United Kingdom,Natasha Dickerson,natasha781@example.net,F,Bronze,6/17/2025,South Jeremiahton
15043,United Kingdom,Tracey Davies,tracey292@example.org,F,Silver,7/22/2024,North Deannaville
16504,United Kingdom,Christine Morris,christine621@example.org,F,Bronze,11/29/2023,Port David
14881,United Kingdom,James Perez,james850@example.com,F,Bronze,10/30/2021,Meyerburgh
17561,United Kingdom,Denise Smith,denise411@example.net,F,Bronze,11/19/2022,New Ana
15988,United Kingdom,Michael Maxwell,michael460@example.org,F,Silver,7/1/2025,West Katherine
17767,United Kingdom,Phillip Gilmore,phillip935@example.com,F,Silver,1/9/2023,West Christopherland
17911,United Kingdom,David Nelson,david151@example.net,M,Silver,11/2/2022,Jessechester
17850,United Kingdom,Dustin Burnett,dustin463@example.com,F,Bronze,4/14/2021,Harrischester
17548,United Kingdom,Jessica Davis,jessica138@example.com,M,Silver,8/24/2022,Taylorstad
17181,United Kingdom,Michael Anthony,michael301@example.org,M,Bronze,3/6/2022,West Alicialand
12868,United Kingdom,Alec Norris,alec654@example.org,F,Bronze,9/3/2021,Port Vincent
17643,United Kingdom,Steven Cooper,steven603@example.org,M,Bronze,4/4/2021,North Alisonfurt
18229,United Kingdom,Jeffery Watkins,jeffery211@example.com,M,Gold,8/1/2025,Russellside
14083,United Kingdom,Brad Torres,brad227@example.net,M,Bronze,4/26/2023,Johnsonmouth
16140,United Kingdom,James Little,james311@example.net,M,Silver,1/25/2024,Hineschester
15555,United Kingdom,Michael Pittman,michael121@example.org,M,Bronze,10/29/2024,Lake Monica
14748,United Kingdom,Laura Martin,laura201@example.net,M,Bronze,1/8/2025,Spencerville
16719,United Kingdom,Brittany Moreno,brittany338@example.com,M,Bronze,11/1/2021,East Jose
18113,United Kingdom,Andrea Miller,andrea784@example.net,M,Gold,10/13/2025,Roweshire
15356,United Kingdom,Julie Mendez,julie171@example.com,M,Bronze,5/14/2025,New Michaelbury
15194,United Kingdom,Daniel Morris,daniel800@example.org,M,Silver,4/24/2021,Katherineville
16293,United Kingdom,Jay Harris,jay925@example.net,F,Bronze,7/20/2024,New Andrew
16950,United Kingdom,Christopher Clarke,christopher840@example.org,M,Bronze,3/23/2023,Port Veronica
17870,United Kingdom,Richard Henson,richard709@example.org,M,Bronze,9/16/2025,North Jenniferborough
18043,United Kingdom,Lauren Hoffman,lauren193@example.com,F,Bronze,8/10/2022,Taylorland
18061,United Kingdom,Charles Carroll,charles362@example.org,F,Gold,5/6/2022,South James
16656,United Kingdom,Colleen Best,colleen631@example.org,F,Silver,11/28/2024,Port Stephenville
14565,United Kingdom,Edward Pope,edward173@example.org,M,Bronze,10/9/2021,North Elaine
14841,United Kingdom,Lauren Ellis,lauren306@example.com,M,Gold,11/14/2024,Medinamouth
15759,United Kingdom,Megan Mcclain DDS,megan444@example.net,M,Bronze,5/15/2022,Martinezland
13027,United Kingdom,Steven Johnson,steven680@example.org,F,Bronze,4/25/2024,North Daniel
16270,United Kingdom,Jason Myers,jason202@example.org,M,Bronze,4/18/2022,Andersonmouth
15510,United Kingdom,Melinda Campbell,melinda530@example.com,M,Silver,12/20/2022,East Martin
13898,United Kingdom,Joan Salinas,joan385@example.org,F,Bronze,1/5/2023,South Patrick
13693,United Kingdom,Jose Simmons,jose403@example.net,F,Gold,10/28/2023,Stephenmouth
14770,United Kingdom,Michael Mills,michael652@example.com,F,Bronze,1/14/2024,Clarkville
13161,United Kingdom,Nicholas Perez,nicholas312@example.org,M,Silver,10/8/2025,East Robinmouth
17376,United Kingdom,Paul Harvey,paul901@example.org,M,Bronze,3/26/2022,East Tanya
13137,United Kingdom,David Reese,david862@example.net,M,Bronze,4/26/2021,Gouldhaven
12956,United Kingdom,Hannah Lang,hannah291@example.org,M,Bronze,9/30/2022,Deannaborough
14048,United Kingdom,Shane Pena,shane588@example.org,F,Bronze,6/9/2025,West Michael
13301,United Kingdom,John Weiss,john299@example.org,M,Bronze,2/28/2021,Lisamouth
17171,United Kingdom,Denise Cook,denise982@example.org,M,Silver,10/27/2022,North Nancy
16807,United Kingdom,Crystal Brady,crystal197@example.com,F,Bronze,6/2/2023,Dorseyfort
16162,United Kingdom,Jennifer Fisher,jennifer767@example.org,F,Bronze,4/17/2025,North Maryton
16348,United Kingdom,Victoria Hill,victoria572@example.com,F,Bronze,12/17/2023,Torresfurt
16637,United Kingdom,Ashley Gray,ashley739@example.com,M,Gold,2/3/2022,South Thomas
14393,United Kingdom,Martin Rice,martin386@example.net,F,Silver,3/18/2022,North Olivia
17263,United Kingdom,Kimberly Lee,kimberly450@example.net,M,Silver,1/16/2024,Duranberg
15730,United Kingdom,Anthony Bruce,anthony599@example.com,F,Silver,4/4/2023,East Chelseafort
17987,United Kingdom,Christopher Hubbard,christopher641@example.org,F,Gold,5/9/2022,Leeport
14984,United Kingdom,Casey Luna,casey615@example.net,M,Bronze,9/4/2024,South Tammy
15825,United Kingdom,Stephanie Wall,stephanie361@example.com,F,Bronze,5/30/2024,Lake Carmen
13780,United Kingdom,Gary Oliver,gary506@example.org,F,Silver,4/10/2021,New Edwinburgh
17110,United Kingdom,Gregory Robles,gregory587@example.org,F,Silver,10/2/2022,West Allen
16989,United Kingdom,Jacqueline Baxter,jacqueline770@example.com,M,Bronze,12/7/2024,Port Stephanie
15795,United Kingdom,Tim Wu,tim179@example.org,F,Silver,8/20/2023,West Janetberg
13154,United Kingdom,Amanda Gray,amanda194@example.org,M,Bronze,9/11/2022,New Brooke
15205,United Kingdom,Nicholas Gordon,nicholas850@example.org,F,Bronze,6/5/2024,Gabrielleton
15247,United Kingdom,Teresa Carter DDS,teresa382@example.org,F,Bronze,3/21/2023,Lake Rebeccaton
16429,United Kingdom,Kimberly Campbell,kimberly880@example.com,F,Bronze,5/28/2023,Taylorborough
13244,United Kingdom,Travis Morris,travis233@example.org,F,Silver,9/18/2021,Lisaburgh
17004,United Kingdom,Jack Bridges,jack581@example.org,F,Bronze,5/7/2022,Erictown
16362,United Kingdom,Mr. Tyler Mcmillan,mr369@example.com,F,Bronze,10/26/2024,Jasonburgh
12995,United Kingdom,Kimberly Myers,kimberly270@example.org,M,Bronze,12/12/2024,Lake David
17447,United Kingdom,Jeremy Brown,jeremy450@example.net,M,Bronze,9/6/2024,Lake Elizabethfort
13297,United Kingdom,Antonio Lewis,antonio197@example.com,F,Bronze,6/14/2023,Gardnerside
15276,United Kingdom,Deborah Ford,deborah194@example.org,F,Bronze,8/16/2021,Kristentown
14801,United Kingdom,Brenda Jensen,brenda465@example.org,M,Bronze,2/4/2021,West Susan
14710,United Kingdom,Justin Morrow,justin454@example.com,F,Silver,12/8/2022,East Nancybury
15659,United Kingdom,Debra Moore,debra527@example.net,F,Bronze,9/20/2024,Johnsonside
15444,United Kingdom,Kaylee Morgan,kaylee964@example.com,F,Silver,6/20/2025,Georgetown
16790,United Kingdom,William Torres,william232@example.com,M,Bronze,5/19/2022,Andrewview
15195,United Kingdom,Vincent Mcmahon,vincent971@example.com,F,Bronze,8/14/2021,North Terry
18085,United Kingdom,Angela Peterson,angela634@example.com,F,Silver,6/28/2024,Sabrinaborough
15350,United Kingdom,George Fuller,george355@example.net,M,Silver,7/14/2024,North Lynn
15922,United Kingdom,Brian Case,brian520@example.net,F,Bronze,1/5/2022,Justinshire
13090,United Kingdom,Eric Schmitt,eric325@example.net,M,Bronze,4/21/2021,East Peter
13030,United Kingdom,Heidi Keller,heidi197@example.net,F,Bronze,1/16/2024,West Vanessa
15018,United Kingdom,Terri Farmer,terri608@example.org,F,Bronze,5/1/2024,Laurieton
15005,United Kingdom,Frank Aguilar,frank464@example.com,F,Silver,11/10/2022,Brianton
16899,United Kingdom,Ashley Morgan,ashley599@example.net,F,Bronze,11/12/2022,East Barbara
13092,United Kingdom,Erik Price,erik127@example.org,F,Bronze,6/10/2024,Moralesland
16985,United Kingdom,Andrew Gray,andrew712@example.net,M,Bronze,8/25/2025,Robertport
18097,United Kingdom,Ronald Manning,ronald534@example.net,M,Gold,7/18/2022,Millschester
14462,United Kingdom,Jacqueline Davis,jacqueline190@example.com,M,Gold,10/23/2022,Savannahville
17585,United Kingdom,Danny Mays,danny234@example.net,M,Bronze,11/28/2024,Lisafort
18032,United Kingdom,Heather Hamilton,heather695@example.net,F,Silver,10/10/2023,New Jessicafurt
13784,United Kingdom,Jessica Fisher,jessica749@example.com,F,Bronze,5/25/2024,Mariaview
15296,United Kingdom,Jessica Lowery,jessica959@example.org,M,Bronze,11/19/2022,East Ricardo
17730,United Kingdom,Carol Miller,carol717@example.net,F,Bronze,4/7/2021,Lake Kristinastad
14368,United Kingdom,Aaron Foster,aaron231@example.com,F,Bronze,4/11/2024,Millerport
14341,United Kingdom,Mark Campbell,mark201@example.com,F,Silver,3/7/2022,South Darrylchester
14970,United Kingdom,Nicole Hall,nicole353@example.org,M,Bronze,7/28/2023,Lake Robertchester
15864,United Kingdom,April Crawford,april429@example.com,M,Bronze,12/4/2023,Lake Savannah
17337,United Kingdom,David King,david966@example.net,F,Gold,5/29/2024,East David
14497,United Kingdom,Nicholas Walker,nicholas247@example.org,M,Silver,6/30/2023,Franciscoside
17050,United Kingdom,Elizabeth Morton,elizabeth138@example.net,F,Silver,12/28/2020,West Margaret
15236,United Kingdom,Jonathan Sanders,jonathan541@example.com,M,Bronze,4/13/2022,Randystad
17348,United Kingdom,Tracy Smith,tracy849@example.net,F,Silver,1/3/2024,Matthewburgh
17165,United Kingdom,Diana Jackson,diana379@example.org,F,Bronze,10/22/2022,West Sarahside
17652,United Kingdom,Nathaniel Duffy,nathaniel983@example.org,F,Silver,4/29/2025,Dukeport
15554,United Kingdom,Nicole Thompson,nicole576@example.com,F,Gold,12/26/2022,Port Jacobstad
16242,United Kingdom,John Hayes,john988@example.net,F,Bronze,10/20/2021,Samanthafort
14112,United Kingdom,Mark Thompson Jr.,mark968@example.com,F,Silver,3/27/2023,Cookeburgh
16475,United Kingdom,Pamela Cardenas,pamela403@example.com,F,Bronze,11/21/2023,North Steven
15493,United Kingdom,Derek Miller,derek607@example.com,F,Bronze,8/27/2021,Byrdmouth
13185,United Kingdom,Scott Mcgrath,scott433@example.org,F,Gold,8/7/2021,Melissatown
17250,United Kingdom,Bradley Preston,bradley990@example.net,F,Silver,6/17/2022,Velasquezton
13035,United Kingdom,Adam Smith,adam193@example.org,F,Silver,1/20/2022,Markshire
17698,United Kingdom,Alejandro Lee,alejandro871@example.org,M,Silver,10/10/2025,Hawkinston
15249,United Kingdom,Troy Baker,troy933@example.net,M,Bronze,3/27/2022,Lake Laurieport
16788,United Kingdom,Marcus Wagner,marcus866@example.net,M,Bronze,6/10/2021,Heidichester
17746,United Kingdom,Amber Cooley,amber268@example.com,F,Bronze,11/28/2024,Williamview
17142,United Kingdom,Marisa West,marisa746@example.com,M,Bronze,6/10/2021,Saundersland
14623,United Kingdom,Gabrielle Webb,gabrielle917@example.com,M,Bronze,10/24/2022,Munozberg
13719,United Kingdom,Laurie White,laurie552@example.net,M,Bronze,2/13/2025,Taylorborough
16055,United Kingdom,Julie Sanchez,julie575@example.org,M,Bronze,7/21/2025,Lake Vincentberg
13320,United Kingdom,Michael Rogers,michael679@example.com,F,Bronze,6/28/2024,Port Jeffery
14888,United Kingdom,Anthony Greene,anthony891@example.com,F,Silver,10/20/2022,New Jasmineland
16008,United Kingdom,Catherine Wade,catherine134@example.net,F,Bronze,9/21/2022,Williamshaven
14542,United Kingdom,Samantha Jones,samantha464@example.com,M,Bronze,10/22/2022,Melindaside
13283,United Kingdom,Megan Freeman,megan902@example.org,M,Bronze,5/5/2022,Annafurt
16324,United Kingdom,Whitney Perez,whitney893@example.net,F,Bronze,4/8/2024,New Shirley
15901,United Kingdom,Rhonda Walker,rhonda921@example.org,M,Silver,10/20/2024,North Anthonyshire
15506,United Kingdom,Scott Maxwell,scott506@example.net,F,Bronze,10/24/2025,West Oliviaside
16984,United Kingdom,Meredith Chambers PhD,meredith437@example.com,M,Silver,9/2/2024,Port Lindseyland
14076,United Kingdom,Willie Wallace,willie359@example.net,F,Bronze,6/14/2022,South Peggyshire
15663,United Kingdom,Jessica Hampton,jessica396@example.org,M,Silver,10/27/2021,Lake Jason
13147,United Kingdom,Austin Peterson Jr.,austin935@example.net,M,Bronze,1/13/2024,Smithberg
14171,United Kingdom,Shane Brown,shane719@example.com,F,Bronze,6/19/2024,New Brettfort
15484,United Kingdom,Emily Barker,emily991@example.org,M,Bronze,4/27/2024,West Michelleview
15475,United Kingdom,Erika Thompson,erika331@example.net,M,Silver,4/22/2025,New Sandy
13429,United Kingdom,Valerie Cannon,valerie657@example.net,F,Bronze,5/13/2025,Williamsbury
13177,United Kingdom,Joel Bowman,joel878@example.com,M,Silver,5/21/2025,South Linda
17030,United Kingdom,Megan Gibson,megan498@example.org,F,Gold,1/15/2023,Schmidtmouth
13689,United Kingdom,Michael Rodriguez,michael840@example.net,M,Bronze,2/3/2025,Garyport
13980,United Kingdom,Lindsay Munoz,lindsay873@example.com,M,Bronze,9/22/2021,Lake Daniellehaven
16753,United Kingdom,John Lee,john667@example.net,F,Bronze,8/25/2021,Pereztown
16563,United Kingdom,Mrs. Madison Jennings,mrs688@example.org,F,Bronze,3/22/2024,Bradleyfort
13651,United Kingdom,Jerry Byrd,jerry572@example.net,F,Silver,7/6/2023,Woodsberg
14974,United Kingdom,Chelsey Lin,chelsey537@example.org,F,Bronze,11/28/2023,Rebeccachester
13318,United Kingdom,Gregory Torres,gregory961@example.org,F,Bronze,10/25/2024,Raymondfurt
13832,United Kingdom,Kathryn Gibson,kathryn488@example.com,M,Bronze,8/9/2025,Tiffanyshire
12920,United Kingdom,Sandra Buck,sandra561@example.net,M,Bronze,12/8/2022,Wallacemouth
13638,United Kingdom,Jeff Hudson,jeff266@example.net,F,Silver,6/22/2022,Kaylahaven
13844,United Kingdom,Alexandria Chapman,alexandria645@example.net,F,Gold,1/26/2024,Katherinehaven
13047,United Kingdom,Renee Valdez,renee571@example.com,M,Bronze,3/26/2025,Pachecoburgh
14849,United Kingdom,Jeanette Bell,jeanette302@example.net,M,Bronze,9/27/2025,New Jill
14729,United Kingdom,John Delacruz,john327@example.org,F,Silver,4/8/2023,New Mirandachester
14491,United Kingdom,Julie Davis,julie374@example.com,F,Bronze,12/13/2020,East Jeffery
17519,United Kingdom,Jo Medina,jo419@example.org,M,Bronze,4/26/2024,Atkinsside
14215,United Kingdom,Tyler Ali,tyler592@example.net,M,Silver,12/23/2023,Lake Michaelview
13880,United Kingdom,Maria Torres,maria701@example.org,M,Silver,4/4/2023,West Dennis
15081,United Kingdom,Nicole Hudson,nicole529@example.org,M,Silver,9/30/2022,Autumnburgh
17213,United Kingdom,Eric Johnson,eric783@example.net,F,Bronze,3/25/2025,West Codyburgh
14299,United Kingdom,Margaret Garrison,margaret775@example.com,M,Bronze,8/5/2024,West David
16565,United Kingdom,Kathy Griffith,kathy917@example.net,M,Bronze,11/10/2024,Port Dana
17251,United Kingdom,Lucas Holland,lucas664@example.org,M,Bronze,2/14/2023,Lake Matthewmouth
14985,United Kingdom,Mr. James Lamb,mr588@example.com,F,Gold,11/5/2022,South Daniel
12924,United Kingdom,Anthony Pittman,anthony123@example.com,M,Bronze,10/4/2022,Briannaview
12916,United Kingdom,Timothy Kennedy,timothy138@example.org,F,Bronze,3/10/2021,South Virginiafort
14782,United Kingdom,Megan Ayala,megan263@example.org,F,Silver,5/24/2021,Smithview
12935,United Kingdom,Erin Patterson,erin326@example.org,F,Bronze,11/25/2021,North Michaelmouth
13049,United Kingdom,Logan Kaufman,logan734@example.org,F,Bronze,2/11/2025,Smallstad
14701,United Kingdom,James Adkins,james141@example.org,F,Bronze,12/20/2021,Lake Kaitlynland
13584,United Kingdom,Larry Brandt,larry848@example.net,F,Bronze,1/26/2021,South Tracy
13381,United Kingdom,Janet Watts,janet290@example.com,M,Silver,7/9/2023,Lake Ashleyport
12823,United Kingdom,Carlos Mcguire,carlos283@example.org,M,Bronze,8/5/2023,North Justin
16182,United Kingdom,Megan Smith,megan422@example.org,M,Bronze,8/7/2024,Powersmouth
17994,United Kingdom,Brandon Cole,brandon696@example.org,M,Bronze,10/28/2024,North Sarahberg
12845,United Kingdom,Susan Daniels,susan226@example.net,F,Bronze,3/9/2022,Christianstad
16957,United Kingdom,Matthew Hernandez,matthew728@example.com,M,Silver,9/8/2024,Lake Chadstad
17639,United Kingdom,Rachel Martin,rachel298@example.org,M,Bronze,10/4/2022,Lake Ravenburgh
16871,United Kingdom,Christine Wang,christine746@example.net,M,Bronze,3/15/2024,Austinberg
15793,United Kingdom,Jessica Chapman,jessica262@example.org,M,Bronze,2/15/2024,Alexisport
13591,United Kingdom,Mary Weiss,mary288@example.org,M,Bronze,1/8/2023,Harrybury
17921,United Kingdom,Tracy Cervantes,tracy985@example.net,M,Gold,8/23/2022,New Beckyshire
16444,United Kingdom,Steven Gibson,steven261@example.com,M,Bronze,12/15/2020,Port Jaimetown
13934,United Kingdom,Gary Jackson,gary406@example.net,F,Bronze,5/31/2025,Kennethstad
14870,United Kingdom,Matthew Castillo,matthew146@example.org,F,Bronze,1/8/2022,New Madisonfort
15045,United Kingdom,Jacob Stark,jacob313@example.net,F,Gold,10/28/2022,Blackwellberg
16245,United Kingdom,Nathan Simmons,nathan306@example.com,F,Bronze,1/29/2021,West Alexside
14538,United Kingdom,Megan Jimenez,megan211@example.net,M,Gold,3/31/2022,East Nancychester
13626,United Kingdom,Sherri Hanna,sherri818@example.com,M,Bronze,10/20/2022,Port William
17550,United Kingdom,Christopher Parks MD,christopher879@example.org,F,Bronze,1/7/2024,Karenshire
15655,United Kingdom,Sarah Johnson,sarah116@example.org,F,Silver,9/8/2022,Shortview
17589,United Kingdom,James Higgins,james416@example.net,F,Bronze,6/12/2023,Stevenville
16966,United Kingdom,Andrea Olson,andrea705@example.org,M,Silver,10/23/2023,South Johnberg
15147,United Kingdom,Kimberly Conner,kimberly156@example.net,M,Bronze,1/10/2024,Davidstad
15172,United Kingdom,Dominique Johnson,dominique456@example.net,F,Silver,2/23/2025,Jordanberg
17217,United Kingdom,Lisa Cook,lisa366@example.org,M,Silver,4/1/2023,Seanview
15210,United Kingdom,Duane Fisher,duane951@example.net,F,Silver,1/1/2024,Saraberg
15582,United Kingdom,William Young,william600@example.org,M,Silver,11/4/2021,East Tara
13723,United Kingdom,Katherine George,katherine920@example.com,M,Bronze,6/5/2024,Swansonland
17455,United Kingdom,Kayla Moore,kayla631@example.net,M,Silver,1/15/2025,Thomasburgh
13555,United Kingdom,Adam Torres,adam934@example.org,F,Silver,7/23/2023,New April
14921,United Kingdom,Richard Steele,richard523@example.com,M,Silver,8/8/2021,Lake Cameron
13682,United Kingdom,Christopher Williams,christopher507@example.org,M,Gold,2/5/2023,Weavermouth
13080,United Kingdom,Dennis Hart,dennis442@example.com,M,Bronze,1/3/2021,Jeremyport
14222,United Kingdom,David Hebert Jr.,david696@example.com,M,Bronze,3/12/2025,Melaniemouth
15507,United Kingdom,Nicholas Stevens,nicholas390@example.com,F,Silver,1/13/2025,Lake Levi
15041,United Kingdom,Stacy Griffith,stacy216@example.org,F,Silver,3/21/2024,Simmonsstad
18203,United Kingdom,Dr. Matthew Gonzalez,dr237@example.net,F,Silver,1/29/2022,Dawnbury
15467,United Kingdom,Karen Cortez,karen480@example.com,M,Silver,8/6/2021,Port Deborah
18122,United Kingdom,Nicholas Graham,nicholas422@example.net,F,Bronze,2/25/2022,North Christopherburgh
18180,United Kingdom,Nathaniel Abbott,nathaniel361@example.org,F,Silver,6/20/2023,Tinaburgh
15802,United Kingdom,Katherine Hayes,katherine637@example.org,F,Silver,1/12/2022,New Anthony
14331,United Kingdom,Kari Burnett,kari645@example.net,F,Gold,4/3/2021,Stephenview
13218,United Kingdom,Caleb Mckenzie,caleb772@example.com,F,Bronze,1/2/2023,West Kevin
16066,United Kingdom,Sandra Massey,sandra900@example.com,F,Silver,4/29/2025,New Brandi
13189,United Kingdom,Brian Ritter,brian513@example.org,M,Bronze,7/27/2025,South Ralphside
14196,United Kingdom,Rachael Fisher,rachael663@example.net,M,Silver,8/5/2023,West Jonathan
14436,United Kingdom,Danielle Salazar,danielle956@example.com,F,Bronze,8/11/2023,Vazquezfort
13877,United Kingdom,John Hanson,john923@example.com,F,Bronze,7/31/2021,Sonyaside
16909,United Kingdom,James Nelson,james823@example.net,F,Silver,3/12/2025,Reginafurt
13635,United Kingdom,Melissa Floyd,melissa697@example.com,M,Gold,2/17/2025,Port Brianna
15127,United Kingdom,Cynthia Bennett,cynthia587@example.com,M,Bronze,5/21/2025,South Frederick
17737,United Kingdom,Thomas Fisher,thomas405@example.org,M,Silver,11/23/2024,Grahamfort
14381,United Kingdom,Christopher Carpenter,christopher927@example.net,M,Bronze,2/9/2023,Port Katiestad
15853,United Kingdom,Cynthia Nunez,cynthia259@example.net,F,Bronze,7/9/2021,East Melissa
16953,United Kingdom,Christopher Aguilar,christopher964@example.net,M,Bronze,4/17/2021,Shawnburgh
18181,United Kingdom,Ryan English,ryan452@example.org,M,Bronze,10/8/2023,Elizabethshire
15435,United Kingdom,Kendra Collins,kendra422@example.com,F,Bronze,11/22/2024,Craigberg
16535,United Kingdom,Brian Bennett,brian199@example.org,F,Silver,9/1/2024,Hardyborough
17920,United Kingdom,Ashlee Mendez,ashlee625@example.org,F,Bronze,11/17/2024,Smithland
16835,United Kingdom,James Wagner,james527@example.org,M,Bronze,9/29/2021,Douglasfort
14741,United Kingdom,Kayla Mueller,kayla814@example.org,F,Bronze,9/7/2021,Port Ryanhaven
17552,United Kingdom,Christopher Brown,christopher976@example.net,F,Bronze,1/23/2024,Christopherland
14898,United Kingdom,Mrs. Michelle Morris,mrs281@example.org,M,Bronze,12/4/2024,Taylorbury
15038,United Kingdom,Robert White,robert759@example.org,F,Bronze,10/18/2021,South Justin
17470,United Kingdom,Brandon Harrison,brandon440@example.net,F,Bronze,3/11/2024,Mullinston
13455,United Kingdom,Kathy Carson,kathy965@example.net,F,Silver,2/26/2023,Rayfurt
14866,United Kingdom,James Terry,james454@example.net,F,Bronze,1/23/2021,Petersborough
12963,United Kingdom,Nancy Mitchell,nancy175@example.com,F,Bronze,10/30/2023,Port Heatherton
12875,United Kingdom,Matthew Santana,matthew765@example.net,M,Bronze,8/3/2021,Christinaburgh
15777,United Kingdom,Luis Wheeler,luis771@example.org,M,Bronze,2/21/2025,South Eric
16191,United Kingdom,Brian Brown,brian627@example.net,F,Bronze,3/11/2023,Mcculloughchester
14426,United Kingdom,Michael Salinas,michael677@example.org,F,Bronze,1/30/2022,Wintersstad
16134,United Kingdom,Judith Thompson,judith399@example.org,F,Bronze,7/20/2024,New Jessicaton
17820,United Kingdom,Jessica Russo,jessica979@example.org,F,Silver,11/26/2020,West Kathleenview
17189,United Kingdom,Jorge Jones,jorge241@example.org,F,Silver,4/22/2024,West Amberton
15394,United Kingdom,Tammie Rasmussen,tammie186@example.net,M,Bronze,2/10/2024,Garciaport
16560,United Kingdom,Ronnie West Jr.,ronnie963@example.com,F,Bronze,11/21/2023,New Davidborough
17358,United Kingdom,Wendy Prince DVM,wendy924@example.org,M,Bronze,11/7/2022,Anthonyton
14221,United Kingdom,Rickey Reed,rickey546@example.org,F,Silver,3/23/2022,Priceview
15799,United Kingdom,Michael Johnson,michael583@example.org,F,Bronze,10/3/2023,South Maria
13107,United Kingdom,Vicki Gomez,vicki658@example.net,F,Bronze,2/24/2022,Kathleenside
17742,United Kingdom,Jamie Marquez,jamie260@example.org,M,Bronze,6/3/2021,East Jamie
17569,United Kingdom,Michael Conner,michael128@example.net,F,Bronze,12/4/2023,East Richardfort
15939,United Kingdom,Christopher Smith,christopher103@example.org,M,Bronze,12/26/2022,Lewisshire
12951,United Kingdom,Heidi Davis,heidi535@example.com,F,Gold,8/21/2024,North Charles
14428,United Kingdom,James Deleon,james567@example.com,F,Bronze,11/14/2023,New Ryanfort
15167,United Kingdom,Jeremiah Scott,jeremiah587@example.org,M,Silver,6/5/2022,New Ashleyland
13168,United Kingdom,Shannon Obrien,shannon153@example.net,M,Bronze,2/20/2024,South John
15057,United Kingdom,Misty Hughes,misty183@example.net,F,Silver,1/28/2023,Lake Barbaraton
15365,United Kingdom,Andrew Young,andrew894@example.com,F,Bronze,6/24/2024,West Victorburgh
15577,United Kingdom,Jamie Bell,jamie550@example.net,F,Bronze,7/21/2025,Dixonfurt
13875,United Kingdom,Jeffrey Benson,jeffrey211@example.com,M,Silver,8/16/2025,East Beverlyberg
14897,United Kingdom,Matthew Barton,matthew219@example.org,M,Silver,10/14/2025,South Elizabethburgh
16980,United Kingdom,Elizabeth Ford,elizabeth924@example.com,F,Bronze,10/22/2024,Andreastad
15397,United Kingdom,Kristie Blackburn,kristie246@example.com,M,Bronze,10/22/2023,East Lisaton
14004,United Kingdom,William Medina,william715@example.net,F,Silver,6/28/2021,East Juan
15543,United Kingdom,Michael Bartlett,michael619@example.org,F,Bronze,4/1/2025,Kimhaven
14036,United Kingdom,Troy Lyons,troy376@example.net,F,Bronze,5/16/2022,Port Alisha
16668,United Kingdom,Michelle Foster,michelle771@example.net,M,Bronze,7/19/2021,Lake Douglasfort
16414,United Kingdom,Alec Montoya,alec969@example.org,M,Bronze,3/10/2021,West Meganland
15806,United Kingdom,Jason Wagner,jason801@example.net,M,Bronze,6/24/2022,South Stephen
14336,United Kingdom,Pamela Avila,pamela376@example.com,M,Bronze,4/15/2025,Scottland
12881,United Kingdom,Peter Thomas,peter913@example.com,F,Bronze,1/30/2021,South Christopher
14165,United Kingdom,Charles Ellis,charles237@example.net,M,Bronze,3/27/2023,New Coryport
16808,United Kingdom,Peggy Kane,peggy447@example.org,F,Silver,7/6/2023,Meganborough
15182,United Kingdom,Pamela Foley,pamela797@example.org,M,Silver,6/4/2023,North Thomasmouth
17102,United Kingdom,Shelby Walsh,shelby106@example.net,M,Bronze,4/18/2024,Weststad
13512,United Kingdom,Brenda Woodard,brenda946@example.net,M,Bronze,9/7/2025,North Steven
15624,United Kingdom,Jacqueline Campbell,jacqueline205@example.com,F,Bronze,5/16/2025,Colonville
14286,United Kingdom,Jason King,jason353@example.net,M,Bronze,12/14/2022,Traceyville
13735,United Kingdom,Kaitlyn Johnson,kaitlyn269@example.net,M,Bronze,1/5/2021,Parkhaven
15376,United Kingdom,Kenneth Trujillo,kenneth526@example.org,F,Bronze,7/26/2022,Franklinchester
16610,United Kingdom,Jared Parker,jared963@example.org,F,Silver,12/27/2021,East Brian
16139,United Kingdom,Raymond Kelley,raymond840@example.net,F,Bronze,5/24/2025,Lake Samuelchester
17900,United Kingdom,Lisa Sims,lisa389@example.com,F,Gold,11/9/2024,Port Oscarshire
13617,United Kingdom,Isabel Burke,isabel820@example.org,F,Bronze,6/29/2025,New Stanley
17289,United Kingdom,Jamie Kane,jamie970@example.net,F,Bronze,6/28/2022,North Isaac
13384,United Kingdom,Richard Pena,richard496@example.net,M,Bronze,3/17/2025,Seanland
15909,United Kingdom,Mark Martin,mark841@example.net,F,Bronze,9/17/2025,Robinsonfort
12919,United Kingdom,Tiffany Gomez,tiffany951@example.net,M,Bronze,8/27/2021,Shannonville
17464,United Kingdom,Miss Erika Robinson MD,miss118@example.net,F,Bronze,3/1/2021,South Dominiquemouth
13291,United Kingdom,Luke Cherry,luke203@example.net,M,Bronze,10/23/2023,West Jordan
13681,United Kingdom,Brandi Hoffman,brandi815@example.net,M,Silver,7/20/2023,Lake Samuelton
17962,United Kingdom,Amber Lambert,amber698@example.com,M,Bronze,8/22/2023,Jimenezmouth
16149,United Kingdom,David Thompson,david290@example.org,F,Gold,4/24/2022,East Ronald
14259,United Kingdom,Troy Ball,troy311@example.com,F,Silver,4/18/2024,Christinaland
17053,United Kingdom,Melissa Green,melissa482@example.net,F,Bronze,1/4/2021,Jenniferton
15089,United Kingdom,Anthony Torres,anthony100@example.com,F,Bronze,12/8/2021,Rachelfurt
14768,United Kingdom,Christine Garcia,christine924@example.net,M,Silver,8/13/2021,Tiffanyview
16302,United Kingdom,Nicholas Young,nicholas116@example.net,F,Bronze,5/1/2022,Dustinfurt
18282,United Kingdom,Nancy Pennington,nancy545@example.com,F,Bronze,12/19/2021,Port Nancystad
18167,United Kingdom,Elizabeth Johnson,elizabeth891@example.org,F,Gold,11/29/2022,Johnside
17309,United Kingdom,Rhonda Lee,rhonda791@example.com,M,Bronze,1/4/2021,West Stephenport
18158,United Kingdom,Julia Moore,julia229@example.org,F,Bronze,10/3/2025,Espinozamouth
14753,United Kingdom,Seth Smith,seth365@example.com,F,Bronze,10/3/2024,Monroeland
16758,United Kingdom,Wanda Green,wanda785@example.org,F,Bronze,10/13/2024,Michelleport
16120,United Kingdom,Mark Brooks,mark263@example.com,F,Gold,3/2/2022,Alexanderville
14856,United Kingdom,Emily Howell,emily480@example.com,F,Silver,5/9/2024,Johnathanview
14861,United Kingdom,Monique White,monique238@example.com,F,Silver,9/10/2021,North Phillip
17354,United Kingdom,Jodi Rogers,jodi359@example.org,F,Bronze,7/1/2025,East Jacquelineside
15948,United Kingdom,Amber Watson,amber142@example.com,M,Silver,5/9/2024,Alyssaborough
14789,United Kingdom,Charles Humphrey,charles390@example.com,F,Silver,9/28/2024,North Michael
16800,United Kingdom,Brent Hines,brent130@example.org,M,Bronze,12/28/2022,Lake Christineton
17942,United Kingdom,Anne Perez,anne586@example.net,F,Silver,1/31/2023,Jesusshire
17914,United Kingdom,Jessica Stephens,jessica159@example.com,M,Bronze,10/9/2024,Stephaniemouth
15311,United Kingdom,Thomas Knapp,thomas348@example.com,F,Bronze,6/22/2023,Doughertymouth
15235,United Kingdom,Emily Villegas,emily208@example.com,F,Silver,10/31/2022,North Jonathan
16898,United Kingdom,Nancy Johnson,nancy364@example.net,F,Bronze,7/20/2022,Williamston
17860,United Kingdom,Logan Ali,logan963@example.org,F,Bronze,6/21/2024,Whitemouth
13569,United Kingdom,Carmen Hughes,carmen309@example.org,M,Bronze,11/3/2024,Lake Paige
16558,United Kingdom,James Singh,james862@example.org,F,Silver,3/4/2023,South Kathleen
15298,United Kingdom,Andrew Park,andrew526@example.net,M,Gold,6/2/2021,North Jessicastad
16727,United Kingdom,Nicholas Wong,nicholas837@example.com,M,Gold,11/26/2021,New Georgeland
13787,United Kingdom,Erin Hull,erin803@example.net,F,Bronze,8/21/2022,Gonzalezshire
17739,United Kingdom,Michelle Fox,michelle160@example.org,M,Bronze,2/2/2023,Chungmouth
18223,United Kingdom,Shannon Morse,shannon584@example.net,F,Silver,3/6/2023,Dominguezfort
14295,United Kingdom,Julie Howard,julie648@example.org,M,Silver,7/24/2023,East Amandatown
14978,United Kingdom,Joseph Henderson,joseph393@example.com,F,Silver,3/29/2024,East Catherine
15626,United Kingdom,Tracy Wood,tracy818@example.net,M,Bronze,5/2/2022,Gayport
15673,United Kingdom,Renee Duffy,renee902@example.org,M,Gold,7/11/2021,Bryanbury
18161,United Kingdom,Randall Simpson,randall220@example.org,F,Bronze,12/22/2024,Solomonshire
15910,United Kingdom,Kevin Huerta,kevin551@example.org,M,Bronze,5/5/2022,Susanmouth
17540,United Kingdom,Evan Cox,evan771@example.com,M,Silver,11/12/2020,Heatherton
13141,United Kingdom,Rebecca Johnson,rebecca423@example.org,F,Bronze,3/14/2021,Charlesmouth
12836,United Kingdom,Dr. Tony Harris,dr877@example.com,F,Bronze,12/17/2024,Mendozaside
13800,United Kingdom,Virginia Ruiz,virginia227@example.com,F,Silver,3/14/2024,New Justinfurt
13581,United Kingdom,Lance Davis PhD,lance777@example.org,F,Bronze,10/30/2021,South Brittany
17512,United Kingdom,Christopher Campbell,christopher803@example.com,M,Silver,2/10/2023,New Barrystad
14609,United Kingdom,Catherine Ramirez,catherine815@example.org,F,Silver,12/12/2023,Port Michele
13489,United Kingdom,Joseph Jackson,joseph120@example.com,F,Silver,6/29/2025,North Jenniferview
13261,United Kingdom,Darryl Cannon,darryl914@example.com,F,Silver,2/15/2021,Coreymouth
15416,United Kingdom,Carly Gallegos,carly105@example.net,F,Bronze,1/23/2025,Lake Tracy
15643,United Kingdom,John Yang,john347@example.com,M,Bronze,1/5/2025,South Tracie
13476,United Kingdom,Nicholas Benson,nicholas515@example.com,M,Bronze,9/4/2024,West Adamstad
16917,United Kingdom,Sylvia Gibson,sylvia163@example.org,M,Silver,4/26/2025,Michellestad
14291,United Kingdom,David Fox,david745@example.com,F,Silver,12/9/2020,Port Kellyside
14603,United Kingdom,Anthony Erickson,anthony665@example.org,M,Bronze,1/6/2025,West Aaronbury
13662,United Kingdom,Lisa Hughes,lisa386@example.com,M,Bronze,1/15/2024,East Heather
16609,United Kingdom,Kristen Rhodes,kristen987@example.com,F,Silver,10/16/2023,Ralphberg
17669,United Kingdom,Tiffany Coffey,tiffany539@example.net,M,Bronze,12/22/2021,Robertsbury
16224,United Kingdom,Lauren Hall,lauren386@example.org,M,Bronze,5/16/2022,Mcbridechester
17140,United Kingdom,Stephanie Roberts,stephanie864@example.com,F,Silver,10/29/2025,Bradyport
13712,United Kingdom,Jill Barker,jill780@example.com,M,Gold,8/16/2022,Blakeborough
16643,United Kingdom,Richard Delgado,richard726@example.com,F,Gold,4/16/2024,Richardborough
15775,United Kingdom,Robert Mckinney,robert427@example.com,M,Bronze,8/22/2021,New Amandashire
13655,United Kingdom,Clayton Mayer,clayton905@example.net,M,Bronze,11/5/2023,Lake Scott
12910,United Kingdom,Gregory Guzman,gregory686@example.com,F,Bronze,8/11/2022,Nicoleville
15813,United Kingdom,Douglas Bailey,douglas239@example.com,M,Bronze,7/26/2022,Port Stephanie
17115,United Kingdom,Cody West,cody525@example.com,F,Gold,10/21/2022,Jenniferville
16185,United Kingdom,Mercedes Ruiz,mercedes609@example.org,F,Bronze,5/17/2022,Harrisport
17527,United Kingdom,Debra Sanchez,debra288@example.com,F,Bronze,8/9/2024,Gravestown
15729,United Kingdom,Gina Hernandez,gina607@example.org,F,Bronze,3/7/2023,Port Sheila
17932,United Kingdom,Christopher Webb,christopher727@example.org,M,Bronze,8/22/2023,Wuton
15238,United Kingdom,Megan Morgan,megan744@example.org,M,Bronze,6/14/2021,South Oliviaborough
17101,United Kingdom,Alyssa Harvey,alyssa693@example.net,F,Bronze,6/25/2024,Patrickshire
14808,United Kingdom,Martin Boyd,martin842@example.net,M,Silver,12/2/2020,North Jennifer
17695,United Kingdom,Jacob Cordova,jacob843@example.org,M,Bronze,6/22/2021,Martinton
17768,United Kingdom,Jonathan Watson,jonathan943@example.net,M,Bronze,12/6/2020,Jacquelinestad
14104,United Kingdom,Vanessa Owens,vanessa367@example.com,M,Bronze,9/1/2021,Jasonview
15584,United Kingdom,Meghan Smith,meghan320@example.com,F,Silver,8/27/2025,Curtishaven
16009,United Kingdom,James Ward,james175@example.org,M,Silver,8/13/2025,Michelleshire
17024,United Kingdom,Alyssa Long,alyssa874@example.net,F,Bronze,9/7/2021,West Dylan
16174,United Kingdom,Jennifer Sutton,jennifer844@example.org,M,Bronze,2/12/2021,South Anthonyside
15051,United Kingdom,Joseph Figueroa,joseph867@example.com,M,Bronze,9/24/2022,West Mallory
17935,United Kingdom,Tracy Rios,tracy867@example.org,F,Silver,9/5/2023,East Chelseastad
13379,United Kingdom,Cody Clark,cody800@example.org,F,Bronze,7/10/2021,Natashaville
15105,United Kingdom,Amy Bowen,amy519@example.net,F,Bronze,3/9/2023,Hendersonmouth
16147,United Kingdom,Danielle Hicks,danielle462@example.org,F,Bronze,6/6/2024,Warrenshire
14511,United Kingdom,Jordan Larson,jordan609@example.net,M,Silver,7/20/2025,Lake Madisonfort
17122,United Kingdom,Andrew Hernandez,andrew736@example.org,F,Bronze,3/6/2021,Lake Kimberly
16629,United Kingdom,Austin Wilson,austin410@example.org,F,Bronze,7/8/2021,South Emma
15533,United Kingdom,Alexis Gregory,alexis370@example.com,M,Bronze,4/9/2024,Jonathantown
18251,United Kingdom,Rita Burch,rita471@example.com,M,Silver,12/19/2021,Port Gwendolyn
14284,United Kingdom,Michelle Smith,michelle784@example.net,F,Bronze,11/16/2024,Lake Tiffanyshire
15707,United Kingdom,Blake Rivera,blake605@example.com,F,Bronze,10/3/2022,Williamfort
15504,United Kingdom,Benjamin Estrada,benjamin652@example.com,F,Silver,7/19/2021,Mollyhaven
14356,United Kingdom,Katherine Lewis,katherine885@example.net,F,Bronze,10/5/2022,Munozport
12952,United Kingdom,Jennifer Mcfarland,jennifer475@example.com,F,Bronze,7/6/2025,Patrickport
15744,United Kingdom,Katherine Foster,katherine363@example.com,F,Bronze,11/12/2021,West Charlesport
13923,United Kingdom,Tonya Anderson,tonya897@example.org,F,Bronze,12/14/2024,Leeberg
16015,United Kingdom,Daniel Richardson,daniel775@example.com,M,Bronze,6/10/2025,New Yvonneport
16070,United Kingdom,Kimberly Carter,kimberly831@example.net,F,Gold,8/22/2021,New Jamie
15900,United Kingdom,Erika Padilla,erika624@example.com,F,Bronze,5/10/2022,East Michelle
13828,United Kingdom,Mark Contreras,mark707@example.com,M,Gold,7/22/2023,Thomaschester
17385,United Kingdom,Abigail Levine,abigail514@example.org,M,Bronze,3/21/2022,Lake Robin
16597,United Kingdom,Willie Gonzalez,willie757@example.com,F,Bronze,11/15/2022,Lake Jenniferfurt
14087,United Kingdom,Mark Sampson,mark455@example.com,F,Bronze,4/23/2021,Lake Kristen
15658,United Kingdom,Victoria Johnson,victoria990@example.net,F,Gold,8/18/2021,Anaborough
15827,United Kingdom,Dawn Williams,dawn519@example.org,F,Bronze,7/27/2022,Jeremyside
15732,United Kingdom,Charles Nguyen,charles581@example.com,M,Bronze,11/11/2021,Katelynstad
15834,United Kingdom,Christine Chen,christine908@example.net,F,Silver,3/13/2024,Nancytown
14161,United Kingdom,Brandy Villanueva,brandy769@example.net,F,Gold,10/23/2022,West Tammy
14404,United Kingdom,Steven Mclaughlin,steven226@example.com,M,Silver,4/5/2025,Michaelport
13094,United Kingdom,Mrs. Alexis Haley,mrs126@example.net,M,Bronze,3/7/2024,West Marystad
17491,United Kingdom,Sophia Mcclure,sophia154@example.com,F,Bronze,5/15/2023,Vancechester
16233,United Kingdom,Robert Cunningham,robert432@example.net,F,Bronze,7/3/2021,Obrienbury
16553,United Kingdom,Amy Young,amy536@example.net,M,Bronze,10/8/2023,Padillaland
13848,United Kingdom,Hannah Conrad,hannah682@example.org,F,Bronze,12/5/2023,Murphyfort
13140,United Kingdom,Kari Holt,kari605@example.org,M,Bronze,8/24/2023,Lake Elizabethburgh
14243,United Kingdom,Arthur George,arthur280@example.net,M,Bronze,11/12/2022,Lake Marcus
16499,United Kingdom,Sandra Garza,sandra496@example.net,F,Bronze,12/11/2020,East Samuel
15211,United Kingdom,James Scott,james846@example.net,M,Silver,1/27/2024,West Randy
13969,United Kingdom,Donna Sullivan,donna303@example.com,M,Gold,6/18/2021,Nashchester
16062,United Kingdom,Tina Robles,tina276@example.com,M,Bronze,6/8/2025,Jamesburgh
13008,United Kingdom,Erica Pham,erica419@example.net,F,Bronze,7/6/2023,Lisamouth
16810,United Kingdom,Miguel Carlson,miguel626@example.com,F,Bronze,3/16/2023,South Jacob
16556,United Kingdom,Andrea Merritt,andrea432@example.net,M,Bronze,4/19/2024,New Amandastad
15615,United Kingdom,Mark Clarke,mark248@example.com,F,Gold,6/12/2025,Brandonmouth
15789,United Kingdom,Anthony Garcia,anthony223@example.org,M,Bronze,9/29/2024,New Loganfurt
17848,United Kingdom,Jennifer Cole,jennifer936@example.com,M,Silver,4/7/2025,South Tiffanyton
15204,United Kingdom,Jessica Lloyd,jessica638@example.com,F,Gold,5/26/2023,Lake Matthew
13764,United Kingdom,Kelly Wyatt,kelly469@example.org,F,Bronze,3/24/2022,Johnsonstad
15059,United Kingdom,Corey Thompson,corey911@example.org,F,Bronze,6/19/2021,Toddshire
13565,United Kingdom,Elizabeth Nunez,elizabeth793@example.com,M,Bronze,7/12/2024,Aaronmouth
16948,United Kingdom,April Davis,april432@example.com,M,Silver,9/24/2024,Christopherbury
16892,United Kingdom,Katherine Powers,katherine110@example.net,M,Gold,9/17/2022,Port Alison
14616,United Kingdom,Julia Baker,julia700@example.org,F,Bronze,12/31/2024,North Robert
14460,United Kingdom,Michael Pope,michael633@example.org,F,Bronze,12/18/2020,Reesefort
17881,United Kingdom,Sara Jackson,sara572@example.org,M,Silver,4/21/2021,Hodgeland
18172,United Kingdom,Tammy Salazar,tammy502@example.org,F,Silver,1/4/2022,Sabrinaton
14162,United Kingdom,Tim Sanchez,tim232@example.com,F,Silver,12/16/2022,Lake Donnamouth
18094,United Kingdom,Bill Cervantes,bill625@example.org,F,Bronze,11/3/2021,New Coreyfort
14231,United Kingdom,Jennifer Young,jennifer790@example.net,F,Gold,6/25/2024,North Rachael
16625,United Kingdom,Curtis Olsen,curtis613@example.com,M,Silver,6/9/2021,West Anthonyhaven
14064,United Kingdom,Emma Moore,emma509@example.org,F,Silver,11/20/2024,Colemanmouth
15445,United Kingdom,Cory Hernandez,cory418@example.org,M,Bronze,2/11/2021,Port Valerieburgh
16859,United Kingdom,Taylor Duncan Jr.,taylor706@example.org,M,Silver,7/15/2024,Noblechester
16031,United Kingdom,Emily Hanson,emily452@example.org,M,Bronze,4/26/2022,Lake Nicholas
13203,United Kingdom,Emily Cox,emily113@example.org,F,Bronze,12/11/2022,Tylerview
15027,United Kingdom,Hannah Lang,hannah635@example.com,F,Silver,10/12/2022,Wrightburgh
13524,United Kingdom,Paul Johnson,paul187@example.com,M,Bronze,9/2/2022,Port Danielfort
13711,United Kingdom,Amy Green,amy311@example.org,F,Bronze,10/29/2022,East John
16440,United Kingdom,Jesse Miller,jesse974@example.org,M,Bronze,6/14/2024,Stevestad
12749,United Kingdom,George Black,george596@example.net,F,Bronze,1/27/2021,Port Gregory
13601,United Kingdom,James Wood,james841@example.org,M,Silver,5/9/2022,Rossbury
13192,United Kingdom,William Best,william422@example.org,F,Gold,5/12/2024,North Darryl
15599,United Kingdom,Jerry Allen,jerry786@example.net,F,Silver,8/31/2021,West Phillip
16813,United Kingdom,Laura Stephenson,laura224@example.net,F,Bronze,8/28/2024,New Christopherland
13391,United Kingdom,Craig Morales,craig427@example.net,F,Silver,5/16/2024,South Ryan
15186,United Kingdom,Maria Moore,maria473@example.net,F,Bronze,12/30/2022,East Andrew
13730,United Kingdom,Jacob Washington,jacob148@example.org,M,Bronze,7/9/2022,Baileyfurt
17065,United Kingdom,Billy Owens,billy585@example.net,M,Bronze,5/23/2025,New Geoffrey
13296,United Kingdom,Jacob Ramirez,jacob875@example.com,F,Silver,6/8/2024,Port Nathanton
17267,United Kingdom,Alex Weber,alex952@example.org,M,Bronze,8/5/2025,North Margaretfort
16272,United Kingdom,Robert Hartman,robert544@example.org,F,Bronze,6/26/2022,Baldwintown
14529,United Kingdom,Veronica Moore,veronica365@example.org,M,Silver,4/19/2022,Jamesshire
14050,United Kingdom,Amy Barnett,amy284@example.org,M,Bronze,8/30/2021,Rogerston
14508,United Kingdom,Matthew Martin DDS,matthew174@example.org,F,Silver,8/22/2024,Robertsmouth
16360,United Kingdom,Jennifer Middleton,jennifer809@example.net,F,Bronze,9/26/2024,Carlsonmouth
15103,United Kingdom,Michael Holland,michael826@example.com,F,Bronze,1/8/2021,East Jeffrey
17333,United Kingdom,Gerald Johnson,gerald293@example.net,M,Silver,12/5/2024,Curtisville
13774,United Kingdom,Sheila Anderson,sheila621@example.org,M,Silver,12/8/2022,West Jeremy
17475,United Kingdom,Sarah Rosales,sarah757@example.net,M,Silver,2/24/2024,South Davidhaven
13127,United Kingdom,Jennifer Snyder,jennifer394@example.net,M,Silver,7/22/2025,Lindsayberg
15492,United Kingdom,Laurie Campbell,laurie207@example.org,F,Bronze,3/9/2025,Joneschester
17666,United Kingdom,Dylan Beasley,dylan202@example.org,F,Bronze,12/29/2023,Zacharystad
13504,United Kingdom,Ronald Miller,ronald997@example.net,M,Bronze,5/31/2023,Gardnerfort
16363,United Kingdom,Victoria Jensen,victoria520@example.com,M,Silver,11/11/2020,West Gregoryville
17712,United Kingdom,Peggy Hanson,peggy140@example.org,M,Bronze,6/17/2022,Stewartside
17495,United Kingdom,Kimberly Patterson,kimberly548@example.org,M,Bronze,8/9/2024,Williamborough
16318,United Kingdom,Rebecca Ryan,rebecca777@example.org,F,Silver,1/30/2025,Lake Nicholasstad
16887,United Kingdom,Richard Guzman,richard851@example.org,F,Bronze,12/3/2022,Port Shawn
14904,United Kingdom,Jennifer Reed,jennifer782@example.org,F,Gold,5/11/2022,Walkerton
15432,United Kingdom,Shawn Taylor,shawn486@example.com,F,Bronze,7/16/2022,Benjaminland
14219,United Kingdom,James Rivera,james848@example.net,M,Bronze,12/18/2024,North David
13705,United Kingdom,Mrs. Debra Johnson,mrs357@example.net,F,Bronze,1/25/2021,Samuelbury
17572,United Kingdom,Jeff Morton,jeff609@example.com,M,Bronze,3/3/2021,Lake Charlesshire
16274,United Kingdom,Brandon Adams,brandon262@example.com,F,Bronze,4/13/2025,Christopherhaven
17690,United Kingdom,Andrew Ramos,andrew810@example.org,F,Gold,1/4/2024,North Dorothy
15363,United Kingdom,Amber Harrington,amber753@example.org,F,Bronze,11/17/2024,Lake Daniel
15299,United Kingdom,William Carter,william825@example.net,M,Bronze,8/23/2025,Johnburgh
14213,United Kingdom,Blake Cooper,blake893@example.net,F,Bronze,2/17/2023,West Marybury
16402,United Kingdom,Tracy Rocha,tracy398@example.com,M,Bronze,8/3/2022,Johnsonfort
18219,United Kingdom,Jack Williams,jack696@example.net,F,Bronze,12/23/2024,Nancyborough
15078,United Kingdom,Christina Reyes,christina260@example.com,F,Bronze,6/5/2024,Lake April
17419,United Kingdom,Jessica Garcia,jessica805@example.net,M,Silver,4/2/2024,Lake Maryberg
16011,United Kingdom,Timothy Parker,timothy459@example.org,F,Silver,8/28/2024,New Kimberly
17857,United Kingdom,Kristen Ruiz,kristen649@example.org,M,Gold,3/30/2024,Jefferystad
13240,United Kingdom,Stephanie Salinas,stephanie733@example.org,F,Bronze,5/3/2021,South Julia
13982,United Kingdom,Sara Hamilton,sara227@example.org,F,Silver,8/7/2021,South Aaronton
17978,United Kingdom,William Santiago,william859@example.com,M,Bronze,2/27/2022,Port Sarah
16163,United Kingdom,Taylor Maddox DVM,taylor146@example.com,F,Bronze,5/17/2023,North Vincent
17530,United Kingdom,Allison Morris,allison786@example.org,F,Bronze,12/5/2020,West Elizabethhaven
17076,United Kingdom,Samantha Cooper,samantha312@example.com,M,Bronze,9/7/2023,New Ethanville
13668,United Kingdom,Jeff Hess,jeff158@example.net,F,Silver,4/11/2023,Lake Catherine
13959,United Kingdom,Janet Allen,janet363@example.net,M,Bronze,4/6/2021,Stanleyton
12928,United Kingdom,Scott Downs,scott356@example.org,M,Silver,7/27/2021,Maddoxhaven
16996,United Kingdom,Stephanie Lee,stephanie588@example.com,M,Bronze,3/14/2021,New Jennifer
15197,United Kingdom,Thomas Smith,thomas918@example.com,M,Bronze,2/14/2023,Meltonport
14472,United Kingdom,Andrew Arroyo,andrew433@example.com,F,Bronze,9/21/2021,Stricklandtown
18062,United Kingdom,Christopher Dunn,christopher945@example.com,M,Gold,2/4/2021,Smithside
15174,United Kingdom,Michael Espinoza,michael260@example.net,M,Gold,8/12/2023,Lake Stevenview
16767,United Kingdom,Becky Jackson,becky946@example.com,M,Silver,6/14/2022,West Nicholas
12908,United Kingdom,Ronald Gilbert,ronald457@example.com,M,Bronze,8/26/2024,South Michelleshire
14754,United Kingdom,Dawn Williams,dawn708@example.org,M,Silver,9/16/2021,North Andrea
13951,United Kingdom,Hannah Greene,hannah415@example.com,M,Silver,5/19/2024,Markfurt
17499,United Kingdom,James Howell,james937@example.org,M,Silver,4/23/2024,Watkinsfurt
15712,United Kingdom,Richard Stone,richard624@example.org,F,Gold,8/11/2025,Christianchester
17388,United Kingdom,Nancy Castillo,nancy483@example.net,M,Gold,10/9/2022,Port Russellchester
14367,United Kingdom,Katie Harper,katie697@example.com,M,Bronze,10/4/2025,Lake Chelseahaven
16804,United Kingdom,Becky Matthews MD,becky784@example.net,F,Bronze,5/5/2023,Obrienbury
16256,United Kingdom,Kristin Schultz,kristin208@example.net,M,Bronze,12/15/2022,Lake Matthewhaven
17060,United Kingdom,Daniel Palmer,daniel411@example.com,M,Bronze,6/16/2025,West Sierramouth
15140,United Kingdom,John Shelton,john196@example.com,F,Bronze,8/5/2021,North Denniston
14245,United Kingdom,Jasmine Mitchell,jasmine539@example.org,M,Bronze,2/11/2021,Shepardside
14267,United Kingdom,Rebekah Carrillo,rebekah820@example.net,M,Silver,3/11/2023,North Michael
18064,United Kingdom,Lisa Hutchinson,lisa889@example.net,M,Bronze,3/3/2023,Merrittshire
14271,United Kingdom,Troy Carroll,troy527@example.net,M,Silver,5/27/2022,West Patrickshire
17955,United Kingdom,Daniel Palmer,daniel620@example.org,M,Bronze,10/28/2022,Kevinbury
15552,United Kingdom,Karen Mccann,karen936@example.net,F,Bronze,12/20/2021,East Alexandriaville
18170,United Kingdom,Matthew Velazquez,matthew581@example.com,M,Bronze,11/2/2021,Lake Susan
13657,United Kingdom,Dale Contreras,dale821@example.org,F,Bronze,11/29/2024,Vargasborough
14823,United Kingdom,James Lyons,james683@example.org,M,Bronze,11/16/2020,Brandyview
13643,United Kingdom,Kristina Villa,kristina882@example.net,M,Bronze,10/11/2022,West Jessicaview
16872,United Kingdom,Krista Salinas,krista143@example.com,F,Silver,3/13/2022,Dennisport
16461,United Kingdom,Tiffany Horton,tiffany621@example.net,M,Bronze,11/25/2021,Jimenezchester
15747,United Kingdom,Frank Bailey,frank948@example.net,M,Bronze,7/12/2024,East Amanda
18112,United Kingdom,Allen Cisneros,allen233@example.org,F,Bronze,10/18/2021,Harrisonstad
13109,United Kingdom,Samantha Smith,samantha607@example.com,M,Bronze,3/18/2025,Johnburgh
18268,United Kingdom,Melissa Reid,melissa941@example.net,M,Silver,12/10/2022,Meghanshire
13159,United Kingdom,Sean Williams,sean838@example.org,F,Bronze,4/1/2023,Kelseyberg
14418,United Kingdom,David Green,david175@example.net,F,Bronze,9/3/2025,Robinsonfurt
16641,United Kingdom,Rachel Duncan,rachel752@example.org,F,Bronze,1/14/2021,East Alyssa
14067,United Kingdom,Leslie Bond,leslie248@example.net,M,Silver,12/22/2022,New Margaret
13823,United Kingdom,Jennifer Martinez,jennifer704@example.net,F,Silver,3/1/2024,Gregoryfort
15075,United Kingdom,Christopher Anderson,christopher941@example.net,M,Gold,5/14/2022,Hensleyfurt
15930,United Kingdom,Adam Delgado,adam145@example.net,M,Bronze,8/1/2022,Stantonbury
13483,United Kingdom,Connie James,connie612@example.net,F,Silver,2/2/2023,Andrewview
14592,United Kingdom,Ronnie Obrien,ronnie908@example.com,F,Silver,5/9/2025,South Stanley
14089,United Kingdom,Charles Jones,charles948@example.net,M,Gold,11/4/2022,Port Annborough
15516,United Kingdom,Andrew Thomas,andrew238@example.net,M,Bronze,9/8/2021,Daltonview
18030,United Kingdom,Sarah Kelley,sarah161@example.org,F,Silver,6/16/2023,East Stephanie
17590,United Kingdom,Chase Richards,chase625@example.net,F,Bronze,1/28/2021,North Timothy
16602,United Kingdom,Laurie Clayton,laurie115@example.com,F,Bronze,5/3/2024,Port Annetown
16732,United Kingdom,Eric Martinez,eric715@example.net,M,Bronze,11/24/2021,New Anna
16759,United Kingdom,Valerie Nguyen,valerie313@example.net,F,Bronze,2/1/2022,East Brendachester
17038,United Kingdom,Anna Taylor,anna484@example.org,F,Silver,6/17/2022,Grahamland
16516,United Kingdom,Anthony Lane,anthony167@example.org,M,Bronze,3/24/2024,Clarkchester
16936,United Kingdom,Erik Salazar,erik799@example.net,M,Silver,4/29/2022,Port Anthony
14953,United Kingdom,Joseph Burton,joseph946@example.org,F,Bronze,12/13/2020,New Jacquelineborough
15758,United Kingdom,Jacob Williams,jacob292@example.net,M,Silver,6/3/2022,South Robertfort
15720,United Kingdom,Angela Mccormick,angela396@example.com,M,Bronze,5/30/2022,Christinafort
16366,United Kingdom,John Richardson,john155@example.net,M,Bronze,5/22/2025,Kristinville
16811,United Kingdom,Christina Bird,christina800@example.org,F,Bronze,8/19/2025,South Josephtown
18184,United Kingdom,Brittany Rodriguez,brittany997@example.org,F,Silver,11/21/2020,New Holly
15148,United Kingdom,Tanya Bright,tanya575@example.net,F,Gold,11/21/2023,East Samanthaton
17951,United Kingdom,Michael Hooper,michael683@example.com,F,Bronze,3/1/2023,Alvaradotown
17905,United Kingdom,Tina Ramirez,tina682@example.com,F,Silver,5/31/2024,Toddland
17547,United Kingdom,Brooke Underwood,brooke170@example.net,F,Bronze,3/16/2025,Seanport
15823,United Kingdom,Lindsay Bryant,lindsay427@example.net,M,Bronze,5/29/2025,Kennethmouth
17757,United Kingdom,Steven Thompson,steven765@example.com,M,Silver,2/3/2022,Thomasmouth
12967,United Kingdom,Emily Ingram,emily852@example.org,M,Bronze,2/28/2023,West Martha
13370,United Kingdom,Amy Nelson,amy468@example.net,F,Bronze,10/26/2025,Willisborough
17884,United Kingdom,Wendy Atkins,wendy680@example.net,F,Bronze,10/23/2023,New Michelle
14210,United Kingdom,Michael Jones,michael474@example.com,M,Silver,6/2/2025,Lake Lauren
13838,United Kingdom,Rick Reeves,rick960@example.net,F,Bronze,4/12/2024,West Jesusville
17062,United Kingdom,Patty Smith DDS,patty817@example.net,F,Bronze,5/9/2024,South Chadhaven
15898,United Kingdom,Nicholas Norton,nicholas708@example.org,F,Bronze,6/11/2025,North David
17735,United Kingdom,Robert Jackson,robert786@example.com,F,Bronze,3/13/2023,Hawkinsberg
17722,United Kingdom,Wanda Gibson,wanda780@example.com,F,Bronze,2/9/2024,Katherinechester
13369,United Kingdom,Brittany Hensley,brittany206@example.com,M,Bronze,7/27/2022,Washingtonborough
13230,United Kingdom,Leon Brown,leon234@example.org,F,Bronze,11/16/2022,Mccormickshire
18178,United Kingdom,Anthony Owens,anthony685@example.net,F,Bronze,1/3/2025,Port Leslieland
14290,United Kingdom,Frederick Wright,frederick661@example.net,F,Bronze,4/24/2024,North Austin
14544,United Kingdom,Emily Perez,emily718@example.com,F,Bronze,1/8/2023,Port Jennifertown
14415,United Kingdom,Anthony Foster,anthony809@example.net,F,Bronze,5/25/2024,Acostaside
16954,United Kingdom,Tracy Shaw,tracy453@example.org,M,Gold,11/5/2024,North Jeffreyfurt
15246,United Kingdom,Jerry Sanders,jerry336@example.org,F,Bronze,10/16/2021,Cassandramouth
18283,United Kingdom,Timothy Ellis,timothy494@example.org,M,Bronze,10/27/2024,Castanedamouth
18171,United Kingdom,Sherry Gates,sherry915@example.org,M,Bronze,10/2/2023,North Jaredview
14692,United Kingdom,Kathleen Cummings,kathleen596@example.net,M,Bronze,5/10/2024,South Jennifer
14450,United Kingdom,Kathryn Phillips,kathryn607@example.com,M,Bronze,3/22/2022,Jaredshire
15144,United Kingdom,Charles Edwards,charles531@example.net,F,Silver,10/31/2022,Timothyport
16419,United Kingdom,Kristen Chung,kristen418@example.org,M,Bronze,3/25/2025,North Melissachester
15421,United Kingdom,Nicole Smith,nicole543@example.org,F,Bronze,9/30/2025,New Deborahshire
15133,United Kingdom,Elizabeth Saunders,elizabeth208@example.net,M,Bronze,5/17/2025,Matthewsburgh
15129,United Kingdom,Donna Garza,donna245@example.net,M,Bronze,8/3/2024,South Rickyport
14995,United Kingdom,George Adams,george769@example.org,F,Gold,1/21/2024,Nelsonfurt
14504,United Kingdom,Kimberly Clay,kimberly967@example.org,M,Bronze,5/9/2024,Millerland
15819,United Kingdom,Samuel Arellano,samuel454@example.net,F,Bronze,11/6/2020,South John
13373,United Kingdom,Jennifer Huffman,jennifer469@example.org,F,Gold,12/12/2024,Bakerburgh
15308,United Kingdom,Kimberly Martin,kimberly542@example.net,F,Bronze,7/3/2024,South Jamieshire
15648,United Kingdom,Carl Chang,carl749@example.com,M,Bronze,10/17/2024,Wilsonbury
14066,United Kingdom,William Morgan,william891@example.org,F,Bronze,9/24/2022,Murphyborough
12878,United Kingdom,Mr. James Wilson,mr109@example.com,F,Silver,3/19/2023,South Laura
12948,United Kingdom,Craig Moss,craig618@example.net,F,Gold,9/2/2022,South Susan
17763,United Kingdom,Melissa Reynolds,melissa837@example.org,M,Silver,9/26/2023,Foxmouth
14632,United Kingdom,Michael Newton,michael695@example.org,M,Silver,4/20/2023,New Kimberlyshire
16135,United Kingdom,Jeffrey Green,jeffrey682@example.org,M,Bronze,9/3/2022,Sandersport
17486,United Kingdom,Kimberly Johnston,kimberly133@example.org,F,Bronze,12/18/2021,Amandahaven
17979,United Kingdom,Lynn Alvarez,lynn615@example.org,M,Bronze,3/26/2023,South Christineborough
14758,United Kingdom,Christopher Hill,christopher415@example.org,M,Silver,9/18/2021,Peggybury
14852,United Kingdom,Kyle Johnson,kyle887@example.com,F,Gold,5/9/2022,South Abigailstad
13549,United Kingdom,Samuel Turner,samuel423@example.com,F,Bronze,6/16/2022,Wrightland
14111,United Kingdom,Troy Ochoa,troy697@example.com,M,Bronze,5/30/2021,Perezville
13122,United Kingdom,Andrea Brown,andrea524@example.com,F,Silver,6/21/2023,North Adam
17058,United Kingdom,Alexander Miller,alexander765@example.org,M,Silver,8/14/2023,West Dennisberg
16587,United Kingdom,Alan Shaw,alan526@example.org,F,Bronze,3/3/2025,Maryhaven
17436,United Kingdom,Brandon Miller,brandon957@example.org,M,Bronze,9/11/2025,North Joshua
13856,United Kingdom,Spencer Fowler,spencer488@example.org,F,Bronze,11/19/2023,Myersmouth
18018,United Kingdom,Warren Owen,warren483@example.com,M,Gold,3/15/2024,New Joel
16358,United Kingdom,Holly Ramirez,holly734@example.org,M,Bronze,5/12/2025,Nealshire
15252,United Kingdom,Molly Mejia,molly542@example.com,F,Silver,9/2/2024,South Anthony
17997,United Kingdom,Scott Vasquez,scott905@example.net,F,Bronze,11/17/2022,South Ericaton
14327,United Kingdom,Cheryl Ramirez,cheryl845@example.com,F,Bronze,11/7/2024,Mooreland
18101,United Kingdom,Daniel Maxwell,daniel772@example.com,F,Bronze,8/20/2021,Keithstad
14456,United Kingdom,Patrick Castro,patrick741@example.com,M,Bronze,1/27/2021,East Joseph
15801,United Kingdom,Justin Mason,justin629@example.com,M,Gold,12/22/2020,West Ryanport
15866,United Kingdom,Erica White,erica989@example.com,M,Gold,9/30/2022,South Marc
15652,United Kingdom,Adam Foster,adam184@example.net,F,Bronze,12/2/2022,South Savannahfort
15947,United Kingdom,Christopher Lloyd,christopher491@example.com,M,Gold,5/19/2025,Richardside
13356,United Kingdom,Susan Atkins,susan534@example.org,M,Silver,9/15/2025,Jacquelineberg
17163,United Kingdom,Courtney Mckinney,courtney732@example.org,M,Bronze,9/18/2023,New Glenn
16485,United Kingdom,Christopher French,christopher334@example.com,M,Bronze,2/14/2025,Hernandezshire
14757,United Kingdom,Jessica Duarte,jessica148@example.org,M,Bronze,7/6/2021,Dawnfort
15154,United Kingdom,Taylor Velez,taylor528@example.com,F,Bronze,11/22/2021,Craigbury
14109,United Kingdom,Daniel Hall,daniel805@example.net,F,Bronze,9/28/2023,West Cindyville
17528,United Kingdom,Carrie Garcia,carrie735@example.net,F,Silver,10/4/2025,Lake Justin
13947,United Kingdom,Catherine Hoffman,catherine486@example.com,F,Bronze,6/15/2023,Fordport
16776,United Kingdom,Olivia Chapman,olivia917@example.com,M,Bronze,1/18/2025,Crystalfort
16932,United Kingdom,Kelly Daniel,kelly827@example.com,F,Gold,5/14/2023,New Chris
15598,United Kingdom,Steven Hall,steven605@example.net,F,Silver,8/17/2022,Edwardberg
16846,United Kingdom,Erika Brown,erika299@example.org,F,Bronze,10/8/2023,Robbinstown
16322,United Kingdom,Andrew Manning,andrew990@example.net,M,Bronze,10/27/2022,Lake David
14929,United Kingdom,Sharon Carroll,sharon474@example.com,M,Bronze,9/27/2022,Robinsonton
15463,United Kingdom,Brenda Hodges,brenda262@example.org,M,Gold,12/19/2024,Shawland
14902,United Kingdom,Katherine Miller DVM,katherine651@example.com,M,Bronze,12/25/2020,South Vincentstad
13449,United Kingdom,Alan White,alan173@example.com,M,Silver,12/28/2022,Lake Sarashire
17835,United Kingdom,Jason Olson,jason863@example.com,M,Silver,12/6/2022,Brennanmouth
14362,United Kingdom,Becky Day,becky391@example.org,F,Gold,12/18/2020,Nicoleborough
14349,United Kingdom,Mr. Michael Smith,mr980@example.net,F,Silver,8/10/2023,South Justin
17420,United Kingdom,Frank Tapia,frank757@example.net,F,Bronze,7/3/2024,Lake Carla
15862,United Kingdom,Alexis Patton,alexis684@example.net,F,Bronze,7/21/2022,Reidberg
14001,United Kingdom,Elaine Barnes,elaine979@example.com,F,Silver,6/11/2025,Colemanport
15605,United Kingdom,Anna West,anna351@example.net,F,Bronze,9/10/2023,Tuckershire
13093,United Kingdom,Joe Griffin,joe509@example.org,F,Bronze,11/10/2020,Lake Melanie
16244,United Kingdom,Timothy Hill,timothy404@example.net,M,Silver,7/27/2025,Zacharyborough
14443,United Kingdom,Laura Norris,laura764@example.net,M,Bronze,5/18/2024,Lake John
17191,United Kingdom,Denise Smith,denise710@example.com,F,Bronze,1/6/2025,Brighttown
17812,United Kingdom,Tina Hunt,tina435@example.org,F,Silver,9/1/2021,Wongport
15628,United Kingdom,Martha David,martha576@example.com,M,Bronze,3/13/2024,Adamtown
18193,United Kingdom,Aaron Torres,aaron927@example.org,F,Bronze,7/2/2022,Lake Elizabeth
17671,United Kingdom,Virginia Rose,virginia414@example.com,F,Bronze,3/28/2025,East Roberthaven
12826,United Kingdom,Sara Hartman,sara637@example.com,F,Bronze,10/4/2023,Paulville
17220,United Kingdom,Jeffrey Smith,jeffrey898@example.com,M,Bronze,4/3/2023,East Sherryshire
15044,United Kingdom,Jared Jordan,jared549@example.org,M,Silver,2/21/2022,Kingfort
17303,United Kingdom,Elizabeth Jones,elizabeth227@example.com,F,Bronze,7/4/2024,New Deborahburgh
13611,United Kingdom,Mary Morrison,mary148@example.com,M,Bronze,6/11/2025,Janetchester
17496,United Kingdom,Julian Smith,julian967@example.com,M,Silver,4/20/2022,Dustinbury
17288,United Kingdom,Matthew Mcintyre,matthew905@example.net,M,Bronze,12/21/2023,Karenhaven
17580,United Kingdom,Dr. Scott Lopez PhD,dr156@example.org,F,Bronze,10/1/2022,North Anne
15719,United Kingdom,Crystal Johnson,crystal612@example.org,M,Bronze,4/30/2025,Gilbertborough
14794,United Kingdom,Anthony Young,anthony266@example.com,M,Bronze,2/5/2024,Janetview
16315,United Kingdom,David Powell,david170@example.com,F,Silver,3/8/2021,Lake Petermouth
13929,United Kingdom,Mr. Justin Mathis,mr522@example.net,F,Silver,7/1/2022,North Catherineton
13263,United Kingdom,Lynn Villa,lynn566@example.org,F,Silver,2/25/2023,Grantburgh
15227,United Kingdom,Meagan Cooper,meagan329@example.net,M,Bronze,11/28/2023,New Marissamouth
16496,United Kingdom,Kristina Osborne,kristina990@example.com,M,Bronze,1/30/2021,Jordanport
14738,United Kingdom,Christina Nelson,christina948@example.net,F,Bronze,7/22/2023,Ambertown
16755,United Kingdom,Edward Mcintyre,edward959@example.com,F,Bronze,9/11/2022,East Rachelview
14805,United Kingdom,Michael Henderson,michael837@example.net,M,Bronze,8/31/2025,Jamesport
14438,United Kingdom,Russell Dawson,russell665@example.net,M,Gold,9/24/2022,Murrayfurt
17686,United Kingdom,Tracy Hernandez,tracy822@example.net,F,Gold,4/16/2024,Morganchester
13151,United Kingdom,Laurie Taylor,laurie979@example.net,M,Bronze,12/6/2024,New Annchester
18188,United Kingdom,Wanda Villarreal,wanda931@example.org,F,Bronze,2/8/2025,West Sandra
15681,United Kingdom,Jill Jackson,jill773@example.org,M,Bronze,12/4/2023,Schmidtburgh
14013,United Kingdom,Mary Stevens,mary506@example.com,F,Gold,3/25/2021,New Stephaniefurt
16801,United Kingdom,James Miller,james467@example.com,M,Bronze,4/8/2022,New John
18189,United Kingdom,Jacqueline Williams,jacqueline173@example.net,F,Gold,2/26/2021,South Sierrabury
16096,United Kingdom,Timothy Padilla,timothy301@example.com,M,Silver,5/13/2022,Mooretown
17096,United Kingdom,Charles Kelly,charles533@example.net,F,Gold,5/1/2022,Smithmouth
17765,United Kingdom,Austin Murphy,austin259@example.net,M,Bronze,4/14/2021,Williamville
17758,United Kingdom,Linda Kelly,linda558@example.net,F,Bronze,12/14/2023,Scottside
16806,United Kingdom,Michelle Doyle,michelle628@example.net,F,Bronze,10/23/2024,South Shane
13479,United Kingdom,Sarah Jones,sarah831@example.net,F,Bronze,8/13/2022,Ingramland
14905,United Kingdom,Kimberly Wolf,kimberly656@example.org,F,Bronze,2/21/2023,Rogerport
13389,United Kingdom,Mitchell Rodriguez,mitchell905@example.net,F,Bronze,4/1/2025,Lake Darrylstad
17615,United Kingdom,Sean Buck,sean149@example.net,M,Silver,12/1/2021,Johnsonmouth
17522,United Kingdom,Richard Jones,richard812@example.net,F,Bronze,1/26/2021,Leahfort
14005,United Kingdom,Amanda Odom,amanda617@example.org,M,Bronze,11/30/2024,Hannahmouth
18120,United Kingdom,Paul Andrews DDS,paul579@example.org,F,Bronze,10/20/2023,Port Joannaburgh
13572,United Kingdom,Patrick Hurley,patrick804@example.com,M,Bronze,10/21/2024,Powelltown
17047,United Kingdom,Jesse Stevenson,jesse266@example.com,F,Bronze,3/30/2021,North Alisha
17871,United Kingdom,Jose Fritz,jose859@example.net,F,Gold,5/7/2024,Ryanmouth
13062,United Kingdom,Nicolas Davis,nicolas634@example.net,M,Silver,11/14/2021,New Sabrina
16117,United Kingdom,Sean Wallace,sean592@example.org,F,Bronze,3/30/2022,Port Jennifer
17157,United Kingdom,Tina Dodson,tina797@example.org,M,Bronze,10/8/2022,Andersonberg
14716,United Kingdom,Jordan Jimenez,jordan737@example.com,M,Bronze,9/9/2022,Adrianamouth
14857,United Kingdom,Amanda Perry,amanda350@example.com,F,Bronze,6/2/2023,Cindybury
14029,United Kingdom,Steven Campbell,steven482@example.com,F,Silver,9/8/2022,East Robert
15746,United Kingdom,Shawn Hudson,shawn932@example.net,M,Gold,9/19/2023,Clarkton
13106,United Kingdom,Robert Marshall,robert207@example.com,F,Silver,11/19/2020,Thomasville
12844,United Kingdom,Brandon Lopez,brandon771@example.com,F,Silver,4/26/2022,Woodsfurt
15683,United Kingdom,Brian Briggs,brian421@example.org,F,Bronze,8/17/2023,Port Richardstad
15313,United Kingdom,Caroline Wagner,caroline512@example.net,M,Gold,11/4/2023,Markchester
17481,United Kingdom,Tiffany Rich,tiffany437@example.net,F,Silver,6/20/2023,Escobarmouth
18215,United Kingdom,Heather Douglas,heather931@example.net,M,Bronze,3/14/2022,Melissabury
13431,United Kingdom,Mrs. Denise Butler,mrs178@example.com,M,Bronze,3/4/2023,Fischershire
16669,United Kingdom,Jean Martin,jean758@example.net,M,Silver,6/13/2024,South Tammy
16715,United Kingdom,Matthew Robinson,matthew773@example.net,M,Bronze,7/7/2021,North Don
13670,United Kingdom,Wendy Lin,wendy166@example.net,F,Bronze,6/19/2022,South Tiffany
14412,United Kingdom,Elizabeth Benson,elizabeth914@example.net,F,Silver,1/7/2022,Matthewside
16248,United Kingdom,David Park,david174@example.com,M,Silver,3/7/2021,Jamesland
13594,United Kingdom,Dr. Carlos Rowe,dr568@example.org,M,Bronze,11/14/2021,Port Danielmouth
15000,United Kingdom,Jorge Day,jorge256@example.com,M,Bronze,3/7/2025,Port Marystad
15385,United Kingdom,Mr. Brandon Morales,mr486@example.org,M,Bronze,2/9/2021,Christinaland
16830,United Kingdom,Diane Ortiz,diane368@example.net,F,Bronze,4/10/2021,Brownland
14528,United Kingdom,Jason Gay,jason882@example.net,M,Silver,1/19/2023,Robertside
16914,United Kingdom,Andrew Myers,andrew391@example.net,M,Bronze,9/18/2021,Wagnerstad
18216,United Kingdom,Laura Lambert,laura981@example.net,M,Gold,8/23/2022,Lake Sylvia
13170,United Kingdom,Diane Morgan,diane331@example.com,M,Bronze,5/3/2025,Dorisland
15419,United Kingdom,Lorraine Miller,lorraine384@example.net,M,Silver,1/18/2023,Knappport
15269,United Kingdom,Stephanie Hansen,stephanie684@example.com,F,Bronze,1/29/2022,Nguyenside
14385,United Kingdom,Megan Dalton,megan549@example.net,F,Silver,4/26/2021,Lake Shelia
14641,United Kingdom,Gina Krause,gina258@example.net,F,Bronze,2/7/2025,Olsonland
16406,United Kingdom,Tammy Jones,tammy902@example.org,F,Bronze,10/21/2022,Port Joshua
15872,United Kingdom,William Mosley,william496@example.com,F,Gold,12/23/2022,Port Carolynport
17383,United Kingdom,Allison Page,allison343@example.net,M,Bronze,2/6/2023,East Melissaberg
14569,United Kingdom,Linda Green,linda104@example.org,F,Bronze,8/14/2024,Williamstad
14696,United Kingdom,Gabriel Schmidt,gabriel126@example.net,M,Silver,9/10/2022,East Robert
14264,United Kingdom,Craig Medina,craig412@example.org,F,Bronze,5/8/2024,Hortonport
17967,United Kingdom,Kimberly Moss,kimberly625@example.com,F,Bronze,4/9/2021,Stephanieport
18269,United Kingdom,Brian Young,brian728@example.com,F,Silver,2/10/2022,North Amymouth
18071,United Kingdom,David Craig,david157@example.com,F,Bronze,2/15/2025,Lake Mitchell
15856,United Kingdom,Gary Williams,gary152@example.org,M,Bronze,12/4/2024,Port Davidchester
16519,United Kingdom,Sarah Peck,sarah852@example.org,F,Bronze,11/5/2024,New Peter
15224,United Kingdom,Mr. Ronald Barnes,mr910@example.com,M,Silver,11/22/2020,Thompsonshire
17338,United Kingdom,Jeffrey Cardenas,jeffrey507@example.net,F,Silver,6/16/2025,Carterborough
17890,United Kingdom,Kimberly Moreno,kimberly582@example.net,F,Bronze,8/4/2022,New Deborahville
16805,United Kingdom,Bryan Alvarez,bryan862@example.org,F,Silver,1/7/2024,Kimberlymouth
16711,United Kingdom,Tammy Ross,tammy753@example.org,M,Bronze,6/28/2023,Rebeccamouth
17849,United Kingdom,Ashley Marsh,ashley147@example.net,M,Silver,11/10/2023,Lake Claudiaton
15346,United Kingdom,Mason Hess,mason450@example.org,F,Gold,3/30/2024,South Wesleyfurt
16843,United Kingdom,Dr. Justin Jordan,dr369@example.com,F,Bronze,9/30/2024,North Frankbury
14101,United Kingdom,David Harris,david365@example.org,M,Bronze,11/2/2022,West Alexandrachester
16757,United Kingdom,Michelle Russell,michelle200@example.org,M,Silver,12/26/2022,Reneehaven
13754,United Kingdom,Brittany Baker,brittany958@example.net,F,Silver,8/16/2025,Lake Olivia
17311,United Kingdom,Joel Lynch,joel673@example.org,F,Bronze,10/24/2024,Meyerburgh
15549,United Kingdom,Jennifer Moore,jennifer913@example.com,M,Bronze,7/14/2025,Lake Richard
14133,United Kingdom,Ashley Miller,ashley648@example.com,F,Bronze,7/27/2023,South Lauren
15415,United Kingdom,Jerry Williams,jerry696@example.org,M,Silver,9/1/2024,Port Joshua
16612,United Kingdom,Lisa Collins,lisa613@example.org,F,Bronze,7/5/2023,North Rodney
17560,United Kingdom,Michelle Mccoy,michelle968@example.com,F,Bronze,6/25/2021,North Megan
13824,United Kingdom,Francisco Kelly,francisco656@example.net,M,Silver,9/4/2022,Ronaldshire
14600,United Kingdom,Maria Martinez,maria747@example.com,M,Silver,6/25/2025,Adamsland
16115,United Kingdom,Alexandra Ashley MD,alexandra556@example.net,F,Bronze,1/20/2023,Port Lisaton
17323,United Kingdom,Judy Rice,judy834@example.com,M,Bronze,4/9/2025,Spencerburgh
14481,United Kingdom,Michael Davis,michael771@example.com,F,Bronze,7/13/2021,Huffburgh
16057,United Kingdom,Mr. Richard Suarez,mr450@example.net,M,Silver,4/14/2025,Prestonburgh
15874,United Kingdom,Joseph Carpenter,joseph745@example.com,M,Silver,3/8/2022,East Dana
15031,United Kingdom,Robert Arnold,robert300@example.com,M,Bronze,9/8/2025,West Helen
14214,United Kingdom,Franklin Warren,franklin647@example.com,M,Gold,6/17/2025,North Sara
16392,United Kingdom,Jessica Schmidt,jessica510@example.org,F,Silver,10/12/2023,South Sheila
18191,United Kingdom,Christopher Cook,christopher758@example.com,F,Bronze,5/14/2023,West Stephen
14129,United Kingdom,Carrie Brown,carrie706@example.org,M,Bronze,8/2/2024,Port Thomas
14235,United Kingdom,Elizabeth Garcia,elizabeth993@example.net,F,Silver,12/28/2020,North Petermouth
17212,United Kingdom,Valerie Goodwin,valerie990@example.org,F,Silver,7/1/2023,East Jillburgh
17701,United Kingdom,Amanda Chavez,amanda381@example.com,F,Bronze,12/21/2023,Steeleview
16623,United Kingdom,Alejandro Scott,alejandro919@example.org,F,Bronze,9/13/2024,Charlesborough
17268,United Kingdom,Jordan Mcclure,jordan441@example.org,F,Bronze,8/12/2024,Ramseychester
18129,United Kingdom,Kenneth Castro,kenneth202@example.org,F,Bronze,12/7/2020,Julieborough
13989,United Kingdom,Joel Williams,joel525@example.org,M,Bronze,3/31/2023,Nancyside
15135,United Kingdom,Steve Miller,steve837@example.com,F,Silver,11/26/2023,Hubbardbury
15717,United Kingdom,Joel King,joel231@example.net,M,Bronze,9/13/2021,Callahanside
14145,United Kingdom,Kelly Mcclure,kelly308@example.com,F,Bronze,1/2/2024,Donnaborough
15063,United Kingdom,Manuel Sanchez,manuel917@example.net,M,Gold,8/3/2021,Alishaport
15489,United Kingdom,Mrs. Melissa Mendez,mrs960@example.org,F,Bronze,11/27/2024,Benjaminland
13658,United Kingdom,Vanessa Watson,vanessa592@example.com,F,Bronze,12/17/2023,Port Paulbury
13308,United Kingdom,Christopher Acosta,christopher892@example.org,F,Bronze,6/22/2022,South Brandy
12987,United Kingdom,Javier Buchanan,javier430@example.org,M,Bronze,1/18/2021,Johnathanfort
13437,United Kingdom,Kelly Curtis,kelly628@example.com,F,Bronze,3/18/2025,Jodytown
17531,United Kingdom,Sean Harrington,sean154@example.com,M,Silver,4/26/2024,Lake Debbie
14561,United Kingdom,Elizabeth Kim,elizabeth484@example.com,M,Bronze,10/10/2024,Kimberlytown
17349,United Kingdom,John Macdonald,john482@example.net,F,Bronze,7/14/2024,Susanview
13849,United Kingdom,Tracy Krueger,tracy488@example.com,F,Silver,7/4/2022,Ashleymouth
17391,United Kingdom,Monica Paul,monica752@example.org,F,Silver,4/17/2022,Cookfurt
13461,United Kingdom,Martin Brown,martin518@example.com,M,Bronze,10/28/2023,Marcusmouth
17266,United Kingdom,Kevin Palmer,kevin237@example.net,M,Bronze,7/10/2021,Amandaview
14722,United Kingdom,Cheryl Acevedo,cheryl341@example.net,F,Bronze,3/8/2023,Marshallmouth
16474,United Kingdom,Nathan Potter,nathan138@example.net,F,Silver,9/20/2025,Port Abigailbury
13277,United Kingdom,Robert Long,robert226@example.net,F,Bronze,6/2/2022,West Craig
16952,United Kingdom,Amber Rodriguez,amber301@example.org,M,Gold,10/7/2024,Bensonland
15325,United Kingdom,James Byrd,james244@example.com,M,Bronze,11/11/2024,South Nathanhaven
16240,United Kingdom,Wesley Taylor,wesley581@example.org,F,Gold,4/28/2024,Stewartstad
15050,United Kingdom,Timothy Hicks,timothy161@example.net,F,Bronze,2/8/2022,Hillshire
15255,United Kingdom,Annette Hill,annette582@example.org,M,Bronze,2/6/2024,Gravesview
17986,United Kingdom,Tammy Rice,tammy169@example.org,F,Gold,8/10/2022,Dillonmouth
15113,United Kingdom,Nicole Alvarado,nicole897@example.net,F,Bronze,9/22/2025,Smithview
14474,United Kingdom,Steven Fletcher,steven261@example.net,M,Bronze,4/23/2022,Lake Lori
14752,United Kingdom,Anna Wheeler,anna386@example.com,M,Bronze,4/11/2025,South Thomas
14582,United Kingdom,Michael Gutierrez,michael324@example.org,F,Bronze,4/26/2023,East Jacob
15360,United Kingdom,Andrew Perez,andrew128@example.net,F,Bronze,1/30/2021,South Nicholasburgh
16751,United Kingdom,Nicole Garcia,nicole773@example.org,M,Silver,12/11/2024,East Theresa
12847,United Kingdom,Cindy Benson DVM,cindy993@example.org,M,Bronze,2/20/2024,Lake Jenniferport
14052,United Kingdom,James Love,james552@example.net,M,Gold,3/10/2025,Erinview
14424,United Kingdom,Jaclyn Bolton,jaclyn895@example.com,M,Bronze,3/9/2021,Halemouth
17468,United Kingdom,Kathy Baker,kathy166@example.org,M,Bronze,4/1/2021,New Amandahaven
17924,United Kingdom,Jason Sullivan,jason756@example.org,F,Silver,12/8/2022,Waltonmouth
12838,United Kingdom,Thomas Sanders,thomas211@example.org,M,Silver,3/19/2021,Ashleystad
15955,United Kingdom,Nathan Lopez,nathan588@example.com,M,Bronze,3/11/2021,Baldwinborough
15070,United Kingdom,Caleb Vincent,caleb118@example.net,F,Gold,11/3/2024,West Nicole
17567,United Kingdom,Mrs. Amber Alexander,mrs622@example.net,M,Bronze,3/15/2022,West Susanberg
16725,United Kingdom,Daniel Bradley,daniel840@example.com,F,Silver,9/6/2023,Andersonberg
16718,United Kingdom,Amy Jones,amy869@example.org,M,Bronze,6/22/2025,Parkertown
13652,United Kingdom,Samantha Kim,samantha679@example.org,M,Bronze,2/7/2021,Kristinehaven
15028,United Kingdom,Jennifer Knapp,jennifer791@example.net,M,Bronze,4/27/2021,East George
16919,United Kingdom,Rose Hernandez,rose204@example.net,M,Gold,12/18/2020,South Allison
14419,United Kingdom,Laura Guzman,laura247@example.com,F,Bronze,3/22/2024,South Markberg
18004,United Kingdom,Adam Hess,adam948@example.net,M,Bronze,1/26/2025,Jenniferburgh
13426,United Kingdom,Nicole Smith,nicole932@example.net,F,Bronze,4/2/2021,New Andrew
15727,United Kingdom,Mr. Michael Swanson Jr.,mr152@example.org,F,Bronze,9/8/2024,Lake Todd
12877,United Kingdom,Paul Wright,paul260@example.net,M,Bronze,12/21/2023,New Olivia
17239,United Kingdom,Charles Watson,charles451@example.com,F,Silver,11/14/2020,Jonesfort
14553,United Kingdom,Benjamin Mclaughlin,benjamin741@example.org,F,Bronze,1/11/2023,Thomasbury
17368,United Kingdom,Jeffrey Hill,jeffrey222@example.org,F,Bronze,1/12/2021,East Janet
14312,United Kingdom,Shelley Blair,shelley923@example.com,M,Bronze,3/31/2022,West Stephanie
17365,United Kingdom,Hannah Cochran,hannah966@example.com,M,Gold,10/20/2022,South Jillianborough
16593,United Kingdom,Antonio Rhodes,antonio495@example.com,F,Bronze,5/31/2022,Kristinastad
13881,United Kingdom,Mr. Chris Watkins,mr979@example.com,F,Silver,5/13/2023,Patriciaborough
13208,United Kingdom,Andrea Cuevas,andrea340@example.net,M,Gold,2/12/2021,East Crystal
16109,United Kingdom,Juan Cook,juan538@example.net,F,Bronze,2/14/2025,Hurstport
15114,United Kingdom,Kimberly Garcia,kimberly873@example.org,F,Silver,10/30/2021,Anthonyfort
16738,United Kingdom,Jeremiah Lopez,jeremiah844@example.org,F,Bronze,1/28/2024,Jessicaland
15724,United Kingdom,Shane House,shane225@example.com,F,Bronze,8/4/2021,New Brianland
14056,United Kingdom,Mitchell Moore,mitchell928@example.com,F,Bronze,5/27/2021,West Grantmouth
13166,United Kingdom,Christina Fleming,christina280@example.net,F,Bronze,8/1/2024,North Jacqueline
17049,United Kingdom,Tracy Garner,tracy479@example.org,M,Gold,1/21/2022,Jonesfort
14075,United Kingdom,Stephen Edwards Jr.,stephen370@example.net,M,Bronze,9/12/2022,Jesuston
14128,United Kingdom,Tanner Rodriguez,tanner455@example.com,M,Bronze,3/24/2023,Port Eduardofort
17874,United Kingdom,April Mccoy,april388@example.com,F,Gold,11/29/2022,Hansonfort
16386,United Kingdom,Christie Juarez,christie488@example.com,M,Bronze,3/5/2025,Port Alexandraview
18263,United Kingdom,Tara Gonzalez,tara684@example.org,F,Bronze,9/4/2022,Ayalastad
13570,United Kingdom,John Hampton,john847@example.net,F,Bronze,4/21/2022,Jasmineview
14154,United Kingdom,Susan Carpenter,susan153@example.net,M,Silver,3/28/2025,Port Sean
14482,United Kingdom,Monique Gilbert,monique443@example.org,M,Silver,2/21/2021,Josephmouth
15985,United Kingdom,Colleen Johnson,colleen591@example.org,F,Bronze,7/15/2022,Larryhaven
15143,United Kingdom,Steven Cantrell,steven293@example.org,M,Silver,10/6/2023,Lake Susan
16230,United Kingdom,Laura Delgado,laura804@example.org,M,Silver,11/19/2021,West Elizabethport
15976,United Kingdom,Jill Hernandez,jill806@example.org,F,Bronze,10/28/2023,Rodgersborough
14515,United Kingdom,Richard Beltran,richard145@example.net,F,Gold,8/23/2021,East Tonyachester
15258,United Kingdom,Peggy Rodriguez,peggy500@example.net,M,Bronze,6/22/2021,Waltersside
15865,United Kingdom,Shawn Anthony,shawn882@example.net,F,Silver,8/11/2023,Reginaldfurt
14689,United Kingdom,Kevin Young,kevin440@example.net,M,Bronze,6/2/2021,West Michael
16463,United Kingdom,Edward Sims,edward241@example.org,M,Silver,6/24/2021,North Greggmouth
15705,United Kingdom,Susan Oliver,susan275@example.com,F,Silver,12/19/2023,Erinside
13398,United Kingdom,Donna Cantrell,donna980@example.com,F,Bronze,3/8/2024,South Rebekahberg
15073,United Kingdom,Wayne Martin,wayne516@example.net,M,Bronze,2/6/2023,Jacquelinefort
15386,United Kingdom,Kristen Hickman,kristen491@example.net,F,Bronze,2/6/2022,Sydneyburgh
16205,United Kingdom,Krystal Mcintyre,krystal460@example.com,M,Bronze,10/19/2024,New Jennafurt
18165,United Kingdom,Katie Young,katie947@example.net,F,Silver,12/24/2023,Gregoryside
15130,United Kingdom,Daniel Burch,daniel823@example.net,F,Bronze,9/10/2024,Keithport
13302,United Kingdom,Guy Garcia,guy147@example.com,M,Silver,5/1/2025,Garciahaven
13928,United Kingdom,Debbie Cox,debbie119@example.org,F,Silver,4/25/2023,Garciamouth
18099,United Kingdom,Deborah Payne,deborah613@example.net,M,Silver,8/23/2024,Jonathanhaven
13513,United Kingdom,Joshua Hughes,joshua248@example.org,F,Bronze,2/28/2023,South Danielle
15472,United Kingdom,Mary Cannon,mary667@example.net,M,Silver,2/24/2022,Garcialand
13045,United Kingdom,Riley Edwards,riley805@example.org,M,Gold,7/12/2024,Taylorton
18261,United Kingdom,Brian Obrien,brian831@example.net,F,Silver,8/3/2023,South Melissastad
16603,United Kingdom,Megan Wilson,megan610@example.org,M,Bronze,6/29/2024,New Brianborough
16211,United Kingdom,Gloria Roy,gloria842@example.net,F,Bronze,3/12/2024,North Tylerfurt
18066,United Kingdom,Barbara Montoya,barbara487@example.net,M,Silver,10/8/2021,Lake Emmafurt
15565,United Kingdom,Joy Kelly,joy431@example.org,M,Bronze,4/4/2022,Janiceview
14698,United Kingdom,William Jones,william979@example.net,M,Bronze,12/16/2020,Gutierrezton
16708,United Kingdom,Antonio Winters,antonio541@example.net,F,Bronze,11/7/2024,East Nicole
13868,United Kingdom,Tammy Holmes,tammy860@example.net,F,Silver,5/19/2022,Wisehaven
17403,United Kingdom,Rebekah Pruitt,rebekah704@example.org,M,Bronze,11/12/2020,Morenoview
17221,United Kingdom,Richard Mccormick,richard409@example.net,F,Bronze,9/7/2023,South Christine
17078,United Kingdom,Ms. Leslie Stone,ms980@example.net,F,Bronze,9/12/2023,South Tammymouth
13938,United Kingdom,Ellen Day,ellen547@example.com,M,Bronze,1/7/2021,Gallegosside
17084,United Kingdom,Gina Mcgee,gina660@example.com,M,Bronze,12/13/2021,North Timothy
17387,United Kingdom,Jacqueline Sanchez,jacqueline339@example.org,M,Gold,7/7/2024,East Paulhaven
14382,United Kingdom,Frank Morales,frank207@example.com,F,Bronze,5/31/2025,South Edwin
15524,United Kingdom,Melody Howell,melody408@example.net,M,Bronze,10/31/2023,Gabriellaland
16956,United Kingdom,Paul Jackson,paul987@example.com,M,Gold,6/30/2024,Christophertown
13986,United Kingdom,Samantha Tyler,samantha297@example.org,F,Bronze,4/18/2021,Malikfort
14093,United Kingdom,Karen Garcia,karen891@example.org,M,Silver,10/9/2025,South Andreaborough
14893,United Kingdom,Derrick Barnes,derrick588@example.org,F,Bronze,5/6/2024,East Suzanneport
16098,United Kingdom,Jasmine Henderson,jasmine244@example.com,M,Silver,7/6/2023,Brianland
13448,United Kingdom,Amber Parker,amber491@example.org,F,Silver,9/7/2024,Mercerbury
15260,United Kingdom,Kayla Reed,kayla277@example.com,M,Bronze,9/21/2024,Ortizside
18239,United Kingdom,Anita Lewis,anita626@example.com,M,Bronze,12/18/2022,Harrisonborough
13081,United Kingdom,Jeremiah Page,jeremiah998@example.net,M,Bronze,2/24/2024,Port Jessicamouth
15351,United Kingdom,Dr. Stephanie Reynolds MD,dr211@example.org,F,Bronze,7/5/2025,Hansenmouth
15426,United Kingdom,Melissa Hobbs,melissa344@example.net,F,Bronze,7/13/2025,North Jonathan
15987,United Kingdom,Charles Mann,charles392@example.org,M,Silver,10/21/2025,West Vanessa
14739,United Kingdom,Vanessa Jackson,vanessa936@example.com,M,Bronze,4/24/2023,South Brittanymouth
14030,United Kingdom,Jay Pugh,jay348@example.org,F,Bronze,10/14/2024,Simsside
17950,United Kingdom,John Edwards,john184@example.net,M,Silver,8/15/2021,East Susanton
13198,United Kingdom,Mark Stein,mark105@example.org,M,Silver,10/6/2023,West Davidshire
14871,United Kingdom,Lawrence Wallace,lawrence218@example.org,M,Bronze,9/13/2023,South Jennifer
14334,United Kingdom,Lisa Pena,lisa733@example.org,F,Silver,10/21/2021,North David
14220,United Kingdom,Stephen Webb,stephen428@example.org,M,Gold,1/7/2022,East Aaronland
16686,United Kingdom,Frederick Santana,frederick206@example.com,F,Bronze,9/21/2025,New Melissa
17204,United Kingdom,Joseph Taylor,joseph727@example.com,M,Silver,12/7/2021,North Taylorville
17090,United Kingdom,Joseph Cooper,joseph241@example.org,F,Bronze,10/29/2022,Lake Michelleview
14242,United Kingdom,Jacob Ramos,jacob659@example.net,M,Bronze,6/15/2025,Lake Jonside
16912,United Kingdom,Lisa Burgess,lisa172@example.org,M,Bronze,10/28/2021,Alexandrialand
17094,United Kingdom,Shannon Gray,shannon447@example.net,F,Silver,2/9/2024,Port Elizabeth
15058,United Kingdom,Michael Giles,michael102@example.com,M,Bronze,10/13/2024,Sarahmouth
18202,United Kingdom,Tracy Johnson,tracy747@example.net,M,Silver,12/30/2020,North Brooke
14798,United Kingdom,Austin Perez,austin984@example.com,F,Bronze,4/9/2025,Montgomerychester
14465,United Kingdom,Terry Thomas,terry963@example.org,F,Bronze,2/2/2021,Lake Davidfort
16434,United Kingdom,Barbara Wallace,barbara553@example.org,M,Bronze,2/20/2024,South Patrickburgh
16073,United Kingdom,Mr. Marcus Harris,mr890@example.com,F,Bronze,12/9/2023,Schultzside
13038,United Kingdom,Danielle Yates,danielle911@example.com,F,Silver,6/7/2022,Lake Jenniferbury
12945,United Kingdom,Beverly Roberts,beverly133@example.net,F,Silver,6/10/2024,New Markmouth
14157,United Kingdom,James Jacobson,james444@example.com,M,Bronze,2/14/2023,Port Amberbury
13509,United Kingdom,Kristen Ewing,kristen425@example.com,F,Silver,1/22/2021,New Denisetown
16678,United Kingdom,Marc Burke,marc665@example.net,M,Silver,11/3/2020,Jenniferfurt
15106,United Kingdom,Ronald Dillon,ronald311@example.com,F,Bronze,6/20/2021,North Scottmouth
15861,United Kingdom,Philip Rogers,philip921@example.com,M,Bronze,7/27/2022,Laurieside
13821,United Kingdom,Connor Baker,connor666@example.org,M,Bronze,7/30/2021,Edwardsfurt
16586,United Kingdom,Christopher Bennett,christopher566@example.net,F,Gold,1/5/2024,Lake Justinstad
17492,United Kingdom,Michael Collins,michael487@example.com,M,Silver,1/9/2021,North William
15119,United Kingdom,Kyle Warner,kyle722@example.org,M,Bronze,10/26/2025,East Jenniferville
18036,United Kingdom,Tracy Green,tracy394@example.org,F,Silver,12/8/2022,Simmonsside
13232,United Kingdom,Reginald Stokes,reginald134@example.net,F,Bronze,5/20/2022,Laurenside
17367,United Kingdom,Jeff Nelson,jeff461@example.org,M,Bronze,11/26/2021,Clintonville
15594,United Kingdom,Emily Gonzalez,emily482@example.net,F,Silver,12/4/2024,Hardinstad
14364,United Kingdom,Juan Bond DDS,juan196@example.org,F,Bronze,8/24/2024,New April
17926,United Kingdom,Marissa Kelley,marissa290@example.net,M,Bronze,11/10/2023,East Laceyborough
14593,United Kingdom,Brian Barnes,brian727@example.com,M,Bronze,7/13/2023,South Diana
16581,United Kingdom,Katie Ford,katie640@example.org,M,Bronze,3/6/2024,South Stacyton
16614,United Kingdom,Christopher Martinez,christopher415@example.net,F,Silver,9/2/2024,Angelaland
16824,United Kingdom,William Sawyer,william672@example.net,M,Silver,5/12/2024,North Tiffanyfurt
13699,United Kingdom,Timothy Lee,timothy371@example.net,F,Gold,5/17/2024,Lake Adam
16464,United Kingdom,Wendy Luna,wendy452@example.com,M,Silver,5/1/2025,Chenport
14100,United Kingdom,April Bryan,april337@example.org,M,Silver,10/5/2024,Peckburgh
15120,United Kingdom,Kimberly Sosa,kimberly149@example.org,M,Silver,9/1/2021,Juliaside
13355,United Kingdom,Nathan Johnson,nathan489@example.net,M,Silver,4/21/2025,Port Donald
14658,United Kingdom,John Reyes,john453@example.net,F,Bronze,1/6/2024,Halehaven
17777,United Kingdom,Brian Cunningham,brian980@example.com,F,Gold,11/24/2022,North Roger
14420,United Kingdom,Anthony Summers,anthony336@example.net,F,Silver,8/11/2022,Lisaport
14824,United Kingdom,Alan Shields,alan245@example.com,F,Silver,11/6/2023,New Mary
13704,United Kingdom,Tony Abbott,tony236@example.com,F,Silver,2/9/2022,Port Anthony
17728,United Kingdom,Kelly Graham,kelly982@example.com,M,Bronze,7/15/2021,Port Patrickmouth
16881,United Kingdom,Caitlin Parker,caitlin388@example.net,M,Silver,4/12/2024,Port Richard
17957,United Kingdom,Jennifer Martinez,jennifer204@example.net,F,Silver,12/5/2024,Port Shane
13464,United Kingdom,Joanna Allen,joanna755@example.com,F,Bronze,4/12/2024,Jamesfurt
16793,United Kingdom,Rachel Soto,rachel970@example.org,M,Bronze,11/20/2021,New Maryview
17895,United Kingdom,Laura Jones,laura326@example.net,F,Bronze,3/4/2021,West Shannonville
15275,United Kingdom,Joshua Morgan,joshua560@example.net,F,Silver,8/25/2022,Erinshire
13710,United Kingdom,Arthur Young,arthur890@example.net,M,Bronze,6/13/2024,North Cynthia
17011,United Kingdom,Tanya Williams,tanya905@example.net,F,Silver,10/17/2022,Johnstonborough
14714,United Kingdom,Jennifer Perez,jennifer598@example.net,F,Gold,10/30/2025,Johnsonside
17010,United Kingdom,Mike Bruce,mike163@example.net,F,Bronze,1/4/2023,Kellyview
17359,United Kingdom,Timothy Sanchez,timothy285@example.org,F,Bronze,8/14/2025,Lake Daniellefurt
16988,United Kingdom,Ryan Wells,ryan423@example.org,F,Silver,5/26/2024,Gainesport
14204,United Kingdom,Matthew Macias,matthew998@example.com,F,Bronze,4/21/2021,Matthewshire
17732,United Kingdom,Virginia Scott,virginia658@example.org,M,Bronze,6/24/2021,Nelsonborough
13491,United Kingdom,Renee Ramos,renee728@example.net,F,Silver,6/11/2021,Wardborough
17581,United Kingdom,Sylvia White,sylvia701@example.org,F,Bronze,1/13/2023,East Laura
15894,United Kingdom,Brett Robinson,brett739@example.com,F,Bronze,12/3/2023,Bethanyfurt
13495,United Kingdom,Elaine Wong,elaine426@example.com,F,Bronze,4/2/2024,North Devin
13173,United Kingdom,Carrie Simmons,carrie385@example.net,M,Silver,12/4/2020,East Angela
16779,United Kingdom,Sara Martinez,sara616@example.net,F,Bronze,8/31/2022,Maloneberg
17975,United Kingdom,Caleb Diaz,caleb267@example.net,M,Bronze,8/17/2024,Gutierrezmouth
18259,United Kingdom,Melissa Gonzalez,melissa652@example.com,F,Bronze,10/15/2024,Hopkinsside
17676,United Kingdom,Keith Green,keith152@example.net,M,Bronze,7/9/2025,Lake Sarah
14355,United Kingdom,Derrick Wilson,derrick749@example.net,F,Bronze,4/29/2022,North Cassidy
14205,United Kingdom,Ashley Long,ashley948@example.net,F,Bronze,2/15/2025,South Angelachester
17816,United Kingdom,Mary Hill,mary923@example.com,M,Silver,8/19/2023,Fullerville
17456,United Kingdom,Christine Poole,christine453@example.net,M,Bronze,4/22/2021,Danieltown
16923,United Kingdom,Misty Costa,misty881@example.net,F,Silver,9/28/2024,New Kimberly
17231,United Kingdom,Peter Young,peter423@example.com,F,Bronze,8/22/2022,Lake Matthewhaven
15468,United Kingdom,Amy Davis,amy782@example.org,F,Bronze,1/15/2024,North Benjamin
14201,United Kingdom,Michelle Riley,michelle227@example.org,F,Bronze,8/6/2023,Wilsonstad
13680,United Kingdom,Mark Marquez,mark633@example.org,M,Gold,2/10/2025,Holmesstad
18179,United Kingdom,Matthew Hopkins,matthew875@example.net,F,Bronze,8/23/2025,North Frederickberg
13233,United Kingdom,Robert Dunn,robert289@example.org,F,Bronze,2/9/2024,Alexanderstad
14175,United Kingdom,Christopher Carter,christopher773@example.org,F,Silver,2/1/2021,East Carmenmouth
15696,United Kingdom,John Thomas,john907@example.org,M,Bronze,7/12/2024,New Amy
15316,United Kingdom,Steven Thompson,steven268@example.net,F,Silver,12/27/2020,Christophershire
15222,United Kingdom,Joshua Barajas,joshua784@example.net,F,Gold,5/24/2021,Lake Kaylafort
16918,United Kingdom,Richard Hobbs,richard447@example.com,F,Bronze,2/24/2021,South Teresamouth
18125,United Kingdom,Kathryn Medina,kathryn197@example.org,M,Bronze,3/8/2021,Alecberg
15981,United Kingdom,Kristin Wolf,kristin644@example.com,M,Bronze,11/25/2020,Carrillofort
15550,United Kingdom,Barbara Pacheco,barbara703@example.net,F,Gold,8/3/2025,Bryanborough
12943,United Kingdom,Nicholas Reeves,nicholas741@example.net,F,Bronze,11/7/2022,Lisachester
18084,United Kingdom,Darryl Sanders,darryl312@example.net,M,Silver,12/30/2024,Josephborough
13904,United Kingdom,Alicia Simpson,alicia899@example.net,M,Silver,1/6/2023,Wrightfurt
15303,United Kingdom,Dawn Roberts,dawn660@example.net,M,Bronze,3/4/2023,Brentshire
13285,United Kingdom,Jeremiah Mendez,jeremiah580@example.net,F,Bronze,7/12/2024,East Amyberg
15067,United Kingdom,Jose Brown,jose529@example.net,M,Bronze,2/22/2025,Shellyborough
15675,United Kingdom,Aaron Stevens,aaron680@example.org,M,Silver,6/6/2024,Williamstad
17133,United Kingdom,Joseph Floyd,joseph488@example.com,M,Silver,5/16/2024,Lisamouth
18273,United Kingdom,Catherine Wiggins,catherine156@example.net,M,Bronze,7/13/2025,New Cassandra
13015,United Kingdom,Cindy Thomas,cindy770@example.org,F,Silver,8/20/2024,Guerrerobury
16469,United Kingdom,Trevor Stevens,trevor112@example.org,F,Silver,5/3/2024,Fosterborough
15109,United Kingdom,Stacy Hicks,stacy416@example.com,F,Silver,12/14/2024,Mckinneyside
14148,United Kingdom,Cheryl White,cheryl589@example.org,M,Silver,3/20/2024,Amyburgh
14191,United Kingdom,Cassie Thompson,cassie808@example.net,M,Bronze,12/2/2020,Williamfort
16690,United Kingdom,Craig Atkinson,craig427@example.com,F,Bronze,1/14/2025,Lake Craigstad
17715,United Kingdom,Brian Butler,brian322@example.net,F,Gold,11/25/2024,Melindafort
17345,United Kingdom,Timothy Davis,timothy502@example.org,F,Bronze,7/31/2021,Karenhaven
17124,United Kingdom,Erin Winters,erin187@example.net,F,Bronze,1/22/2025,Lake Christinaton
15743,United Kingdom,Kaitlyn Anderson,kaitlyn887@example.org,M,Bronze,4/7/2022,Brownfurt
17242,United Kingdom,Jessica Neal,jessica128@example.com,M,Bronze,5/23/2023,Monicachester
16739,United Kingdom,Jeffrey White,jeffrey116@example.org,F,Silver,7/10/2023,Lindsayfort
17877,United Kingdom,Andrew Reeves,andrew546@example.org,F,Bronze,9/10/2024,Millerland
13937,United Kingdom,Ashley Chang,ashley792@example.com,F,Bronze,3/2/2022,West Lisachester
16671,United Kingdom,Michael Diaz,michael469@example.org,F,Bronze,9/10/2021,Elizabethmouth
16344,United Kingdom,Alexandria Miller,alexandria545@example.net,M,Bronze,6/7/2021,East Shelby
15895,United Kingdom,Meghan Miller,meghan460@example.com,M,Silver,1/2/2022,Christinastad
13991,United Kingdom,Samantha Mason,samantha430@example.net,M,Bronze,8/15/2021,Laurenport
12981,United Kingdom,Jeffery Brown,jeffery481@example.org,M,Gold,8/23/2021,Laurenmouth
16292,United Kingdom,Francisco Miller,francisco981@example.net,F,Silver,6/11/2025,Lauramouth
17347,United Kingdom,Alexandra Miller,alexandra223@example.org,F,Bronze,1/16/2022,Deniseberg
13927,United Kingdom,Rodney Patterson,rodney387@example.net,M,Bronze,4/25/2022,Lake Joshuaville
14488,United Kingdom,Kelly Martin,kelly528@example.org,F,Bronze,9/25/2024,Lake Travis
13351,United Kingdom,Tony Palmer,tony981@example.net,F,Gold,7/3/2023,Port Brianstad
14251,United Kingdom,Joshua Singh,joshua958@example.org,F,Bronze,2/12/2023,Theodoreshire
16311,United Kingdom,Destiny Williams,destiny700@example.com,M,Bronze,1/25/2025,Williamsonville
15022,United Kingdom,Destiny Day,destiny429@example.com,F,Gold,5/8/2025,Davidstad
15830,United Kingdom,Michele Moore,michele670@example.org,F,Bronze,1/8/2021,New Carmenburgh
16445,United Kingdom,Michael Stanley,michael450@example.net,M,Bronze,6/1/2025,Nelsonland
17197,United Kingdom,Donald Adkins,donald861@example.org,M,Bronze,3/28/2024,East Traceybury
14950,United Kingdom,James Good,james416@example.org,M,Bronze,3/9/2023,Sandramouth
17232,United Kingdom,Alicia Mcclain,alicia255@example.net,M,Bronze,3/20/2024,Savannahfort
17852,United Kingdom,Dr. Eddie Fischer,dr583@example.com,F,Bronze,1/2/2025,Maryberg
16218,United Kingdom,Wanda Quinn,wanda717@example.org,M,Silver,11/1/2025,New Jessica
16552,United Kingdom,Oscar Finley,oscar108@example.com,F,Silver,8/16/2021,South Angela
17760,United Kingdom,Carrie Cooper,carrie563@example.com,M,Silver,7/9/2025,East Amyview
18011,United Kingdom,Robert Sanchez,robert633@example.net,F,Bronze,6/26/2025,Port Katherinefurt
17287,United Kingdom,Debra Anderson PhD,debra774@example.com,F,Gold,9/26/2024,West Charleshaven
14813,United Kingdom,Veronica Thomas,veronica473@example.org,M,Bronze,3/4/2025,Monicaberg
13506,United Kingdom,Katie Le,katie723@example.org,F,Bronze,9/29/2022,Port Nicole
15221,United Kingdom,Victoria Miller,victoria551@example.com,F,Silver,10/19/2023,North Timothyborough
16983,United Kingdom,Cynthia Thompson,cynthia352@example.org,M,Bronze,5/31/2025,Cohenville
17858,United Kingdom,Christopher Singh,christopher842@example.com,M,Bronze,12/2/2020,East Michael
15867,United Kingdom,Vincent Garrison,vincent272@example.org,F,Gold,6/1/2022,North Audrey
17428,United Kingdom,Laura Wagner,laura382@example.net,M,Gold,9/13/2025,Markborough
17675,United Kingdom,Joseph Moore,joseph677@example.com,M,Silver,5/2/2024,Tommouth
16775,United Kingdom,Anthony Thompson,anthony161@example.net,M,Bronze,8/29/2023,West Laura
13078,United Kingdom,Kevin Gibson,kevin996@example.com,M,Bronze,1/15/2023,Douglasside
16016,United Kingdom,Victoria Williams,victoria189@example.net,M,Bronze,8/29/2023,Josechester
15581,United Kingdom,Paul Mcguire,paul467@example.org,F,Bronze,9/26/2024,Port Kristinland
12942,United Kingdom,Cory Page,cory299@example.org,M,Bronze,12/27/2023,Port Rickyton
15358,United Kingdom,Bryan Hernandez,bryan308@example.net,F,Bronze,7/23/2024,Mckenziebury
13225,United Kingdom,Brooke Tucker,brooke593@example.org,F,Bronze,11/16/2024,Lamburgh
13948,United Kingdom,Michael Scott,michael550@example.net,F,Bronze,3/1/2022,South Michael
16458,United Kingdom,Debra Ford,debra584@example.org,M,Silver,6/29/2021,Lake Christophermouth
15101,United Kingdom,Chelsea Reed,chelsea547@example.net,M,Silver,11/27/2023,Ashleyton
17001,United Kingdom,Alejandro Wallace,alejandro450@example.net,M,Silver,7/25/2025,East Sarah
16743,United Kingdom,Theresa Hall,theresa965@example.com,F,Bronze,8/19/2025,Juanberg
15460,United Kingdom,Glen Williams,glen709@example.org,F,Gold,12/17/2021,South Ronald
14653,United Kingdom,Michael Powell,michael298@example.com,F,Bronze,2/12/2025,New Timothy
17114,United Kingdom,Maria Rodriguez,maria712@example.net,F,Bronze,1/21/2021,Brownborough
17800,United Kingdom,Kelly Tapia,kelly723@example.com,F,Bronze,6/20/2021,Seanton
17988,United Kingdom,Douglas Thomas,douglas171@example.com,M,Bronze,6/7/2024,Crossfort
16387,United Kingdom,Andrew Cordova,andrew485@example.com,M,Bronze,1/7/2024,Alexisborough
17644,United Kingdom,Amber Gonzalez,amber592@example.net,F,Bronze,11/11/2022,Evansberg
16730,United Kingdom,Kristin Dickerson,kristin113@example.net,M,Bronze,7/19/2021,Masseyport
15218,United Kingdom,Jeremy Shaw,jeremy592@example.com,F,Silver,12/4/2022,West Loretta
15110,United Kingdom,Brandy Cruz,brandy711@example.org,F,Bronze,10/18/2023,Port Jenniferland
16882,United Kingdom,Erika Clark,erika600@example.org,F,Bronze,6/7/2021,Port Josephville
13494,United Kingdom,William Moody,william590@example.org,M,Bronze,2/26/2025,West Todd
15270,United Kingdom,Lynn Patterson,lynn742@example.com,M,Silver,9/3/2025,South David
17517,United Kingdom,Sara Ali,sara293@example.com,M,Gold,5/30/2023,Goodmanshire
15090,United Kingdom,Michael Glass,michael149@example.com,F,Silver,1/11/2024,Matthewmouth
16332,United Kingdom,Jonathan Morales,jonathan505@example.org,M,Bronze,7/8/2025,South Eric
18093,United Kingdom,Stephen Haney,stephen978@example.org,M,Silver,5/24/2024,West Eric
17705,United Kingdom,Jeffery Wilson,jeffery675@example.org,M,Silver,12/8/2021,Lake Pamelaview
13085,United Kingdom,Donna Beard,donna725@example.org,F,Silver,3/23/2021,West Kyle
15785,United Kingdom,Jessica Lewis,jessica764@example.com,M,Bronze,11/26/2022,Cortezmouth
13012,United Kingdom,Carlos Rowe,carlos782@example.org,M,Bronze,4/14/2021,East Richardbury
13792,United Kingdom,Kelly Moreno,kelly172@example.net,F,Silver,3/31/2023,Johnsonchester
17542,United Kingdom,Elizabeth Morales,elizabeth805@example.com,M,Silver,2/20/2021,New Davidland
15703,United Kingdom,Erica Arnold,erica277@example.com,F,Bronze,9/3/2024,Raymouth
16036,United Kingdom,Jody Bell DDS,jody651@example.org,F,Bronze,10/15/2024,Frankshire
13988,United Kingdom,Daniel Page,daniel601@example.org,M,Bronze,1/26/2025,Grayberg
18108,United Kingdom,Diana Boyer,diana232@example.org,F,Bronze,12/31/2021,South Sheila
14818,United Kingdom,Tammy Frazier,tammy282@example.com,M,Silver,1/25/2025,North Nicole
13752,United Kingdom,Krista Sanchez,krista342@example.net,F,Gold,1/26/2023,Cardenashaven
16131,United Kingdom,Stephanie Morales,stephanie772@example.org,M,Bronze,9/22/2025,New Stephanie
15891,United Kingdom,April Brown,april648@example.net,M,Bronze,3/4/2025,Silvahaven
17974,United Kingdom,Larry Cummings,larry245@example.net,M,Bronze,4/21/2022,West Kathleenbury
14173,United Kingdom,Eric Campbell,eric471@example.net,M,Bronze,5/16/2023,Villarrealport
14699,United Kingdom,Jessica Evans,jessica571@example.com,M,Silver,3/7/2023,Dayville
15187,United Kingdom,Whitney Reed,whitney445@example.org,F,Bronze,10/15/2022,Port Katelyn
14853,United Kingdom,Melissa Chan,melissa481@example.org,M,Bronze,10/16/2024,Leonardmouth
14819,United Kingdom,David Fleming,david306@example.net,M,Gold,7/19/2023,Josetown
16849,United Kingdom,Cindy Marshall,cindy621@example.com,M,Bronze,3/18/2021,Port Allisonberg
18252,United Kingdom,Sergio Smith,sergio133@example.org,M,Bronze,12/11/2020,Johnsonton
17370,United Kingdom,Alexander Cohen,alexander928@example.org,F,Gold,6/20/2021,Port Johnny
13833,United Kingdom,Kelly Miller,kelly460@example.com,M,Bronze,11/18/2021,Lake Emily
14002,United Kingdom,Karen Bishop,karen241@example.net,F,Silver,11/25/2022,Port Lisaville
16450,United Kingdom,Amber Diaz,amber987@example.net,M,Bronze,8/23/2023,South Elizabeth
16488,United Kingdom,Cassandra Pruitt,cassandra693@example.com,F,Silver,3/1/2025,West Cynthiaton
16762,United Kingdom,Krystal Chapman,krystal911@example.net,F,Bronze,1/5/2025,Cohentown
13805,United Kingdom,Carl Powell,carl297@example.net,F,Silver,7/31/2024,Larsonburgh
14301,United Kingdom,Nicholas Thomas,nicholas268@example.org,F,Silver,12/7/2022,Joseshire
14772,United Kingdom,Christian Parker,christian720@example.net,M,Silver,3/28/2021,Danielmouth
14387,United Kingdom,Ernest Myers,ernest351@example.org,F,Silver,12/10/2020,Lake Kevin
14523,United Kingdom,Kendra Cummings,kendra490@example.com,F,Bronze,8/2/2023,South Timothy
13434,United Kingdom,Mr. Tom Brandt,mr268@example.net,F,Bronze,12/22/2021,East Tiffanyshire
13372,United Kingdom,Aaron Thomas,aaron647@example.net,M,Bronze,8/15/2023,Lake Douglasview
15239,United Kingdom,Maria Miller,maria304@example.org,M,Bronze,9/28/2023,Hernandezshire
14014,United Kingdom,Melissa Edwards,melissa868@example.org,M,Bronze,9/6/2024,East John
16594,United Kingdom,Keith Hood,keith417@example.com,F,Bronze,4/18/2024,New Stephen
14806,United Kingdom,Elizabeth Oneill,elizabeth229@example.net,F,Bronze,5/22/2025,East Jamieshire
15958,United Kingdom,Dalton Black,dalton372@example.com,F,Silver,4/15/2025,Jeffreyside
15344,United Kingdom,Amy Kennedy,amy973@example.com,F,Bronze,12/25/2022,South Crystal
16900,United Kingdom,Patrick Dickson,patrick383@example.com,M,Gold,8/19/2022,South Roberthaven
18169,United Kingdom,Bobby Howell,bobby763@example.org,F,Bronze,11/20/2021,Lake Lauren
15478,United Kingdom,Sherri Sweeney,sherri949@example.org,M,Bronze,7/23/2024,Heathbury
16934,United Kingdom,Lisa Wolf,lisa844@example.org,F,Bronze,6/2/2021,Kimberlyshire
17201,United Kingdom,Mark Huang,mark128@example.net,F,Silver,8/15/2025,South Alicia
15844,United Kingdom,Paul Miller,paul492@example.org,F,Silver,2/20/2024,North Kimberly
17545,United Kingdom,Jessica Sosa,jessica194@example.com,F,Bronze,2/16/2024,Tiffanystad
16372,United Kingdom,Kevin Walker,kevin353@example.net,M,Bronze,6/1/2024,North Michael
13992,United Kingdom,Elizabeth Alvarez,elizabeth625@example.org,F,Bronze,8/15/2022,Douglasville
14666,United Kingdom,Michael Patterson,michael894@example.com,M,Bronze,9/12/2025,West Margaret
15657,United Kingdom,Jacob Sweeney,jacob170@example.com,F,Silver,7/3/2025,North Chad
17301,United Kingdom,Christopher Rodriguez,christopher979@example.com,M,Bronze,6/28/2021,Lake Kendrastad
15428,United Kingdom,Sarah Matthews,sarah496@example.net,F,Gold,8/20/2022,Port Sarah
16789,United Kingdom,Brenda Baker,brenda655@example.org,M,Bronze,2/24/2022,Brianton
13560,United Kingdom,Stephanie Brown,stephanie613@example.org,F,Silver,12/27/2023,Millerhaven
17396,United Kingdom,Joyce Cardenas,joyce828@example.net,F,Bronze,5/5/2025,East Christopher
17949,United Kingdom,John Moreno,john158@example.net,M,Silver,5/17/2024,South Ianburgh
15373,United Kingdom,Bobby Nielsen,bobby301@example.org,M,Silver,1/9/2024,Port Christine
15465,United Kingdom,Robin Downs,robin496@example.org,M,Silver,10/30/2023,Cartertown
13089,United Kingdom,Jessica Smith,jessica815@example.org,M,Silver,5/29/2021,Nicoleberg
16241,United Kingdom,Mr. Francisco Rodriguez Jr.,mr270@example.net,F,Gold,6/27/2024,Caldwellton
13786,United Kingdom,Chelsey Henry,chelsey679@example.net,F,Bronze,11/3/2024,Millerview
15529,United Kingdom,Brittany Shaffer,brittany746@example.net,F,Bronze,12/11/2020,Port Roy
17442,United Kingdom,Sharon Sullivan,sharon478@example.com,M,Gold,1/17/2025,Murraytown
13324,United Kingdom,Ashley Torres,ashley916@example.com,M,Bronze,11/3/2023,Lake Josephhaven
14206,United Kingdom,Christopher Duncan,christopher912@example.org,F,Bronze,2/10/2025,Cynthiachester
12867,United Kingdom,Tanya Reed,tanya654@example.net,F,Gold,1/24/2022,Lake Brandyberg
15482,United Kingdom,Daniel Morgan,daniel699@example.com,M,Silver,10/24/2025,Davidton
15569,United Kingdom,Brett Kane,brett231@example.net,M,Bronze,8/3/2025,Garciaview
17064,United Kingdom,Stephanie Edwards,stephanie962@example.org,F,Bronze,7/30/2024,Lake Wandashire
13551,United Kingdom,Mitchell Burke,mitchell416@example.net,F,Gold,2/15/2025,South Gina
14548,United Kingdom,Holly Huang,holly574@example.org,F,Silver,1/6/2024,South Joshua
15843,United Kingdom,Aaron Strong,aaron345@example.org,F,Silver,4/11/2022,Melissabury
13706,United Kingdom,Susan Ruiz,susan447@example.net,F,Gold,3/14/2024,South Garymouth
12897,United Kingdom,Timothy Carroll,timothy167@example.com,M,Bronze,11/25/2021,Lake Shawn
14880,United Kingdom,Sara Brown,sara384@example.com,M,Bronze,4/12/2025,South Ashleyfort
13751,United Kingdom,Anna Green,anna412@example.net,F,Bronze,5/13/2023,East Amandaberg
16667,United Kingdom,Lisa Aguilar,lisa990@example.net,F,Bronze,9/13/2023,Whiteberg
15319,United Kingdom,Kristina Green,kristina577@example.net,M,Silver,6/19/2024,Peterburgh
12873,United Kingdom,Laura Harris,laura161@example.com,M,Bronze,6/26/2021,Bairdville
17923,United Kingdom,Brian Allen,brian594@example.net,F,Silver,5/3/2025,New Scott
13931,United Kingdom,Troy Lamb,troy430@example.org,M,Silver,1/16/2025,Port Ryan
14297,United Kingdom,Vicki Maldonado,vicki568@example.net,M,Gold,5/9/2022,Longland
18149,United Kingdom,John Brown,john323@example.net,F,Bronze,7/27/2025,Huntburgh
13268,United Kingdom,Chad Gardner,chad346@example.org,F,Bronze,3/1/2022,Weaverton
12937,United Kingdom,Maria Cruz,maria949@example.com,F,Bronze,3/28/2021,Kennedyshire
13072,United Kingdom,Ryan Thompson,ryan150@example.org,F,Silver,6/7/2023,Rhodestown
16384,United Kingdom,Laura Brooks,laura603@example.net,M,Silver,1/13/2023,South Sabrinaside
14924,United Kingdom,Mrs. Sarah Beard DDS,mrs870@example.net,M,Bronze,10/15/2024,Port Natalietown
18220,United Kingdom,Kimberly Thompson,kimberly368@example.net,M,Silver,11/29/2021,Mooremouth
14973,United Kingdom,Crystal Rivera,crystal292@example.org,F,Bronze,3/23/2021,Dakotaview
12886,United Kingdom,Jennifer Hodges,jennifer184@example.org,F,Gold,1/30/2023,Burchfort
18241,United Kingdom,Joseph Gould,joseph337@example.net,F,Bronze,5/13/2025,Jimenezfurt
16184,United Kingdom,George Herrera,george668@example.org,F,Gold,3/15/2022,Lake Josephtown
13258,United Kingdom,Donna Camacho,donna643@example.com,M,Silver,1/15/2021,East Matthew
13243,United Kingdom,Allison Blake,allison538@example.com,F,Silver,4/16/2021,Gonzalezview
16341,United Kingdom,Katelyn Clay,katelyn535@example.com,M,Silver,1/17/2022,Leeville
17521,United Kingdom,Nathaniel Mcdonald,nathaniel841@example.com,M,Bronze,5/31/2025,Johnsonberg
16825,United Kingdom,James Blake,james375@example.com,F,Bronze,6/21/2021,New Linda
17414,United Kingdom,Sandra Smith,sandra469@example.org,F,Bronze,9/30/2024,Bryantmouth
16794,United Kingdom,William Moon,william797@example.com,M,Gold,8/10/2021,South Shannonburgh
15219,United Kingdom,Mark Dickerson,mark910@example.net,F,Silver,12/19/2024,Jessicaland
14960,United Kingdom,Keith Holland,keith813@example.com,F,Bronze,4/17/2022,Justinburgh
14795,United Kingdom,Robert Jones,robert400@example.org,F,Bronze,4/2/2022,Lake Marvinshire
16200,United Kingdom,Amber Smith,amber382@example.com,M,Silver,6/15/2023,Stevenberg
17892,United Kingdom,Sean Martin,sean523@example.net,M,Bronze,8/30/2022,West Tonyville
14847,United Kingdom,Holly Lawson,holly617@example.net,M,Bronze,4/3/2025,Port Zacharybury
17779,United Kingdom,Matthew Harris,matthew462@example.com,F,Bronze,6/15/2021,Greenton
14406,United Kingdom,Jacob Murphy,jacob790@example.net,F,Silver,8/25/2025,North Colechester
14869,United Kingdom,Kenneth Cook,kenneth382@example.org,F,Silver,1/18/2025,East Derek
18222,United Kingdom,Jonathan Anthony,jonathan913@example.net,F,Silver,11/5/2021,North Evan
14020,United Kingdom,Erica Jones,erica116@example.org,M,Silver,5/31/2025,New Timothyville
16527,United Kingdom,Shannon Hawkins,shannon651@example.net,M,Silver,3/18/2024,Greenland
15341,United Kingdom,Ryan Martinez,ryan311@example.org,F,Silver,12/10/2023,Lake Benjaminport
14427,United Kingdom,Cheryl Morales,cheryl438@example.com,M,Bronze,3/4/2025,New Samanthamouth
14027,United Kingdom,Kathleen Daniels,kathleen177@example.com,M,Silver,2/3/2025,New Michael
15553,United Kingdom,Erik Nixon,erik730@example.com,M,Silver,2/17/2024,Hilltown
14910,United Kingdom,Mikayla Ryan,mikayla621@example.com,M,Silver,12/13/2023,Karaland
15740,United Kingdom,Peter Thompson,peter843@example.com,F,Bronze,4/26/2024,South Krystal
15427,United Kingdom,Dominic Robinson,dominic851@example.org,F,Bronze,5/19/2021,Wilsonberg
16742,United Kingdom,Robert Lam,robert323@example.com,F,Bronze,4/2/2021,Melvinmouth
17274,United Kingdom,Jared Li,jared901@example.org,M,Gold,12/6/2021,West Kerri
15526,United Kingdom,Sandra Anderson,sandra413@example.com,M,Silver,2/27/2023,New Justinborough
14080,United Kingdom,Ashley Graham,ashley302@example.org,F,Silver,9/3/2024,Huynhland
15531,United Kingdom,Robert Garcia,robert640@example.org,F,Silver,1/30/2025,Mclaughlinville
15692,United Kingdom,Gregory Madden,gregory680@example.com,M,Bronze,9/15/2023,South Jamesview
17237,United Kingdom,Michael White,michael567@example.com,F,Silver,8/14/2024,Meganberg
17650,United Kingdom,Ian Rosario,ian630@example.net,F,Bronze,4/24/2025,Hernandezside
17290,United Kingdom,Michael Shaw,michael155@example.com,F,Bronze,11/12/2023,Juliahaven
16343,United Kingdom,Jessica Good,jessica469@example.net,F,Bronze,6/14/2023,South Robertmouth
15012,United Kingdom,Jay Davis,jay862@example.com,F,Silver,4/4/2025,Sylviachester
16048,United Kingdom,Nathan Lopez,nathan151@example.com,F,Bronze,6/22/2025,South William
14388,United Kingdom,Richard Cooper,richard903@example.com,M,Silver,8/15/2022,Davidsonside
14449,United Kingdom,Jeffrey Miller,jeffrey620@example.com,F,Gold,8/11/2022,Tyronestad
18225,United Kingdom,Paul Hart,paul460@example.org,F,Bronze,9/21/2023,Jessicaland
12747,United Kingdom,Amy Russell,amy237@example.org,M,Bronze,3/22/2023,Oneillborough
17218,United Kingdom,Amy Murphy,amy509@example.org,F,Bronze,1/10/2023,West Courtneyside
18119,United Kingdom,Alejandro Baldwin,alejandro361@example.com,F,Silver,4/30/2025,South Amberport
13050,United Kingdom,Tyler Arellano,tyler162@example.org,M,Bronze,5/21/2021,Ramosville
16679,United Kingdom,Amanda Castro,amanda717@example.org,F,Bronze,2/10/2024,New Yvette
17999,United Kingdom,Carla Shah,carla693@example.com,F,Silver,4/6/2024,Lake Paulaburgh
16520,United Kingdom,Phillip Shaw,phillip491@example.net,M,Bronze,11/3/2020,Lake Louis
15288,United Kingdom,Elizabeth Cook,elizabeth140@example.net,M,Bronze,10/16/2023,Stanleyfurt
13136,United Kingdom,Jose Hunt,jose762@example.com,F,Gold,3/10/2023,Matthewland
14608,United Kingdom,Matthew Mayer,matthew208@example.org,M,Silver,2/14/2022,Faithshire
14057,United Kingdom,David Garrison,david622@example.org,F,Bronze,6/4/2021,Port Blakefurt
14298,United Kingdom,Kyle Mack,kyle263@example.org,M,Bronze,3/1/2022,West Brooke
17158,United Kingdom,Dillon Thomas,dillon667@example.com,M,Silver,3/4/2024,South Kennethstad
16145,United Kingdom,Cassandra Page,cassandra454@example.net,M,Bronze,3/17/2021,Haleville
14560,United Kingdom,Michael Chambers,michael687@example.net,M,Bronze,12/2/2022,South Steve
15326,United Kingdom,Amanda Johnson,amanda220@example.com,M,Gold,6/8/2022,South Royfurt
13473,United Kingdom,Alex Johnson,alex787@example.org,M,Bronze,6/23/2025,Rodriguezview
13144,United Kingdom,Tina Berry,tina443@example.org,F,Silver,9/18/2025,Jasonview
17769,United Kingdom,Mrs. Linda Richardson,mrs386@example.org,F,Bronze,12/22/2020,Port Lindaberg
15052,United Kingdom,Yolanda Hopkins,yolanda972@example.org,F,Bronze,6/2/2025,South Jasmine
13098,United Kingdom,Marcus Parker,marcus853@example.net,M,Silver,2/1/2022,Lake Christinaburgh
12853,United Kingdom,Joseph Flores,joseph126@example.org,F,Bronze,3/26/2024,Markmouth
18250,United Kingdom,Thomas White,thomas563@example.org,M,Bronze,7/24/2021,Allenfort
16333,United Kingdom,Alexander Padilla,alexander866@example.net,F,Silver,9/2/2022,Fishermouth
15199,United Kingdom,John Mcintosh,john955@example.com,F,Bronze,2/26/2023,Port Chelseahaven
13955,United Kingdom,Erica Myers,erica830@example.org,M,Bronze,6/23/2022,Michaelstad
16072,United Kingdom,Ashley Thompson,ashley933@example.org,M,Silver,12/28/2023,Lake Samuel
16592,United Kingdom,Rhonda Miller,rhonda660@example.com,M,Bronze,9/30/2022,West Bill
13610,United Kingdom,Lisa Holland,lisa808@example.com,F,Bronze,1/19/2024,Port Ashley
15572,United Kingdom,Darren Aguilar MD,darren812@example.com,F,Bronze,7/7/2023,Lake Anthony
13975,United Kingdom,John Wang,john782@example.net,F,Bronze,6/2/2025,Michaelfurt
18173,United Kingdom,Michelle Barker,michelle609@example.net,F,Bronze,8/19/2025,Nicoletown
16214,United Kingdom,Katie Ortiz,katie871@example.com,M,Bronze,5/18/2022,Cookberg
16383,United Kingdom,Terry Shelton,terry540@example.org,F,Bronze,2/15/2021,Obrienstad
15695,United Kingdom,Jennifer Crawford,jennifer688@example.org,F,Silver,4/24/2021,Langmouth
17043,United Kingdom,Kathleen Sanchez,kathleen494@example.com,F,Bronze,8/20/2023,Katieview
15083,United Kingdom,Sheila Dalton,sheila140@example.com,F,Silver,7/10/2025,South Lisaside
13803,United Kingdom,Keith Blackwell,keith461@example.net,F,Silver,12/18/2020,New Joseph
15800,United Kingdom,Bradley Martinez,bradley369@example.net,M,Bronze,11/1/2021,Thomasfurt
13134,United Kingdom,Roger Nash,roger831@example.org,M,Bronze,12/11/2023,Oliverfort
17174,United Kingdom,Jodi Thompson,jodi574@example.org,F,Silver,4/22/2025,South Davidfurt
16006,United Kingdom,Marvin Green,marvin400@example.net,F,Gold,8/24/2024,Ortizside
17970,United Kingdom,Tyler Murphy,tyler715@example.com,M,Gold,7/28/2025,Lake Chelseabury
16266,United Kingdom,Alexander Tapia,alexander825@example.com,F,Gold,1/31/2021,North Sheenafort
13885,United Kingdom,Jeffrey Moreno,jeffrey440@example.com,F,Bronze,4/2/2025,South Randall
15863,United Kingdom,Thomas Brown,thomas887@example.com,M,Bronze,10/16/2025,Lake Jack
17031,United Kingdom,Beverly Anderson,beverly897@example.com,F,Silver,4/23/2021,Jenniferfurt
15920,United Kingdom,Thomas Moore,thomas619@example.com,F,Bronze,11/11/2022,Lake John
15839,United Kingdom,Natalie Martinez,natalie421@example.net,F,Silver,2/23/2022,Lawrencemouth
15342,United Kingdom,Teresa Williams,teresa490@example.com,F,Bronze,10/15/2021,Englishborough
16582,United Kingdom,Eric Russell,eric803@example.org,F,Gold,11/23/2022,New Debra
14687,United Kingdom,Bernard Rice,bernard286@example.net,F,Gold,7/18/2025,Lake Mariefort
15074,United Kingdom,Jonathan Lewis,jonathan325@example.org,M,Bronze,2/5/2025,Garyshire
15136,United Kingdom,Mark Wu,mark796@example.com,F,Bronze,3/19/2025,Fergusonburgh
15523,United Kingdom,Laurie Reed,laurie132@example.org,F,Bronze,1/10/2022,West Natalie
16215,United Kingdom,Cynthia Wilson,cynthia949@example.com,F,Silver,8/28/2022,Markstad
15399,United Kingdom,Wesley Farley,wesley142@example.com,M,Bronze,11/27/2021,Gibsonville
18278,United Kingdom,Amanda Pierce,amanda981@example.com,F,Bronze,3/18/2022,Robertborough
15264,United Kingdom,Anthony Cherry,anthony658@example.com,M,Silver,1/10/2023,Port Dianastad
17509,United Kingdom,Adam Alvarado,adam397@example.net,F,Silver,5/4/2025,Feliciaview
16104,United Kingdom,Stephen Collins,stephen918@example.net,M,Bronze,10/8/2024,Danaville
16179,United Kingdom,Cory Harrison,cory577@example.org,F,Bronze,10/4/2025,Jamesstad
16430,United Kingdom,Lorraine Barton DVM,lorraine692@example.net,F,Bronze,12/22/2024,New Dennis
17824,United Kingdom,Natalie Brown,natalie926@example.org,F,Gold,1/28/2025,Port John
15006,United Kingdom,Dana Rodriguez,dana308@example.net,F,Bronze,9/26/2024,Mariotown
16284,United Kingdom,Steven Schaefer,steven298@example.net,M,Bronze,3/10/2022,Veronicaview
14158,United Kingdom,Patricia Lambert,patricia147@example.net,M,Silver,6/25/2025,New Michaelfort
13673,United Kingdom,Kenneth Hart,kenneth954@example.com,F,Silver,7/7/2024,Joannaland
14073,United Kingdom,Angela Baker,angela190@example.org,F,Silver,9/27/2022,Leachberg
14140,United Kingdom,Edward Simpson,edward285@example.org,M,Bronze,6/28/2025,North Chris
16986,United Kingdom,Samantha Underwood,samantha687@example.net,M,Gold,2/28/2022,New Martha
17500,United Kingdom,Ashley Shields,ashley413@example.com,M,Bronze,2/12/2025,South Henry
17253,United Kingdom,Kenneth Weber,kenneth584@example.net,M,Bronze,1/2/2022,North Melissaview
16376,United Kingdom,Rebekah Patrick,rebekah220@example.com,M,Silver,4/4/2022,West Peter
14954,United Kingdom,Gregory Thomas,gregory381@example.com,M,Bronze,10/8/2024,New Melanie
13777,United Kingdom,Jason Hall,jason700@example.net,M,Bronze,8/28/2021,Mistyberg
13065,United Kingdom,Heather Stephenson,heather192@example.net,M,Silver,1/25/2024,Woodchester
13715,United Kingdom,Denise Lewis,denise125@example.com,M,Bronze,10/12/2023,Colefort
16752,United Kingdom,Daniel Scott,daniel698@example.net,F,Bronze,6/13/2024,Huffborough
14680,United Kingdom,Paula Gomez,paula185@example.com,F,Silver,4/11/2024,Ralphmouth
15716,United Kingdom,Ronald Lewis,ronald532@example.com,F,Bronze,8/4/2024,Jasonview
16161,United Kingdom,Edgar Murphy,edgar745@example.org,M,Bronze,6/5/2021,Sharpmouth
12913,United Kingdom,Gabriela Washington,gabriela192@example.net,M,Bronze,4/19/2024,Hallview
17324,United Kingdom,Allison White,allison764@example.org,M,Bronze,11/30/2020,Cardenasview
15347,United Kingdom,Ms. Alexis Harrison,ms597@example.com,M,Bronze,6/15/2022,New Kathleen
16579,United Kingdom,Mark Chambers,mark835@example.net,F,Bronze,7/13/2023,Emilyfort
16083,United Kingdom,Shane Wright,shane179@example.net,F,Bronze,9/1/2022,Hoffmanchester
16607,United Kingdom,Daniel Escobar,daniel359@example.org,F,Silver,7/25/2025,Margaretberg
15160,United Kingdom,Kenneth Rangel,kenneth624@example.org,M,Bronze,8/21/2023,Hopkinston
16112,United Kingdom,Brian Compton,brian577@example.org,F,Bronze,10/8/2021,West Deborah
16235,United Kingdom,Natalie Mills,natalie674@example.net,F,Bronze,2/6/2023,Lisaton
13993,United Kingdom,Trevor Villegas,trevor570@example.org,F,Silver,2/25/2023,Lopezfort
17504,United Kingdom,Michael Larson,michael409@example.org,M,Bronze,6/17/2022,Tanyaport
14068,United Kingdom,Stacey Alvarez,stacey555@example.net,M,Silver,10/6/2022,Port Linda
15967,United Kingdom,Joseph Brown,joseph537@example.com,M,Gold,4/8/2022,Berryhaven
12929,United Kingdom,Michael Carr,michael985@example.org,M,Gold,8/10/2022,Taylorberg
16030,United Kingdom,Angela Snow,angela829@example.net,M,Bronze,3/27/2021,Port Jessica
16938,United Kingdom,David Martinez,david410@example.org,F,Silver,1/2/2022,Kelleyshire
13309,United Kingdom,Cynthia Bryant,cynthia726@example.org,M,Bronze,7/6/2024,East Lisa
17083,United Kingdom,Valerie Watson,valerie506@example.net,M,Gold,5/14/2022,Nancybury
15796,United Kingdom,Stacy Wolfe,stacy943@example.com,F,Bronze,11/11/2023,East Terryville
18087,United Kingdom,Samantha Ramirez,samantha198@example.net,F,Silver,8/26/2025,Lake Zacharybury
16509,United Kingdom,Alicia Delgado,alicia400@example.org,M,Gold,6/13/2022,Janettown
14371,United Kingdom,Bobby Morris,bobby832@example.net,F,Silver,11/18/2024,Port Claudiaview
16940,United Kingdom,Maurice Wyatt MD,maurice197@example.org,M,Silver,8/14/2022,Annettebury
13118,United Kingdom,Jennifer Smith,jennifer939@example.net,M,Silver,9/26/2022,South Daniellechester
16838,United Kingdom,Eric Schaefer,eric868@example.com,F,Bronze,11/21/2021,Pamelaville
14447,United Kingdom,Kathleen Graham,kathleen125@example.com,M,Silver,2/1/2022,Port David
13557,United Kingdom,Jesse Hernandez,jesse277@example.org,F,Bronze,7/28/2025,Collinsstad
14727,United Kingdom,Christina Johnson,christina648@example.net,F,Bronze,11/25/2020,New Jamiefort
13358,United Kingdom,Melvin Wilson,melvin430@example.net,F,Bronze,1/2/2024,Parsonsshire
14633,United Kingdom,Jessica Holden,jessica616@example.org,F,Gold,12/3/2024,Booneshire
16619,United Kingdom,Teresa Moss,teresa584@example.org,M,Silver,8/20/2023,South Jaredshire
14875,United Kingdom,Monica Gould,monica444@example.org,F,Silver,11/27/2024,Howellfort
16374,United Kingdom,Claudia Walton,claudia750@example.net,F,Gold,1/22/2024,New Saraport
15410,United Kingdom,Susan Williams,susan935@example.net,M,Silver,5/13/2025,Jodimouth
16620,United Kingdom,Kristen Garcia,kristen953@example.org,M,Bronze,8/27/2023,Jenniferton
14546,United Kingdom,Scott Hernandez,scott725@example.org,F,Bronze,6/9/2025,Wolfton
14403,United Kingdom,Joyce Day,joyce545@example.net,M,Bronze,8/23/2023,North Billy
17906,United Kingdom,Michael Love,michael873@example.org,F,Bronze,4/21/2021,West Crystalshire
15134,United Kingdom,Vanessa Roman MD,vanessa279@example.com,F,Silver,1/8/2021,West Keithshire
16226,United Kingdom,Nicole Nelson,nicole666@example.net,M,Bronze,2/20/2021,Johnland
16399,United Kingdom,Charles Campbell,charles251@example.org,M,Bronze,12/24/2023,Shahbury
13561,United Kingdom,Brian Bowman,brian992@example.net,F,Bronze,1/19/2021,Daughertyshire
15704,United Kingdom,Hannah Mccoy,hannah519@example.com,F,Silver,1/14/2021,New Kennethport
16756,United Kingdom,Victoria Carr,victoria831@example.org,M,Silver,10/14/2025,West Courtney
17245,United Kingdom,Suzanne Graves,suzanne188@example.net,M,Bronze,12/4/2022,Griffithton
14859,United Kingdom,Stephanie Lee,stephanie844@example.com,F,Bronze,9/7/2023,Phillipborough
18150,United Kingdom,Heather Russell,heather139@example.net,F,Silver,4/5/2022,Lake James
15897,United Kingdom,Leslie Bowman,leslie895@example.org,F,Bronze,3/9/2022,Campbellfurt
14891,United Kingdom,Anna Johnson,anna620@example.net,M,Silver,6/30/2025,West Annview
17169,United Kingdom,Amanda Guerra,amanda564@example.org,F,Bronze,8/18/2023,Zacharyhaven
14704,United Kingdom,Gregory Allen,gregory912@example.net,M,Bronze,7/3/2022,Ericland
15585,United Kingdom,Amber Greer,amber397@example.com,M,Silver,2/27/2024,Sotofurt
12904,United Kingdom,Denise Thomas,denise768@example.org,M,Bronze,6/27/2025,Lake Kimberlyview
14855,United Kingdom,Stephen Wilson,stephen723@example.org,F,Silver,2/26/2025,Davidton
15198,United Kingdom,Monique Stewart,monique478@example.org,F,Bronze,2/21/2024,Cassandraside
12885,United Kingdom,Tim Brooks,tim512@example.net,M,Bronze,1/1/2025,Lake Christianport
13500,United Kingdom,Juan Lewis,juan859@example.net,M,Bronze,2/6/2025,West Nicholasfort
16536,United Kingdom,Lawrence Clark,lawrence554@example.org,F,Bronze,12/20/2024,Johnsonhaven
18147,United Kingdom,Leah Brock,leah524@example.net,F,Bronze,5/4/2022,South Rachelview
14306,United Kingdom,John Barrett,john576@example.net,M,Bronze,3/9/2025,Evanston
15466,United Kingdom,Christopher Cole,christopher958@example.net,F,Silver,12/1/2021,Suttonburgh
16189,United Kingdom,Jimmy Palmer,jimmy238@example.net,F,Gold,11/2/2022,West Dana
15949,United Kingdom,Travis Ramos,travis446@example.org,F,Bronze,9/30/2025,Powellside
15937,United Kingdom,Laurie Price,laurie945@example.org,M,Silver,3/13/2024,Murphymouth
18088,United Kingdom,Austin Green,austin485@example.com,F,Bronze,10/8/2022,Floresborough
14537,United Kingdom,Dawn Sellers,dawn761@example.net,F,Gold,10/2/2021,Elizabethton
17614,United Kingdom,Kayla Rivers,kayla317@example.net,M,Bronze,5/5/2024,Port Sarah
13978,United Kingdom,Tammy Williams,tammy303@example.com,M,Gold,7/12/2021,West Stephen
14102,United Kingdom,Emily Smith,emily962@example.com,M,Silver,5/30/2021,New Pamborough
18022,United Kingdom,Austin Bishop,austin954@example.com,F,Gold,2/28/2021,New Christopher
12882,United Kingdom,Alexis Lee,alexis479@example.com,F,Bronze,1/6/2022,Port Carrie
13322,United Kingdom,Mark Bowman,mark748@example.net,M,Bronze,3/3/2021,Christopherstad
13521,United Kingdom,Rita Brown,rita367@example.net,F,Silver,11/27/2022,Port Paulaburgh
16210,United Kingdom,Debra Brown,debra964@example.net,F,Bronze,12/19/2021,Charlesburgh
17873,United Kingdom,Stephanie Gallagher,stephanie145@example.net,M,Bronze,11/22/2021,Carterberg
12921,United Kingdom,Ashley Lopez,ashley311@example.net,F,Silver,7/10/2023,Lake Kimberlyview
14606,United Kingdom,Jose Wells,jose150@example.net,F,Bronze,6/20/2023,North Bradleytown
14390,United Kingdom,Michael Smith,michael620@example.org,M,Bronze,11/8/2020,Susanland
15808,United Kingdom,Jorge Holt,jorge974@example.com,M,Bronze,3/4/2021,Alexandermouth
16411,United Kingdom,Sarah Hall,sarah431@example.org,M,Silver,6/22/2022,Goodmantown
16143,United Kingdom,Jeffrey Hall,jeffrey939@example.com,F,Bronze,2/11/2025,Lake Brittanyfort
15002,United Kingdom,Kelly Moyer,kelly213@example.org,M,Bronze,9/21/2021,West Patrick
15596,United Kingdom,Jamie Norris,jamie875@example.com,F,Bronze,7/26/2024,Jeffreyhaven
14107,United Kingdom,David Rivera,david283@example.com,F,Bronze,8/13/2025,Huntshire
15514,United Kingdom,Jason Blankenship,jason817@example.org,F,Silver,6/22/2024,East Brandonside
13209,United Kingdom,Mary Potter,mary699@example.org,F,Gold,8/16/2022,North Lesliestad
17611,United Kingdom,Jennifer Shelton,jennifer176@example.com,M,Bronze,5/1/2024,Port Ryan
16202,United Kingdom,Elizabeth Hill,elizabeth808@example.net,M,Bronze,6/4/2024,East Jenniferbury
18050,United Kingdom,Jane Rodriguez,jane416@example.net,M,Bronze,12/13/2024,East Micheleberg
17214,United Kingdom,Amanda Johnson,amanda393@example.net,F,Silver,4/15/2024,West Karen
15290,United Kingdom,Robert Miller,robert717@example.org,F,Bronze,7/8/2022,Kimberlyshire
16670,United Kingdom,Amanda Howell,amanda823@example.com,M,Bronze,8/14/2024,South Kevin
13029,United Kingdom,Ryan Combs,ryan881@example.net,M,Bronze,12/8/2021,New Candice
14732,United Kingdom,Danielle Levy,danielle942@example.net,M,Bronze,2/25/2022,New Megan
16600,United Kingdom,Charles Marshall,charles285@example.net,M,Bronze,5/28/2023,South Christybury
15464,United Kingdom,Stephanie Nicholson,stephanie564@example.com,M,Bronze,8/29/2021,Lake Monica
14828,United Kingdom,Steven Spears,steven895@example.net,M,Bronze,10/21/2024,Cantrellview
17095,United Kingdom,Lee Foley,lee601@example.com,F,Bronze,2/25/2025,Melissaberg
16997,United Kingdom,Victoria Kerr,victoria807@example.com,F,Bronze,11/11/2021,Lake Sandra
13703,United Kingdom,Marissa Mcbride,marissa523@example.com,M,Bronze,7/14/2021,Heidiberg
16124,United Kingdom,William Kramer,william936@example.net,M,Bronze,6/21/2021,Jennifermouth
14194,United Kingdom,Darin Rogers,darin731@example.org,F,Silver,12/9/2022,Houstonside
12857,United Kingdom,Jennifer Baker,jennifer205@example.org,M,Silver,12/15/2022,North Vincentview
16084,United Kingdom,Joel Armstrong,joel992@example.org,F,Silver,10/24/2021,Zhangberg
17612,United Kingdom,Kristen Anderson,kristen635@example.org,M,Bronze,8/1/2025,Port Jacob
18138,United Kingdom,Kendra Banks,kendra679@example.com,F,Silver,2/1/2022,Sanchezville
17770,United Kingdom,Caleb Cunningham,caleb861@example.net,M,Bronze,7/27/2023,Bookerland
15026,United Kingdom,Joseph Vega,joseph245@example.com,F,Silver,9/21/2023,South Erictown
17351,United Kingdom,Amber Miller,amber162@example.net,F,Bronze,9/10/2025,West Melissa
15125,United Kingdom,Peter Smith,peter343@example.org,M,Gold,1/11/2025,Lake Amanda
17678,United Kingdom,Ashlee Stewart,ashlee696@example.com,F,Silver,5/31/2025,Jonathanmouth
15437,United Kingdom,Eric Conrad,eric712@example.org,F,Bronze,6/18/2021,New Tammyberg
17783,United Kingdom,Max Howard,max201@example.net,M,Bronze,2/14/2024,Lake Ashley
15665,United Kingdom,Joseph Hampton,joseph848@example.net,F,Bronze,3/9/2024,North Joseph
14339,United Kingdom,Brandon Cruz,brandon510@example.net,F,Silver,6/27/2024,Kennethton
16249,United Kingdom,Alex Hester,alex193@example.com,M,Bronze,8/15/2023,Christianland
18009,United Kingdom,Yolanda Taylor,yolanda132@example.net,M,Bronze,3/1/2021,Steventown
13376,United Kingdom,Christine Thompson,christine209@example.org,M,Silver,7/7/2021,Parkertown
15128,United Kingdom,Brian Brown,brian764@example.com,M,Silver,6/8/2021,Greenside
13741,United Kingdom,Cheryl Baird,cheryl144@example.com,F,Silver,7/16/2023,Port Alicia
14591,United Kingdom,Steven Davis,steven864@example.org,F,Bronze,11/17/2021,Johnfort
15907,United Kingdom,Lauren Ramos,lauren384@example.com,M,Bronze,7/18/2023,North Shari
14873,United Kingdom,Rachel Williams,rachel105@example.net,M,Bronze,5/6/2025,South Debbieborough
16091,United Kingdom,Matthew Nolan,matthew595@example.net,M,Bronze,3/23/2024,Calderonville
14597,United Kingdom,Jessica George,jessica379@example.net,F,Bronze,3/7/2022,Port John
14500,United Kingdom,Daniel David,daniel232@example.com,M,Gold,8/12/2023,Port Jefferyland
14285,United Kingdom,Edward Lewis,edward753@example.net,F,Silver,2/8/2024,Erikaton
13826,United Kingdom,Peter Barrera,peter876@example.com,F,Silver,5/8/2024,Hamiltonstad
17759,United Kingdom,Heather Vaughn,heather114@example.org,M,Silver,1/5/2023,Lisaville
18024,United Kingdom,Angela Cowan,angela375@example.com,M,Bronze,12/1/2023,Jamesland
14690,United Kingdom,Michael Robinson,michael985@example.com,F,Bronze,10/23/2023,East John
13311,United Kingdom,Joshua Vaughn,joshua347@example.org,F,Silver,2/3/2022,Harristown
13116,United Kingdom,Debbie Allen,debbie590@example.net,F,Bronze,9/5/2022,West Christinabury
17584,United Kingdom,Michelle Turner,michelle987@example.com,F,Bronze,4/12/2023,Bradleyton
12962,United Kingdom,Victor Fuentes,victor451@example.org,F,Bronze,2/8/2023,Jimenezside
14452,United Kingdom,Daniel Bennett,daniel860@example.com,F,Gold,4/21/2022,Roachchester
12883,United Kingdom,Edwin Johnson,edwin443@example.org,M,Bronze,5/7/2021,East Pam
17037,United Kingdom,Barbara Tran,barbara211@example.org,M,Gold,11/19/2023,West Courtney
13860,United Kingdom,Robert Bennett,robert149@example.org,F,Bronze,3/12/2021,Charlottemouth
17144,United Kingdom,Kimberly Jones,kimberly445@example.com,M,Bronze,9/7/2021,Kellyburgh
17415,United Kingdom,Jose Perkins,jose711@example.org,F,Bronze,1/25/2021,Port Chadport
17131,United Kingdom,Hunter Frazier,hunter500@example.com,M,Silver,11/12/2024,Port Perryfort
15568,United Kingdom,Michael Riley,michael913@example.com,M,Bronze,10/17/2025,Alexandriastad
17119,United Kingdom,Heather Christian,heather742@example.org,M,Gold,5/3/2023,Adriantown
16171,United Kingdom,John Jones,john770@example.com,M,Bronze,11/18/2020,South Brucefort
16851,United Kingdom,Richard Miller,richard282@example.org,F,Bronze,10/12/2022,Port Davidmouth
13447,United Kingdom,Jacob Rose,jacob600@example.net,F,Silver,7/27/2023,Teresaville
15153,United Kingdom,Thomas Pope,thomas384@example.org,F,Silver,6/11/2021,New Marilyn
15654,United Kingdom,April Johnson,april818@example.net,F,Bronze,4/4/2025,Vasquezfurt
14756,United Kingdom,Alexander Woods,alexander312@example.net,M,Bronze,5/16/2023,East Debbieburgh
13332,United Kingdom,Daniel Mora,daniel317@example.net,M,Bronze,8/2/2023,Hudsonbury
15060,United Kingdom,Chase Orr,chase683@example.net,F,Bronze,2/23/2023,North Marieberg
14578,United Kingdom,Eric Brown,eric899@example.com,F,Bronze,4/27/2023,Port James
15471,United Kingdom,Larry Lee,larry308@example.net,M,Bronze,5/11/2024,South Matthew
13436,United Kingdom,Donald White,donald264@example.org,F,Silver,7/29/2021,Katrinaberg
14688,United Kingdom,Lisa Fleming,lisa462@example.net,M,Bronze,11/3/2022,South Catherine
13941,United Kingdom,Pamela Meyer,pamela878@example.org,M,Silver,6/24/2022,Timfurt
18041,United Kingdom,Timothy Hunt,timothy858@example.org,M,Silver,12/19/2020,Anthonyville
15640,United Kingdom,Nicholas Wu,nicholas904@example.com,F,Bronze,3/12/2024,Port Anna
15384,United Kingdom,Bradley Dickerson,bradley265@example.net,M,Silver,2/3/2021,Andradeville
14576,United Kingdom,Nathan Hayes,nathan590@example.net,M,Bronze,2/11/2021,South Michael
17796,United Kingdom,Natasha Morris,natasha970@example.com,M,Silver,1/16/2023,South Cassandra
15301,United Kingdom,Nicholas Anderson,nicholas156@example.com,M,Bronze,6/8/2024,West Samuel
15602,United Kingdom,Ann Meyer,ann515@example.org,M,Silver,1/6/2024,North Michaelchester
17720,United Kingdom,Natalie Hudson,natalie655@example.net,M,Bronze,4/10/2022,Lake Keith
17706,United Kingdom,Jennifer Thomas,jennifer325@example.net,F,Silver,7/8/2025,Wademouth
15973,United Kingdom,David Wood,david171@example.com,M,Silver,7/26/2024,New Cassandra
14037,United Kingdom,Michael Kelly,michael709@example.com,M,Bronze,9/9/2025,Jeanland
17007,United Kingdom,Vincent Black,vincent911@example.com,M,Bronze,7/29/2025,West Andrew
16885,United Kingdom,Danielle Henderson,danielle514@example.net,F,Silver,6/1/2025,Elizabethton
13901,United Kingdom,Nathan Keller DDS,nathan203@example.com,F,Bronze,7/19/2024,Myerstown
14467,United Kingdom,Brenda Valencia,brenda229@example.net,M,Bronze,12/10/2024,New Stephanieville
17147,United Kingdom,Alan Jones,alan612@example.com,M,Silver,7/25/2022,New Sarahmouth
16405,United Kingdom,Rebecca Rivera,rebecca365@example.com,M,Bronze,12/9/2023,East Raymond
17774,United Kingdom,Angela Marsh,angela188@example.com,M,Silver,5/10/2021,Ambermouth
14035,United Kingdom,Larry Reynolds,larry825@example.net,F,Bronze,3/23/2021,West Kevinberg
13044,United Kingdom,Joseph Lee,joseph830@example.net,M,Bronze,2/4/2023,Vickiemouth
16349,United Kingdom,Trevor Lopez,trevor440@example.org,F,Bronze,10/15/2021,Rayhaven
17516,United Kingdom,Michelle Spencer,michelle806@example.org,F,Bronze,6/13/2024,West Katherine
15733,United Kingdom,Kevin Fox,kevin257@example.org,M,Bronze,9/20/2024,Marcmouth
14422,United Kingdom,Anthony Roberts,anthony239@example.net,F,Silver,12/11/2023,Ronaldstad
14155,United Kingdom,Stephen Hutchinson,stephen503@example.org,M,Bronze,7/22/2022,Robertmouth
16180,United Kingdom,Robert James,robert832@example.net,M,Bronze,9/23/2024,West Taylor
15201,United Kingdom,Edwin Jones,edwin473@example.com,F,Gold,4/27/2024,East Patricia
14619,United Kingdom,Michele Hill,michele269@example.com,F,Bronze,7/4/2025,Marquezmouth
16837,United Kingdom,Charles Hernandez,charles338@example.org,F,Bronze,1/18/2023,Campbellland
13692,United Kingdom,Courtney Blackburn,courtney512@example.org,M,Bronze,10/14/2022,North Jennifertown
17718,United Kingdom,Wesley Sims,wesley490@example.net,M,Bronze,3/26/2024,Lake Brianton
13637,United Kingdom,Daniel Clark,daniel693@example.com,F,Bronze,12/30/2020,West Shirleychester
16007,United Kingdom,Luis Nelson,luis665@example.net,F,Bronze,9/14/2023,Garymouth
15734,United Kingdom,Eugene Barnes,eugene808@example.org,M,Bronze,2/15/2024,Beanborough
12974,United Kingdom,Donald Doyle,donald203@example.net,F,Silver,4/15/2024,East Bruce
17360,United Kingdom,Dana Brandt,dana288@example.org,F,Bronze,8/11/2021,South Brian
16018,United Kingdom,Jonathan Young,jonathan893@example.com,F,Silver,2/17/2023,Port Ian
16545,United Kingdom,Brenda Cabrera,brenda225@example.com,F,Bronze,6/13/2023,Port Rachel
16829,United Kingdom,Sonia Smith,sonia616@example.org,F,Silver,8/19/2022,North Williamshire
14332,United Kingdom,Michael Owen,michael638@example.net,M,Bronze,10/10/2022,Amandaberg
16557,United Kingdom,Allison Mcdowell,allison231@example.com,F,Silver,11/13/2024,Natalieville
17514,United Kingdom,John Wallace,john855@example.com,F,Bronze,8/21/2021,Lake Jessicaside
14024,United Kingdom,Carol Thornton,carol339@example.org,M,Bronze,9/17/2024,Stephanieport
13470,United Kingdom,Julie Schwartz,julie224@example.org,F,Silver,6/1/2022,Youngchester
16201,United Kingdom,Donald Miller,donald906@example.org,M,Bronze,10/23/2022,New Craig
13236,United Kingdom,Annette Saunders,annette473@example.net,M,Silver,3/26/2025,New Michele
13276,United Kingdom,Brittany Smith,brittany590@example.org,F,Bronze,11/29/2024,East Susan
15522,United Kingdom,Robert Hutchinson,robert200@example.com,M,Silver,11/5/2024,North Michaelville
16108,United Kingdom,Sara Medina,sara797@example.org,F,Gold,8/12/2024,Holtshire
14780,United Kingdom,Diane Walker,diane159@example.net,M,Bronze,1/13/2022,Bryantstad
15603,United Kingdom,Lucas Durham,lucas776@example.org,F,Silver,7/15/2024,Margaretfurt
13536,United Kingdom,Thomas Mathews,thomas950@example.com,F,Silver,1/1/2023,Gibsonmouth
15066,United Kingdom,Kenneth Williams,kenneth237@example.net,M,Bronze,3/11/2025,Jenniferbury
15678,United Kingdom,Sandra Neal,sandra733@example.net,F,Bronze,11/10/2021,Danielsville
17125,United Kingdom,Timothy Daniels,timothy963@example.com,M,Bronze,11/19/2022,West Candiceshire
15836,United Kingdom,Timothy Davis,timothy830@example.net,F,Bronze,4/22/2021,North Leah
14629,United Kingdom,Curtis Stanley,curtis905@example.org,M,Bronze,3/19/2025,East Brandyhaven
15158,United Kingdom,David Trevino,david422@example.org,F,Bronze,10/18/2023,North April
14598,United Kingdom,Daniel Scott,daniel990@example.net,M,Gold,4/27/2025,Simmonsside
18035,United Kingdom,Gary King,gary360@example.net,F,Bronze,2/28/2025,South Terri
16601,United Kingdom,Candice Black,candice373@example.org,F,Bronze,1/26/2024,East Susanville
16506,United Kingdom,Dylan Phillips,dylan868@example.org,M,Bronze,12/9/2023,Norrisstad
17793,United Kingdom,Wesley Mckinney,wesley752@example.org,M,Bronze,11/12/2022,South Ericmouth
16423,United Kingdom,David Ross,david832@example.com,M,Bronze,1/29/2021,Phillipsfurt
15645,United Kingdom,Jeremy Barrett,jeremy811@example.net,F,Bronze,2/3/2025,Marymouth
17458,United Kingdom,Steven Hess,steven423@example.com,F,Bronze,8/29/2025,Lake Andrew
13748,United Kingdom,Kristin Fischer,kristin367@example.org,M,Bronze,6/29/2023,Port Mark
14045,United Kingdom,Timothy Snyder,timothy681@example.com,M,Bronze,12/22/2023,Tiffanyview
14078,United Kingdom,Joshua Mullen,joshua215@example.org,M,Bronze,3/29/2024,Morganfort
17025,United Kingdom,Taylor Ferrell,taylor802@example.com,M,Bronze,5/21/2025,New Levi
13418,United Kingdom,Jasmine Young,jasmine778@example.com,F,Bronze,12/18/2023,Dixonhaven
14775,United Kingdom,Vickie Thomas,vickie991@example.net,M,Silver,5/24/2021,New Matthew
14679,United Kingdom,Javier Small,javier495@example.com,F,Bronze,3/6/2024,Wrightland
17674,United Kingdom,Brooke Dunn,brooke567@example.com,F,Bronze,4/27/2024,Port Philip
13270,United Kingdom,Teresa Kennedy,teresa471@example.com,M,Bronze,10/10/2024,Shannonberg
16700,United Kingdom,Evelyn Taylor,evelyn890@example.net,M,Bronze,7/20/2025,Castrostad
17576,United Kingdom,Cathy Martinez,cathy245@example.net,M,Gold,5/30/2023,East Lisa
14543,United Kingdom,Timothy Lee,timothy140@example.org,M,Gold,10/27/2025,Port Hannahville
14062,United Kingdom,Grace Thomas,grace100@example.com,F,Bronze,3/29/2025,Lake Stephanie
16367,United Kingdom,Crystal Erickson,crystal728@example.com,M,Bronze,1/25/2022,South Cynthia
14413,United Kingdom,Beverly Murphy,beverly206@example.com,M,Bronze,4/2/2023,Davidfort
17618,United Kingdom,William Olson,william411@example.com,F,Silver,5/11/2021,Michaelmouth
13802,United Kingdom,Kelly Foster,kelly704@example.com,M,Bronze,4/3/2023,East Todd
13238,United Kingdom,Jacob Fisher,jacob770@example.com,F,Bronze,4/27/2023,Princeberg
13627,United Kingdom,Christopher Travis,christopher497@example.net,F,Silver,9/14/2023,Rodriguezburgh
14099,United Kingdom,Ronald Hernandez,ronald310@example.org,F,Gold,5/5/2023,Watsonview
13953,United Kingdom,David Cruz,david395@example.org,F,Silver,6/11/2022,Garciaview
16833,United Kingdom,Anthony Delacruz,anthony226@example.org,F,Bronze,9/12/2023,Morganport
14715,United Kingdom,Sheri Schwartz,sheri777@example.org,F,Bronze,9/26/2023,North Larrychester
14976,United Kingdom,Rhonda Hayes,rhonda299@example.net,F,Bronze,1/6/2025,Harrisbury
15797,United Kingdom,James Roman,james958@example.org,F,Bronze,11/3/2024,North Gina
14130,United Kingdom,Michelle Leon,michelle164@example.net,F,Bronze,11/1/2021,Wilsonchester
12854,United Kingdom,Taylor Townsend,taylor508@example.net,F,Bronze,2/11/2023,West Shelley
17314,United Kingdom,Sherry Fletcher,sherry598@example.org,M,Bronze,12/10/2023,West Jasmine
16378,United Kingdom,Thomas Turner,thomas178@example.org,F,Silver,6/23/2023,New Robert
15638,United Kingdom,Kari Martin,kari264@example.com,F,Bronze,4/11/2024,Port Reginaldfurt
17472,United Kingdom,Matthew Tate,matthew149@example.com,M,Bronze,3/19/2022,Chambersland
13018,United Kingdom,Steven Spencer,steven806@example.net,F,Silver,12/27/2022,Port Jacob
12852,United Kingdom,Melinda Wells,melinda101@example.com,F,Bronze,11/25/2023,West Debrachester
17002,United Kingdom,Michele Morgan,michele232@example.com,F,Bronze,2/1/2021,Jordanborough
14276,United Kingdom,Oscar Martin,oscar871@example.org,M,Bronze,7/7/2021,Port Alicia
16571,United Kingdom,Sarah Moss,sarah672@example.com,M,Silver,8/23/2024,East Connorshire
17856,United Kingdom,Mary Pacheco,mary866@example.com,M,Bronze,4/11/2024,Brianfort
15047,United Kingdom,Rodney Lane,rodney314@example.org,M,Silver,8/4/2021,Brandonton
16297,United Kingdom,Bradley Newton,bradley399@example.net,F,Bronze,1/31/2024,East Aliciatown
16152,United Kingdom,Linda Gallegos,linda179@example.com,F,Bronze,11/27/2023,Velazquezview
17134,United Kingdom,Andrew Peters,andrew708@example.com,F,Bronze,6/10/2024,Paulstad
14377,United Kingdom,Kevin Wilkerson,kevin286@example.org,M,Silver,7/4/2024,North Andrew
13132,United Kingdom,Gabrielle Morris,gabrielle817@example.net,M,Bronze,2/2/2024,Port Connieview
15980,United Kingdom,Gerald Meyer,gerald957@example.org,F,Bronze,8/21/2024,Toddfurt
13059,United Kingdom,Jeremy Ramirez,jeremy324@example.net,M,Bronze,10/30/2025,North Dalton
17886,United Kingdom,Jessica Gates,jessica120@example.org,F,Bronze,6/23/2024,Brianmouth
13548,United Kingdom,Tammie Washington,tammie230@example.com,M,Bronze,12/28/2022,South Eric
15508,United Kingdom,Rodney Ross,rodney111@example.com,F,Bronze,1/20/2023,Schwartzhaven
16103,United Kingdom,Eric Brooks,eric667@example.net,F,Silver,2/20/2023,North Ariana
16099,United Kingdom,Peter Chavez,peter826@example.com,F,Bronze,4/15/2024,Brianstad
13229,United Kingdom,Vincent Owens,vincent503@example.com,F,Silver,3/8/2022,North Lauren
13055,United Kingdom,Trevor Gilmore,trevor179@example.com,F,Bronze,9/13/2021,Heatherton
14731,United Kingdom,Kyle Thompson,kyle661@example.net,F,Bronze,2/8/2022,Maryborough
18133,United Kingdom,Gregory Conner,gregory288@example.com,M,Silver,11/27/2022,North Jeremiah
17664,United Kingdom,Justin Carroll,justin960@example.com,F,Gold,10/24/2021,East Amy
16076,United Kingdom,Marcus Williams,marcus368@example.org,M,Silver,11/18/2024,Wrightmouth
16298,United Kingdom,Gregory Miller,gregory801@example.net,M,Bronze,6/11/2025,East Anna
15267,United Kingdom,Barbara Fischer,barbara291@example.net,F,Silver,3/21/2024,Dodsonton
18281,United Kingdom,Kyle Marquez,kyle321@example.com,M,Bronze,4/7/2021,New Karifurt
13589,United Kingdom,Kristopher Fuller,kristopher191@example.org,M,Bronze,3/31/2022,Thomasfurt
15007,United Kingdom,Christopher Joseph,christopher865@example.org,M,Bronze,4/13/2024,West Mark
14034,United Kingdom,Ernest Bowman,ernest567@example.org,M,Bronze,6/2/2025,East Janetside
13930,United Kingdom,Jennifer Soto DDS,jennifer240@example.com,M,Bronze,5/29/2023,West Erinchester
15639,United Kingdom,Laura Smith,laura596@example.com,M,Silver,7/11/2023,South Nicolebury
17317,United Kingdom,Albert Snyder,albert196@example.com,F,Bronze,5/21/2025,Maldonadoville
18001,United Kingdom,Amy Sims,amy476@example.org,M,Silver,10/1/2021,Tonytown
16160,United Kingdom,Ronald Hale,ronald413@example.com,M,Bronze,1/6/2023,South Markfurt
15573,United Kingdom,Lauren Duncan,lauren262@example.net,M,Bronze,3/4/2022,North Jasonstad
13314,United Kingdom,Derrick Taylor,derrick933@example.com,M,Silver,7/11/2021,Aguirrefort
17427,United Kingdom,Kelly Walker,kelly507@example.org,M,Bronze,1/7/2024,Jamesfurt
16895,United Kingdom,Madison Oneal,madison232@example.com,M,Silver,6/2/2023,Port Ashleychester
13028,United Kingdom,Morgan Andrews,morgan809@example.org,F,Bronze,7/23/2025,Stephenhaven
14971,United Kingdom,Sarah Shaffer,sarah868@example.net,F,Bronze,12/6/2020,Rhondatown
16026,United Kingdom,Shawn Andrews,shawn731@example.net,M,Bronze,7/11/2025,South Robert
14345,United Kingdom,Martin Castaneda,martin540@example.net,F,Silver,6/18/2021,Meganmouth
13914,United Kingdom,Steven Maddox,steven839@example.com,F,Bronze,8/26/2025,Lake Thomas
17608,United Kingdom,Wendy Vargas,wendy825@example.com,M,Bronze,3/16/2021,Samanthachester
17761,United Kingdom,Scott Rodriguez,scott908@example.com,M,Bronze,11/26/2024,Gibsonborough
18006,United Kingdom,Brian Burke,brian371@example.com,F,Silver,8/15/2024,Allisonville
13160,United Kingdom,Kathy Long,kathy367@example.org,M,Silver,1/14/2022,Mauriceview
17600,United Kingdom,John Bailey,john951@example.org,M,Silver,4/18/2021,Jennafort
17925,United Kingdom,Clayton Hughes,clayton333@example.org,F,Bronze,5/19/2021,Port Ivanfort
13117,United Kingdom,Mary Duke,mary957@example.net,F,Bronze,1/25/2024,Port Matthew
14466,United Kingdom,Heather Zimmerman DDS,heather978@example.net,M,Silver,10/5/2024,East Rodney
15838,United Kingdom,Elizabeth Gomez,elizabeth381@example.com,F,Bronze,4/14/2023,Mccoyview
16781,United Kingdom,Kenneth Brown,kenneth605@example.org,M,Bronze,7/2/2022,South Jordan
18055,United Kingdom,Sheila Mahoney,sheila664@example.org,M,Gold,10/30/2025,West Hunterfurt
13069,United Kingdom,Kyle Golden,kyle441@example.org,M,Silver,12/22/2023,Port Sandraton
13267,United Kingdom,John Lewis,john864@example.net,M,Silver,7/17/2021,Port Nicholas
13329,United Kingdom,Javier Hernandez,javier578@example.org,M,Bronze,6/17/2024,North Jeffreyshire
16893,United Kingdom,Allen Cox,allen616@example.org,M,Bronze,8/16/2025,Reillyview
15811,United Kingdom,Corey Ross,corey104@example.com,F,Bronze,10/24/2022,Barnestown
15159,United Kingdom,Brad Garcia,brad496@example.com,F,Bronze,8/19/2024,West Johnfort
13033,United Kingdom,Matthew Griffin,matthew734@example.com,F,Bronze,12/3/2023,Brennanchester
13869,United Kingdom,Julia Conway,julia456@example.org,F,Silver,8/19/2021,East Robertbury
16424,United Kingdom,Louis Long,louis659@example.com,M,Gold,2/13/2023,North Allison
16493,United Kingdom,Amanda Smith,amanda333@example.org,F,Gold,8/10/2021,New Keithview
17771,United Kingdom,Katherine Kennedy,katherine339@example.net,F,Silver,2/15/2025,Jessicaport
17786,United Kingdom,Makayla Houston,makayla633@example.net,F,Silver,3/2/2021,Perezside
13538,United Kingdom,Alicia Sanford,alicia448@example.org,M,Bronze,3/2/2023,Gillmouth
14776,United Kingdom,Sean Spencer,sean497@example.com,M,Bronze,6/26/2022,Taylorfort
14562,United Kingdom,Emily Hernandez,emily528@example.com,F,Bronze,8/29/2024,New Maria
14211,United Kingdom,Dr. Autumn Wilkerson DDS,dr498@example.org,M,Bronze,1/31/2021,West Justin
13799,United Kingdom,James Norton,james137@example.net,M,Bronze,8/26/2021,New Aaronmouth
15121,United Kingdom,Jacqueline Brown,jacqueline819@example.net,M,Bronze,3/8/2022,Curryton
16005,United Kingdom,David Montgomery,david523@example.org,F,Gold,11/1/2024,East Lauren
15150,United Kingdom,Desiree Green,desiree606@example.net,F,Silver,10/10/2023,West Melissa
14226,United Kingdom,Steven Benson,steven276@example.com,F,Bronze,1/2/2022,South Lindaville
13299,United Kingdom,Mackenzie Dawson,mackenzie801@example.com,F,Silver,12/29/2022,Erikaport
14348,United Kingdom,Martin Butler DDS,martin487@example.com,M,Silver,4/4/2022,Lindatown
18078,United Kingdom,Mary Cruz,mary546@example.org,M,Silver,9/25/2022,West Peterhaven
14476,United Kingdom,Kimberly Adams,kimberly790@example.net,M,Bronze,8/15/2022,Marilynmouth
17440,United Kingdom,Jeremy Torres,jeremy412@example.com,M,Bronze,8/8/2023,Port Scott
18272,United Kingdom,Roger Lawson,roger880@example.net,F,Bronze,3/31/2024,West Rickyfort
15737,United Kingdom,Karen Kent,karen471@example.net,F,Silver,3/19/2025,New Andrewmouth
13474,United Kingdom,Phillip Schmidt,phillip810@example.net,F,Bronze,4/1/2021,Russellshire
17697,United Kingdom,Patrick Woods,patrick766@example.com,M,Bronze,12/22/2022,Lake Carlosmouth
14655,United Kingdom,Paula Horton,paula980@example.net,M,Bronze,7/25/2024,Seanport
14681,United Kingdom,Kenneth Myers,kenneth939@example.org,M,Silver,12/27/2023,Candacechester
17166,United Kingdom,Lauren Williams,lauren508@example.com,M,Silver,4/30/2024,Baldwinstad
16763,United Kingdom,Robert Luna,robert299@example.net,F,Bronze,9/6/2024,Johnbury
18248,United Kingdom,Donna Horton,donna160@example.com,F,Silver,5/23/2023,South Michaelmouth
17234,United Kingdom,Jackie Becker DDS,jackie691@example.com,M,Silver,5/18/2022,West Keith
14178,United Kingdom,Dean King,dean719@example.org,M,Gold,8/2/2023,Christianbury
16869,United Kingdom,Lisa Atkinson,lisa301@example.org,F,Silver,12/8/2023,South Josephberg
15389,United Kingdom,Thomas Hart,thomas794@example.net,M,Bronze,5/10/2022,New Allen
15253,United Kingdom,Diane Marquez,diane379@example.com,M,Bronze,8/25/2025,Jamesville
16589,United Kingdom,Evan Pope,evan777@example.net,F,Bronze,4/9/2022,Port John
17948,United Kingdom,Deborah Allen,deborah542@example.com,M,Bronze,1/22/2022,South Eduardo
13563,United Kingdom,Margaret Wilkins,margaret482@example.com,M,Silver,9/6/2024,New Terry
15942,United Kingdom,James Foley,james826@example.org,M,Bronze,8/2/2021,Duncanchester
15374,United Kingdom,Keith Smith,keith877@example.net,F,Bronze,3/31/2023,Mariabury
14720,United Kingdom,Sandra Curtis,sandra537@example.net,M,Bronze,1/10/2022,Lake David
17298,United Kingdom,Jacqueline Owens,jacqueline990@example.com,F,Silver,5/30/2024,Vargasburgh
15307,United Kingdom,Sarah Griffith,sarah225@example.net,M,Silver,4/22/2022,Paulafurt
18255,United Kingdom,Darryl Carter,darryl887@example.org,M,Bronze,3/16/2023,North Alyssa
13430,United Kingdom,Sarah Castro,sarah732@example.org,F,Silver,9/24/2024,Barkerberg
16878,United Kingdom,David Long,david994@example.net,F,Bronze,11/24/2023,West David
17564,United Kingdom,Jason Hahn,jason247@example.com,F,Bronze,10/19/2023,Heatherburgh
17805,United Kingdom,Sandra Taylor,sandra587@example.net,M,Silver,2/26/2021,North Scottfort
18033,United Kingdom,Teresa Schwartz,teresa346@example.org,M,Bronze,4/5/2023,Mclaughlinmouth
16295,United Kingdom,David Novak,david298@example.com,F,Bronze,1/29/2025,North Richard
17086,United Kingdom,Yvonne Mitchell,yvonne735@example.net,M,Bronze,12/7/2021,Thomasstad
16921,United Kingdom,Lisa Baker,lisa785@example.org,M,Gold,1/19/2023,Matthewton
16542,United Kingdom,William Richmond,william342@example.org,F,Silver,11/9/2020,Port Melissafort
14967,United Kingdom,William Miller,william376@example.net,M,Silver,12/10/2020,Lisahaven
15993,United Kingdom,Amber Aguirre,amber422@example.com,M,Gold,12/10/2023,Port Jeffreyfort
16352,United Kingdom,Amanda Graham,amanda366@example.org,F,Silver,2/5/2022,Keithland
15986,United Kingdom,Jennifer Johnston,jennifer518@example.com,F,Bronze,8/2/2025,Smithmouth
14675,United Kingdom,Spencer Hicks,spencer481@example.net,F,Bronze,8/18/2022,West Kelseybury
17772,United Kingdom,William Carter,william810@example.com,M,Bronze,7/23/2021,Lake Angelamouth
13298,United Kingdom,Diane Evans,diane696@example.net,F,Bronze,4/27/2025,New Brianfurt
17235,United Kingdom,Ashlee King,ashlee233@example.org,F,Gold,6/1/2024,Josephhaven
15107,United Kingdom,Alexandria Gonzalez,alexandria798@example.com,F,Silver,4/20/2023,Gordonview
16353,United Kingdom,Joe King,joe793@example.net,M,Bronze,3/16/2025,North Deborahmouth
15899,United Kingdom,Brandon Allen,brandon838@example.com,F,Bronze,2/28/2023,Port Apriltown
17869,United Kingdom,Tristan Schmitt,tristan876@example.org,F,Bronze,2/9/2025,Christinemouth
14282,United Kingdom,Amy Fernandez,amy797@example.com,F,Bronze,8/31/2022,Lake Christopher
15965,United Kingdom,Mary Sims,mary925@example.org,M,Bronze,1/19/2022,Ronaldfort
16122,United Kingdom,Bryan Ryan,bryan908@example.net,F,Silver,12/21/2022,Sheppardstad
14217,United Kingdom,Dawn Ellis,dawn715@example.net,M,Gold,10/4/2023,Gainesfurt
13984,United Kingdom,Donna Ruiz,donna172@example.org,F,Bronze,7/12/2024,East Theresabury
16795,United Kingdom,James Leonard,james519@example.net,M,Silver,9/14/2021,Marshallfort
17700,United Kingdom,Bryan Lucas,bryan871@example.net,M,Silver,10/19/2022,Patriciaville
14256,United Kingdom,Anthony Jacobs,anthony252@example.net,M,Bronze,9/22/2022,Barnesfort
18016,United Kingdom,Amber Williams,amber843@example.org,F,Silver,12/28/2020,Lewismouth
14577,United Kingdom,Tony Hickman,tony761@example.org,M,Bronze,3/22/2021,Veronicahaven
17194,United Kingdom,Gregory Anderson,gregory814@example.com,F,Bronze,6/14/2025,Beckyfort
13874,United Kingdom,Sandra Lawrence,sandra285@example.org,M,Bronze,4/4/2021,Davidton
15312,United Kingdom,James Green,james159@example.net,F,Bronze,9/12/2022,Port Kimberlyhaven
13629,United Kingdom,Mark Nguyen,mark626@example.net,F,Bronze,8/29/2023,Port Brandy
15139,United Kingdom,Rebecca Carr,rebecca667@example.com,F,Bronze,10/27/2025,Michaelstad
13162,United Kingdom,Mary Wood,mary571@example.org,M,Bronze,8/30/2023,North Nicolemouth
17128,United Kingdom,Ryan Foley,ryan934@example.org,M,Gold,8/23/2021,East Sandraburgh
14229,United Kingdom,Shannon Frazier DDS,shannon155@example.net,M,Bronze,6/18/2025,Jonathanfurt
14587,United Kingdom,Shirley Holland,shirley608@example.com,F,Bronze,7/20/2021,Austinmouth
17602,United Kingdom,Gregory Davidson,gregory172@example.com,F,Bronze,6/18/2021,North Matthewstad
16407,United Kingdom,Teresa Turner,teresa341@example.com,F,Gold,12/11/2021,New Anna
14006,United Kingdom,Carl Branch,carl887@example.org,F,Bronze,4/28/2024,Sueview
15203,United Kingdom,Heidi Cruz,heidi942@example.org,M,Bronze,12/16/2022,West Robert
13728,United Kingdom,Sara Martinez,sara994@example.com,M,Silver,8/16/2025,West Alanstad
13725,United Kingdom,Joshua Morris,joshua651@example.net,M,Bronze,9/10/2022,New Chasefort
13865,United Kingdom,Jesse Briggs,jesse276@example.org,M,Bronze,3/13/2025,Barronport
17063,United Kingdom,Alan Smith,alan298@example.com,F,Bronze,12/23/2023,Morrisstad
16462,United Kingdom,Allison Taylor,allison981@example.com,F,Silver,1/18/2021,Donaldtown
12834,United Kingdom,Thomas Lopez,thomas641@example.net,F,Gold,4/6/2021,South Brianaton
15636,United Kingdom,Gregory Perry,gregory604@example.net,M,Bronze,8/15/2023,Beckberg
14570,United Kingdom,Keith Zimmerman,keith802@example.com,M,Bronze,9/10/2021,Greenburgh
16712,United Kingdom,Stephen Thornton,stephen467@example.com,M,Bronze,11/25/2023,Perkinsfurt
13341,United Kingdom,Kimberly Roberts,kimberly737@example.org,F,Bronze,4/14/2024,Avilaside
15178,United Kingdom,Megan Pope,megan561@example.org,M,Bronze,1/6/2023,East Steventown
14195,United Kingdom,Michele Black,michele538@example.com,F,Gold,12/21/2020,New Allisonville
16142,United Kingdom,Ann Anthony,ann322@example.com,F,Bronze,7/15/2025,East Jameshaven
16696,United Kingdom,Joshua Houston,joshua941@example.org,M,Bronze,10/12/2021,Lake Sean
14311,United Kingdom,George Cruz,george312@example.com,F,Bronze,9/10/2023,Meyerville
13544,United Kingdom,Emily Williams,emily724@example.net,F,Silver,5/15/2024,South Donnatown
14834,United Kingdom,Shirley Scott,shirley782@example.net,F,Bronze,9/30/2021,Port Dana
13762,United Kingdom,Andrew Lopez,andrew600@example.net,M,Bronze,9/19/2021,Stephanieburgh
17578,United Kingdom,Christina Conley,christina527@example.org,M,Bronze,2/8/2023,New Anthonyport
16116,United Kingdom,Derrick Nelson,derrick738@example.com,M,Bronze,8/15/2024,South Bryanfort
16877,United Kingdom,Mark Hill,mark457@example.net,F,Silver,3/22/2025,Cynthiaside
14038,United Kingdom,Justin Kelley,justin456@example.net,M,Gold,9/9/2025,Ashleyside
15349,United Kingdom,Brittany Barajas,brittany642@example.org,M,Bronze,6/9/2023,North Thomas
14241,United Kingdom,Maria Mcneil,maria721@example.net,F,Silver,12/7/2024,East Victoriaview
14132,United Kingdom,Jonathan Rodriguez,jonathan382@example.org,F,Gold,7/24/2022,East David
15098,United Kingdom,Catherine Smith,catherine498@example.com,F,Gold,2/17/2024,Wilsonton
13517,United Kingdom,Allen Bolton,allen815@example.com,F,Bronze,5/3/2023,Kimberlyshire
17155,United Kingdom,Holly Nixon,holly402@example.org,M,Silver,1/1/2023,Barbaramouth
14459,United Kingdom,Michelle Maxwell,michelle743@example.com,M,Silver,12/19/2024,New Dorothychester
13933,United Kingdom,Casey Rodriguez,casey623@example.org,M,Silver,11/12/2023,Jenkinsmouth
15623,United Kingdom,Ryan Wilson,ryan463@example.com,F,Bronze,4/25/2022,Valenzuelaville
15776,United Kingdom,Angela Smith,angela171@example.org,F,Bronze,10/17/2022,West Marilyn
18200,United Kingdom,Janet Brown,janet256@example.com,F,Gold,11/22/2021,Morrisontown
13949,United Kingdom,Shelby Jensen,shelby368@example.net,F,Bronze,3/20/2021,East Teresaton
13210,United Kingdom,David Willis,david340@example.com,F,Silver,2/3/2021,Thomasberg
16910,United Kingdom,Fred Castillo,fred904@example.net,M,Bronze,10/22/2023,Whitakerbury
17679,United Kingdom,Craig Roberts,craig133@example.com,F,Silver,9/10/2023,South Nathanville
13325,United Kingdom,Christopher Terry,christopher768@example.net,F,Bronze,5/29/2024,Taylorland
16260,United Kingdom,Jason Carney,jason737@example.net,M,Bronze,3/20/2023,Carsonstad
16491,United Kingdom,Robin Bowers,robin420@example.net,F,Silver,9/18/2022,Thomaschester
13182,United Kingdom,Barbara Wells,barbara103@example.net,M,Bronze,5/22/2023,Danielleview
14550,United Kingdom,Jennifer Rollins,jennifer450@example.org,F,Bronze,4/8/2022,Aaronfort
16505,United Kingdom,Kimberly Patel,kimberly697@example.org,M,Bronze,7/14/2021,Morsefurt
18123,United Kingdom,David Pacheco,david859@example.net,M,Silver,9/11/2024,Tammychester
17901,United Kingdom,Rebecca Morgan,rebecca767@example.com,F,Bronze,11/6/2023,Lake Joy
14494,United Kingdom,Dale Nielsen,dale991@example.org,M,Silver,9/17/2025,North Tommyburgh
14581,United Kingdom,Diana Johns,diana299@example.com,F,Bronze,2/10/2023,Rhondaville
14703,United Kingdom,Julia Wilson,julia700@example.com,F,Bronze,9/7/2023,Watsonberg
13256,United Kingdom,Cynthia Hanson,cynthia260@example.net,F,Bronze,5/4/2023,North Rickeyborough
13596,United Kingdom,Christina Pittman,christina187@example.net,F,Bronze,9/3/2023,New Rosestad
14047,United Kingdom,Arthur Wilson,arthur800@example.com,F,Bronze,10/2/2024,North Laura
17616,United Kingdom,Erik Hudson,erik898@example.org,F,Bronze,11/6/2021,South Tonya
17406,United Kingdom,Keith Dominguez,keith423@example.net,F,Bronze,5/9/2023,Mejiaville
14618,United Kingdom,Mr. Shaun Armstrong,mr927@example.com,M,Bronze,4/16/2023,West Stevenmouth
17526,United Kingdom,Michael Shelton,michael796@example.org,F,Bronze,8/15/2021,Barbaraton
15192,United Kingdom,Mary Turner,mary285@example.com,F,Bronze,10/21/2021,Joshuatown
17696,United Kingdom,Jonathan Gould,jonathan455@example.com,M,Bronze,7/15/2025,East Jonathanmouth
17236,United Kingdom,Jacob Obrien,jacob626@example.com,F,Bronze,2/21/2023,Lake Shawn
17372,United Kingdom,Sarah Reed,sarah131@example.org,F,Bronze,10/4/2024,New Travisside
15454,United Kingdom,Dalton Harris,dalton505@example.com,M,Gold,10/8/2023,Port Latoyamouth
17371,United Kingdom,Kristina Joyce,kristina920@example.net,F,Silver,8/15/2021,North Tracyfort
17343,United Kingdom,Kevin Cohen,kevin836@example.org,F,Bronze,9/1/2023,East Michael
16153,United Kingdom,Ashlee Martinez,ashlee743@example.org,F,Silver,7/29/2024,Jonesberg
16850,United Kingdom,Cory Mitchell,cory577@example.net,F,Bronze,11/29/2023,Knoxfort
15189,United Kingdom,Joshua Hughes,joshua750@example.net,M,Silver,2/3/2021,Christinafort
15447,United Kingdom,Micheal Rose,micheal991@example.com,F,Bronze,10/27/2023,Brewerland
14329,United Kingdom,Stephanie Morris,stephanie675@example.org,F,Bronze,11/23/2022,Danaburgh
18069,United Kingdom,Anthony Chase,anthony117@example.net,F,Bronze,6/16/2023,East Brittanymouth
14916,United Kingdom,Christopher Ellis,christopher304@example.net,F,Silver,9/5/2023,South Louisview
15422,United Kingdom,Eric Nelson,eric947@example.com,F,Bronze,10/17/2024,Claychester
16943,United Kingdom,Jason Cain,jason599@example.org,M,Bronze,12/17/2022,Heatherhaven
13552,United Kingdom,Tony Sutton,tony672@example.com,M,Bronze,11/16/2022,East Jonathanburgh
14659,United Kingdom,Sarah Gonzalez,sarah286@example.net,M,Silver,5/10/2023,Port Brianmouth
15940,United Kingdom,Katie Nixon,katie657@example.net,M,Silver,8/4/2023,Samuelton
16992,United Kingdom,Patricia Jones,patricia528@example.org,F,Bronze,8/18/2022,Zacharyshire
16998,United Kingdom,Lindsay Glenn,lindsay501@example.com,M,Bronze,8/11/2024,Earlton
14644,United Kingdom,Ashley Cox,ashley697@example.net,F,Bronze,11/2/2024,Port Peter
16126,United Kingdom,Brittany Hubbard,brittany966@example.net,F,Silver,11/19/2021,Rossborough
18056,United Kingdom,Kelly Hamilton,kelly504@example.com,M,Gold,3/28/2022,Riosborough
13851,United Kingdom,George Smith,george615@example.com,F,Gold,9/5/2021,East Xaviertown
15104,United Kingdom,Bradley Santos,bradley660@example.net,F,Gold,10/15/2021,East Joseph
17416,United Kingdom,Samantha Leon,samantha779@example.net,M,Silver,7/20/2025,Santiagochester
13382,United Kingdom,Robert Frye,robert397@example.org,F,Bronze,3/16/2024,East Ryanmouth
16471,United Kingdom,Michelle Edwards,michelle104@example.org,M,Gold,7/18/2025,New Courtneyport
17795,United Kingdom,Crystal Stark,crystal976@example.net,F,Bronze,2/28/2022,Port Peter
17042,United Kingdom,Jennifer Sullivan,jennifer109@example.com,M,Bronze,11/25/2020,Odomhaven
15251,United Kingdom,Crystal Wiley,crystal179@example.net,F,Silver,10/18/2022,Josephborough
15230,United Kingdom,Raven Leon,raven342@example.net,F,Silver,4/9/2021,East James
17582,United Kingdom,Charles Lester,charles596@example.org,M,Gold,10/21/2024,New Courtney
16834,United Kingdom,Anna Brown,anna946@example.net,F,Bronze,4/12/2025,Brockberg
16965,United Kingdom,Edward Montoya,edward858@example.org,F,Silver,12/29/2020,West Marie
12840,United Kingdom,Dawn Aguilar,dawn679@example.net,F,Bronze,5/30/2024,South Amanda
16357,United Kingdom,Matthew Gilbert,matthew126@example.net,F,Silver,8/10/2022,North Joshua
16229,United Kingdom,Jacqueline Jackson,jacqueline489@example.net,M,Silver,1/19/2024,Frederickberg
17898,United Kingdom,Lydia Kennedy,lydia725@example.com,F,Silver,9/11/2022,East John
15314,United Kingdom,Brittany Harris,brittany451@example.org,M,Gold,4/11/2024,Dustinside
13135,United Kingdom,Craig Acosta,craig651@example.org,M,Bronze,10/22/2023,Jeffreyside
15036,United Kingdom,Derek Taylor,derek854@example.com,M,Silver,4/27/2021,Port Meredithhaven
14503,United Kingdom,Robert Blanchard Jr.,robert409@example.com,F,Bronze,9/6/2021,New Jacob
17709,United Kingdom,Stephanie Howard,stephanie350@example.com,M,Bronze,8/26/2022,Kristinmouth
15537,United Kingdom,William Mcclure,william150@example.net,M,Bronze,7/15/2023,South Derrick
16364,United Kingdom,Julian Moore,julian471@example.org,F,Bronze,6/26/2021,New Garyberg
13194,United Kingdom,Donna Shields,donna221@example.org,F,Silver,7/2/2021,Grantmouth
16447,United Kingdom,Tracey Brown,tracey847@example.net,F,Bronze,1/2/2021,New Kristin
14885,United Kingdom,Megan Castaneda,megan920@example.com,M,Bronze,10/7/2023,Deborahport
12884,United Kingdom,Michelle Yu,michelle353@example.net,M,Silver,10/28/2024,Josephchester
16141,United Kingdom,Rachael Riley,rachael393@example.com,M,Silver,9/29/2021,South Carolineburgh
17433,United Kingdom,Jamie Luna,jamie386@example.com,F,Bronze,10/27/2025,Port Johntown
15417,United Kingdom,David Salinas,david217@example.com,M,Bronze,11/28/2020,Lake Anthony
16049,United Kingdom,Kara Horn,kara546@example.org,M,Bronze,6/17/2025,Port Maria
13364,United Kingdom,Pamela Collins,pamela762@example.org,F,Silver,2/14/2023,Joseport
17647,United Kingdom,Michael Brown,michael742@example.com,F,Bronze,4/28/2024,Kristaborough
14792,United Kingdom,Brandi Christian,brandi872@example.org,F,Gold,6/19/2024,South Rachel
18096,United Kingdom,Mackenzie Romero,mackenzie488@example.net,F,Silver,6/29/2025,Yeseniatown
13260,United Kingdom,Kayla Wise DVM,kayla876@example.com,M,Silver,2/17/2024,Sabrinaburgh
14121,United Kingdom,Tonya Zuniga,tonya431@example.org,F,Bronze,6/23/2021,Parsonsberg
15610,United Kingdom,Mrs. Cindy Gonzalez,mrs716@example.com,M,Bronze,9/21/2023,East Kevin
18005,United Kingdom,Brandon Davis,brandon190@example.org,F,Bronze,12/14/2020,Port Chadmouth
16190,United Kingdom,Candace Roach PhD,candace851@example.com,M,Bronze,4/2/2021,New Isaacton
15977,United Kingdom,Gregory Brown,gregory494@example.org,F,Bronze,8/3/2022,Robertville
14039,United Kingdom,Henry Hopkins,henry194@example.net,F,Bronze,5/19/2021,Ortizchester
15168,United Kingdom,Patrick Phillips,patrick698@example.com,M,Bronze,4/19/2023,Holdenport
15621,United Kingdom,Jennifer Ellis,jennifer136@example.com,M,Bronze,12/8/2020,East Matthewberg
17806,United Kingdom,Christopher Hernandez,christopher812@example.net,M,Silver,1/20/2021,Lake Caitlin
15097,United Kingdom,Cody Smith,cody104@example.com,F,Bronze,7/7/2024,Jenniferview
13767,United Kingdom,Cynthia Campbell,cynthia402@example.com,F,Bronze,6/28/2023,East Anna
17017,United Kingdom,Thomas Moore,thomas502@example.net,F,Silver,12/23/2023,Crossfort
14766,United Kingdom,Richard Nguyen,richard827@example.org,F,Silver,12/24/2024,New Emilyhaven
17685,United Kingdom,Kaitlin Reed,kaitlin179@example.com,M,Silver,10/22/2021,Dustintown
16995,United Kingdom,Olivia Adams,olivia711@example.com,F,Gold,7/15/2021,North Julie
14625,United Kingdom,Julie Anderson,julie422@example.com,F,Silver,8/26/2023,Bishoptown
14723,United Kingdom,Jose Martinez,jose963@example.org,F,Gold,1/21/2021,Juanmouth
17026,United Kingdom,Donna Smith,donna186@example.net,M,Bronze,10/7/2023,Miguelbury
17965,United Kingdom,Ashley Schmitt,ashley355@example.com,F,Bronze,3/5/2025,Port Sarah
16863,United Kingdom,Mason Gallagher,mason468@example.com,F,Silver,10/6/2023,Kendrabury
14440,United Kingdom,Mary Santos,mary991@example.net,F,Bronze,11/15/2020,West Matthew
17880,United Kingdom,Ronald Silva,ronald888@example.org,M,Bronze,10/1/2022,Tatefurt
17865,United Kingdom,Alisha Church,alisha136@example.org,F,Bronze,12/7/2020,South Chloeborough
14159,United Kingdom,Alisha Wood,alisha977@example.com,M,Bronze,10/14/2023,Port Melissamouth
16665,United Kingdom,Jaime Vaughn,jaime624@example.com,M,Bronze,1/8/2023,North Deborahton
17041,United Kingdom,Jessica Baker,jessica799@example.net,M,Silver,7/14/2023,West April
15392,United Kingdom,Xavier Sandoval,xavier179@example.net,F,Silver,4/22/2022,Jesseton
15366,United Kingdom,Reginald Medina,reginald412@example.org,M,Bronze,8/11/2025,North Timothybury
14643,United Kingdom,Donald Kirk,donald790@example.org,M,Bronze,3/14/2025,East Daniel
13104,United Kingdom,Samuel Pierce,samuel498@example.com,M,Gold,8/3/2022,Rowlandville
13451,United Kingdom,Bradley Whitaker,bradley530@example.net,M,Silver,5/22/2021,Lake Sherry
18106,United Kingdom,Hector Coffey,hector219@example.org,M,Silver,12/23/2022,Bondstad
12820,United Kingdom,Tyler Brown,tyler660@example.net,F,Bronze,5/6/2025,Donaldsonshire
14779,United Kingdom,Kelli Gonzalez,kelli576@example.com,F,Bronze,6/13/2023,Maryhaven
17463,United Kingdom,Ethan Rodriguez,ethan616@example.org,F,Bronze,12/2/2020,New Michaelport
14842,United Kingdom,Darlene Cox,darlene562@example.org,M,Bronze,1/22/2023,Ronaldshire
16913,United Kingdom,Rebecca Gould,rebecca333@example.org,F,Bronze,9/7/2021,South Joshuaview
16394,United Kingdom,Melvin Marshall,melvin530@example.com,M,Silver,7/21/2024,Willismouth
13973,United Kingdom,Samantha Collins,samantha649@example.org,M,Bronze,4/2/2024,South Megan
13971,United Kingdom,Ronald Goodman,ronald259@example.net,F,Bronze,9/11/2023,Smithchester
14915,United Kingdom,Brian Taylor,brian646@example.org,F,Gold,11/26/2020,Sototown
16225,United Kingdom,Lori Lynn,lori510@example.org,M,Gold,2/9/2022,South David
18183,United Kingdom,Michelle Park,michelle599@example.com,M,Bronze,2/13/2022,Goodwinchester
18086,United Kingdom,Mark Strong,mark281@example.org,F,Bronze,10/24/2024,Bridgetberg
13265,United Kingdom,Jessica Smith,jessica768@example.com,F,Bronze,8/24/2022,New Abigail
14962,United Kingdom,Brent White,brent309@example.net,F,Bronze,5/22/2022,North Saraview
12901,United Kingdom,Dawn Hunter,dawn786@example.org,M,Bronze,3/5/2025,Lopezmouth
13499,United Kingdom,Cassandra Roberts,cassandra716@example.net,M,Bronze,9/30/2025,Pattersontown
18270,United Kingdom,Monique Rubio,monique808@example.net,M,Bronze,2/1/2021,Tuckermouth
14315,United Kingdom,Stephen Downs,stephen429@example.org,F,Silver,12/16/2021,Zacharyshire
14693,United Kingdom,Jeffrey Foster,jeffrey854@example.org,M,Bronze,3/3/2025,New Jason
14607,United Kingdom,Bonnie Best,bonnie751@example.org,M,Bronze,7/8/2023,Walshhaven
16657,United Kingdom,Patrick Fuller,patrick457@example.org,M,Bronze,3/3/2025,New Laura
17160,United Kingdom,Sarah Greene,sarah160@example.com,F,Bronze,4/3/2024,Griffinchester
17972,United Kingdom,Alexander Alexander,alexander582@example.com,F,Bronze,12/15/2020,Kingmouth
14323,United Kingdom,Michelle Thomas,michelle884@example.com,M,Bronze,1/8/2021,South Rebeccaville
16617,United Kingdom,Shawn Bush,shawn843@example.org,F,Bronze,3/21/2024,East Michaelburgh
13223,United Kingdom,Barbara Wright,barbara499@example.org,M,Bronze,7/9/2024,North Amystad
17429,United Kingdom,Danny Hernandez,danny296@example.net,F,Bronze,5/22/2023,Michaelmouth
16832,United Kingdom,Daniel Miller,daniel349@example.net,F,Bronze,9/13/2023,Kirbyland
12976,United Kingdom,John Lee,john225@example.com,F,Silver,8/8/2023,South Tyler
16624,United Kingdom,Timothy Curry,timothy272@example.net,F,Gold,8/4/2021,Port Philip
16239,United Kingdom,Veronica Bailey,veronica250@example.org,F,Bronze,4/19/2022,Samanthafurt
15921,United Kingdom,Mark Turner,mark921@example.com,M,Bronze,10/30/2023,New Maria
13791,United Kingdom,Eric Wise,eric850@example.net,F,Bronze,12/25/2022,North Robertton
16338,United Kingdom,Susan Alexander,susan576@example.net,F,Bronze,6/19/2022,North Dean
17229,United Kingdom,Joshua Zavala,joshua951@example.net,F,Bronze,8/15/2024,East Isaiah
17553,United Kingdom,Kimberly Herrera,kimberly670@example.net,M,Silver,9/1/2022,East Johnmouth
13645,United Kingdom,Kimberly Snow,kimberly604@example.org,F,Bronze,4/15/2024,Michaelland
16836,United Kingdom,Robert Davis,robert108@example.org,M,Gold,7/8/2023,South Jakeview
14712,United Kingdom,Kayla Perkins,kayla951@example.net,M,Silver,10/21/2022,Alexandramouth
16820,United Kingdom,Kyle Morris,kyle771@example.com,F,Silver,9/20/2025,West Laurenport
17573,United Kingdom,Crystal Webb MD,crystal428@example.org,M,Silver,4/23/2022,East April
13321,United Kingdom,Philip Carr,philip181@example.com,M,Silver,10/17/2023,Port James
14894,United Kingdom,Alexander Fisher,alexander501@example.net,F,Silver,11/26/2021,New Brianna
16379,United Kingdom,Michael Hall,michael351@example.com,M,Bronze,5/23/2021,North Davidside
18205,United Kingdom,Patricia Freeman,patricia296@example.org,M,Silver,8/14/2023,Port Cynthia
15300,United Kingdom,Caleb James,caleb235@example.org,F,Bronze,3/10/2022,Troyburgh
14138,United Kingdom,Alvin Garcia,alvin648@example.com,M,Bronze,6/28/2024,Scottville
14624,United Kingdom,Lawrence Munoz,lawrence383@example.net,F,Bronze,4/26/2023,West Martin
13460,United Kingdom,Erin Johnson,erin939@example.org,F,Silver,5/14/2022,East Christopher
17081,United Kingdom,Gina Nelson,gina119@example.org,M,Silver,7/19/2024,Charleston
15748,United Kingdom,Janet Rodgers,janet353@example.com,F,Bronze,8/1/2023,Lopezville
14216,United Kingdom,Rebecca Walker,rebecca516@example.org,F,Bronze,2/5/2024,Steeleburgh
15017,United Kingdom,Monica Knight,monica674@example.net,M,Bronze,1/22/2024,Jonathanville
16720,United Kingdom,Christine Craig,christine982@example.com,F,Bronze,7/26/2021,West Donnaville
12938,United Kingdom,Jessica White,jessica271@example.org,M,Bronze,5/8/2024,South Robert
18082,United Kingdom,Edward Lewis,edward974@example.com,M,Bronze,1/10/2024,New Robert
17510,United Kingdom,Adam Wagner,adam349@example.org,F,Bronze,9/13/2021,Mooreton
17397,United Kingdom,Michelle Zuniga,michelle706@example.net,F,Bronze,12/29/2020,East Jacob
18110,United Kingdom,Shari Leonard,shari724@example.net,M,Bronze,8/30/2023,North Tamarahaven
14785,United Kingdom,Mary Torres,mary136@example.org,M,Silver,3/5/2021,Adamshaven
17727,United Kingdom,Megan Burton,megan902@example.net,F,Bronze,7/13/2024,South Anthony
14126,United Kingdom,Bridget Mccoy,bridget178@example.net,F,Bronze,5/12/2023,New Jackiefurt
15539,United Kingdom,Haley Davis,haley429@example.net,M,Silver,2/4/2025,Port Brandi
15923,United Kingdom,Jason Jones,jason203@example.com,F,Silver,6/20/2022,East Alexandershire
12971,United Kingdom,Jaime Williams,jaime337@example.org,M,Bronze,3/26/2025,New Melissamouth
17135,United Kingdom,Nicole Murray,nicole442@example.net,F,Silver,8/31/2022,Angelaview
17198,United Kingdom,Marie Taylor,marie747@example.com,M,Bronze,12/11/2021,Jeffreytown
17211,United Kingdom,Ariana Rogers,ariana979@example.com,M,Bronze,8/13/2022,Teresachester
14487,United Kingdom,Sydney Miller,sydney612@example.com,F,Silver,9/16/2025,Melissabury
17068,United Kingdom,Eric Torres,eric379@example.com,F,Silver,10/5/2025,South Madisonport
13756,United Kingdom,Taylor Evans,taylor426@example.org,F,Gold,8/18/2024,Lake Dylan
17702,United Kingdom,Karen Patterson,karen127@example.org,F,Gold,9/14/2025,Foxland
15380,United Kingdom,Elizabeth Ellis,elizabeth798@example.com,F,Bronze,3/22/2023,West Jessica
16726,United Kingdom,Dean Gomez,dean842@example.com,F,Silver,12/13/2022,North Traceyland
17033,United Kingdom,Ronald Webb,ronald838@example.net,F,Silver,2/9/2023,Williamfort
15822,United Kingdom,Justin Garcia,justin967@example.org,M,Bronze,2/13/2021,Lake Michael
15563,United Kingdom,Christopher Brandt,christopher198@example.net,M,Bronze,12/9/2023,Port Amber
16945,United Kingdom,Sonya Holland,sonya344@example.net,M,Gold,5/9/2023,Sandraburgh
16282,United Kingdom,Christopher Farrell,christopher387@example.org,M,Gold,3/31/2024,Lake Dave
15164,United Kingdom,Mrs. Robin Craig,mrs147@example.com,F,Bronze,2/12/2022,Linshire
17457,United Kingdom,Marie Obrien,marie878@example.com,M,Bronze,9/18/2021,South Cynthiaview
15046,United Kingdom,John Franklin,john453@example.com,F,Silver,3/2/2022,Wandaberg
14889,United Kingdom,Patricia Figueroa,patricia675@example.org,M,Silver,7/18/2021,Judithstad
15281,United Kingdom,Robin Alexander,robin206@example.net,F,Silver,12/1/2021,Nguyenmouth
16351,United Kingdom,Krista Knight,krista838@example.org,M,Silver,4/17/2023,Nancyfurt
16655,United Kingdom,Richard Dixon,richard620@example.org,F,Silver,8/23/2025,South Robert
16206,United Kingdom,Brian Cline,brian773@example.net,F,Gold,8/2/2025,West Ian
12997,United Kingdom,Megan Carpenter,megan792@example.org,M,Bronze,6/11/2021,Davidchester
15448,United Kingdom,Melissa Colon,melissa746@example.org,M,Silver,5/5/2021,Allenmouth
16745,United Kingdom,Mark Taylor,mark259@example.com,F,Silver,2/26/2021,North Juan
16716,United Kingdom,Carol Jenkins,carol167@example.org,F,Bronze,8/7/2023,South Laura
13894,United Kingdom,Linda Young,linda473@example.net,M,Bronze,10/20/2025,West April
14410,United Kingdom,Derrick Anderson,derrick393@example.org,F,Bronze,2/28/2021,Danielleberg
16494,United Kingdom,Michelle Howe,michelle165@example.org,M,Bronze,9/14/2023,Lake Erikastad
14803,United Kingdom,Kathryn Braun,kathryn666@example.com,F,Bronze,12/5/2021,East Emily
17034,United Kingdom,Jaime Shelton,jaime435@example.com,M,Bronze,1/27/2022,South Nancy
18218,United Kingdom,Barbara Mitchell,barbara717@example.com,M,Bronze,6/1/2021,Burnettstad
14407,United Kingdom,Cindy Morales,cindy891@example.com,F,Bronze,3/19/2024,Markport
13026,United Kingdom,Lauren Jenkins,lauren565@example.net,M,Silver,7/7/2023,Lake Todd
16572,United Kingdom,Sierra Simpson,sierra620@example.org,F,Silver,9/5/2025,West Melaniestad
13196,United Kingdom,Kristen Taylor,kristen702@example.org,F,Bronze,9/30/2025,New Jennifertown
13743,United Kingdom,Kimberly Bridges,kimberly963@example.com,F,Bronze,3/26/2024,North Ryan
17749,United Kingdom,Jennifer Armstrong,jennifer904@example.org,M,Bronze,1/5/2021,Kristinemouth
16681,United Kingdom,Mary Taylor,mary357@example.com,F,Bronze,5/27/2021,North Dustin
13169,United Kingdom,Michael Smith,michael194@example.net,M,Gold,11/29/2023,Port Donna
14719,United Kingdom,Justin Scott,justin793@example.com,M,Silver,1/20/2022,North Henry
16170,United Kingdom,Kristopher Phelps,kristopher137@example.org,M,Bronze,8/13/2024,South Jose
17928,United Kingdom,Roberto Novak,roberto901@example.net,F,Bronze,7/29/2022,Dawnbury
16750,United Kingdom,Robert Dickerson,robert214@example.net,F,Bronze,11/18/2020,Joshuafort
16370,United Kingdom,Melissa Robertson,melissa424@example.net,M,Silver,1/1/2025,Johnberg
15440,United Kingdom,Christopher Pierce,christopher135@example.org,M,Silver,4/15/2022,Lake Davidtown
15402,United Kingdom,Dawn Russell,dawn783@example.org,M,Bronze,10/31/2025,Williamsfort
16342,United Kingdom,Kevin Carrillo,kevin926@example.net,M,Bronze,6/24/2023,New Ericborough
17490,United Kingdom,Eddie Harris,eddie578@example.org,M,Bronze,12/23/2022,Jordanfort
15334,United Kingdom,Dr. Lisa Ward,dr625@example.com,F,Gold,5/4/2024,Mckenziemouth
17899,United Kingdom,Nicole Sanders,nicole903@example.com,F,Bronze,1/25/2023,Thompsonview
14918,United Kingdom,April Meyers,april690@example.com,M,Silver,3/9/2024,Boonetown
13827,United Kingdom,Jessica Ray,jessica229@example.net,F,Silver,12/12/2023,Lake Alexander
16178,United Kingdom,Sherri Mcdonald,sherri378@example.com,F,Bronze,7/28/2022,Hilltown
15438,United Kingdom,Michele Short,michele353@example.net,F,Bronze,2/8/2024,Amberbury
17451,United Kingdom,Carl Moreno,carl287@example.net,F,Bronze,12/27/2022,Sanchezfurt
18027,United Kingdom,Tara Miller,tara639@example.org,M,Bronze,4/21/2024,Mooretown
14212,United Kingdom,Taylor Carpenter,taylor764@example.net,M,Silver,4/15/2021,Banksbury
16924,United Kingdom,Marcus James,marcus529@example.org,F,Bronze,5/13/2021,Scottborough
15429,United Kingdom,Andrea Jarvis,andrea669@example.net,M,Silver,2/8/2022,Stacyfurt
15175,United Kingdom,Mrs. Penny Ritter,mrs288@example.net,F,Bronze,6/27/2024,Melendezmouth
17813,United Kingdom,Tracy Decker,tracy221@example.net,M,Gold,8/11/2025,Jeffersonburgh
18059,United Kingdom,Jason Dennis,jason728@example.net,M,Silver,7/31/2025,Johnberg
17382,United Kingdom,Deborah Mitchell,deborah953@example.com,M,Bronze,12/12/2023,East Sean
15837,United Kingdom,Joseph Holmes,joseph282@example.org,M,Silver,4/8/2024,East Danielstad
12923,United Kingdom,Marissa Choi,marissa988@example.net,F,Bronze,5/23/2021,Lake Michaelchester
16416,United Kingdom,Caitlin Deleon,caitlin719@example.org,M,Silver,6/25/2025,East Lauratown
14484,United Kingdom,Melissa Mitchell,melissa493@example.net,F,Bronze,1/6/2023,Lowetown
15010,United Kingdom,Tiffany Alexander,tiffany206@example.org,F,Bronze,6/23/2024,Jamesstad
13040,United Kingdom,Cindy Marks,cindy959@example.com,M,Silver,4/19/2024,Andersonland
17538,United Kingdom,David Figueroa,david247@example.net,F,Bronze,7/20/2025,North Kaylachester
13926,United Kingdom,Jennifer Allen,jennifer235@example.org,F,Bronze,12/7/2021,Port Taylorbury
14793,United Kingdom,Robert Mcdonald,robert148@example.org,F,Bronze,8/5/2024,Lake Jay
17254,United Kingdom,Brandon Jenkins,brandon669@example.org,F,Bronze,12/29/2021,West Dawnhaven
17841,United Kingdom,Sonya Rosales,sonya330@example.com,M,Bronze,6/13/2023,Pachecomouth
14901,United Kingdom,Christopher Williams,christopher381@example.com,M,Bronze,8/20/2024,Ericland
17961,United Kingdom,Corey French,corey574@example.com,F,Silver,9/22/2022,Donnamouth
16883,United Kingdom,Blake Rogers,blake410@example.org,F,Gold,6/22/2022,Lake Sarahland
17819,United Kingdom,Raymond Cunningham,raymond734@example.net,F,Silver,6/25/2021,Lisaton
17227,United Kingdom,Gary Richards,gary274@example.com,F,Gold,6/18/2024,Port Michael
16861,United Kingdom,Laura Humphrey,laura772@example.net,F,Bronze,4/5/2021,New Michael
16138,United Kingdom,Jill Mcdowell,jill451@example.org,F,Bronze,5/27/2025,Mahoneyton
15498,United Kingdom,Anthony Le,anthony116@example.net,M,Gold,10/21/2023,Frederickside
13983,United Kingdom,Collin Hudson,collin834@example.net,M,Silver,9/23/2025,Port Eric
16713,United Kingdom,Ruth Romero,ruth108@example.com,F,Bronze,2/18/2024,Valentineton
14639,United Kingdom,James Kaufman,james997@example.net,F,Silver,2/15/2022,Port Zachary
17449,United Kingdom,Justin Steele,justin849@example.org,M,Gold,11/2/2023,Patriciamouth
15641,United Kingdom,Joseph Garcia,joseph129@example.net,F,Bronze,9/9/2022,Jeremiahland
17633,United Kingdom,Matthew Smith,matthew577@example.net,M,Bronze,9/20/2025,New Rachel
13266,United Kingdom,Megan Lee,megan214@example.org,F,Bronze,10/21/2025,Hayesstad
12931,United Kingdom,Ashlee Mcknight,ashlee854@example.org,M,Bronze,7/9/2022,North Kevin
17284,United Kingdom,Teresa Contreras,teresa920@example.net,F,Gold,4/3/2023,West Danielstad
16748,United Kingdom,Jessica Mason,jessica586@example.com,F,Bronze,9/9/2023,Roseside
14167,United Kingdom,Alexis Wilson,alexis408@example.org,F,Bronze,7/16/2022,Patrickland
13385,United Kingdom,Rebecca York,rebecca725@example.org,F,Bronze,5/25/2025,Allenton
14233,United Kingdom,Bryan Reeves,bryan248@example.org,F,Bronze,4/3/2025,Port Charlesmouth
14239,United Kingdom,Michael Tucker,michael211@example.net,M,Silver,8/8/2022,Michaelburgh
16403,United Kingdom,Stephanie Roberts,stephanie709@example.net,F,Bronze,6/22/2021,Lake Rachelfurt
14665,United Kingdom,Tony Blankenship,tony146@example.net,F,Bronze,10/3/2025,Saraburgh
14044,United Kingdom,James Lewis,james259@example.org,M,Bronze,1/18/2025,Joneshaven
17859,United Kingdom,Kristine Kirk,kristine648@example.com,M,Silver,3/4/2023,North Brandonview
17175,United Kingdom,Kirsten Gonzalez,kirsten578@example.net,M,Bronze,4/8/2021,Lake Shane
16765,United Kingdom,Elizabeth Jacobson,elizabeth532@example.org,F,Bronze,10/11/2025,South Brittanyborough
14046,United Kingdom,Kelly Alvarado,kelly235@example.net,M,Gold,9/26/2021,Ashleystad
16078,United Kingdom,Bethany Reyes,bethany497@example.com,M,Silver,11/10/2021,Meganmouth
12933,United Kingdom,Marie Mitchell,marie918@example.net,M,Bronze,9/17/2022,Jacquelineside
15092,United Kingdom,Meghan Reed,meghan242@example.com,F,Bronze,4/3/2023,Lake Henryhaven
14730,United Kingdom,Elizabeth Miller,elizabeth864@example.com,F,Bronze,2/26/2022,North Frank
14193,United Kingdom,Kaitlyn Cook,kaitlyn355@example.org,M,Bronze,6/3/2024,Joseport
12955,United Kingdom,Elizabeth Johnson,elizabeth359@example.net,F,Silver,6/5/2025,Lopezville
16976,United Kingdom,Jessica Sandoval,jessica453@example.com,M,Bronze,9/2/2025,Lake Emma
13631,United Kingdom,Matthew Jones,matthew996@example.org,M,Bronze,4/13/2022,South Abigailside
14059,United Kingdom,April Campbell,april246@example.net,F,Bronze,1/15/2025,Ferrellmouth
15457,United Kingdom,Lydia Smith,lydia175@example.com,M,Bronze,4/17/2024,Lake Eric
15449,United Kingdom,Douglas Terry,douglas536@example.net,F,Bronze,12/20/2021,East Cathy
15068,United Kingdom,Christina Herman,christina724@example.org,M,Bronze,10/12/2024,West Tracymouth
16253,United Kingdom,Howard Henderson,howard556@example.net,F,Bronze,8/24/2021,Port Jaychester
17438,United Kingdom,Thomas Ortiz,thomas584@example.org,F,Silver,12/4/2023,North Aaron
17781,United Kingdom,Sandra Guzman,sandra140@example.net,M,Silver,3/11/2022,Scotthaven
15442,United Kingdom,Henry Stafford MD,henry315@example.net,F,Gold,6/19/2024,New Erica
15244,United Kingdom,John Shaffer,john279@example.com,M,Silver,10/17/2021,Jessicaburgh
16188,United Kingdom,Hunter Miller,hunter728@example.net,M,Bronze,11/20/2021,Lewisbury
14262,United Kingdom,Jane Frey,jane388@example.net,F,Bronze,5/23/2021,Lake Christine
18213,United Kingdom,Steven Dennis,steven399@example.org,F,Silver,2/19/2024,East Amyberg
17394,United Kingdom,Maria Jones,maria510@example.net,M,Bronze,4/5/2022,New Tabitha
14948,United Kingdom,Daniel Porter,daniel716@example.net,F,Silver,2/22/2023,Martinland
16457,United Kingdom,Sarah Moreno,sarah159@example.net,M,Gold,4/3/2025,New Sarahburgh
18142,United Kingdom,Jonathan Willis,jonathan225@example.net,M,Bronze,9/14/2021,Port Cindy
13976,United Kingdom,Stephanie Hicks,stephanie538@example.org,M,Bronze,8/14/2024,Port Loriside
18160,United Kingdom,Melissa Young,melissa619@example.org,M,Bronze,10/20/2024,New Carolyn
12863,United Kingdom,Eric Mccarthy,eric328@example.org,F,Silver,3/17/2021,South Rogerport
15804,United Kingdom,Paul Jones,paul713@example.com,M,Gold,1/16/2024,Webbberg
16969,United Kingdom,Robert Smith,robert786@example.org,M,Bronze,5/21/2021,West Joshuaport
13466,United Kingdom,Rachel Wilkerson,rachel720@example.org,M,Bronze,7/7/2024,Maryview
16774,United Kingdom,Matthew Anthony,matthew210@example.com,F,Silver,10/24/2024,Lake Scottmouth
16257,United Kingdom,William Nichols,william896@example.net,M,Bronze,6/1/2024,Lake Jeremiahfurt
15412,United Kingdom,James Taylor,james268@example.org,M,Bronze,4/4/2024,West Linda
17656,United Kingdom,Veronica Benson,veronica302@example.com,F,Bronze,5/19/2022,Kaylaport
14079,United Kingdom,Sandy Lopez,sandy934@example.net,M,Silver,9/7/2021,Lake Rebeccaview
16828,United Kingdom,Adam Berry,adam939@example.net,F,Gold,6/7/2021,Gilbertville
17073,United Kingdom,Katherine Melton,katherine213@example.org,M,Silver,3/22/2023,South Derrickberg
16723,United Kingdom,Tiffany Anderson,tiffany659@example.org,F,Bronze,6/12/2021,Nicolechester
13778,United Kingdom,Kevin Chambers,kevin121@example.net,M,Silver,8/10/2024,Evanstown
13726,United Kingdom,Scott Murphy,scott485@example.net,M,Gold,2/17/2024,South Thomas
13099,United Kingdom,Stephanie Miller,stephanie997@example.net,F,Bronze,1/2/2022,North Shirleyville
16674,United Kingdom,Sarah Wright,sarah762@example.com,M,Silver,2/13/2023,Williamsfurt
16761,United Kingdom,Joe Jenkins,joe473@example.org,M,Silver,11/29/2024,Port Matthewbury
15099,United Kingdom,Holly Rogers,holly842@example.net,M,Bronze,6/2/2023,Emilyview
15500,United Kingdom,Brandon Vincent,brandon604@example.net,F,Bronze,1/24/2022,Youngton
16236,United Kingdom,Anna Fuller,anna884@example.com,F,Bronze,6/18/2021,West Randallhaven
15287,United Kingdom,Jacqueline Phillips,jacqueline532@example.org,F,Bronze,5/11/2021,Carrfurt
16183,United Kingdom,Henry Banks,henry463@example.net,M,Bronze,5/3/2023,South Bettyfurt
14184,United Kingdom,Ryan Thomas,ryan718@example.org,F,Bronze,5/16/2022,Michellemouth
15739,United Kingdom,Howard Salazar,howard571@example.org,M,Bronze,4/7/2022,North Pedro
17295,United Kingdom,Jason Schmidt,jason282@example.com,M,Bronze,5/26/2025,Port Nicholeborough
16432,United Kingdom,Brandon Rich,brandon794@example.com,M,Bronze,11/2/2021,North Melissa
16243,United Kingdom,Daniel Dixon,daniel528@example.org,M,Bronze,5/24/2025,Seanborough
15637,United Kingdom,Ashley Perez MD,ashley189@example.org,M,Silver,11/2/2020,Rowefurt
17350,United Kingdom,Rachel Johnson,rachel607@example.com,F,Silver,12/5/2023,Lawsonfurt
15963,United Kingdom,Jacob Ramsey,jacob719@example.org,F,Bronze,8/19/2022,Lake John
16345,United Kingdom,Shaun Mcdonald,shaun843@example.com,M,Bronze,8/20/2024,Gonzalezland
14357,United Kingdom,Courtney Skinner,courtney729@example.com,M,Bronze,10/28/2022,Rodneyfort
16164,United Kingdom,Julie Davis,julie626@example.net,F,Bronze,7/19/2025,East Joshuamouth
17791,United Kingdom,Mrs. Ashley Hernandez,mrs265@example.org,F,Bronze,2/8/2022,Lake Christopherbury
14863,United Kingdom,Gabrielle Chang,gabrielle600@example.com,M,Silver,11/14/2023,Veronicashire
18139,United Kingdom,Stephanie Jones,stephanie673@example.org,M,Silver,1/11/2025,Justinland
15699,United Kingdom,Thomas Johnson,thomas474@example.org,M,Bronze,9/21/2025,New Laura
14237,United Kingdom,Todd Mahoney,todd118@example.com,M,Bronze,5/31/2024,South Katherinebury
17346,United Kingdom,Devon Robinson DVM,devon162@example.com,M,Silver,12/20/2022,Ryanchester
14142,United Kingdom,Brandon Martinez,brandon381@example.com,F,Gold,5/9/2022,West Richardland
15111,United Kingdom,Julie Torres,julie849@example.net,F,Bronze,7/1/2025,Martinezchester
17838,United Kingdom,Hailey James,hailey706@example.com,F,Bronze,11/7/2022,Lopezburgh
13145,United Kingdom,Alex Garcia III,alex950@example.org,F,Gold,9/23/2022,New Anne
13269,United Kingdom,Thomas Parker,thomas542@example.net,M,Gold,5/9/2025,Kevinberg
14085,United Kingdom,Kerry Mcbride,kerry792@example.net,M,Bronze,8/30/2025,East Jameshaven
15858,United Kingdom,Mark Hernandez,mark491@example.org,F,Bronze,12/28/2024,Marshallbury
12870,United Kingdom,Jacob Richardson,jacob706@example.net,M,Bronze,5/22/2025,Cherylborough
17340,United Kingdom,Jonathon Fry,jonathon248@example.org,M,Silver,11/19/2024,Lake Samantha
15079,United Kingdom,James Luna,james607@example.org,F,Bronze,8/5/2021,Fletcherville
18092,United Kingdom,Tracy Clark,tracy917@example.com,M,Bronze,12/12/2023,New Derekton
18065,United Kingdom,Jamie Hill,jamie954@example.org,F,Bronze,7/31/2021,East Cameronside
13211,United Kingdom,Robert Montgomery,robert395@example.org,M,Silver,12/19/2022,New Sarah
13458,United Kingdom,Brittney Bond,brittney214@example.com,M,Silver,3/10/2025,West Diane
13534,United Kingdom,Taylor Ballard,taylor785@example.com,F,Bronze,7/12/2023,Port Briantown
13183,United Kingdom,Bradley West,bradley668@example.org,F,Bronze,1/6/2021,Murraymouth
12939,United Kingdom,Jason Parsons DVM,jason163@example.net,M,Bronze,1/3/2025,Matthewmouth
18095,United Kingdom,Carla Patterson,carla126@example.com,M,Bronze,10/10/2023,Alexandraside
14514,United Kingdom,Daniel Chapman,daniel921@example.net,F,Bronze,8/14/2022,Megantown
13527,United Kingdom,Ariel Meyer,ariel727@example.com,F,Bronze,9/3/2022,Michaelberg
17708,United Kingdom,Steven Perez,steven380@example.com,M,Bronze,12/26/2024,Atkinsburgh
15606,United Kingdom,Laura Moore,laura218@example.com,M,Silver,9/25/2024,Bradyview
15262,United Kingdom,Jeffrey Huffman,jeffrey499@example.com,F,Silver,5/27/2025,West Amber
17277,United Kingdom,David Dean,david463@example.org,M,Bronze,2/23/2022,Martinezside
13068,United Kingdom,Mason Higgins,mason403@example.com,M,Silver,5/27/2023,Hoovertown
15497,United Kingdom,Brian Kane,brian903@example.org,F,Bronze,10/30/2022,Santanaport
16409,United Kingdom,Ronnie Smith,ronnie469@example.net,F,Bronze,1/18/2022,Alanborough
17431,United Kingdom,John Mathis,john622@example.net,M,Silver,1/31/2022,Lewisburgh
18017,United Kingdom,Sarah Marshall,sarah673@example.org,F,Silver,11/12/2020,West Patriciaton
15970,United Kingdom,Jonathan Gilbert,jonathan735@example.com,F,Bronze,7/19/2025,Reyeshaven
16014,United Kingdom,Terry Baxter,terry614@example.net,F,Bronze,8/4/2024,Port Christophermouth
16573,United Kingdom,Jordan Andrade,jordan661@example.org,M,Bronze,11/28/2023,Lake Jennifer
13226,United Kingdom,Douglas Roberts,douglas260@example.com,F,Silver,2/14/2023,Ryanfort
16216,United Kingdom,Roger Soto,roger962@example.org,M,Bronze,1/9/2021,Shannonshire
18010,United Kingdom,Mr. Jermaine Bishop PhD,mr166@example.net,M,Bronze,9/18/2022,Jenniferview
13060,United Kingdom,Daryl Orozco,daryl417@example.com,M,Bronze,1/12/2023,Adamburgh
18185,United Kingdom,Patricia Hughes,patricia439@example.net,M,Silver,5/13/2024,South Charles
18040,United Kingdom,Craig Mcbride,craig171@example.com,F,Bronze,9/23/2022,Port Tiffanyberg
17054,United Kingdom,Wayne Lara,wayne773@example.com,M,Gold,11/1/2024,South Thomashaven
17574,United Kingdom,Lydia Gonzales,lydia823@example.net,M,Silver,11/16/2023,Kleinton
14198,United Kingdom,Joyce Orozco,joyce806@example.com,M,Silver,11/20/2021,Potterstad
13952,United Kingdom,Michael Blake,michael760@example.org,F,Bronze,9/13/2022,Rosefurt
15745,United Kingdom,Joseph White,joseph223@example.com,F,Silver,11/23/2024,Scottport
17061,United Kingdom,Henry Vargas,henry138@example.net,F,Bronze,9/15/2021,New Kara
17630,United Kingdom,Sarah Levine,sarah797@example.org,F,Bronze,8/17/2022,Thomasburgh
17187,United Kingdom,Kimberly Pena,kimberly761@example.net,F,Silver,4/10/2023,North Michelle
13427,United Kingdom,Christopher Walker,christopher170@example.org,M,Bronze,5/3/2023,Lake Madison
17489,United Kingdom,Kara Mullins,kara980@example.net,M,Gold,7/14/2025,West Sandra
16644,United Kingdom,Jamie Jackson,jamie462@example.org,F,Bronze,7/5/2025,New Laurahaven
17505,United Kingdom,Chad Mills,chad219@example.com,M,Bronze,12/26/2022,Port Jennifer
17469,United Kingdom,Emily White,emily953@example.com,F,Silver,11/28/2021,Port Nicholasmouth
16038,United Kingdom,Jamie Smith,jamie838@example.net,M,Bronze,11/27/2022,Alexanderhaven
13972,United Kingdom,Kimberly Smith,kimberly938@example.net,M,Bronze,1/8/2022,Tracychester
13343,United Kingdom,Kevin Gonzalez,kevin478@example.org,M,Silver,11/21/2021,Justinmouth
16054,United Kingdom,John Poole,john273@example.com,F,Silver,4/19/2025,Port Matthewshire
14517,United Kingdom,Elizabeth Dominguez,elizabeth842@example.com,F,Bronze,9/15/2023,Cookmouth
18262,United Kingdom,Nathan Powell,nathan214@example.com,M,Bronze,10/22/2022,North Nancy
14019,United Kingdom,William Hubbard,william502@example.org,F,Bronze,6/18/2023,New James
17941,United Kingdom,Christopher Edwards,christopher137@example.com,F,Bronze,7/10/2023,New Elizabeth
13200,United Kingdom,James Gay,james529@example.net,M,Bronze,12/1/2023,West Alexander
14495,United Kingdom,Jeffrey Rivera,jeffrey293@example.com,M,Bronze,5/7/2021,Cynthiaburgh
17248,United Kingdom,Jason Shah,jason786@example.com,M,Bronze,1/20/2021,Daisystad
15396,United Kingdom,Andrew Cummings,andrew220@example.net,M,Bronze,7/23/2022,Hayestown
17640,United Kingdom,Jennifer Davis,jennifer746@example.net,F,Bronze,7/29/2022,West Sandraville
12906,United Kingdom,Sabrina Nguyen,sabrina588@example.net,M,Bronze,5/29/2025,South Adrianaville
14125,United Kingdom,Gina Rice,gina946@example.com,F,Bronze,5/23/2021,Codyfort
16101,United Kingdom,Mrs. Nancy Wheeler,mrs281@example.net,M,Bronze,7/6/2021,Ashleyview
13347,United Kingdom,Cheryl Figueroa,cheryl435@example.org,F,Bronze,3/8/2023,Padillastad
13352,United Kingdom,Manuel Medina,manuel123@example.org,M,Bronze,6/21/2021,West Joel
15994,United Kingdom,Dawn Kennedy,dawn777@example.net,M,Bronze,9/7/2025,Grahammouth
16848,United Kingdom,Brianna Blake,brianna514@example.net,M,Silver,8/19/2022,South Robert
17549,United Kingdom,Eric Avila,eric558@example.org,M,Bronze,1/15/2024,Lake Hannahstad
16826,United Kingdom,Miss Kristina Thomas,miss117@example.org,M,Bronze,5/4/2021,East Brandonland
15814,United Kingdom,Taylor Moore,taylor409@example.com,M,Bronze,6/9/2025,Kimberlyview
13271,United Kingdom,Emily Macias,emily787@example.com,F,Silver,5/10/2024,South Sabrina
14788,United Kingdom,Daniel Haley,daniel443@example.com,F,Silver,8/16/2021,New Jessica
13188,United Kingdom,Ricardo Rodriguez,ricardo777@example.com,F,Bronze,5/27/2025,Mendozamouth
15513,United Kingdom,Kelly Hawkins,kelly626@example.org,M,Bronze,4/21/2025,Annafort
17908,United Kingdom,William Garcia,william650@example.net,F,Bronze,2/24/2022,Wigginsstad
17377,United Kingdom,Rebecca Raymond,rebecca774@example.net,M,Bronze,9/30/2025,Kingside
15525,United Kingdom,Corey Rogers,corey358@example.com,F,Bronze,2/16/2021,New Shane
16168,United Kingdom,Joanne Davis,joanne938@example.com,M,Bronze,5/8/2024,New Anita
15039,United Kingdom,Stephanie Sanchez,stephanie567@example.net,M,Bronze,5/7/2022,Dylanmouth
15304,United Kingdom,Christopher Bailey,christopher121@example.net,F,Bronze,3/4/2022,Markfurt
17259,United Kingdom,Ricky Chapman,ricky235@example.net,F,Bronze,5/21/2023,East Timothyberg
14733,United Kingdom,Daniel Warren,daniel774@example.org,F,Bronze,7/19/2025,Freemanside
18102,United Kingdom,Wendy King MD,wendy481@example.net,M,Bronze,12/3/2020,Floydburgh
14744,United Kingdom,Mary Shaffer,mary927@example.net,F,Silver,1/31/2023,Turnerview
14479,United Kingdom,Jason Rogers,jason901@example.net,M,Bronze,1/4/2021,South Brian
17430,United Kingdom,Anna Barnett,anna610@example.org,F,Silver,8/17/2023,Lake Teresahaven
15945,United Kingdom,James Carlson,james968@example.net,F,Bronze,2/6/2024,South Melissa
17339,United Kingdom,Roger Mahoney,roger936@example.org,F,Bronze,4/21/2024,Hillside
16873,United Kingdom,Sarah Murphy,sarah870@example.net,M,Gold,1/11/2023,Gonzalezshire
17293,United Kingdom,Edward Hawkins,edward715@example.com,F,Bronze,9/18/2025,New Donnashire
16442,United Kingdom,Melissa Bray,melissa304@example.net,M,Silver,9/30/2024,Michaelview
17230,United Kingdom,Vanessa Joseph,vanessa542@example.net,F,Bronze,6/12/2024,North Bryanland
16037,United Kingdom,Colleen Brewer,colleen696@example.com,M,Bronze,3/22/2025,Jasonland
17146,United Kingdom,Rebecca Herring,rebecca956@example.net,F,Silver,2/3/2023,West Patrickberg
14309,United Kingdom,Jason Brown,jason865@example.net,M,Bronze,3/13/2023,Lake Tonyaview
15661,United Kingdom,Craig Andrews,craig206@example.org,M,Silver,10/25/2022,Dianetown
16735,United Kingdom,Matthew Lloyd,matthew868@example.com,M,Gold,1/18/2021,Keithborough
13614,United Kingdom,Benjamin Barrera,benjamin854@example.com,M,Bronze,4/8/2023,Nicholasfort
13246,United Kingdom,Bethany Braun,bethany884@example.org,M,Silver,11/5/2021,New Rachaeltown
17418,United Kingdom,Christine Campbell,christine931@example.net,M,Bronze,7/6/2022,South Jessicashire
14541,United Kingdom,Anthony Schultz,anthony396@example.com,M,Bronze,10/16/2025,Jorgeview
15812,United Kingdom,Michael Moyer,michael347@example.com,M,Bronze,7/1/2023,Cunninghammouth
17180,United Kingdom,Andrew Collins,andrew437@example.net,F,Bronze,12/23/2023,Port Joshuaport
13707,United Kingdom,Norma Williams,norma627@example.net,F,Bronze,7/23/2025,Port Matthew
17362,United Kingdom,Paula Lee,paula397@example.org,F,Bronze,5/10/2024,Port Hunterhaven
13717,United Kingdom,Jamie Underwood,jamie529@example.org,M,Gold,2/17/2024,North Dianafurt
14147,United Kingdom,Samantha Cooper,samantha577@example.org,M,Bronze,12/18/2024,South Mark
16518,United Kingdom,Jennifer Jordan,jennifer374@example.net,M,Gold,11/30/2024,New Daniel
15071,United Kingdom,Kimberly Lynch,kimberly756@example.net,F,Bronze,8/22/2023,Frostland
16768,United Kingdom,Brandi Martin,brandi992@example.net,M,Bronze,8/3/2025,South Bryanhaven
16377,United Kingdom,Geoffrey Valencia,geoffrey488@example.org,F,Bronze,10/18/2023,Morrisonville
13695,United Kingdom,James Ross,james623@example.net,M,Silver,4/4/2024,South Lorifurt
13588,United Kingdom,Sandra Hall,sandra534@example.org,F,Silver,11/17/2022,Port Corey
16398,United Kingdom,Luis Harper,luis576@example.net,F,Silver,1/15/2021,Port Katie
13515,United Kingdom,Jesse Winters,jesse913@example.org,F,Gold,8/25/2022,West Thomasstad
12982,United Kingdom,Randy Stone,randy309@example.net,M,Silver,4/30/2025,North Andreatown
13120,United Kingdom,Tom Jordan,tom610@example.net,F,Silver,1/18/2022,North Timothyport
14868,United Kingdom,Michael Smith Jr.,michael985@example.net,M,Silver,7/10/2024,Dillonland
14651,United Kingdom,Michael Anderson,michael664@example.net,M,Gold,10/21/2021,Klineville
16642,United Kingdom,David Gibson,david518@example.com,M,Silver,9/8/2024,Clarkbury
17190,United Kingdom,Sarah Payne,sarah467@example.net,M,Bronze,10/25/2024,Nancyfurt
13456,United Kingdom,Sherry Murphy,sherry675@example.org,M,Silver,5/28/2025,New Rodney
18232,United Kingdom,Joseph Roberts,joseph638@example.com,F,Bronze,2/17/2021,North Jonathan
16323,United Kingdom,Angela Washington,angela729@example.com,M,Silver,11/2/2021,Port Gregoryport
13917,United Kingdom,Luke Marshall,luke420@example.com,F,Gold,5/16/2022,East Laurenton
14453,United Kingdom,Courtney Johnston,courtney877@example.net,F,Gold,8/24/2022,Lake Ericaburgh
18072,United Kingdom,Kelly Andrews,kelly525@example.net,F,Silver,12/18/2022,East Brooke
16113,United Kingdom,Michael Vazquez,michael545@example.net,F,Silver,5/3/2023,New Josephhaven
15679,United Kingdom,Jasmine Gilmore,jasmine454@example.net,M,Bronze,3/29/2025,Adamshire
15700,United Kingdom,Dwayne Frank,dwayne657@example.net,F,Silver,12/17/2020,Lopezbury
17299,United Kingdom,Ashley Escobar,ashley274@example.net,M,Silver,7/12/2024,Brittanymouth
16526,United Kingdom,Carla Allen,carla702@example.com,F,Bronze,9/16/2022,Port Jamesmouth
13763,United Kingdom,Douglas Davis,douglas467@example.com,M,Silver,3/19/2023,West Barbara
13678,United Kingdom,Latasha Reed,latasha236@example.org,F,Silver,12/14/2020,Port Christopher
12968,United Kingdom,Brenda Aguilar,brenda269@example.net,F,Bronze,10/2/2025,North Megan
16689,United Kingdom,David Davis,david515@example.org,M,Bronze,4/18/2025,Paulville
15571,United Kingdom,Kristen Patrick,kristen972@example.com,F,Bronze,10/3/2021,Port Anthonytown
15398,United Kingdom,Terry Snow,terry878@example.org,F,Bronze,3/26/2024,South Jamiefort
15807,United Kingdom,Antonio Adams,antonio971@example.com,F,Silver,4/18/2025,Annfort
16169,United Kingdom,Angelica Harrington,angelica646@example.com,M,Silver,7/15/2025,New Heatherburgh
13354,United Kingdom,Kenneth Monroe,kenneth850@example.com,M,Gold,2/25/2021,East Benjamin
13853,United Kingdom,David Hardy,david397@example.net,M,Bronze,11/23/2020,Ginabury
15728,United Kingdom,Mrs. Sara Woods,mrs853@example.com,M,Bronze,8/12/2024,West Bryan
16017,United Kingdom,Bethany Collins,bethany230@example.net,F,Bronze,3/18/2025,South Alexbury
17344,United Kingdom,Phillip Patel,phillip810@example.com,M,Bronze,1/10/2025,South Edward
15156,United Kingdom,David Brady,david164@example.net,M,Silver,10/26/2022,Amandaton
17623,United Kingdom,Jessica Clark,jessica971@example.org,F,Bronze,9/4/2024,Freemanview
13091,United Kingdom,Christopher Jackson,christopher987@example.com,M,Silver,5/24/2024,East Davidbury
16784,United Kingdom,Anthony Paul,anthony991@example.com,F,Bronze,2/7/2024,Schwartzview
17523,United Kingdom,Rodney Pugh,rodney121@example.net,M,Bronze,5/14/2024,Jerrymouth
15721,United Kingdom,Lori Guerrero,lori812@example.org,F,Silver,3/12/2021,Laurenshire
13408,United Kingdom,Matthew Lee,matthew528@example.com,F,Bronze,4/12/2021,East Rebeccashire
18144,United Kingdom,Tanya Reeves,tanya339@example.org,M,Bronze,7/28/2023,North Jamesshire
17460,United Kingdom,Andrew Sullivan,andrew817@example.net,M,Silver,11/16/2024,Millerchester
17855,United Kingdom,Deanna Martin,deanna125@example.com,M,Bronze,10/3/2023,Jonesberg
15574,United Kingdom,Anthony Gonzales,anthony894@example.com,F,Gold,8/31/2023,East Connieville
14396,United Kingdom,John Watson,john897@example.net,F,Bronze,7/13/2024,Zacharyville
13155,United Kingdom,Sophia Tran,sophia874@example.com,M,Silver,6/10/2022,South Allison
17682,United Kingdom,Eric Livingston,eric418@example.com,M,Bronze,7/21/2022,North Robertfurt
14907,United Kingdom,Lindsey Robinson,lindsey199@example.org,F,Silver,2/4/2021,Lake Tina
14952,United Kingdom,Tracy Foster,tracy640@example.com,M,Bronze,4/16/2023,New Michelle
13115,United Kingdom,Michael Jackson,michael282@example.org,M,Bronze,11/10/2020,West Sarah
15279,United Kingdom,Jamie French,jamie891@example.org,M,Bronze,3/16/2024,Deborahview
17752,United Kingdom,Kari Marks,kari462@example.net,F,Bronze,5/8/2022,Rebekahshire
14777,United Kingdom,Dakota Sawyer,dakota776@example.org,F,Bronze,4/7/2025,Mollyside
15532,United Kingdom,Michael Ryan,michael430@example.net,F,Bronze,10/8/2022,Allenville
16816,United Kingdom,Erin Christensen,erin690@example.com,M,Gold,10/12/2022,Saraburgh
13487,United Kingdom,Patrick Harris,patrick922@example.org,M,Bronze,1/12/2023,East Jodyland
17400,United Kingdom,Todd Terry,todd837@example.org,M,Bronze,1/27/2022,Port Katrinamouth
13397,United Kingdom,Paul Neal DDS,paul595@example.com,F,Silver,2/6/2022,Marshallbury
16554,United Kingdom,Judy Thomas,judy115@example.com,M,Bronze,8/31/2023,Kellyland
18212,United Kingdom,Craig Stevens,craig833@example.org,M,Gold,7/9/2022,North Clinton
17862,United Kingdom,Billy Jones,billy734@example.org,F,Bronze,1/31/2023,Karenfort
17515,United Kingdom,Paul Barry,paul562@example.net,M,Bronze,1/16/2023,Ayalaland
14049,United Kingdom,Sara Jackson,sara889@example.net,M,Bronze,10/16/2025,Port Brian
16110,United Kingdom,Robert Lee,robert375@example.org,F,Bronze,10/4/2025,New Kimberlyshire
14127,United Kingdom,Michael Nichols Jr.,michael900@example.net,F,Silver,3/27/2022,Baileyshire
14304,United Kingdom,Jasmine Kane,jasmine322@example.org,F,Silver,2/9/2022,Lake Stevenhaven
15406,United Kingdom,Katie Kelly,katie487@example.net,F,Bronze,4/22/2022,New Donnafort
13475,United Kingdom,Brittney Richardson,brittney196@example.com,F,Bronze,3/25/2025,Kimside
12988,United Kingdom,Randy Moore,randy478@example.net,F,Bronze,7/9/2024,Lake Carmen
18114,United Kingdom,Ernest Petty,ernest729@example.org,F,Gold,3/26/2023,Stevefort
14745,United Kingdom,Michelle Barron,michelle592@example.com,F,Bronze,8/14/2023,North Ryan
18280,United Kingdom,Sarah Richardson,sarah238@example.com,M,Bronze,2/12/2021,Wilsonhaven
15764,United Kingdom,Joshua Meyer,joshua610@example.net,M,Silver,5/23/2024,Greenberg
15206,United Kingdom,Melissa Massey,melissa774@example.net,M,Silver,1/13/2021,Port Cynthia
16778,United Kingdom,Michael Higgins,michael532@example.org,M,Silver,4/5/2024,Port Josephstad
15855,United Kingdom,Cory Morales,cory654@example.net,M,Silver,8/5/2025,Donnaburgh
15906,United Kingdom,Annette Jones,annette752@example.net,M,Bronze,11/26/2024,Johnmouth
13462,United Kingdom,Sean Brown,sean477@example.com,M,Silver,1/2/2023,Santanafurt
13294,United Kingdom,Bobby Wilson,bobby287@example.net,M,Bronze,5/1/2023,South Patrickhaven
16144,United Kingdom,David Johnson,david443@example.net,F,Bronze,1/28/2021,West Kristenton
17883,United Kingdom,Rebekah Thomas,rebekah540@example.org,F,Bronze,1/30/2022,North Derekhaven
16933,United Kingdom,Natalie Blevins,natalie289@example.com,F,Silver,4/13/2022,North Thomasville
13647,United Kingdom,Stephanie Moore,stephanie921@example.net,F,Bronze,9/11/2024,Lake Keithtown
14697,United Kingdom,Deborah Pierce,deborah909@example.net,M,Silver,4/3/2022,South Angelachester
14463,United Kingdom,Luis Humphrey,luis734@example.com,F,Silver,6/15/2023,North Melissafort
18048,United Kingdom,Michael Holmes,michael787@example.net,M,Bronze,4/21/2022,Jamesfurt
13395,United Kingdom,Nicholas Turner,nicholas855@example.com,F,Bronze,4/9/2022,South Jacob
17960,United Kingdom,Renee Ayala,renee493@example.org,F,Silver,12/4/2022,North Hannah
13420,United Kingdom,Jeremy Griffin,jeremy520@example.com,F,Bronze,12/31/2022,West Rickfort
13300,United Kingdom,Karen Hall,karen445@example.net,F,Silver,5/7/2024,Lake Philip
15850,United Kingdom,Kristin Parks,kristin431@example.org,M,Bronze,9/9/2024,Markton
13895,United Kingdom,Bryan Lopez,bryan540@example.org,M,Bronze,8/6/2023,Carmentown
14117,United Kingdom,Laurie Ortega,laurie134@example.org,M,Gold,3/3/2021,Juliafurt
17173,United Kingdom,Mark Owens,mark310@example.org,F,Bronze,5/8/2024,Carterbury
14947,United Kingdom,John Wu,john651@example.org,M,Bronze,3/9/2022,Port Jenniferview
17747,United Kingdom,Mark Jones,mark499@example.net,M,Gold,2/7/2021,Katrinatown
14141,United Kingdom,Lucas Johnson,lucas331@example.com,F,Bronze,12/2/2021,West Brandonhaven
14108,United Kingdom,William Hansen,william347@example.net,M,Bronze,4/14/2025,Douglasmouth
16278,United Kingdom,Haley Riley,haley786@example.com,M,Bronze,5/15/2023,Laurashire
14360,United Kingdom,Linda Hensley,linda968@example.com,M,Bronze,1/30/2025,Randytown
14557,United Kingdom,Matthew Carter,matthew392@example.com,F,Bronze,7/25/2024,Johnsonton
13067,United Kingdom,Edward Johnson,edward333@example.net,F,Bronze,7/13/2025,Estesmouth
13228,United Kingdom,Edward Conway,edward595@example.org,M,Bronze,5/4/2025,Valerieland
17466,United Kingdom,Ricky Rodriguez,ricky465@example.org,F,Bronze,6/23/2021,Leroyborough
17079,United Kingdom,Michael Pruitt,michael554@example.com,F,Bronze,11/7/2022,Mckenziefurt
13279,United Kingdom,Justin Aguirre,justin237@example.net,M,Bronze,5/11/2024,Castilloburgh
16468,United Kingdom,Anthony Terry,anthony864@example.com,M,Gold,2/12/2021,North Susanside
13061,United Kingdom,Kyle Sutton,kyle870@example.com,F,Gold,10/7/2022,Jasonfurt
15185,United Kingdom,Laura Boone,laura237@example.org,F,Bronze,6/27/2022,New Miguel
16747,United Kingdom,Joseph Thompson,joseph895@example.net,M,Bronze,2/27/2025,Jessicamouth
18130,United Kingdom,Anna Reynolds,anna604@example.com,M,Bronze,9/7/2022,North Jeffreyberg
13858,United Kingdom,Adam Crosby,adam729@example.net,F,Silver,7/5/2024,Jacquelineview
17785,United Kingdom,Isaac Perry,isaac567@example.com,M,Bronze,10/25/2025,Smithside
13897,United Kingdom,Megan Owens,megan136@example.org,M,Bronze,1/26/2024,Port Matthew
15592,United Kingdom,Todd Francis,todd889@example.net,M,Silver,3/16/2024,Port Richardport
16415,United Kingdom,Ashley Green,ashley766@example.com,M,Silver,11/22/2024,Randallburgh
13822,United Kingdom,Gerald Peterson,gerald154@example.org,M,Bronze,11/26/2024,Port Lindaville
14098,United Kingdom,Crystal Nguyen,crystal983@example.net,M,Bronze,5/3/2021,South Annette
14836,United Kingdom,Rhonda Martin,rhonda545@example.org,M,Gold,10/13/2023,West Ruthborough
13146,United Kingdom,Erica Leon,erica724@example.org,M,Bronze,5/2/2024,Davisfort
14725,United Kingdom,Lisa Walton,lisa144@example.org,F,Bronze,3/8/2021,Parsonsville
15115,United Kingdom,Kyle Lewis,kyle782@example.net,F,Bronze,2/27/2024,Lake Natalieside
15877,United Kingdom,Corey Williamson,corey878@example.com,M,Silver,10/15/2023,Mauricemouth
17297,United Kingdom,Judith Calderon,judith668@example.com,F,Gold,2/9/2021,South Jo
15540,United Kingdom,Cheryl Wagner,cheryl608@example.org,M,Silver,5/12/2021,Lake Carolyn
18058,United Kingdom,Pamela Pham,pamela341@example.org,M,Bronze,9/7/2021,North Sierra
14594,United Kingdom,Eugene Harrell DVM,eugene885@example.com,M,Silver,3/28/2022,North Rebeccafurt
16456,United Kingdom,Gregory Saunders,gregory326@example.org,M,Gold,4/18/2023,East Joseph
14180,United Kingdom,Mrs. Angela Wilson,mrs765@example.com,F,Bronze,4/10/2023,Jeffreyburgh
16455,United Kingdom,Amanda Andrews,amanda967@example.net,M,Silver,8/24/2022,Lake Daniel
17243,United Kingdom,Mary Thomas,mary831@example.net,M,Bronze,6/13/2024,Lake James
16033,United Kingdom,Heather Neal,heather273@example.com,F,Silver,12/20/2023,Marvinport
14800,United Kingdom,Katherine Baker,katherine983@example.net,M,Bronze,12/26/2022,Mcintyrestad
17677,United Kingdom,Louis Campos,louis273@example.net,M,Silver,2/20/2023,New Andre
17691,United Kingdom,Jonathan Rose,jonathan326@example.net,F,Silver,5/18/2025,East Jill
13481,United Kingdom,Joseph Garcia,joseph355@example.org,M,Bronze,12/5/2024,Raymondborough
14821,United Kingdom,Anna Dickson,anna535@example.org,M,Bronze,11/1/2021,Clarkshire
17937,United Kingdom,William Murphy,william464@example.net,F,Silver,4/21/2021,East Christinaberg
14961,United Kingdom,Deborah Thompson,deborah451@example.net,F,Silver,7/21/2021,New Hannahshire
13496,United Kingdom,Brandon Dalton,brandon386@example.net,F,Bronze,6/17/2023,West Jamie
14113,United Kingdom,Amy Hale,amy394@example.com,M,Silver,1/24/2024,New Andrewland
15841,United Kingdom,Sabrina Villa,sabrina153@example.com,F,Bronze,9/12/2023,West Timothy
17555,United Kingdom,Barbara Wright,barbara574@example.com,F,Bronze,1/28/2024,Carlsonfort
14669,United Kingdom,Lisa Long,lisa851@example.com,M,Bronze,12/31/2020,South Richardhaven
14270,United Kingdom,Kimberly Massey,kimberly216@example.com,F,Bronze,5/24/2021,North Natalie
17889,United Kingdom,Charles Allen,charles660@example.org,M,Bronze,1/2/2022,Debrafurt
16085,United Kingdom,Tammy May,tammy537@example.net,M,Bronze,7/19/2022,Guerrerobury
16043,United Kingdom,Taylor Avery,taylor637@example.com,F,Bronze,10/21/2021,Dylanchester
14595,United Kingdom,Timothy Golden,timothy371@example.org,F,Bronze,12/8/2024,Fitzgeraldbury
13939,United Kingdom,Kristin Miller,kristin608@example.com,F,Gold,8/2/2022,Lake Deborah
17672,United Kingdom,Holly Rose,holly189@example.com,M,Silver,4/23/2021,Molinaville
13539,United Kingdom,William Roach,william301@example.net,M,Gold,4/29/2024,Lake Katelynmouth
14778,United Kingdom,William Park,william927@example.net,M,Silver,7/19/2023,Markville
15753,United Kingdom,Tina Mckinney,tina775@example.net,F,Bronze,2/5/2023,Thomasshire
18159,United Kingdom,Julia Clark,julia427@example.org,F,Silver,3/30/2024,Hansonhaven
14379,United Kingdom,Gary Harris,gary343@example.org,F,Bronze,7/18/2022,West Sara
13425,United Kingdom,Brent Hanson,brent347@example.net,F,Bronze,12/23/2021,Stevenmouth
16692,United Kingdom,Nancy Levy,nancy268@example.org,M,Silver,7/12/2023,North Mary
14470,United Kingdom,Zachary Martin,zachary279@example.net,M,Bronze,11/20/2023,South Katherine
13666,United Kingdom,Rebecca Hunt,rebecca913@example.com,F,Bronze,1/11/2025,Lopezmouth
17663,United Kingdom,Ashley Rodgers,ashley496@example.org,F,Bronze,3/10/2023,New William
15944,United Kingdom,Joseph Sellers,joseph695@example.com,M,Bronze,11/20/2023,Elizabethfurt
15367,United Kingdom,Tara Dudley,tara834@example.net,F,Silver,12/9/2024,Darrenhaven
16766,United Kingdom,Corey Smith,corey938@example.com,M,Bronze,1/13/2025,Mayville
17080,United Kingdom,Gloria Dean,gloria552@example.com,M,Bronze,11/29/2020,South Anna
13716,United Kingdom,Stacy Martinez,stacy381@example.net,M,Bronze,9/1/2025,Morganview
18210,United Kingdom,John Castillo,john341@example.org,F,Bronze,6/14/2024,Port Samuel
15483,United Kingdom,Brian Briggs II,brian664@example.net,F,Bronze,2/12/2022,Lake Garyfort
16809,United Kingdom,Emily Freeman,emily285@example.com,F,Gold,9/20/2023,Lake Steven
15364,United Kingdom,Daniel Ford,daniel774@example.com,F,Bronze,12/27/2023,Lake Rodneytown
17088,United Kingdom,Melissa Phillips,melissa442@example.net,F,Bronze,8/27/2025,North Alejandramouth
17648,United Kingdom,Andrea Byrd,andrea613@example.org,F,Bronze,2/17/2021,East Gabriella
13525,United Kingdom,Samuel Gonzalez,samuel139@example.com,F,Silver,6/28/2021,Anthonyborough
13863,United Kingdom,Jonathan Glass,jonathan956@example.net,F,Bronze,6/6/2021,Amyport
14964,United Kingdom,Joseph Davis,joseph575@example.net,M,Bronze,5/15/2025,Riversland
13632,United Kingdom,Jacob Myers,jacob471@example.org,M,Silver,9/4/2024,Juliaborough
14326,United Kingdom,Greg Robertson,greg184@example.org,F,Bronze,9/4/2021,Jennifershire
14998,United Kingdom,Christina Wilkins,christina554@example.org,M,Bronze,10/20/2025,Lake Chelsea
14022,United Kingdom,John Ortiz,john257@example.org,M,Silver,9/11/2023,Mclaughlinburgh
18146,United Kingdom,Jack Rivers,jack808@example.org,F,Silver,10/16/2022,East Emily
12871,United Kingdom,Mike Thomas,mike957@example.net,M,Bronze,7/24/2022,Melissamouth
14705,United Kingdom,Angela Singleton,angela677@example.com,F,Bronze,3/8/2024,Jenniferfort
16247,United Kingdom,Desiree Wilson,desiree620@example.net,F,Gold,8/24/2025,Amytown
16287,United Kingdom,Jared Howard,jared149@example.net,M,Silver,4/8/2021,Barbaramouth
16498,United Kingdom,Victoria Molina,victoria271@example.com,M,Gold,2/25/2024,Stewartmouth
17046,United Kingdom,Jocelyn Suarez,jocelyn869@example.org,M,Bronze,4/2/2024,New Alec
13486,United Kingdom,Kimberly Boyd,kimberly853@example.com,M,Gold,2/28/2021,Lake Charles
13186,United Kingdom,Joseph Simon,joseph535@example.net,M,Bronze,11/22/2020,Deborahmouth
16340,United Kingdom,Keith Estrada,keith707@example.org,F,Bronze,4/3/2023,Christopherbury
13801,United Kingdom,Monica Lang,monica904@example.net,M,Bronze,2/3/2023,Suzannetown
17206,United Kingdom,Angel Porter,angel221@example.com,M,Gold,3/14/2021,Batesburgh
13974,United Kingdom,Christopher Love,christopher293@example.com,F,Silver,5/7/2023,Lake Heather
13176,United Kingdom,Rachel Snyder,rachel903@example.org,F,Silver,4/25/2021,West Ricardoshire
15345,United Kingdom,Stacey Stephens,stacey604@example.org,M,Silver,11/10/2020,Matthewfurt
15096,United Kingdom,Sherry Rodriguez,sherry465@example.com,M,Bronze,12/23/2024,South Keith
13721,United Kingdom,Alex Singleton,alex997@example.net,M,Gold,11/7/2021,Alexville
17233,United Kingdom,Janet Jones,janet215@example.net,F,Bronze,2/11/2025,North Allisonborough
13532,United Kingdom,Elaine Miller,elaine771@example.org,F,Bronze,7/2/2021,West Ryanland
17219,United Kingdom,Martin Francis,martin167@example.com,M,Bronze,9/2/2023,Franklinfort
17809,United Kingdom,Nichole Gray,nichole651@example.org,F,Bronze,7/29/2023,East Elizabeth
16583,United Kingdom,Virginia Sanders,virginia790@example.org,M,Silver,9/14/2025,New Maria
12947,United Kingdom,Mitchell Spears,mitchell309@example.com,M,Silver,3/14/2022,East Michelle
16905,United Kingdom,Daniel Sandoval,daniel439@example.net,F,Silver,6/26/2024,East Adamland
16926,United Kingdom,Allen Smith,allen694@example.net,F,Silver,8/29/2024,Jefferymouth
13831,United Kingdom,Rodney Robinson,rodney295@example.net,M,Silver,3/10/2021,New Charlesmouth
14409,United Kingdom,Larry Cameron,larry656@example.org,F,Gold,6/28/2021,Sarachester
14850,United Kingdom,Scott Price,scott322@example.org,M,Silver,7/10/2021,South Jillborough
16306,United Kingdom,Evan Nunez,evan267@example.net,M,Bronze,10/2/2024,Ronaldberg
16081,United Kingdom,Colleen Kennedy,colleen269@example.net,M,Bronze,3/11/2022,Tristanburgh
13829,United Kingdom,Joshua Fowler,joshua251@example.org,M,Bronze,4/15/2025,Careyberg
14878,United Kingdom,Kimberly Morgan,kimberly886@example.org,M,Bronze,6/22/2024,Josephland
14735,United Kingdom,Tiffany Moreno,tiffany289@example.com,M,Bronze,4/22/2023,New Cole
17392,United Kingdom,Kimberly Cummings,kimberly782@example.org,F,Bronze,5/5/2021,North Christianchester
14119,United Kingdom,Ashley Craig,ashley174@example.net,M,Bronze,10/8/2021,Churchton
13368,United Kingdom,Kayla Price,kayla176@example.org,F,Gold,6/30/2022,North Adam
16326,United Kingdom,Kyle Yang,kyle354@example.com,M,Gold,11/8/2021,Sabrinaberg
15938,United Kingdom,Martin Riley,martin191@example.net,M,Gold,1/5/2025,Victoriaville
17082,United Kingdom,Michael Joyce,michael515@example.net,F,Silver,5/27/2024,New Ricardo
17373,United Kingdom,Stephen Brown,stephen532@example.org,M,Bronze,10/15/2024,Jerrymouth
16515,United Kingdom,Tom Mueller,tom772@example.net,F,Gold,6/13/2024,Diamondville
15809,United Kingdom,Emily Mueller,emily499@example.org,M,Silver,6/10/2023,East Danielfurt
14520,United Kingdom,Connor Chavez,connor881@example.org,M,Bronze,3/15/2022,Lake Stephanie
13753,United Kingdom,Charles Davis,charles726@example.net,M,Bronze,11/5/2021,Paulashire
14740,United Kingdom,Virginia Lowery,virginia753@example.com,M,Silver,7/7/2022,Lake Eric
15676,United Kingdom,Keith Garrison,keith570@example.com,M,Bronze,12/15/2023,Christopherbury
15241,United Kingdom,Jeffrey Bryant,jeffrey849@example.org,F,Gold,4/13/2023,Joshualand
16792,United Kingdom,Corey Collins,corey346@example.net,M,Bronze,9/12/2024,South Shawn
17325,United Kingdom,Gloria Benson,gloria898@example.org,F,Bronze,7/2/2023,Port Jason
15234,United Kingdom,Todd Pierce,todd312@example.com,F,Silver,8/31/2024,West Juliechester
15632,United Kingdom,Dana Young,dana502@example.org,M,Silver,12/6/2024,Tiffanymouth
17966,United Kingdom,Kimberly Lang,kimberly210@example.org,F,Gold,10/23/2023,New Michaelbury
16769,United Kingdom,Heather Hayes,heather131@example.com,F,Bronze,9/13/2023,Lake David
14536,United Kingdom,Kevin Glass,kevin787@example.net,F,Silver,1/14/2022,Anthonyshire
13760,United Kingdom,Johnny Fox,johnny709@example.org,M,Bronze,7/23/2025,Samanthatown
16698,United Kingdom,Jennifer Cohen,jennifer916@example.net,M,Bronze,3/14/2022,Donnaton
14981,United Kingdom,Christina Watkins,christina942@example.com,F,Gold,8/31/2021,West Melissa
16633,United Kingdom,Nicole Castillo,nicole122@example.net,F,Silver,6/1/2024,Smithport
14353,United Kingdom,Daniel Wright,daniel602@example.net,F,Bronze,3/25/2024,North Robin
13235,United Kingdom,Michael Simpson,michael256@example.org,M,Bronze,7/5/2022,Curtisfurt
14883,United Kingdom,Debra Banks,debra257@example.com,F,Bronze,9/7/2021,Evelynshire
15123,United Kingdom,Kathleen Perez,kathleen983@example.org,M,Silver,2/15/2021,South Eugene
16818,United Kingdom,Maria Stephenson,maria692@example.net,M,Bronze,12/8/2024,Knightstad
14584,United Kingdom,John Gonzalez,john329@example.com,F,Bronze,8/18/2024,East Hollybury
18204,United Kingdom,Nichole Taylor,nichole300@example.net,F,Bronze,1/15/2021,West Krystal
17252,United Kingdom,Mr. Mark Martin,mr286@example.net,F,Silver,2/16/2022,Port Eric
13936,United Kingdom,Edward Olsen,edward939@example.net,M,Silver,11/25/2020,Tylerfort
17651,United Kingdom,Kevin Manning,kevin832@example.org,M,Silver,6/14/2021,East Michaelfort
17642,United Kingdom,Stephen Kane,stephen612@example.net,M,Bronze,3/7/2025,Lake Sandra
16173,United Kingdom,Brandon Roberts,brandon201@example.net,F,Gold,9/9/2024,North Amybury
14432,United Kingdom,Karen Hamilton MD,karen545@example.com,M,Bronze,3/27/2025,Alvarezville
17557,United Kingdom,Rhonda Yates,rhonda836@example.org,M,Silver,4/1/2024,South Veronicaborough
18228,United Kingdom,Michael Dunn,michael311@example.org,F,Bronze,12/4/2020,Vasquezville
15978,United Kingdom,Patricia Benjamin,patricia761@example.com,M,Bronze,10/13/2023,Richardchester
16480,United Kingdom,Dr. Victor Santos,dr343@example.net,M,Silver,11/1/2020,Wilsonport
16653,United Kingdom,Kim Howell,kim428@example.net,F,Bronze,11/1/2022,New Krista
16613,United Kingdom,Randall Patel,randall381@example.net,M,Bronze,2/17/2025,Melindaview
15088,United Kingdom,Ashley Blankenship,ashley472@example.com,F,Bronze,8/17/2025,New Hannahtown
16685,United Kingdom,Carl Hurst,carl335@example.net,M,Silver,12/1/2024,East Nancy
14923,United Kingdom,Angela Irwin,angela834@example.com,M,Bronze,3/2/2025,West Kathleenborough
15320,United Kingdom,Scott King,scott502@example.com,F,Gold,8/23/2025,Jessicabury
17668,United Kingdom,Ernest Walton,ernest747@example.org,F,Silver,10/23/2021,Kristinmouth
15576,United Kingdom,Nicholas Murphy,nicholas791@example.org,M,Bronze,7/15/2025,South William
13066,United Kingdom,Kelly Parker,kelly128@example.com,M,Bronze,8/3/2025,Jessicashire
12893,United Kingdom,Michael Miller,michael716@example.net,F,Bronze,11/10/2024,North Peter
18117,United Kingdom,Joy Garcia,joy965@example.com,F,Silver,7/4/2023,East Dawn
17357,United Kingdom,Laurie Smith,laurie607@example.com,M,Bronze,5/9/2025,Jonesview
14300,United Kingdom,Zachary Phelps,zachary933@example.org,F,Bronze,4/27/2023,Dorothyburgh
14966,United Kingdom,Gregory Smith,gregory157@example.org,M,Silver,1/5/2023,Lake Coryfort
12953,United Kingdom,Jennifer Abbott,jennifer169@example.com,M,Silver,5/30/2024,East Madisonborough
15983,United Kingdom,Latoya Martinez,latoya854@example.com,M,Silver,12/15/2023,Alexanderhaven
13576,United Kingdom,Frank Kelly,frank305@example.org,F,Silver,8/29/2022,North Melaniestad
16916,United Kingdom,Gary Hill,gary679@example.org,F,Gold,6/15/2023,Mitchellland
15061,United Kingdom,Steven Harrison,steven541@example.com,M,Bronze,5/5/2021,South Elizabeth
13958,United Kingdom,Bethany Cannon,bethany950@example.net,M,Bronze,12/26/2023,Annaton
15889,United Kingdom,Victoria Smith,victoria790@example.com,M,Gold,4/28/2025,West Ryanmouth
15919,United Kingdom,Brittany Brown,brittany926@example.org,F,Bronze,4/12/2024,Lake Glennbury
15860,United Kingdom,Allen Hill,allen833@example.org,F,Bronze,5/19/2024,Jasonfurt
15882,United Kingdom,Tanya Marshall,tanya729@example.net,F,Bronze,8/26/2021,Katieside
16059,United Kingdom,Alex Harper,alex580@example.com,M,Bronze,10/26/2025,South Melissaton
13077,United Kingdom,Kathryn Brewer,kathryn417@example.com,F,Silver,6/10/2023,Kevinfurt
16907,United Kingdom,Brian Simmons,brian681@example.com,F,Silver,9/18/2025,New Jennifer
14702,United Kingdom,Earl Hunt,earl466@example.net,F,Bronze,9/13/2022,Cruzbury
15179,United Kingdom,Karen Perez,karen777@example.com,F,Bronze,11/1/2023,West Dianeland
16010,United Kingdom,Jennifer Williams,jennifer749@example.net,F,Silver,8/11/2021,Juliehaven
15780,United Kingdom,Harold Brown,harold208@example.com,M,Bronze,8/29/2024,Lake Roberttown
17888,United Kingdom,Michael Elliott,michael415@example.com,F,Bronze,1/4/2022,Patriciatown
16875,United Kingdom,Mary Manning,mary317@example.org,M,Bronze,7/14/2021,Royfort
16094,United Kingdom,David Welch,david209@example.org,M,Bronze,6/10/2022,North Sarah
14672,United Kingdom,Terry Copeland,terry499@example.org,F,Silver,10/6/2022,West Donnaview
17811,United Kingdom,Jill Robinson,jill577@example.net,M,Bronze,5/29/2021,Avilaberg
15749,United Kingdom,Matthew Coleman,matthew339@example.org,M,Bronze,3/28/2024,Juliachester
13064,United Kingdom,Valerie Lopez,valerie402@example.com,F,Bronze,3/3/2022,Wernerchester
13883,United Kingdom,Vicki Hardin,vicki572@example.com,M,Bronze,5/23/2022,Lake Vanessaville
18233,United Kingdom,James Wolf,james912@example.org,F,Silver,5/25/2024,North Jacob
15831,United Kingdom,Gilbert Brown,gilbert603@example.org,F,Bronze,8/1/2023,Bennettberg
17714,United Kingdom,Jamie Ayers,jamie707@example.com,M,Bronze,4/13/2024,West Gabriellaport
15443,United Kingdom,Jerry Richmond,jerry506@example.org,M,Gold,1/6/2025,Richardbury
13158,United Kingdom,Chloe Gilbert,chloe332@example.com,F,Silver,5/17/2023,Hansenbury
17446,United Kingdom,Andrew Morgan,andrew710@example.com,M,Gold,8/5/2025,West Tylerport
17105,United Kingdom,Tammy Ochoa,tammy324@example.net,F,Silver,10/18/2021,Jeffport
17537,United Kingdom,Lisa Pittman,lisa861@example.org,M,Silver,7/15/2025,Lake Leonside
14431,United Kingdom,Sherri Jacobs,sherri370@example.com,M,Bronze,5/30/2025,East Jamieside
13171,United Kingdom,Matthew Wilson,matthew325@example.com,M,Silver,3/3/2024,Laurenview
16045,United Kingdom,Eric Sanders,eric485@example.org,F,Bronze,8/16/2023,Gilbertfort
18196,United Kingdom,Jocelyn Simmons,jocelyn100@example.net,F,Bronze,8/15/2024,Stevenmouth
16208,United Kingdom,Steven Wilson,steven241@example.net,M,Silver,8/20/2023,Christopherville
15951,United Kingdom,Lisa Clayton,lisa450@example.com,F,Bronze,4/30/2022,Port Rodneychester
17462,United Kingdom,Samuel Rosario,samuel618@example.org,M,Silver,3/26/2025,Brendaton
14247,United Kingdom,Regina Greene,regina247@example.net,F,Silver,6/30/2023,Port Shawnchester
16356,United Kingdom,Micheal Torres,micheal621@example.org,M,Bronze,8/30/2024,East Brian
14854,United Kingdom,Brandon Anderson,brandon599@example.net,M,Silver,10/9/2021,Allenville
16780,United Kingdom,Kimberly Brown,kimberly349@example.com,M,Gold,3/3/2021,Brentmouth
16105,United Kingdom,Ronald Stanley,ronald357@example.com,F,Gold,11/27/2020,West Sean
13892,United Kingdom,Robert Ball,robert362@example.com,M,Silver,2/9/2024,South Kyleton
18079,United Kingdom,Charles Rodriguez,charles412@example.net,M,Silver,10/31/2021,South Abigailhaven
13450,United Kingdom,Brandon Sanchez,brandon856@example.org,F,Silver,7/17/2022,South Nancyhaven
17423,United Kingdom,Andrew Scott,andrew250@example.net,F,Bronze,12/19/2023,East Tonya
18235,United Kingdom,Heather Jones,heather922@example.com,F,Bronze,7/28/2023,Ashleyborough
13835,United Kingdom,Kelli Anthony,kelli644@example.net,F,Gold,10/7/2022,South Courtneybury
14287,United Kingdom,Sara Mcintosh,sara166@example.net,M,Gold,1/10/2025,Diazberg
13131,United Kingdom,Travis Randall,travis188@example.com,M,Silver,11/21/2023,Clarkside
15016,United Kingdom,Rachel Stark,rachel379@example.org,M,Silver,6/1/2025,North Holly
17408,United Kingdom,Gary Ramos,gary526@example.com,F,Bronze,12/24/2023,Lake Justin
18121,United Kingdom,Melissa Baker,melissa762@example.org,F,Bronze,12/27/2023,Port Patrickbury
15004,United Kingdom,Joshua Moreno,joshua808@example.com,M,Silver,11/22/2023,New Conniefurt
17040,United Kingdom,Priscilla Myers,priscilla759@example.net,M,Bronze,7/18/2021,North Monique
15261,United Kingdom,Sheryl Dixon,sheryl903@example.net,F,Silver,2/12/2025,Masonbury
15118,United Kingdom,Leslie Cochran,leslie278@example.net,M,Gold,7/2/2025,Lake Katherine
15254,United Kingdom,Robert Sullivan,robert768@example.com,F,Bronze,8/16/2025,Reginaborough
17331,United Kingdom,Mitchell Wilkinson,mitchell428@example.com,M,Bronze,7/20/2022,Cardenasbury
17958,United Kingdom,Richard Goodman,richard304@example.com,F,Gold,2/16/2024,Stevensville
16093,United Kingdom,David Park,david336@example.org,F,Bronze,8/30/2022,Port Tiffanychester
15488,United Kingdom,Beverly Allen,beverly334@example.com,M,Silver,10/16/2024,New Joel
14815,United Kingdom,Connie Anderson,connie782@example.com,M,Bronze,6/8/2023,Gonzalesview
14054,United Kingdom,Richard Mccann,richard116@example.net,M,Silver,8/17/2022,Allenchester
16737,United Kingdom,Raymond Roberts,raymond769@example.net,M,Bronze,11/6/2024,Powersshire
16313,United Kingdom,Thomas Chandler,thomas331@example.net,M,Silver,6/1/2022,Merrittton
14764,United Kingdom,Hayden Richardson,hayden498@example.org,F,Silver,12/21/2020,Patricialand
16855,United Kingdom,Cynthia Dickerson,cynthia986@example.org,M,Bronze,5/24/2021,North Mackenziebury
13278,United Kingdom,David Baker,david133@example.org,F,Bronze,2/4/2024,East Michaelview
17947,United Kingdom,Pamela Coleman,pamela399@example.org,M,Bronze,2/10/2021,West Claudiahaven
17313,United Kingdom,Juan Martinez,juan582@example.net,F,Bronze,7/5/2022,East Shawnstad
17502,United Kingdom,Dustin Gibson,dustin779@example.net,F,Bronze,3/10/2024,Port Matthew
16207,United Kingdom,Emily Carroll,emily292@example.com,F,Bronze,7/22/2023,Martinezfurt
17636,United Kingdom,John Russell,john403@example.net,F,Bronze,1/20/2022,North Gregoryborough
16000,United Kingdom,Emily Braun,emily291@example.org,F,Gold,1/24/2025,Vincentmouth
15100,United Kingdom,Joe Obrien,joe710@example.net,M,Silver,12/12/2023,East Tanyahaven
16250,United Kingdom,Brett Neal,brett538@example.net,F,Bronze,4/11/2025,West Zacharyhaven
15953,United Kingdom,Jason Smith,jason622@example.org,M,Bronze,1/4/2023,South Catherine
17019,United Kingdom,Cynthia Ferguson,cynthia778@example.net,F,Silver,8/25/2024,Byrdview
16782,United Kingdom,Karen Jackson,karen919@example.org,F,Silver,10/11/2023,Tracyberg
14673,United Kingdom,Janet Jones,janet629@example.net,F,Silver,2/4/2024,Danielleside
16125,United Kingdom,Morgan Taylor,morgan437@example.com,M,Bronze,1/14/2024,New Danielle
15750,United Kingdom,Connie Mcbride,connie299@example.com,F,Bronze,10/6/2025,West Paulaberg
13842,United Kingdom,David Gutierrez,david188@example.org,M,Silver,7/15/2022,South Danielport
16252,United Kingdom,Amanda Mejia,amanda601@example.org,F,Gold,9/4/2022,Lake Hannah
13854,United Kingdom,John Hall,john951@example.com,F,Bronze,1/2/2025,Williamsmouth
13102,United Kingdom,Christian Simmons,christian384@example.com,F,Silver,1/16/2024,Leehaven
17790,United Kingdom,Richard Lewis,richard321@example.com,F,Bronze,8/30/2024,Port Gabrielle
17799,United Kingdom,Hannah Gross,hannah907@example.org,M,Bronze,12/5/2024,East Luis
17375,United Kingdom,Elaine Rosales,elaine770@example.net,F,Silver,8/15/2024,Dylanville
17969,United Kingdom,Jeremy Snyder,jeremy305@example.net,M,Gold,6/1/2025,Davidhaven
18075,United Kingdom,Jane Lee,jane163@example.org,M,Bronze,1/1/2025,Taylorstad
13124,United Kingdom,David Owens,david203@example.org,M,Bronze,6/12/2021,Ianland
16470,United Kingdom,Ethan Knight,ethan559@example.org,M,Bronze,8/1/2023,Peterbury
14373,United Kingdom,Jonathan Mills,jonathan934@example.org,F,Bronze,1/28/2021,Timothyside
17593,United Kingdom,Morgan Chase,morgan157@example.org,F,Bronze,9/22/2025,East John
14258,United Kingdom,Robert Bennett,robert201@example.net,M,Silver,5/29/2024,East Sean
16551,United Kingdom,Maureen Page,maureen342@example.net,M,Gold,3/6/2023,Port Brandyville
17364,United Kingdom,Mr. Thomas Terry MD,mr832@example.net,F,Bronze,11/25/2022,Deleonton
14784,United Kingdom,Morgan Owens,morgan815@example.com,F,Bronze,11/19/2023,North Jacobport
13819,United Kingdom,Dr. Laura Rush,dr756@example.net,F,Gold,11/7/2024,Lake Raymond
14257,United Kingdom,Lisa Smith,lisa517@example.com,M,Bronze,8/22/2023,Port Jillmouth
14662,United Kingdom,Martha Brown,martha854@example.net,F,Bronze,3/4/2025,Montoyahaven
17940,United Kingdom,John Mcclain MD,john185@example.com,F,Bronze,4/5/2025,New Robert
16027,United Kingdom,Barbara Meadows,barbara809@example.net,M,Bronze,12/22/2023,Sabrinaburgh
14555,United Kingdom,Jaclyn Morton,jaclyn660@example.org,F,Bronze,6/9/2021,North Jenniferport
17255,United Kingdom,Kaitlyn Ross DDS,kaitlyn404@example.com,M,Bronze,3/28/2024,Lake David
12993,United Kingdom,Robin Scott,robin901@example.com,M,Silver,2/8/2021,Zunigahaven
17654,United Kingdom,Brian Jenkins,brian443@example.net,M,Silver,6/16/2022,New Melissa
14110,United Kingdom,Guy Perry,guy386@example.com,F,Bronze,6/23/2021,Dannytown
14711,United Kingdom,Jeffery Oconnor,jeffery270@example.com,M,Bronze,11/1/2023,Beanburgh
16777,United Kingdom,Thomas Williams,thomas665@example.com,M,Bronze,1/22/2022,North Emily
14446,United Kingdom,Derek Wheeler,derek361@example.net,M,Silver,4/14/2025,Dawnville
13577,United Kingdom,Keith Blackburn,keith446@example.com,M,Bronze,12/2/2022,East Marissaview
17278,United Kingdom,Jonathan Jones,jonathan123@example.org,M,Bronze,6/3/2021,Gonzalezview
16309,United Kingdom,Mr. Bradley Wallace PhD,mr398@example.com,M,Bronze,2/11/2021,New Kathryntown
16097,United Kingdom,Leah Matthews,leah852@example.com,F,Gold,6/26/2022,West Michaelmouth
15491,United Kingdom,Todd Fox,todd694@example.com,M,Silver,6/6/2021,West Shannon
14152,United Kingdom,Autumn Wright,autumn899@example.com,F,Silver,8/7/2024,West Jacobtown
16611,United Kingdom,Christine Rivera,christine756@example.com,M,Bronze,3/27/2023,Gloverborough
16990,United Kingdom,Andrea Gill,andrea977@example.net,M,Silver,3/21/2022,Meaganshire
16319,United Kingdom,Michael Reid,michael677@example.net,F,Silver,7/31/2021,Adamston
14288,United Kingdom,Joyce Meadows,joyce202@example.com,F,Bronze,7/15/2021,Michaeltown
16107,United Kingdom,Laura Kennedy,laura211@example.com,M,Bronze,6/20/2024,Smithfurt
13761,United Kingdom,Brian Riley,brian108@example.com,M,Bronze,2/17/2025,West Jenniferchester
14400,United Kingdom,Joseph Nicholson MD,joseph592@example.net,F,Silver,1/14/2025,Williamsonville
13967,United Kingdom,Whitney Gordon,whitney946@example.com,F,Bronze,5/7/2022,Solisburgh
17703,United Kingdom,Samantha Larson DVM,samantha670@example.org,F,Silver,7/31/2021,Port Ruthview
13307,United Kingdom,Travis Gonzalez,travis694@example.com,F,Gold,8/18/2021,Josephhaven
17637,United Kingdom,Christine Smith,christine245@example.org,F,Bronze,3/7/2022,Port Samanthamouth
15541,United Kingdom,Franklin Pierce,franklin960@example.org,M,Silver,4/6/2021,Welchbury
13411,United Kingdom,Gerald Richardson,gerald366@example.org,F,Bronze,1/12/2022,Port Christopher
12851,United Kingdom,Miss Jennifer Kent DDS,miss661@example.com,M,Bronze,6/27/2021,East Lauraside
14250,United Kingdom,Linda Walker,linda566@example.org,F,Bronze,3/7/2025,North Wandamouth
16796,United Kingdom,Tiffany Forbes,tiffany450@example.com,M,Bronze,6/25/2021,Robinsonshire
17434,United Kingdom,Carolyn Hill,carolyn318@example.org,M,Bronze,9/29/2025,Millerbury
12936,United Kingdom,Matthew Obrien,matthew935@example.com,M,Bronze,9/4/2025,East April
15763,United Kingdom,Michelle Brennan,michelle725@example.org,M,Bronze,1/13/2021,Port Ruth
16281,United Kingdom,Jerry Smith,jerry549@example.net,M,Silver,4/22/2022,South Elizabeth
15593,United Kingdom,Tanya Brown,tanya644@example.com,F,Silver,9/23/2023,East Shannonview
13095,United Kingdom,Julie Padilla,julie686@example.com,F,Silver,8/29/2021,South Cynthialand
15774,United Kingdom,Sean Barrett,sean395@example.org,F,Silver,7/2/2022,New Stephanieberg
17425,United Kingdom,Patricia Nichols,patricia166@example.com,F,Bronze,8/26/2025,Christophershire
14642,United Kingdom,Valerie Adams,valerie561@example.net,F,Silver,2/24/2022,Lake Davidview
14638,United Kingdom,Dana Higgins,dana844@example.com,F,Gold,1/10/2021,Port Eric
15286,United Kingdom,Cindy Walker,cindy314@example.org,F,Bronze,5/14/2025,South Victoria
18045,United Kingdom,Bradley Sheppard,bradley966@example.net,M,Bronze,1/5/2024,Lake Mariostad
14416,United Kingdom,Samuel Fuentes,samuel839@example.com,F,Bronze,9/14/2022,East Michael
12912,United Kingdom,Chris Wood,chris348@example.org,F,Bronze,10/1/2024,North Sophiamouth
17595,United Kingdom,John Bond,john280@example.com,M,Gold,12/7/2022,East Matthewborough
17680,United Kingdom,Andre Phelps,andre744@example.com,F,Gold,9/23/2024,Lake Michaelshire
13739,United Kingdom,Timothy Oneill,timothy316@example.com,M,Gold,8/19/2021,East Codytown
17100,United Kingdom,Troy Austin,troy531@example.org,F,Silver,9/22/2025,East Mary
15291,United Kingdom,Kelly Griffith,kelly177@example.net,F,Silver,1/25/2023,Davidburgh
16029,United Kingdom,Krystal Martin,krystal727@example.com,M,Silver,10/6/2023,Johnville
13758,United Kingdom,Cynthia Collins,cynthia238@example.com,M,Silver,2/16/2023,Charlesville
15752,United Kingdom,Sandra Carter,sandra446@example.org,F,Bronze,3/15/2024,Newtonburgh
14135,United Kingdom,Olivia Jones,olivia847@example.net,F,Bronze,6/7/2022,Christopherbury
16013,United Kingdom,Jordan Walker,jordan602@example.org,F,Silver,1/23/2024,Flynnstad
17238,United Kingdom,Cindy Williams,cindy858@example.com,M,Bronze,7/15/2021,West Chad
15880,United Kingdom,Kara Charles,kara612@example.org,F,Bronze,9/14/2023,Payneton
13579,United Kingdom,Deanna Martin,deanna344@example.net,F,Bronze,8/22/2023,Schmidtland
13497,United Kingdom,Tammy Stewart,tammy897@example.com,F,Bronze,10/21/2022,Owensbury
17596,United Kingdom,Cheryl Carter,cheryl333@example.com,F,Bronze,5/8/2021,New Sheenaburgh
16654,United Kingdom,Christy Pierce,christy337@example.com,F,Bronze,5/25/2024,New Jeffreymouth
13319,United Kingdom,Jessica French,jessica563@example.org,M,Gold,10/27/2021,East Christopher
13531,United Kingdom,Trevor Orr,trevor133@example.org,M,Silver,1/1/2024,Courtneybury
15805,United Kingdom,Timothy Phelps,timothy745@example.com,M,Bronze,12/31/2020,Gilbertport
17827,United Kingdom,Rachel Hawkins,rachel643@example.org,F,Bronze,8/12/2024,Kelseyhaven
17912,United Kingdom,Michael Hawkins,michael461@example.org,F,Bronze,12/24/2023,Michaelberg
15998,United Kingdom,Blake Cook,blake497@example.org,F,Bronze,4/22/2021,North Joyce
12980,United Kingdom,Anna Stevens,anna322@example.org,F,Bronze,6/1/2024,Stephaniehaven
18256,United Kingdom,Ryan Bryant,ryan623@example.com,F,Bronze,3/23/2025,Lisaburgh
13313,United Kingdom,Richard Reynolds,richard764@example.com,M,Bronze,11/12/2022,Lake Randystad
12957,United Kingdom,Mason Wong,mason932@example.org,M,Bronze,1/30/2025,Rileyberg
13782,United Kingdom,Mary Reeves,mary376@example.com,F,Bronze,3/10/2022,Aaronchester
13742,United Kingdom,Jenna Smith,jenna536@example.net,M,Silver,6/10/2022,South Laura
13405,United Kingdom,Abigail Cannon,abigail838@example.org,F,Silver,6/7/2024,New Denise
13837,United Kingdom,Heather Smith,heather778@example.com,F,Silver,9/26/2023,East Amyburgh
13709,United Kingdom,James Simon,james218@example.com,F,Bronze,9/28/2024,East Kenneth
14475,United Kingdom,Laura Miller,laura618@example.org,M,Bronze,2/4/2021,West Joannastad
16951,United Kingdom,Julie Richardson,julie128@example.org,M,Bronze,12/15/2023,West Derekmouth
18257,United Kingdom,Mark Beasley,mark349@example.net,M,Bronze,7/22/2023,North Elizabeth
14289,United Kingdom,John Phillips,john553@example.com,F,Bronze,2/9/2022,Hansenstad
17139,United Kingdom,Matthew Blankenship,matthew698@example.org,F,Bronze,9/8/2025,Sergioside
13684,United Kingdom,Mary Austin,mary996@example.com,M,Bronze,7/28/2023,Jenkinsburgh
13292,United Kingdom,Jacqueline Holmes,jacqueline615@example.net,M,Bronze,4/3/2024,Port Williamview
16915,United Kingdom,Dr. Lauren Tran DVM,dr835@example.org,M,Silver,11/13/2024,Morahaven
14817,United Kingdom,Lance May,lance264@example.com,M,Silver,4/24/2023,Bushmouth
16023,United Kingdom,Christine Andersen,christine299@example.com,M,Bronze,5/2/2022,Hallburgh
17272,United Kingdom,William Rowe,william648@example.net,M,Bronze,8/14/2025,Port Richardville
13139,United Kingdom,Kyle Li,kyle701@example.com,M,Silver,2/25/2025,Lake Joseph
14886,United Kingdom,Carl Williams,carl693@example.net,M,Bronze,6/26/2025,Davisville
14023,United Kingdom,Casey Romero,casey820@example.org,F,Bronze,3/22/2024,Scottborough
13005,United Kingdom,Timothy Calhoun,timothy372@example.org,M,Silver,7/5/2021,Lake Jasonstad
15214,United Kingdom,Gregory Conner,gregory651@example.net,F,Bronze,1/26/2025,East Kevinland
17704,United Kingdom,Cynthia Adams,cynthia164@example.net,M,Silver,11/7/2022,Whitakerchester
15225,United Kingdom,Mr. Kenneth Warren,mr926@example.org,F,Bronze,7/29/2025,Fullerbury
13888,United Kingdom,Dawn Phelps,dawn835@example.net,F,Gold,11/26/2023,North Amyshire
13052,United Kingdom,Craig Christian,craig674@example.com,F,Bronze,3/2/2025,Brownhaven
14988,United Kingdom,Kathy Coleman,kathy978@example.net,F,Bronze,8/8/2023,Torresville
14000,United Kingdom,Joshua Owens,joshua828@example.net,M,Silver,8/25/2025,Wallfort
14583,United Kingdom,Eric David,eric123@example.com,M,Bronze,7/11/2021,South Caitlin
14551,United Kingdom,Shawn Wilson,shawn859@example.com,M,Bronze,12/7/2020,New Saraville
14522,United Kingdom,Shari Thomas,shari184@example.net,F,Bronze,1/16/2024,Port Johnnyfurt
16276,United Kingdom,Shane Fletcher,shane990@example.com,F,Bronze,8/28/2023,Churchborough
13568,United Kingdom,Jennifer Gibbs,jennifer172@example.org,F,Bronze,10/17/2025,Lake Maria
17159,United Kingdom,Kristina Mosley,kristina764@example.net,M,Silver,11/5/2020,Aliciaborough
13745,United Kingdom,Bradley Jimenez,bradley697@example.com,F,Gold,2/10/2023,South Melanie
12922,United Kingdom,Brandon Buckley MD,brandon570@example.org,F,Bronze,10/25/2025,Smithmouth
15149,United Kingdom,Carlos Rodriguez,carlos124@example.org,F,Bronze,6/6/2021,Smithhaven
16102,United Kingdom,Jesse Peterson,jesse819@example.org,M,Silver,5/28/2023,Sherriview
15315,United Kingdom,Megan Parrish,megan158@example.com,F,Bronze,1/1/2021,Douglasmouth
16706,United Kingdom,Brian Robinson,brian180@example.org,M,Silver,2/15/2021,Lake Reneestad
13518,United Kingdom,Emily Monroe,emily131@example.net,F,Bronze,6/16/2024,Port Charles
13323,United Kingdom,Joseph Ward,joseph797@example.com,M,Bronze,2/5/2025,South Heatherside
14951,United Kingdom,Edwin Hughes,edwin368@example.net,F,Bronze,10/12/2024,North Edwardmouth
13514,United Kingdom,Albert Figueroa,albert126@example.net,M,Bronze,5/7/2024,North David
13979,United Kingdom,Samantha Yang,samantha660@example.org,M,Bronze,5/14/2021,Drakechester
16020,United Kingdom,John Kelley,john393@example.org,M,Silver,3/25/2023,Stevenland
16688,United Kingdom,Jared Nielsen,jared201@example.com,M,Silver,5/19/2024,Noahton
15335,United Kingdom,Katie Smith,katie378@example.com,M,Bronze,10/15/2021,Coreymouth
14554,United Kingdom,Jerry Montgomery,jerry826@example.net,M,Silver,4/11/2025,Weissstad
13245,United Kingdom,Tina Choi,tina503@example.net,F,Silver,10/12/2023,Lake Jamesview
16127,United Kingdom,Joshua Simmons,joshua434@example.org,F,Bronze,6/7/2025,Gomezberg
13467,United Kingdom,Michael Hernandez,michael646@example.org,M,Bronze,9/21/2025,New Emmaside
15597,United Kingdom,Michael Thornton,michael639@example.com,M,Bronze,5/5/2021,New Katherinemouth
14882,United Kingdom,Jessica Maddox,jessica976@example.org,F,Gold,7/17/2023,North Scott
13727,United Kingdom,William Aguilar,william152@example.com,M,Silver,10/21/2022,Jessicaview
15025,United Kingdom,Courtney Ryan,courtney609@example.net,M,Bronze,9/2/2024,West Claudiaside
16903,United Kingdom,Marilyn Curtis,marilyn142@example.net,M,Gold,1/13/2025,North Alice
16666,United Kingdom,Shelley Rivera,shelley272@example.org,M,Bronze,12/22/2023,Oneillbury
17897,United Kingdom,Sarah Robertson,sarah527@example.org,F,Bronze,1/5/2021,North Jo
16928,United Kingdom,Michelle May,michelle877@example.com,F,Silver,8/12/2025,Justinbury
16539,United Kingdom,Courtney Richard,courtney759@example.net,F,Gold,5/1/2025,South Brenda
14060,United Kingdom,Paula Wright,paula648@example.net,F,Bronze,12/24/2023,Triciabury
16327,United Kingdom,Randall Hernandez,randall306@example.net,F,Silver,1/5/2022,Knightborough
15660,United Kingdom,Joseph Brooks,joseph712@example.net,F,Silver,6/24/2022,Lake Victoria
17454,United Kingdom,Christopher Burgess,christopher593@example.net,F,Bronze,3/19/2023,Brendachester
13317,United Kingdom,Robert Lee,robert747@example.com,F,Gold,2/18/2025,West Christopher
15587,United Kingdom,Travis Hogan,travis134@example.com,M,Gold,5/19/2022,New Thomasport
13280,United Kingdom,John Allen,john502@example.net,F,Bronze,5/4/2025,Jasontown
14755,United Kingdom,Dylan Herrera,dylan243@example.org,F,Silver,1/25/2025,Poncehaven
14321,United Kingdom,Jason Floyd,jason836@example.com,F,Bronze,6/25/2021,Port Patrickborough
14185,United Kingdom,Diane Tyler,diane937@example.org,M,Bronze,11/9/2024,Mathewschester
14040,United Kingdom,Benjamin Zhang,benjamin793@example.com,M,Silver,5/27/2023,Snyderstad
16395,United Kingdom,Christina Rich,christina861@example.org,F,Silver,1/19/2025,Cassandraberg
12970,United Kingdom,Thomas Harris,thomas718@example.org,F,Bronze,9/14/2021,South Jamieville
13330,United Kingdom,Scott Jones,scott424@example.com,F,Bronze,6/2/2023,Parkerbury
17604,United Kingdom,Taylor Kennedy,taylor969@example.net,M,Gold,7/5/2025,Michelleton
13600,United Kingdom,Michelle Davis,michelle737@example.com,F,Bronze,8/15/2022,West Kelly
14627,United Kingdom,Gabriel Kelly,gabriel255@example.com,M,Bronze,2/13/2023,East Christophermouth
17507,United Kingdom,Evelyn Williams,evelyn807@example.org,F,Silver,4/10/2025,Simmonsstad
17162,United Kingdom,Debra Pham,debra439@example.org,F,Silver,8/13/2024,Perezchester
15903,United Kingdom,John Mitchell,john912@example.org,F,Bronze,10/12/2023,East Brianstad
13477,United Kingdom,Alan Moore,alan529@example.net,F,Bronze,12/29/2021,West Andresmouth
16427,United Kingdom,Dominic Flores,dominic405@example.net,F,Bronze,7/6/2023,Susanberg
15656,United Kingdom,Dana Hart,dana772@example.org,F,Bronze,7/7/2022,Youngberg
15257,United Kingdom,Jeremy Mcdaniel,jeremy221@example.org,M,Bronze,8/16/2021,Robinsonhaven
15622,United Kingdom,Laura Vaughn,laura318@example.org,M,Bronze,1/26/2023,West Thomas
14483,United Kingdom,Rebecca Simmons,rebecca924@example.net,M,Bronze,3/31/2021,Riggsborough
16061,United Kingdom,Rebecca Baker,rebecca145@example.net,M,Bronze,8/24/2023,North Kimberlystad
14636,United Kingdom,Alexandra Hall,alexandra882@example.net,F,Silver,9/4/2025,New Jessica
13533,United Kingdom,Laura Johnson,laura554@example.com,F,Gold,12/29/2020,South Carolynborough
16672,United Kingdom,Victoria Colon,victoria528@example.com,M,Silver,11/6/2022,Dickersonfurt
14408,United Kingdom,Rhonda Mccarthy,rhonda560@example.com,M,Gold,7/26/2025,New Steven
14790,United Kingdom,Casey Bradford,casey922@example.com,F,Silver,2/24/2022,Port Brandifurt
17601,United Kingdom,Christopher Wilson,christopher354@example.net,F,Bronze,3/16/2025,South Jessicamouth
15265,United Kingdom,Mr. Timothy Oliver,mr863@example.net,F,Bronze,6/15/2024,New Calvinborough
17734,United Kingdom,Eric Austin,eric739@example.net,F,Bronze,11/7/2024,Kathrynshire
17410,United Kingdom,Austin Sims,austin922@example.net,F,Bronze,8/6/2024,Johnburgh
14397,United Kingdom,Thomas Taylor,thomas345@example.org,F,Bronze,8/6/2025,New Patrickland
14691,United Kingdom,Peggy Scott,peggy997@example.com,M,Bronze,6/11/2023,West Aaron
13417,United Kingdom,Kathy Rivera,kathy879@example.net,M,Bronze,9/9/2021,Jessicashire
18287,United Kingdom,David Long,david748@example.com,F,Silver,4/28/2021,West Lisa
15042,United Kingdom,Richard Brown,richard810@example.com,M,Bronze,10/4/2023,Halemouth
14451,United Kingdom,Christopher Hunter,christopher254@example.com,F,Bronze,11/30/2020,North Audreyhaven
13510,United Kingdom,James Aguilar,james122@example.net,F,Bronze,9/30/2025,South Sharon
17483,United Kingdom,Timothy Costa,timothy760@example.net,F,Bronze,11/19/2022,New Angela
15076,United Kingdom,Rhonda Diaz,rhonda352@example.org,M,Silver,5/14/2023,Thomastown
15280,United Kingdom,Scott Henson,scott470@example.com,M,Bronze,11/11/2020,West Adamfort
15578,United Kingdom,Shaun Williams,shaun308@example.com,F,Bronze,11/23/2023,South Jasonside
13224,United Kingdom,Lisa Johnson,lisa167@example.com,M,Silver,10/4/2024,Lake Margaret
18237,United Kingdom,Seth Garza,seth957@example.org,F,Silver,10/28/2024,Kingchester
14116,United Kingdom,Ryan Washington,ryan175@example.com,M,Bronze,1/10/2022,Huertaburgh
17736,United Kingdom,Mckenzie Cooper,mckenzie370@example.org,F,Bronze,4/2/2025,Kennethland
13808,United Kingdom,Lisa Smith,lisa860@example.org,M,Bronze,7/29/2025,North Chelsey
14208,United Kingdom,Lori Moore,lori467@example.com,F,Bronze,5/22/2021,Melindabury
13566,United Kingdom,Jasmine Howard,jasmine126@example.org,M,Silver,11/28/2024,Lake William
16978,United Kingdom,Samantha Murphy,samantha575@example.com,M,Bronze,1/12/2023,Lake Christymouth
12925,United Kingdom,Angel Garza,angel192@example.com,F,Silver,4/23/2023,Lake Louisland
17453,United Kingdom,Erik Foster,erik207@example.net,M,Bronze,3/21/2025,Port Deniseville
15766,United Kingdom,Crystal Rice,crystal813@example.net,F,Silver,7/6/2024,Mcdonaldtown
17203,United Kingdom,John Butler,john700@example.net,F,Bronze,2/21/2025,Johnville
13878,United Kingdom,Karen Weaver,karen129@example.net,F,Silver,12/9/2024,West Jimmyberg
18042,United Kingdom,Elizabeth Jackson,elizabeth649@example.org,F,Bronze,8/1/2021,Anthonyburgh
15142,United Kingdom,Michael Lee,michael602@example.net,F,Silver,1/24/2022,New Johnberg
16071,United Kingdom,Evan Carson,evan324@example.com,F,Bronze,12/12/2023,North Luke
16513,United Kingdom,Larry Phillips,larry121@example.net,F,Bronze,10/5/2024,New Feliciachester
14218,United Kingdom,Randall Thornton,randall674@example.org,M,Bronze,7/28/2023,New Timothy
16025,United Kingdom,Casey Michael,casey900@example.net,F,Silver,4/25/2022,East Tinaside
15556,United Kingdom,Vanessa Cervantes,vanessa984@example.com,M,Bronze,5/24/2022,South Vanessa
15567,United Kingdom,Carol Dillon,carol995@example.org,M,Bronze,6/27/2021,Adrianland
16482,United Kingdom,Brenda Walker,brenda766@example.com,F,Bronze,3/9/2021,Holmesbury
13017,United Kingdom,Michael Smith,michael937@example.org,M,Bronze,12/6/2022,East Kendraburgh
17936,United Kingdom,Kayla Dean,kayla502@example.org,M,Gold,7/26/2022,Wheelerville
12855,United Kingdom,William Flowers,william954@example.net,F,Silver,8/17/2022,Melissaview
16891,United Kingdom,Wesley Bailey,wesley275@example.com,F,Bronze,1/4/2022,Nicholsonmouth
17954,United Kingdom,Julie Schmidt,julie797@example.com,F,Silver,8/31/2023,Nathanbury
16814,United Kingdom,Heather Davis,heather356@example.org,M,Bronze,9/27/2023,West Kevinburgh
14708,United Kingdom,Samantha Bender,samantha588@example.com,M,Silver,5/18/2022,Rothville
14051,United Kingdom,Dr. Ashley Branch,dr207@example.org,M,Bronze,6/13/2023,Smithshire
17262,United Kingdom,Kristina Reynolds,kristina291@example.org,M,Bronze,10/9/2025,Whitemouth
13148,United Kingdom,Mark Mccann,mark937@example.com,F,Gold,6/26/2024,Dawntown
16927,United Kingdom,Christopher Vargas,christopher353@example.org,F,Bronze,10/6/2021,Wattsport
16531,United Kingdom,Travis Smith,travis626@example.org,F,Bronze,5/1/2022,Sanchezville
15456,United Kingdom,Wendy Jenkins,wendy568@example.net,M,Silver,7/21/2023,Garciaborough
13082,United Kingdom,Jordan Neal,jordan916@example.com,F,Bronze,12/28/2022,New Catherine
13593,United Kingdom,Sierra Mathews,sierra581@example.com,M,Bronze,12/27/2023,Leebury
14761,United Kingdom,Jason Villanueva,jason688@example.net,M,Silver,1/27/2023,East Katherinehaven
15518,United Kingdom,Patricia Ruiz,patricia119@example.org,F,Gold,5/15/2024,East Christian
13862,United Kingdom,Jose Adams,jose232@example.net,F,Silver,12/17/2021,Michellestad
16401,United Kingdom,Pamela Wagner,pamela853@example.org,M,Bronze,11/23/2023,Lydiahaven
14895,United Kingdom,Ashley Johnson,ashley758@example.com,F,Silver,6/9/2024,Kellertown
15820,United Kingdom,Lauren Simpson,lauren321@example.com,M,Bronze,8/15/2023,Lake Jamie
15215,United Kingdom,Nicholas Coleman,nicholas123@example.net,M,Bronze,12/7/2024,Lindseyhaven
14549,United Kingdom,Ronald Romero,ronald594@example.com,F,Gold,4/21/2024,Jasmineland
14188,United Kingdom,Leah Smith,leah554@example.com,F,Bronze,12/22/2021,Ochoaland
12990,United Kingdom,Jessica Richardson,jessica881@example.org,M,Silver,12/10/2020,North Amandastad
17571,United Kingdom,Erica Snyder,erica952@example.org,M,Bronze,10/23/2021,South Ronaldport
14346,United Kingdom,Emily Gonzalez,emily485@example.org,M,Silver,12/12/2021,North Gabrielberg
14530,United Kingdom,Daniel Brown,daniel845@example.org,F,Bronze,9/28/2021,North Cindyfort
13744,United Kingdom,Ashley Edwards,ashley286@example.net,M,Bronze,9/12/2024,North Robinchester
13675,United Kingdom,Alexander Miller,alexander934@example.com,M,Silver,2/20/2025,Lake Alyssastad
17995,United Kingdom,Taylor Salazar,taylor988@example.net,F,Gold,7/9/2022,South Seth
17107,United Kingdom,Shelby Short,shelby456@example.org,F,Silver,4/13/2024,Vasquezland
17817,United Kingdom,Jill Russo,jill528@example.org,F,Silver,10/28/2023,Deleontown
16652,United Kingdom,Robert Weber,robert453@example.org,F,Bronze,9/19/2022,Amandatown
15671,United Kingdom,Michael Jordan,michael726@example.net,F,Silver,3/4/2025,Lake Aaron
16040,United Kingdom,Felicia Gay,felicia509@example.net,F,Gold,3/18/2025,Heathermouth
15132,United Kingdom,Monica Marsh,monica758@example.net,M,Bronze,11/20/2020,New Hunter
15644,United Kingdom,Lisa Sexton,lisa795@example.com,M,Bronze,10/18/2021,Timothyfurt
18177,United Kingdom,Yesenia Gray,yesenia923@example.org,M,Silver,2/26/2025,Elizabethfurt
16639,United Kingdom,Martha Lee,martha646@example.net,F,Silver,3/18/2021,South Calebbury
14759,United Kingdom,David Simpson,david598@example.com,M,Silver,4/24/2025,New Richard
17109,United Kingdom,Tammy Tanner,tammy358@example.org,F,Gold,6/6/2025,East Matthew
14340,United Kingdom,Cody Arias,cody619@example.org,M,Bronze,6/14/2022,Tonyborough
15757,United Kingdom,Christopher Lowe,christopher147@example.net,M,Silver,7/7/2022,Floresville
15292,United Kingdom,Jay Rivera II,jay121@example.org,M,Bronze,6/22/2023,Danielberg
18135,United Kingdom,Timothy Shaffer,timothy203@example.net,M,Bronze,7/26/2024,Port Sandy
14622,United Kingdom,Collin Bender,collin162@example.com,M,Bronze,12/12/2020,East Stephenmouth
15411,United Kingdom,Kelly Mayo,kelly382@example.net,F,Bronze,10/21/2025,Brandonchester
17879,United Kingdom,Lisa Acosta,lisa253@example.net,F,Bronze,6/1/2023,Joshuaview
12930,United Kingdom,Gabrielle Peters,gabrielle592@example.com,M,Bronze,2/24/2025,East Danielle
17891,United Kingdom,Brittany Wilcox,brittany594@example.com,M,Silver,6/10/2021,Ortizberg
16305,United Kingdom,Ronnie Charles,ronnie316@example.net,F,Silver,8/7/2024,Melanieland
12864,United Kingdom,Timothy Cortez,timothy889@example.org,F,Gold,10/30/2021,South William
13925,United Kingdom,Joshua Pennington,joshua978@example.net,M,Gold,8/8/2023,Port Margaretberg
15706,United Kingdom,Allison Mahoney,allison312@example.net,M,Bronze,10/15/2022,New Michelle
16555,United Kingdom,Joshua Baker,joshua674@example.org,M,Bronze,1/18/2024,West Clayton
15511,United Kingdom,Robert Marshall,robert261@example.net,F,Bronze,7/29/2025,Nelsonbury
17846,United Kingdom,Linda Molina,linda952@example.org,F,Silver,3/24/2022,New Timburgh
14124,United Kingdom,Christopher Heath,christopher308@example.com,F,Silver,8/19/2022,Sanchezhaven
16428,United Kingdom,Johnny Sawyer,johnny102@example.net,F,Gold,5/8/2021,Paulton
16361,United Kingdom,Michael Moore,michael247@example.com,F,Bronze,10/18/2023,Lake Lisa
16404,United Kingdom,Jeremy Wolfe,jeremy326@example.com,M,Bronze,11/20/2022,Lake Davidfurt
16533,United Kingdom,Cassandra Willis,cassandra881@example.net,F,Silver,11/6/2021,Wilsonbury
13587,United Kingdom,Paula Chandler,paula594@example.com,F,Silver,2/23/2024,Hartchester
15193,United Kingdom,Michael Diaz,michael228@example.net,F,Bronze,12/20/2022,Michaelton
17186,United Kingdom,Bryan Stokes,bryan246@example.org,M,Silver,11/10/2021,Anthonyfurt
16561,United Kingdom,Kenneth Goodman,kenneth618@example.com,M,Bronze,2/22/2023,Meganchester
14830,United Kingdom,Carrie Hawkins,carrie430@example.com,F,Bronze,4/17/2023,Lake Tracyport
14585,United Kingdom,David Garcia,david800@example.org,M,Bronze,3/17/2023,South Olivia
16056,United Kingdom,Jeff Robertson,jeff441@example.com,M,Silver,6/24/2023,Dennisbury
15551,United Kingdom,Christine Lee,christine634@example.com,M,Silver,12/25/2023,East Joshua
17831,United Kingdom,Jennifer Harrison,jennifer829@example.com,M,Bronze,1/8/2024,Santanamouth
14968,United Kingdom,Laura Collins,laura707@example.com,M,Silver,10/16/2022,Walkershire
14946,United Kingdom,Aaron Young,aaron384@example.com,M,Silver,7/19/2025,Amandastad
15904,United Kingdom,Chris Lopez,chris119@example.org,M,Bronze,12/21/2023,Port Kimberly
15992,United Kingdom,Shannon Rodriguez,shannon682@example.org,M,Silver,3/14/2025,Tuckerview
15544,United Kingdom,Lauren Hernandez,lauren407@example.org,F,Silver,11/29/2021,West Rebekah
17964,United Kingdom,Wanda Martin,wanda374@example.com,M,Bronze,8/19/2024,Whitebury
16770,United Kingdom,Lauren Carter,lauren282@example.net,F,Bronze,9/25/2021,West Lisaberg
15093,United Kingdom,Sara Cooper,sara843@example.org,F,Silver,2/14/2022,East Kevinville
13013,United Kingdom,Michael Russell,michael262@example.net,M,Silver,3/25/2022,Whitneytown
18109,United Kingdom,Vanessa Johnson,vanessa696@example.net,M,Silver,12/29/2022,South Brentbury
15502,United Kingdom,Rachel Taylor,rachel680@example.net,M,Silver,5/1/2022,Lopezville
16817,United Kingdom,Christopher Wolfe,christopher144@example.org,M,Bronze,4/29/2024,Silvaside
14796,United Kingdom,Ashley Hicks,ashley349@example.com,M,Silver,9/23/2021,Mooneyfurt
13113,United Kingdom,Robert Knight,robert157@example.net,M,Silver,12/23/2020,Phillipsbury
14896,United Kingdom,Misty Hill,misty935@example.org,F,Bronze,12/16/2021,Eileentown
16065,United Kingdom,Misty Richardson,misty760@example.net,F,Gold,12/12/2020,Walshfort
15329,United Kingdom,Pamela Clark,pamela169@example.com,F,Bronze,7/25/2025,Lake Thomas
17917,United Kingdom,William Tate,william269@example.org,M,Bronze,4/10/2025,East Shelby
15547,United Kingdom,Justin Sullivan,justin557@example.com,F,Silver,9/16/2023,West Lindaberg
14525,United Kingdom,Brent Ramos,brent888@example.com,F,Gold,2/19/2023,East Kenneth
16003,United Kingdom,Colleen Ruiz,colleen121@example.net,M,Silver,8/11/2021,East Joe
13890,United Kingdom,Molly Aguirre,molly277@example.com,M,Silver,10/3/2023,Calvinton
14414,United Kingdom,Erika Hogan,erika954@example.org,M,Bronze,8/10/2025,Juarezberg
17315,United Kingdom,Mary Palmer,mary809@example.com,F,Bronze,4/1/2024,Port Patrick
12944,United Kingdom,Audrey Cox,audrey173@example.com,F,Silver,7/9/2021,Nicholasbury
13922,United Kingdom,Jessica Ashley,jessica852@example.net,M,Bronze,6/15/2024,Lake Alan
13750,United Kingdom,Hannah Weaver,hannah737@example.org,F,Bronze,11/5/2021,Ronaldfurt
15607,United Kingdom,Michele Lopez,michele465@example.org,M,Bronze,1/26/2021,East Taratown
18136,United Kingdom,Sheila Singh,sheila138@example.org,F,Silver,3/14/2025,Hayesshire
18277,United Kingdom,Robert Johnson,robert204@example.net,M,Bronze,1/29/2023,Watsonhaven
14389,United Kingdom,Erica Valencia,erica683@example.org,M,Bronze,10/7/2023,Charlenefort
13328,United Kingdom,Dr. Joel Reese,dr871@example.com,F,Bronze,4/23/2021,Glennberg
17302,United Kingdom,Alicia Abbott,alicia382@example.net,M,Bronze,10/22/2023,Port Faithshire
17282,United Kingdom,Andrea Diaz,andrea492@example.org,M,Bronze,3/31/2023,East James
15670,United Kingdom,Mr. David Butler,mr102@example.com,F,Bronze,5/16/2021,West Ericaland
17422,United Kingdom,Deborah Rios,deborah241@example.com,M,Bronze,5/8/2024,East Joseph
18151,United Kingdom,Brandi Nelson,brandi771@example.com,M,Silver,10/30/2023,East Shannon
17830,United Kingdom,Robert Boyer,robert675@example.com,F,Bronze,11/28/2023,Burnsbury
13884,United Kingdom,Veronica Good,veronica710@example.com,M,Bronze,1/22/2024,North David
16517,United Kingdom,Elaine Gray,elaine477@example.com,F,Silver,1/15/2022,South Hollyside
17864,United Kingdom,Amber Hill,amber389@example.net,F,Bronze,2/21/2021,Ashleytown
14350,United Kingdom,Anthony Washington,anthony834@example.com,F,Bronze,7/24/2022,Port Christopher
13946,United Kingdom,Mark Acosta,mark788@example.com,M,Silver,1/10/2025,North Natashaview
16626,United Kingdom,Sharon Bailey MD,sharon341@example.com,M,Bronze,9/26/2025,Lake Jessicaberg
15452,United Kingdom,Lisa Thompson,lisa681@example.com,F,Bronze,4/22/2023,East Davidhaven
12831,United Kingdom,Tommy Herrera,tommy842@example.com,M,Silver,8/27/2025,West Vickieborough
13249,United Kingdom,Michele Brown,michele736@example.org,F,Bronze,5/17/2021,Paulside
14851,United Kingdom,Kenneth Cole,kenneth319@example.net,F,Silver,11/26/2022,Harperland
15674,United Kingdom,Dr. Christina Cooper,dr772@example.org,M,Bronze,8/23/2022,Port Wesleyview
15691,United Kingdom,Jo Jones,jo874@example.net,M,Bronze,8/6/2024,Kylefurt
16906,United Kingdom,Jeffrey Walker,jeffrey319@example.com,M,Silver,8/5/2023,Collinsville
14958,United Kingdom,Katelyn Sweeney,katelyn846@example.org,M,Bronze,1/13/2021,North Nicole
15935,United Kingdom,Tina Schneider,tina984@example.net,M,Bronze,6/18/2025,New David
16697,United Kingdom,Gina Anderson,gina978@example.com,F,Silver,10/27/2024,Lisaburgh
18236,United Kingdom,Jordan Smith,jordan941@example.org,M,Bronze,6/15/2024,South Rebecca
16193,United Kingdom,Corey Herring,corey626@example.net,M,Bronze,11/27/2024,North Alexishaven
13482,United Kingdom,Timothy Jones,timothy583@example.net,M,Bronze,7/11/2024,West Shelby
14240,United Kingdom,Tracy Morris,tracy858@example.net,M,Gold,7/6/2024,Aimeeberg
17556,United Kingdom,Yvette Johnson,yvette517@example.net,M,Silver,6/3/2024,Port Stephanieborough
13529,United Kingdom,Robert Lester,robert322@example.com,F,Silver,12/1/2024,Carterborough
17731,United Kingdom,Krista Nguyen,krista694@example.com,F,Silver,11/8/2020,Lake Steven
14765,United Kingdom,Danielle Gibbs,danielle301@example.org,F,Gold,12/21/2021,East Dawn
17562,United Kingdom,Christian Bowen,christian297@example.org,F,Bronze,4/30/2023,Mariefurt
13507,United Kingdom,Marilyn Hernandez,marilyn659@example.net,M,Bronze,6/11/2021,North Sharonfurt
17866,United Kingdom,Ronnie Chang,ronnie475@example.org,M,Bronze,12/13/2023,Lake Kristinport
18143,United Kingdom,Andrew Ward,andrew438@example.org,M,Bronze,3/9/2025,Tonyastad
14972,United Kingdom,Corey Mcgrath,corey819@example.net,M,Silver,12/3/2024,Powellshire
12879,United Kingdom,Mary Miller,mary328@example.org,F,Silver,10/9/2023,Port Michael
15035,United Kingdom,Ryan Franco,ryan480@example.com,F,Bronze,3/8/2022,Hannahfort
13416,United Kingdom,Christy Johnson,christy626@example.com,F,Bronze,6/3/2025,Wendymouth
17480,United Kingdom,Matthew Townsend,matthew410@example.net,F,Bronze,10/18/2024,East Jonathanmouth
13083,United Kingdom,John York,john187@example.com,M,Bronze,4/8/2024,Hallstad
16181,United Kingdom,Martin Jones,martin738@example.org,M,Bronze,10/31/2024,North William
16157,United Kingdom,William Weeks,william438@example.org,M,Silver,9/27/2024,West Carmen
15787,United Kingdom,Adrienne Alvarez,adrienne174@example.net,M,Gold,1/12/2022,Katherineville
14234,United Kingdom,Margaret Kennedy,margaret468@example.org,M,Bronze,2/1/2025,Jackfurt
17832,United Kingdom,Gary Burnett,gary539@example.net,M,Silver,7/25/2023,Alexisstad
13471,United Kingdom,Keith Rodriguez,keith178@example.org,F,Silver,5/28/2021,Wheelerview
16847,United Kingdom,Frank Mccall,frank623@example.net,F,Bronze,8/5/2022,South Kathleen
17432,United Kingdom,Robert Nelson,robert550@example.org,F,Bronze,2/24/2025,Rachelbury
17052,United Kingdom,Elizabeth Cooper,elizabeth123@example.com,F,Bronze,3/15/2024,Yorkhaven
14661,United Kingdom,Felicia Strickland,felicia565@example.org,M,Silver,11/15/2021,Bishopfort
18249,United Kingdom,Jessica Rice,jessica375@example.com,F,Bronze,3/21/2021,West Amber
15783,United Kingdom,Lori Brown,lori382@example.net,F,Bronze,3/7/2021,Aguilarport
16479,United Kingdom,Misty Adkins,misty141@example.org,M,Bronze,2/3/2025,Smithburgh
12915,United Kingdom,Jessica Reid,jessica885@example.com,M,Silver,10/14/2022,Jessicaview
16042,United Kingdom,Christine Reed,christine535@example.com,F,Silver,7/6/2021,Mirandafort
13138,United Kingdom,Marie Stewart,marie790@example.net,F,Bronze,10/25/2025,Petersonview
17659,United Kingdom,Thomas Jennings,thomas767@example.com,F,Gold,2/6/2025,North Jesseton
13295,United Kingdom,Natalie Bradshaw,natalie689@example.com,F,Bronze,11/11/2022,Emilyberg
16754,United Kingdom,Jonathan Pena Jr.,jonathan583@example.net,F,Gold,9/11/2023,Lake Terri
14395,United Kingdom,Lindsey Ramirez,lindsey448@example.org,F,Silver,2/12/2021,West Courtneyside
16839,United Kingdom,Mary Merritt,mary942@example.org,F,Bronze,12/21/2024,Lisaland
18156,United Kingdom,Susan Burns,susan794@example.com,M,Silver,3/30/2024,New Sharon
14344,United Kingdom,Kristen Martin,kristen725@example.com,M,Silver,9/4/2024,Port Angelafurt
15048,United Kingdom,Matthew Smith,matthew950@example.net,M,Gold,1/30/2023,South Ronaldchester
16550,United Kingdom,Jessica Ramirez,jessica851@example.org,M,Bronze,10/8/2022,North Jenniferland
13963,United Kingdom,Melissa Gardner,melissa538@example.com,M,Bronze,1/15/2022,Fryemouth
16904,United Kingdom,Mathew Mccann,mathew194@example.org,M,Bronze,4/18/2023,Franklinmouth
18230,United Kingdom,Mr. Joseph Warren,mr135@example.com,F,Silver,6/30/2021,New Deanside
18116,United Kingdom,Philip Adams,philip488@example.org,F,Gold,9/8/2023,West Matthewtown
15503,United Kingdom,Courtney Sherman,courtney798@example.org,F,Bronze,7/11/2022,East Glendatown
17126,United Kingdom,Cole Jackson,cole314@example.org,M,Silver,4/13/2024,Port Angelafort
15689,United Kingdom,Brandon Wallace,brandon528@example.net,F,Bronze,8/26/2023,West Tiffany
16570,United Kingdom,Bobby Bell,bobby842@example.org,F,Silver,1/27/2025,New Sally
15950,United Kingdom,Mark Campbell,mark617@example.org,M,Silver,6/26/2021,Rasmussenhaven
16705,United Kingdom,Angela Brown,angela659@example.org,M,Silver,11/28/2021,Juanshire
16684,United Kingdom,Derrick Wallace MD,derrick471@example.net,F,Silver,11/18/2021,West Nicholastown
14146,United Kingdom,Michael Gonzales,michael859@example.net,F,Bronze,11/21/2022,Port John
14533,United Kingdom,Paul Flores,paul827@example.org,M,Bronze,10/16/2021,Bennettton
17389,United Kingdom,Katherine Weber,katherine598@example.net,F,Silver,1/12/2021,Port Lance
13284,United Kingdom,Rebecca Carter,rebecca518@example.org,F,Bronze,5/14/2023,South Mollyshire
15213,United Kingdom,Phillip Ross,phillip376@example.net,M,Gold,1/7/2021,North Christine
13634,United Kingdom,Brandon Mcguire,brandon584@example.org,M,Bronze,6/17/2024,Kathleenhaven
16618,United Kingdom,Brian Mann,brian903@example.com,F,Silver,12/7/2024,South Andreaview
16133,United Kingdom,Jessica Chapman,jessica575@example.com,F,Silver,10/10/2024,Lake Todd
16897,United Kingdom,Kathy Jensen,kathy433@example.com,M,Bronze,7/30/2023,Natashashire
13394,United Kingdom,Melissa Hickman,melissa909@example.org,M,Bronze,5/30/2025,Parkerstad
17334,United Kingdom,Monica Robinson,monica427@example.net,F,Bronze,10/6/2022,New Donna
16842,United Kingdom,Amanda Wilson,amanda966@example.org,M,Bronze,3/14/2023,Brandonmouth
16431,United Kingdom,Jordan Jones,jordan214@example.org,F,Bronze,4/23/2023,Tapiamouth
13414,United Kingdom,Christian Collins,christian651@example.org,M,Bronze,9/29/2021,Georgeshire
18068,United Kingdom,Patricia Henderson,patricia404@example.net,F,Gold,11/2/2021,Port Samantha
15932,United Kingdom,Tyler Davenport,tyler765@example.org,F,Silver,1/17/2025,North Dawnburgh
13870,United Kingdom,Tiffany Hull,tiffany493@example.com,F,Bronze,9/20/2023,Thomasberg
16841,United Kingdom,Mason Wells,mason406@example.org,M,Bronze,2/2/2021,New Jennifer
13630,United Kingdom,Richard Walker,richard988@example.com,M,Bronze,5/20/2021,South Alejandro
17738,United Kingdom,Joseph Blake,joseph615@example.org,M,Bronze,2/9/2023,New Beth
15053,United Kingdom,Jeremy Reyes,jeremy964@example.com,M,Silver,5/22/2023,Port Kevin
17789,United Kingdom,Lauren Padilla,lauren428@example.org,F,Bronze,1/16/2022,East John
13344,United Kingdom,Barbara Chambers,barbara852@example.net,F,Silver,8/14/2021,Port Bianca
12994,United Kingdom,Alex Rodriguez,alex217@example.org,M,Bronze,2/1/2021,Adamsbury
14232,United Kingdom,Fernando Moore,fernando464@example.com,M,Bronze,9/28/2024,Donnaside
16728,United Kingdom,Miranda Fuentes,miranda547@example.net,F,Silver,1/23/2024,Deniseland
14762,United Kingdom,Terry Mueller,terry376@example.com,F,Bronze,9/24/2022,South Shane
15245,United Kingdom,Shawn Dalton,shawn652@example.org,M,Gold,12/2/2020,Lake Codyton
12888,United Kingdom,William Duncan Jr.,william901@example.org,F,Silver,4/18/2025,Jacobtown
15424,United Kingdom,Robert Williams,robert824@example.com,F,Bronze,12/30/2024,West Crystalburgh
15528,United Kingdom,Victoria Drake,victoria677@example.org,M,Silver,3/18/2022,Christopherstad
17045,United Kingdom,Joy Vasquez,joy664@example.com,M,Silver,4/19/2023,South Dylanland
16325,United Kingdom,Melissa Alvarado,melissa161@example.net,F,Gold,3/22/2023,New Brianport
14628,United Kingdom,Timothy Valentine,timothy945@example.com,F,Bronze,3/10/2023,Patrickfurt
15625,United Kingdom,Adam Rubio,adam821@example.org,M,Bronze,10/31/2025,Kellyburgh
13485,United Kingdom,Christopher Moreno,christopher925@example.com,M,Bronze,11/29/2020,Brooksville
17501,United Kingdom,Raymond Byrd,raymond358@example.com,F,Bronze,1/17/2022,Dianastad
16647,United Kingdom,Juan Floyd,juan981@example.com,F,Bronze,4/25/2021,Walkerchester
18073,United Kingdom,Scott Powers,scott397@example.org,F,Bronze,1/27/2022,South Pamela
13070,United Kingdom,William Little,william741@example.org,M,Silver,11/15/2024,Port Melissa
16484,United Kingdom,Justin Ponce,justin242@example.net,F,Bronze,1/12/2024,Bakerburgh
13435,United Kingdom,Devin Barnes,devin900@example.net,F,Bronze,6/20/2021,Melindatown
15969,United Kingdom,Jason Sandoval,jason439@example.com,F,Bronze,2/11/2022,Crystalbury
15609,United Kingdom,Jonathan Holmes,jonathan820@example.net,M,Bronze,4/19/2022,Latoyaberg
16852,United Kingdom,Leah Johnson,leah627@example.net,F,Gold,11/10/2023,Kingmouth
16866,United Kingdom,Evelyn Long,evelyn196@example.net,M,Bronze,6/11/2021,East Phillipfurt
18265,United Kingdom,Charles Higgins,charles673@example.net,M,Silver,12/2/2020,Harringtonport
16616,United Kingdom,Kaitlin Cordova,kaitlin384@example.com,F,Bronze,9/30/2023,Wendychester
13583,United Kingdom,Diamond Steele,diamond461@example.org,F,Silver,10/16/2025,Port Jenniferberg
14862,United Kingdom,Theresa Thompson,theresa805@example.org,M,Bronze,1/6/2024,East Aprilton
15306,United Kingdom,Nichole Robinson,nichole538@example.org,M,Silver,12/20/2020,East Davidport
13388,United Kingdom,Donald Wise,donald301@example.net,M,Bronze,5/21/2022,Arthurmouth
13016,United Kingdom,William Long,william509@example.net,F,Bronze,11/5/2021,Georgetown
12991,United Kingdom,Nathan Powers,nathan846@example.com,M,Bronze,11/4/2024,West Nathanville
16627,United Kingdom,Johnny Terry PhD,johnny661@example.net,F,Bronze,12/31/2024,Bryanton
15091,United Kingdom,Thomas Martin,thomas501@example.net,F,Bronze,12/3/2024,Andersonville
13359,United Kingdom,Michelle Miller,michelle310@example.org,F,Bronze,10/25/2024,North George
13755,United Kingdom,Steve Berger,steve768@example.org,M,Bronze,1/18/2022,South Jordanhaven
16982,United Kingdom,Robert Young,robert176@example.net,M,Bronze,8/21/2022,Port Francisco
15330,United Kingdom,Robert Torres,robert337@example.org,F,Bronze,2/20/2022,West Thomasport
12824,United Kingdom,Julia Howell,julia810@example.org,F,Silver,3/8/2021,South Lisa
15604,United Kingdom,Mariah Shepard,mariah874@example.net,F,Gold,12/29/2022,West Joseph
13363,United Kingdom,Timothy Duncan,timothy752@example.com,F,Bronze,6/7/2025,North Ryanstad
16648,United Kingdom,Mark Barnett,mark842@example.com,F,Bronze,9/26/2021,Rachelchester
16971,United Kingdom,Michael Kramer,michael219@example.org,M,Bronze,3/17/2021,New Greg
16884,United Kingdom,Ashley Rodriguez,ashley650@example.net,M,Bronze,3/21/2023,North Craigview
18164,United Kingdom,Erin Nguyen,erin554@example.org,M,Bronze,11/24/2021,Port Alexander
16347,United Kingdom,Katelyn Carr,katelyn927@example.net,M,Silver,11/24/2021,South Josephstad
14354,United Kingdom,Kristen Moreno,kristen282@example.net,F,Bronze,8/18/2025,Tonyshire
13732,United Kingdom,Tiffany Hernandez,tiffany299@example.net,F,Bronze,8/22/2025,Tammyborough
13603,United Kingdom,Colleen Young,colleen497@example.com,F,Silver,5/19/2023,West Donnaview
16024,United Kingdom,Phillip Greene,phillip714@example.com,F,Bronze,1/1/2024,Port Tiffany
13153,United Kingdom,Billy Harris,billy300@example.com,M,Bronze,6/15/2021,Russellfurt
14092,United Kingdom,Jon Avery,jon689@example.com,M,Bronze,10/22/2022,Joshuahaven
13305,United Kingdom,Beverly Harrell,beverly697@example.net,M,Gold,7/6/2023,Ronaldview
16510,United Kingdom,Crystal Mcdonald,crystal106@example.com,F,Bronze,4/18/2022,Davismouth
15708,United Kingdom,Amber Stevenson,amber546@example.net,M,Bronze,10/24/2025,Wyatttown
16931,United Kingdom,Angela Myers,angela717@example.org,F,Bronze,7/20/2024,Port Tammybury
14293,United Kingdom,Debra Jordan,debra311@example.net,M,Silver,8/4/2022,Jasonberg
18077,United Kingdom,Riley Taylor,riley628@example.net,F,Bronze,3/16/2024,Lake Eric
15032,United Kingdom,Matthew Carter,matthew207@example.com,M,Bronze,5/30/2021,Lamland
17411,United Kingdom,Dylan Williamson,dylan737@example.net,M,Bronze,2/26/2025,East Michaelport
15271,United Kingdom,Angela Dean,angela778@example.com,M,Silver,1/24/2021,East Amy
13000,United Kingdom,Justin Burnett,justin385@example.net,F,Bronze,4/13/2021,Lake Cathymouth
15881,United Kingdom,James Rojas,james771@example.org,M,Bronze,11/22/2021,Matthewport
14401,United Kingdom,Mary Daniel,mary868@example.org,F,Silver,7/30/2022,Ashleyhaven
17692,United Kingdom,Cassandra Hampton,cassandra960@example.org,M,Silver,9/3/2021,Molinachester
18245,United Kingdom,Gregory Jimenez,gregory999@example.com,F,Bronze,1/27/2024,Port Jay
17621,United Kingdom,Michelle Mccormick,michelle738@example.com,M,Bronze,10/24/2022,North Kevin
16889,United Kingdom,Christopher Schmidt,christopher472@example.net,F,Silver,7/30/2023,South Lindsayville
13700,United Kingdom,Carl Morales,carl627@example.net,M,Silver,12/12/2020,Brittanyborough
13659,United Kingdom,Emily Baker,emily775@example.org,M,Bronze,10/31/2023,Tracyville
17673,United Kingdom,Bryan Simpson,bryan908@example.com,F,Bronze,8/31/2023,Jesseland
14411,United Kingdom,Kelli Long,kelli833@example.net,F,Bronze,11/6/2020,North Angelachester
14513,United Kingdom,Christopher Stevenson,christopher253@example.com,M,Gold,10/13/2022,Ruizborough
13636,United Kingdom,Carla Shaffer,carla599@example.org,F,Bronze,8/14/2021,Douglasbury
15709,United Kingdom,James Miller,james455@example.com,M,Bronze,11/19/2021,Glassland
14656,United Kingdom,Jose Martinez,jose673@example.org,M,Silver,4/4/2025,North Mary
16159,United Kingdom,Donald Scott,donald181@example.org,F,Silver,9/24/2021,East Christopher
13956,United Kingdom,Andrew Clark,andrew836@example.net,F,Bronze,3/14/2024,New Jessicaport
15030,United Kingdom,Daniel Berry,daniel971@example.org,M,Bronze,12/21/2023,North Dennistown
12902,United Kingdom,Aimee Diaz,aimee924@example.com,M,Silver,6/5/2024,East Michael
12843,United Kingdom,William Hamilton,william488@example.net,M,Silver,1/12/2023,Meghanshire
17733,United Kingdom,Luis Lee,luis736@example.com,M,Bronze,2/18/2022,West Marytown
16022,United Kingdom,Elizabeth Long,elizabeth392@example.org,F,Bronze,10/30/2021,North Josephmouth
15815,United Kingdom,Nicholas Davis,nicholas244@example.net,F,Gold,8/17/2025,Kingtown
16960,United Kingdom,Jack Riley,jack197@example.org,F,Gold,7/14/2024,Lake Nancy
13841,United Kingdom,Elizabeth Wolf,elizabeth588@example.net,F,Bronze,6/19/2025,East Stephanie
15289,United Kingdom,Kim Mitchell,kim755@example.org,M,Bronze,8/14/2022,New Nicholasburgh
14747,United Kingdom,Allen Davis,allen846@example.org,F,Bronze,12/9/2020,Port Michaelton
14273,United Kingdom,Amanda Flores,amanda249@example.org,F,Bronze,3/15/2024,Port Raymondburgh
17991,United Kingdom,Colin Campbell,colin827@example.com,F,Silver,10/3/2021,Port Dominic
16258,United Kingdom,Danny Duffy,danny970@example.org,F,Silver,7/21/2025,Cathychester
18227,United Kingdom,Christopher Barnes,christopher915@example.org,F,Bronze,1/19/2023,Marcusland
14489,United Kingdom,Kenneth Walters,kenneth520@example.net,M,Silver,7/28/2025,New Matthewside
14009,United Kingdom,Carolyn Richards,carolyn211@example.com,M,Silver,3/24/2025,Lake Adam
16987,United Kingdom,Crystal Galvan,crystal194@example.org,F,Bronze,6/8/2021,Williamsborough
13227,United Kingdom,Kristina Davis,kristina551@example.org,F,Bronze,10/22/2022,West Miranda
14682,United Kingdom,Michael White,michael761@example.com,F,Bronze,8/24/2025,East Connieborough
15434,United Kingdom,Heather Mcdonald,heather696@example.org,M,Silver,11/7/2021,Stephensfort
15852,United Kingdom,Drew Hawkins DDS,drew802@example.org,M,Gold,11/15/2021,East James
16275,United Kingdom,Dwayne Moon,dwayne707@example.com,M,Silver,1/18/2024,East Marie
15124,United Kingdom,Christine Simpson,christine267@example.com,F,Bronze,12/21/2020,Dianeland
15405,United Kingdom,Gloria Gomez,gloria679@example.org,F,Silver,8/8/2022,Port Loriport
16880,United Kingdom,Cassandra Smith,cassandra642@example.org,M,Bronze,1/28/2025,Brentstad
15462,United Kingdom,Jesse Ferguson,jesse400@example.net,M,Bronze,12/8/2020,Lake Kenneth
15840,United Kingdom,Melissa Hopkins,melissa921@example.org,F,Bronze,7/17/2023,East Danny
17405,United Kingdom,Hailey Whitehead,hailey909@example.org,M,Bronze,7/7/2022,Foxfurt
17448,United Kingdom,Kevin Jones,kevin281@example.com,F,Bronze,2/8/2024,South Brianshire
17660,United Kingdom,Jodi Glover,jodi429@example.com,F,Silver,8/28/2021,South Stacey
13273,United Kingdom,Terry Mckee,terry884@example.com,F,Silver,5/27/2024,Garyville
14965,United Kingdom,Taylor Franco,taylor979@example.org,F,Silver,10/24/2021,Carrieside
12965,United Kingdom,Justin Erickson,justin222@example.net,F,Silver,6/11/2025,Meganfurt
16451,United Kingdom,David Johnson,david668@example.com,M,Silver,5/4/2024,Danielchester
12940,United Kingdom,Johnny Hall,johnny195@example.org,M,Bronze,4/19/2025,Robertshire
13247,United Kingdom,Joe Green,joe124@example.net,M,Bronze,5/4/2025,Olsenstad
16438,United Kingdom,Andre Ramirez Jr.,andre850@example.org,F,Bronze,7/13/2022,Sandovalborough
14164,United Kingdom,Becky Jordan,becky530@example.org,M,Silver,7/11/2025,Lake Carla
14333,United Kingdom,Robert Young,robert575@example.net,M,Gold,12/23/2022,New Larry
13602,United Kingdom,Sarah Reyes,sarah829@example.net,M,Bronze,3/18/2023,West Shannon
13212,United Kingdom,Keith Davis,keith655@example.com,M,Gold,11/17/2024,Johnmouth
14547,United Kingdom,Dorothy Curry,dorothy138@example.net,F,Bronze,8/4/2024,Sherryton
18019,United Kingdom,Jeremy Stewart MD,jeremy554@example.net,M,Bronze,9/5/2024,Jessicafort
15870,United Kingdom,Jessica Lewis,jessica986@example.org,F,Gold,1/23/2022,Joshuamouth
12985,United Kingdom,Daisy Smith,daisy614@example.org,F,Bronze,6/25/2024,North Alejandroville
16368,United Kingdom,Elizabeth Elliott,elizabeth335@example.net,M,Gold,9/18/2024,Stephenland
17566,United Kingdom,Alexis Fletcher,alexis920@example.net,M,Bronze,8/3/2022,Francisstad
17885,United Kingdom,Sarah Edwards,sarah743@example.com,F,Bronze,8/1/2023,Michaelton
17511,United Kingdom,Briana Jones,briana939@example.org,M,Bronze,9/10/2024,Melissabury
17968,United Kingdom,Zachary Manning,zachary217@example.com,M,Bronze,12/6/2022,Tylermouth
15738,United Kingdom,Suzanne Reed,suzanne429@example.org,F,Bronze,3/9/2023,Michaelbury
17381,United Kingdom,William Dickson,william543@example.org,F,Silver,3/11/2023,Port Jacob
16203,United Kingdom,Carrie Allen,carrie249@example.com,M,Bronze,9/11/2025,East Ericfurt
12841,United Kingdom,Taylor Walsh,taylor727@example.net,M,Silver,6/13/2023,West Sheila
16638,United Kingdom,Christopher Hudson,christopher973@example.net,F,Bronze,4/28/2023,Michellefort
15021,United Kingdom,Anthony Wagner,anthony844@example.net,M,Bronze,8/25/2022,West Angelamouth
17091,United Kingdom,Christopher Mayer,christopher412@example.com,F,Bronze,12/13/2021,North Mikefort
15353,United Kingdom,Lisa Wise,lisa620@example.org,M,Bronze,4/28/2023,South Ashleychester
14032,United Kingdom,Dr. James Perez,dr212@example.com,F,Bronze,3/25/2025,West Lisafurt
13649,United Kingdom,Christopher Bryan,christopher950@example.org,F,Silver,12/12/2023,East Toddton
16350,United Kingdom,Ana Adams,ana738@example.com,F,Gold,10/15/2022,South Ginaland
17085,United Kingdom,Timothy Barber,timothy298@example.com,F,Silver,7/19/2021,South Annaburgh
17990,United Kingdom,Jeffrey Stanley,jeffrey623@example.org,M,Silver,1/21/2021,Port Andrew
17744,United Kingdom,Kelli Williams,kelli742@example.net,M,Silver,7/30/2024,Jamesfort
13004,United Kingdom,Andrew Molina,andrew433@example.net,F,Bronze,12/29/2022,West Melissa
17634,United Kingdom,Valerie Shaw,valerie976@example.net,M,Bronze,7/15/2021,Thompsonview
13656,United Kingdom,Sophia Williams,sophia166@example.com,F,Bronze,5/1/2025,New Evanland
16567,United Kingdom,Brian Baker,brian293@example.com,M,Bronze,5/5/2021,Lake Davidside
16279,United Kingdom,Melissa Rush,melissa144@example.net,F,Silver,12/26/2021,Hallhaven
16359,United Kingdom,Justin Graham,justin322@example.net,M,Bronze,8/2/2024,New Audrey
16500,United Kingdom,Terri Singh,terri336@example.com,M,Bronze,1/30/2021,Amandashire
13502,United Kingdom,Hector Moon DDS,hector198@example.com,F,Silver,2/18/2022,New Jeremyport
14088,United Kingdom,Jeffrey Rodriguez,jeffrey663@example.org,F,Bronze,1/4/2025,East Timothychester
16222,United Kingdom,Jonathan Hunt,jonathan356@example.com,M,Bronze,8/21/2023,Beverlybury
14248,United Kingdom,Cody Johnson,cody608@example.net,M,Silver,8/13/2022,Fordside
17356,United Kingdom,Tabitha Chavez,tabitha610@example.com,M,Bronze,1/11/2022,North Amy
15226,United Kingdom,Margaret Daniels,margaret687@example.net,M,Bronze,8/19/2022,Port Michaelstad
17226,United Kingdom,Emma Hughes,emma171@example.org,M,Bronze,9/28/2025,Snowmouth
16979,United Kingdom,William Taylor,william942@example.com,F,Bronze,12/25/2022,West Derek
14760,United Kingdom,Kristen Richardson,kristen225@example.net,M,Silver,12/6/2023,New Jimmy
17361,United Kingdom,Laurie Benjamin,laurie961@example.com,F,Bronze,6/1/2025,Josephside
17867,United Kingdom,John Williams,john418@example.com,F,Bronze,1/9/2024,Lake Megan
13345,United Kingdom,Tammy Chapman,tammy554@example.com,F,Bronze,12/26/2024,Garyside
14473,United Kingdom,Victoria Shaw,victoria492@example.com,M,Gold,2/14/2025,Port Sarahville
17374,United Kingdom,Theresa West,theresa964@example.org,M,Silver,3/2/2021,East Nicholas
16449,United Kingdom,Mark Perez,mark204@example.net,F,Gold,7/4/2024,Greenechester
15400,United Kingdom,Sabrina Williams,sabrina723@example.org,M,Bronze,12/18/2024,South Dylan
17716,United Kingdom,Steven Meyer,steven248@example.net,F,Silver,1/5/2025,Johnsonside
16721,United Kingdom,Jenna Washington,jenna176@example.org,F,Bronze,8/27/2022,Randymouth
13781,United Kingdom,Bradley Gross,bradley740@example.com,M,Bronze,12/15/2020,Tinaburgh
16454,United Kingdom,Joshua Mills,joshua111@example.org,M,Bronze,3/11/2022,Wyattstad
16175,United Kingdom,Brian Green,brian890@example.net,M,Bronze,2/27/2025,New Ana
17029,United Kingdom,Matthew Brown,matthew538@example.org,M,Bronze,3/30/2022,East Alec
13101,United Kingdom,Alison Shepard,alison324@example.com,F,Bronze,5/22/2023,Newmanstad
15517,United Kingdom,Michael Ward,michael100@example.net,F,Bronze,7/10/2021,Kathryntown
14640,United Kingdom,Erin Jones,erin308@example.com,F,Bronze,9/30/2021,Matthewshire
14199,United Kingdom,Rachel Melton,rachel299@example.net,M,Bronze,3/11/2024,East Adamstad
16232,United Kingdom,Allison Rodriguez,allison517@example.com,F,Bronze,1/20/2023,Lopezland
13339,United Kingdom,George Park,george431@example.net,M,Bronze,9/11/2023,Jessicastad
16448,United Kingdom,Manuel Smith,manuel568@example.org,M,Silver,3/29/2022,North Janice
14280,United Kingdom,Ronnie Wise,ronnie895@example.com,M,Silver,8/23/2022,Shaneport
13058,United Kingdom,Joan Ayers,joan385@example.com,M,Silver,6/29/2022,Matthewton
13669,United Kingdom,Becky White,becky863@example.net,F,Bronze,5/11/2024,Port Angelaville
13667,United Kingdom,Timothy Reed,timothy793@example.net,F,Bronze,2/5/2025,North Jamesport
13167,United Kingdom,Mrs. Cynthia Bullock,mrs734@example.com,M,Bronze,8/7/2023,Santanachester
15608,United Kingdom,Kenneth Smith,kenneth996@example.org,F,Bronze,1/15/2025,North Joseph
15786,United Kingdom,Anna Meza,anna182@example.org,M,Silver,10/17/2023,Lake Rose
16400,United Kingdom,Lisa Alvarado,lisa565@example.net,M,Bronze,12/9/2024,South Jamesside
13272,United Kingdom,Mrs. Jennifer Randall,mrs393@example.com,F,Silver,7/27/2021,Guerreroview
13375,United Kingdom,Justin Bailey,justin577@example.org,F,Bronze,8/11/2021,Adammouth
13032,United Kingdom,Scott Rodriguez,scott438@example.net,F,Bronze,10/11/2025,New Cynthiafort
12895,United Kingdom,Ryan Lewis,ryan791@example.net,F,Bronze,9/14/2025,West Leroyhaven
15272,United Kingdom,Deborah Booker DVM,deborah798@example.net,M,Silver,7/12/2024,South Shannonville
14887,United Kingdom,Zachary Joseph,zachary914@example.org,F,Bronze,6/12/2022,Lopezport
16650,United Kingdom,Elizabeth Thompson,elizabeth212@example.org,M,Silver,12/14/2022,Paulfurt
14518,United Kingdom,Karen Fleming,karen929@example.org,M,Bronze,6/15/2025,Mariatown
17459,United Kingdom,April Mitchell,april156@example.net,F,Silver,2/8/2024,North Michaelton
17534,United Kingdom,Meghan Wyatt,meghan697@example.net,F,Silver,12/17/2024,Taylorview
13366,United Kingdom,Wanda Anderson,wanda741@example.net,M,Bronze,11/13/2020,Port Mauricebury
18240,United Kingdom,Taylor Evans,taylor181@example.com,M,Bronze,9/26/2024,North Alexandermouth
12827,United Kingdom,Brent Anderson,brent208@example.org,M,Gold,4/4/2024,New Joshua
18276,United Kingdom,Erik Davis,erik897@example.org,F,Bronze,3/9/2024,Lake Kevinbury
17839,United Kingdom,Karen Chavez,karen665@example.net,F,Bronze,8/19/2024,South Yolanda
14485,United Kingdom,Eddie Jackson,eddie782@example.com,M,Silver,9/27/2022,South Jackland
15450,United Kingdom,Julian Johnson,julian932@example.org,F,Bronze,12/30/2022,Bowmanland
15557,United Kingdom,Andrew Bright Jr.,andrew378@example.com,F,Bronze,5/23/2024,Bryceside
17286,United Kingdom,Steven Curry,steven991@example.org,F,Bronze,3/27/2024,Port Patriciaburgh
15725,United Kingdom,Richard Griffin,richard811@example.net,M,Silver,9/25/2024,Duaneshire
15619,United Kingdom,Brandy Campbell DDS,brandy364@example.net,F,Silver,9/7/2023,Christianbury
15165,United Kingdom,Chase Patel,chase475@example.com,F,Bronze,11/28/2022,West Lauren
15694,United Kingdom,Maria Cabrera,maria959@example.org,F,Bronze,2/4/2025,East Thomas
16186,United Kingdom,Aaron Wyatt,aaron440@example.com,M,Silver,1/7/2025,Port Hannahview
17228,United Kingdom,Micheal Bradshaw,micheal158@example.com,F,Silver,5/2/2025,Jonesstad
14236,United Kingdom,Ryan Johnson,ryan852@example.org,M,Bronze,8/27/2025,New Jessicaland
14589,United Kingdom,Lisa Parsons,lisa841@example.org,F,Bronze,1/12/2022,Port Christine
14189,United Kingdom,Kelly Bell,kelly244@example.net,M,Bronze,10/27/2021,West Lindabury
14825,United Kingdom,Ebony Ruiz,ebony534@example.net,M,Bronze,12/24/2022,Kathleenfort
16710,United Kingdom,David Castro,david639@example.net,M,Bronze,9/20/2022,Zacharymouth
17320,United Kingdom,Dr. James Gonzalez,dr917@example.net,M,Bronze,12/13/2024,Greenmouth
16019,United Kingdom,Gina Green,gina432@example.org,M,Bronze,10/29/2022,Lake Caroline
15361,United Kingdom,John Vega,john197@example.net,M,Bronze,11/3/2021,Lake Franciscoview
18044,United Kingdom,Desiree Atkinson,desiree898@example.net,F,Silver,2/21/2024,Sarahchester
16503,United Kingdom,Dr. Regina Garcia,dr487@example.com,M,Bronze,7/17/2024,Christopherborough
13097,United Kingdom,Samantha Miller,samantha217@example.org,M,Bronze,4/8/2024,Collinsville
15512,United Kingdom,Keith Johnson,keith615@example.com,F,Silver,12/31/2020,Robertfort
15266,United Kingdom,Sherry Escobar,sherry225@example.net,M,Bronze,1/15/2024,West Joseph
13187,United Kingdom,Kendra Wiggins,kendra392@example.com,M,Bronze,8/27/2022,Anthonymouth
17707,United Kingdom,Christine Avila,christine647@example.com,M,Bronze,5/9/2024,New Candice
16549,United Kingdom,Ivan Guerra,ivan529@example.com,F,Bronze,3/31/2021,Piercefort
13048,United Kingdom,Marcus York,marcus617@example.org,F,Silver,10/1/2024,Carrieborough
15339,United Kingdom,Beth Collins,beth368@example.net,M,Silver,10/3/2025,East Michael
17291,United Kingdom,Laura Rivera,laura681@example.org,M,Gold,8/17/2023,Spencermouth
13410,United Kingdom,Sharon Ortiz,sharon343@example.com,M,Gold,2/5/2023,Lake Daniel
16441,United Kingdom,Alexander Wood,alexander855@example.org,M,Bronze,1/31/2022,Larrytown
16212,United Kingdom,Sheryl Armstrong,sheryl596@example.org,M,Bronze,3/7/2024,Danielberg
16389,United Kingdom,Dr. Michelle Peterson,dr801@example.org,F,Bronze,12/12/2023,Keithfurt
16128,United Kingdom,Bonnie Miller,bonnie897@example.org,M,Silver,3/27/2021,South Frank
15220,United Kingdom,Kenneth Hall,kenneth971@example.org,M,Silver,10/2/2022,Lake Michelle
14670,United Kingdom,Matthew Owens,matthew934@example.org,F,Bronze,2/11/2025,Hamiltonborough
17535,United Kingdom,Tina Schroeder,tina806@example.org,F,Bronze,7/9/2023,North Joymouth
14903,United Kingdom,David Patel,david219@example.net,F,Bronze,7/27/2024,Robertmouth
15869,United Kingdom,Jose Alvarado,jose663@example.net,F,Gold,12/12/2023,Madisonborough
16426,United Kingdom,Sarah Nelson,sarah188@example.org,F,Gold,4/2/2021,North Brian
14077,United Kingdom,Antonio Dunlap,antonio616@example.net,F,Bronze,4/23/2022,West Robert
15381,United Kingdom,Erica Johnson,erica267@example.org,F,Bronze,1/31/2021,Gouldburgh
16511,United Kingdom,Steven Herring,steven157@example.org,M,Bronze,6/26/2024,South Howard
17152,United Kingdom,James Lopez,james300@example.org,F,Silver,12/24/2022,New Teresa
16063,United Kingdom,Shirley Benitez,shirley488@example.org,M,Silver,6/28/2024,New Kimberlyshire
17625,United Kingdom,Justin Martinez,justin833@example.net,M,Bronze,4/22/2022,Lake Tammytown
13439,United Kingdom,Joseph Hebert,joseph299@example.com,M,Bronze,8/13/2025,North Allison
15521,United Kingdom,Mr. Frank Palmer,mr767@example.org,M,Bronze,10/8/2022,Hillport
12909,United Kingdom,Caitlin Miller,caitlin783@example.org,M,Bronze,12/16/2020,South Dylanfort
17409,United Kingdom,Lauren Henderson,lauren492@example.org,F,Silver,12/12/2020,North Rickyburgh
13731,United Kingdom,Megan Diaz,megan149@example.net,M,Silver,2/2/2021,North Jacob
15436,United Kingdom,Virginia Park,virginia270@example.com,F,Bronze,7/4/2025,Sanchezfort
16146,United Kingdom,Samantha Hinton,samantha636@example.org,F,Bronze,8/4/2024,East Julieville
14512,United Kingdom,Elizabeth Cox,elizabeth457@example.com,M,Silver,8/29/2025,Carolville
17670,United Kingdom,Juan Snyder,juan624@example.org,F,Bronze,3/8/2025,West Nicoleshire
13282,United Kingdom,Theresa Bowman,theresa568@example.net,F,Bronze,5/21/2022,New Scott
17384,United Kingdom,Yolanda Sandoval,yolanda148@example.net,F,Bronze,1/27/2021,West Kaitlynmouth
13642,United Kingdom,Gilbert Franklin,gilbert639@example.net,F,Bronze,11/2/2020,Port Anne
13990,United Kingdom,Brian King,brian838@example.net,M,Bronze,1/2/2023,Ramseyburgh
14649,United Kingdom,Anthony Thomas,anthony897@example.com,F,Silver,4/29/2024,Lake Michelleside
15826,United Kingdom,Alex Warner,alex417@example.org,M,Bronze,7/26/2021,Wilsonhaven
15095,United Kingdom,Melissa Robbins,melissa777@example.org,M,Bronze,11/17/2021,South Mikefort
17386,United Kingdom,Joshua Baker,joshua885@example.com,M,Bronze,8/11/2025,Melissamouth
15505,United Kingdom,Adam Miller,adam994@example.org,F,Bronze,5/23/2023,East Kyle
13207,United Kingdom,Benjamin Richardson,benjamin745@example.org,F,Silver,9/17/2022,Lake Anthonyfort
17694,United Kingdom,Ryan Cook,ryan312@example.org,M,Bronze,1/9/2025,Ashleystad
15494,United Kingdom,Lisa Howe,lisa867@example.net,F,Silver,7/8/2021,Lake Sydneyfurt
16902,United Kingdom,Holly Delacruz,holly538@example.org,F,Bronze,1/19/2025,West Terryhaven
16330,United Kingdom,Gerald Gonzalez,gerald933@example.com,M,Bronze,11/11/2023,Lake Sandra
16968,United Kingdom,Jennifer Harris,jennifer927@example.net,M,Bronze,8/31/2025,North Luisberg
13889,United Kingdom,Daniel Dixon,daniel669@example.org,M,Bronze,12/3/2023,Goodmanville
18194,United Kingdom,Michael Bates,michael996@example.net,M,Bronze,10/4/2021,Seanburgh
16460,United Kingdom,Tim Summers,tim796@example.org,M,Bronze,6/3/2024,South Peterhaven
13350,United Kingdom,James Faulkner,james392@example.com,F,Silver,9/13/2025,Port Calebfort
17172,United Kingdom,Caitlyn Gonzalez,caitlyn149@example.org,M,Bronze,10/4/2022,Port Jeffreystad
15714,United Kingdom,John Byrd,john956@example.org,F,Silver,5/10/2024,Chanchester
13639,United Kingdom,Jordan Hammond,jordan359@example.org,M,Bronze,8/21/2025,South Paulaberg
16591,United Kingdom,Connie Peterson,connie667@example.com,F,Silver,6/5/2023,New Melissa
13348,United Kingdom,Christopher Smith,christopher412@example.org,M,Bronze,4/27/2024,East Kathleen
15297,United Kingdom,Timothy Taylor,timothy671@example.net,F,Bronze,6/29/2021,West Jose
15473,United Kingdom,Kevin Reyes,kevin385@example.com,M,Bronze,12/13/2020,West Paulberg
15886,United Kingdom,Bradley Shaffer,bradley279@example.org,M,Gold,10/21/2024,New Jenniferside
15355,United Kingdom,Miss Samantha Jones,miss873@example.net,M,Bronze,6/15/2023,Port John
15277,United Kingdom,Lauren Romero,lauren292@example.net,M,Silver,6/26/2022,Lake Adamside
17503,United Kingdom,Michael Cohen,michael384@example.com,F,Bronze,9/27/2024,Karenborough
18274,United Kingdom,Christopher Porter,christopher320@example.org,M,Silver,5/25/2021,South Nicholasstad
17904,United Kingdom,Stephanie Poole,stephanie387@example.net,M,Bronze,7/10/2021,Greenborough
15368,United Kingdom,Vincent Johnson,vincent866@example.org,M,Bronze,2/15/2025,Lake Markfort
13428,United Kingdom,Dr. Timothy Goodwin,dr268@example.com,M,Bronze,3/30/2022,Jasonton
15790,United Kingdom,Jeffrey Poole,jeffrey638@example.org,F,Bronze,3/21/2025,Lake Lauraland
14527,United Kingdom,Joe Manning,joe257@example.org,M,Bronze,12/10/2023,Taylorstad
13747,United Kingdom,Emily Burns,emily733@example.net,F,Silver,2/20/2022,North Stephanie
14031,United Kingdom,Sylvia Ferguson,sylvia205@example.org,M,Bronze,6/1/2021,Brookeland
14081,United Kingdom,Susan Ward,susan715@example.net,F,Bronze,11/23/2023,Ianport
16858,United Kingdom,Jacob Ellis,jacob896@example.net,M,Bronze,12/21/2022,Port Spencerbury
17223,United Kingdom,Shannon Ross,shannon588@example.org,M,Silver,11/21/2024,Elijahview
16221,United Kingdom,Vicki Johnson,vicki596@example.org,F,Bronze,5/30/2022,Rachelland
13599,United Kingdom,Frederick Obrien,frederick524@example.org,F,Silver,9/23/2021,Melissamouth
16385,United Kingdom,Rachel Rodriguez,rachel895@example.com,F,Bronze,9/7/2022,East Martin
13523,United Kingdom,Alicia Rivera,alicia986@example.org,M,Silver,2/28/2025,Christopherhaven
14987,United Kingdom,Thomas Alexander,thomas522@example.org,M,Bronze,11/6/2023,North Mariahaven
14713,United Kingdom,Roger Perez,roger462@example.com,M,Silver,8/4/2023,Troyport
13221,United Kingdom,Sean Smith,sean354@example.net,F,Silver,5/31/2024,North Anthonymouth
14737,United Kingdom,Linda Oliver,linda203@example.com,M,Bronze,2/13/2023,Lake Austin
13165,United Kingdom,Johnny Sanders,johnny259@example.org,M,Bronze,10/26/2025,New Jerryview
15171,United Kingdom,Kenneth Logan,kenneth841@example.com,F,Bronze,9/9/2025,North Andrew
17048,United Kingdom,Brenda Bennett,brenda330@example.org,F,Bronze,5/16/2021,Patrickhaven
14292,United Kingdom,Monica Beck,monica470@example.com,F,Bronze,8/29/2022,South Nicoletown
16660,United Kingdom,Jennifer Beasley,jennifer654@example.org,F,Bronze,10/4/2024,Michaelville
17118,United Kingdom,Kenneth Mcneil,kenneth521@example.net,F,Silver,10/19/2024,Alecborough
17027,United Kingdom,Michelle Cummings,michelle221@example.org,M,Silver,12/2/2023,West Adam
15579,United Kingdom,Ryan Jones,ryan916@example.org,F,Bronze,11/16/2020,Port Stephenville
15885,United Kingdom,Candice Woods,candice527@example.net,F,Silver,6/28/2021,Lake Devinshire
16425,United Kingdom,Robert Mendoza,robert606@example.com,F,Silver,1/9/2023,Port April
15810,United Kingdom,Loretta Benton,loretta922@example.com,M,Silver,2/14/2025,East Steven
14386,United Kingdom,David Phillips,david686@example.org,M,Bronze,8/15/2024,Port Matthew
16148,United Kingdom,James Sullivan,james306@example.com,F,Bronze,1/4/2022,East Jasonburgh
15382,United Kingdom,Jake Wright,jake495@example.org,M,Gold,2/25/2023,New Angelberg
12891,United Kingdom,Marvin Silva,marvin640@example.net,M,Bronze,11/5/2022,Powersmouth
15590,United Kingdom,Joshua Smith,joshua462@example.org,F,Bronze,10/29/2024,Randyfort
18231,United Kingdom,Christine Todd,christine926@example.net,F,Bronze,8/25/2023,South Matthewberg
15974,United Kingdom,Shannon Johnson,shannon411@example.net,F,Bronze,11/10/2024,Charlesshire
15847,United Kingdom,Rachel Cabrera,rachel222@example.net,M,Silver,4/9/2021,Lake Nathanielfurt
17138,United Kingdom,Amanda Gonzalez,amanda585@example.net,F,Bronze,12/19/2021,East Colleenville
13899,United Kingdom,Michele Smith,michele550@example.org,F,Bronze,8/29/2024,North Randy
14840,United Kingdom,Thomas Reyes,thomas293@example.net,F,Bronze,10/20/2025,East Laurentown
17719,United Kingdom,Alexandra Walsh,alexandra425@example.net,F,Bronze,6/18/2025,South Kennethview
17594,United Kingdom,Angela Ford,angela664@example.org,F,Gold,10/13/2025,Lake Jenniferstad
14957,United Kingdom,Stephen Huerta DVM,stephen590@example.net,F,Bronze,8/12/2025,Lake Susan
16209,United Kingdom,Amanda Bush,amanda940@example.net,F,Silver,7/18/2023,Campbellbury
15414,United Kingdom,Alice Bolton,alice560@example.org,M,Gold,5/13/2022,Timothyfort
13740,United Kingdom,David Blankenship,david763@example.org,M,Bronze,3/3/2023,Port Michael
16942,United Kingdom,Heather Cooley,heather170@example.net,M,Bronze,9/23/2023,Hessburgh
15561,United Kingdom,James Henderson,james558@example.com,F,Bronze,1/14/2022,Bowmanville
16446,United Kingdom,Wanda Schultz,wanda535@example.com,M,Bronze,5/15/2022,Delgadoburgh
14647,United Kingdom,Nicole Bautista,nicole833@example.net,F,Bronze,12/27/2020,East Claudia
16659,United Kingdom,Nathaniel Bradley,nathaniel223@example.com,M,Gold,11/10/2021,Campbellchester
17015,United Kingdom,Patrick Reed,patrick467@example.net,M,Silver,3/14/2021,South Megan
14351,United Kingdom,Trevor Mercado,trevor267@example.com,M,Bronze,12/5/2021,Barnesport
14053,United Kingdom,Richard Wood,richard822@example.com,M,Bronze,12/18/2024,Nixonton
15372,United Kingdom,Kelly Taylor,kelly262@example.net,F,Bronze,12/4/2024,Port Shannon
14305,United Kingdom,Jason Sweeney,jason276@example.org,M,Bronze,1/18/2022,New Connie
13441,United Kingdom,Patricia Rivera,patricia332@example.com,M,Silver,7/14/2023,Lake Kelly
14908,United Kingdom,Whitney Morris,whitney918@example.net,F,Bronze,11/1/2022,Hudsonport
16119,United Kingdom,Danny Larsen,danny288@example.com,F,Bronze,6/8/2021,Port Brian
18053,United Kingdom,Brenda Delgado,brenda795@example.org,M,Bronze,3/4/2024,Davidfort
14317,United Kingdom,Melinda Kelly,melinda177@example.org,F,Bronze,10/31/2022,Greenefurt
13193,United Kingdom,Jason Booth,jason738@example.net,F,Bronze,7/24/2025,West Timothy
15327,United Kingdom,Earl Green,earl620@example.org,M,Bronze,2/8/2025,Michaelburgh
14179,United Kingdom,Richard Mcgee,richard115@example.net,F,Silver,11/15/2023,Hawkinston
13103,United Kingdom,Chris Guzman,chris178@example.net,M,Bronze,12/11/2020,South Amandashire
14174,United Kingdom,Jerry Williams,jerry925@example.com,F,Silver,1/4/2022,Paultown
15883,United Kingdom,Vickie Stephens,vickie900@example.com,M,Silver,10/8/2024,Michaelhaven
18209,United Kingdom,Mark Potter,mark350@example.net,F,Gold,5/19/2022,West Christopherchester
12950,United Kingdom,Bryan Warren,bryan541@example.org,F,Bronze,3/12/2022,Port Mark
17985,United Kingdom,Kelly Miller,kelly184@example.net,M,Bronze,2/23/2021,West Reginaldview
18034,United Kingdom,Evelyn Ali,evelyn630@example.org,M,Bronze,12/5/2020,West Angelafort
15857,United Kingdom,Martin Cole,martin377@example.com,M,Gold,6/10/2025,Waltonborough
12984,United Kingdom,Oscar Barnes,oscar213@example.net,M,Bronze,4/24/2023,North Melissa
14601,United Kingdom,Ian Rhodes,ian346@example.org,F,Bronze,10/14/2022,West Seanville
15240,United Kingdom,Oscar Richardson,oscar981@example.com,M,Silver,2/25/2022,West Ryanberg
17059,United Kingdom,Ashley Hall,ashley683@example.com,M,Bronze,4/5/2022,Williamsstad
17402,United Kingdom,Andrew Chavez,andrew290@example.net,M,Bronze,10/30/2025,Juliechester
14506,United Kingdom,Jasmine Ibarra,jasmine518@example.net,F,Silver,1/5/2021,New Stevenfort
15180,United Kingdom,Kathryn Strickland,kathryn723@example.org,F,Bronze,7/25/2023,South Nicholas
16525,United Kingdom,James Hill,james963@example.net,M,Bronze,10/1/2024,Joshuaside
16255,United Kingdom,Keith Valencia,keith727@example.org,M,Bronze,6/25/2025,Lake Christopherfurt
14441,United Kingdom,Dennis Bush,dennis194@example.org,F,Bronze,12/19/2022,Timothyburgh
15854,United Kingdom,Brian Juarez,brian698@example.com,M,Gold,4/29/2021,Lake Jameston
17551,United Kingdom,Keith Young,keith850@example.com,M,Gold,6/20/2021,Burnsville
15664,United Kingdom,Jennifer Walker,jennifer634@example.net,F,Bronze,2/21/2023,Maymouth
15379,United Kingdom,Sara Nelson,sara205@example.org,F,Bronze,4/28/2023,West Michael
15034,United Kingdom,Karen Evans,karen583@example.org,M,Silver,9/22/2025,Phillipside
14944,United Kingdom,Raymond Chapman,raymond717@example.com,M,Bronze,6/18/2023,New Williamfort
15687,United Kingdom,Caitlin Rodriguez,caitlin631@example.com,M,Gold,2/10/2023,Sarahborough
13310,United Kingdom,Samantha Hansen,samantha205@example.net,F,Bronze,8/15/2025,Brooksville
14572,United Kingdom,Lisa Gomez,lisa868@example.com,F,Bronze,5/31/2024,South Christina
13110,United Kingdom,Michael Mitchell,michael239@example.org,F,Bronze,4/6/2025,West Dannyville
13873,United Kingdom,Desiree Logan,desiree999@example.org,F,Bronze,12/13/2021,Andrewshire
12842,United Kingdom,Christina Smith,christina553@example.net,M,Bronze,5/10/2023,South Theodore
13133,United Kingdom,Benjamin Williams,benjamin855@example.net,M,Bronze,5/23/2025,New Conniehaven
15722,United Kingdom,Mrs. Taylor Barrett,mrs287@example.org,F,Bronze,3/19/2023,East Steven
13421,United Kingdom,Jason Chandler,jason140@example.org,M,Bronze,2/17/2025,North Jessemouth
17711,United Kingdom,Robert Clements,robert390@example.net,F,Silver,9/14/2021,Lake Anthonyburgh
13362,United Kingdom,Keith Olsen,keith601@example.net,F,Bronze,1/29/2023,Maryburgh
14620,United Kingdom,Robin Taylor,robin104@example.com,M,Bronze,5/1/2025,Austinbury
13014,United Kingdom,Sarah Owen,sarah830@example.org,F,Bronze,6/18/2023,Millerbury
13985,United Kingdom,Shannon Cross,shannon381@example.net,F,Silver,11/7/2024,South Anthonyfort
18224,United Kingdom,Ashley Levine,ashley450@example.net,F,Bronze,4/28/2025,Patrickbury
14461,United Kingdom,Amy Harrison,amy745@example.com,M,Silver,2/10/2024,New Keithburgh
14021,United Kingdom,Chad Martinez,chad906@example.com,F,Bronze,11/18/2022,Johnsonborough
15832,United Kingdom,Rachel Green DVM,rachel528@example.org,F,Bronze,2/17/2024,Lake Michael
15917,United Kingdom,Craig Byrd,craig565@example.org,M,Silver,9/18/2025,West Michael
13995,United Kingdom,Deborah Mays,deborah785@example.com,F,Silver,5/18/2022,Lake Whitneystad
13508,United Kingdom,Susan Wood,susan506@example.net,F,Silver,2/25/2025,Lake Cory
13516,United Kingdom,Donald Lewis,donald721@example.com,F,Silver,6/25/2021,Port Karenport
16947,United Kingdom,Terry King,terry178@example.com,F,Bronze,4/6/2021,South Christine
17120,United Kingdom,Gary Schmidt,gary627@example.org,F,Bronze,4/27/2023,West Jennifertown
15768,United Kingdom,Sarah Salinas,sarah143@example.net,M,Gold,10/20/2023,Stephanieview
15952,United Kingdom,Amy Hernandez,amy652@example.com,M,Bronze,11/1/2022,South Christine
16227,United Kingdom,Lisa Carlson,lisa485@example.com,F,Bronze,12/30/2020,Bellchester
14342,United Kingdom,Mr. Christopher Weber MD,mr538@example.org,M,Silver,8/11/2022,North Ann
13887,United Kingdom,Chelsey Quinn,chelsey172@example.org,M,Bronze,10/13/2021,Bryceland
13737,United Kingdom,Walter Fisher,walter566@example.com,M,Bronze,12/18/2020,Smithburgh
13213,United Kingdom,Daniel Hodges,daniel241@example.org,F,Bronze,6/10/2024,Chanfurt
14338,United Kingdom,Lisa Shepard,lisa305@example.net,M,Gold,10/15/2021,North Michael
14963,United Kingdom,Sarah Miranda,sarah154@example.net,M,Silver,8/7/2021,Brownburgh
17797,United Kingdom,Brandon Maldonado,brandon246@example.com,M,Bronze,9/27/2025,New Sara
17579,United Kingdom,Mallory Ward,mallory756@example.com,M,Bronze,7/29/2024,Lake Kristina
15069,United Kingdom,Derek Shaw,derek577@example.org,F,Bronze,3/6/2024,South Christopherland
14997,United Kingdom,Brooke Sheppard,brooke955@example.org,M,Bronze,2/9/2022,Derekmouth
13575,United Kingdom,Stephanie Wade,stephanie736@example.net,M,Bronze,12/15/2020,Ronaldtown
16114,United Kingdom,Martin Edwards,martin808@example.com,F,Bronze,5/6/2023,South Rickymouth
17353,United Kingdom,Mr. Joseph Ross Jr.,mr475@example.org,F,Bronze,10/26/2021,Hillport
17554,United Kingdom,Charles Tucker,charles701@example.org,M,Bronze,5/24/2022,Buchananmouth
17984,United Kingdom,Sean Howard,sean583@example.com,F,Bronze,1/17/2022,Carrview
15369,United Kingdom,Andrew Bender,andrew680@example.org,F,Silver,7/18/2022,Port Ambermouth
18081,United Kingdom,Edgar Holland,edgar334@example.net,F,Bronze,5/20/2021,Juliabury
17070,United Kingdom,Jessica Blake,jessica798@example.net,M,Silver,8/18/2021,Deanmouth
14055,United Kingdom,Roy Rosales,roy912@example.org,M,Gold,6/5/2022,North Jeffrey
15343,United Kingdom,Kendra Miller,kendra155@example.org,F,Bronze,12/22/2020,Dakotaport
15975,United Kingdom,Denise Lopez,denise156@example.org,M,Silver,1/3/2023,Moralesview
14652,United Kingdom,Sarah Lawrence,sarah484@example.net,M,Silver,6/25/2023,Alanfurt
13886,United Kingdom,Billy Baldwin,billy244@example.com,M,Silver,2/9/2021,Lake Haydenborough
17330,United Kingdom,James Marshall,james999@example.com,M,Bronze,9/2/2024,Marshmouth
17620,United Kingdom,Rachel Ball,rachel325@example.org,M,Bronze,7/21/2024,Joshuashire
17934,United Kingdom,Jennifer Warren,jennifer744@example.com,M,Bronze,5/20/2021,Dominiqueport
17244,United Kingdom,Scott Hines,scott901@example.org,M,Silver,7/17/2021,North Jessicamouth
14799,United Kingdom,Matthew Nelson,matthew585@example.net,M,Silver,3/5/2022,North Ana
17878,United Kingdom,Janice Pacheco,janice575@example.net,M,Silver,5/5/2023,New Benjamin
16079,United Kingdom,Misty Wagner,misty548@example.org,M,Bronze,11/20/2022,Luceroton
13607,United Kingdom,Tracy Shelton,tracy909@example.org,F,Gold,3/29/2023,West Janetshire
18105,United Kingdom,Sarah Carter,sarah382@example.com,M,Silver,4/19/2025,Lake Todd
13522,United Kingdom,Linda Ayala,linda267@example.net,F,Silver,11/11/2021,Lake Hannah
18014,United Kingdom,Christopher Coleman,christopher284@example.org,M,Bronze,6/26/2021,Kyleberg
17153,United Kingdom,Tracy Watkins,tracy279@example.net,F,Bronze,3/27/2023,North Gabriel
14860,United Kingdom,David Kane,david314@example.net,M,Gold,6/17/2023,Woodstad
13142,United Kingdom,Kenneth Collins,kenneth253@example.net,M,Silver,5/23/2024,Hayesville
18174,United Kingdom,Jennifer Henderson,jennifer906@example.net,F,Bronze,8/5/2022,Lake Bernard
13790,United Kingdom,Erin Johnson,erin287@example.org,F,Bronze,6/7/2025,Johnbury
16528,United Kingdom,Billy Gonzales,billy331@example.net,F,Bronze,8/28/2022,Lake Bryan
18074,United Kingdom,Isaiah Richardson,isaiah817@example.net,M,Gold,3/15/2025,North Melanieville
14307,United Kingdom,Barbara Adams,barbara324@example.org,M,Bronze,2/6/2021,East Johnland
17069,United Kingdom,Maria Burke,maria604@example.org,F,Bronze,10/9/2023,East Jeffreyfurt
13108,United Kingdom,George Reed,george900@example.net,M,Bronze,7/2/2024,Port Alan
16546,United Kingdom,Maria Flowers,maria178@example.org,M,Silver,3/24/2025,Kimberlyview
15769,United Kingdom,Mark Smith,mark238@example.com,F,Silver,5/28/2021,Melissafurt
18118,United Kingdom,Randy Richards,randy675@example.org,M,Bronze,3/14/2022,Jasonchester
14867,United Kingdom,John Miller,john635@example.org,F,Bronze,8/31/2021,Lauratown
14176,United Kingdom,Eileen Carlson,eileen529@example.net,F,Bronze,2/14/2022,Brittanystad
16086,United Kingdom,Samuel Mullen,samuel496@example.org,M,Bronze,3/24/2022,Timothyville
13126,United Kingdom,James Reyes,james273@example.org,M,Silver,9/24/2024,Johnshaven
15723,United Kingdom,Christopher Vaughan,christopher233@example.org,F,Bronze,5/21/2021,Sandrabury
13999,United Kingdom,Carol Hickman,carol875@example.com,F,Bronze,8/4/2024,Walterside
14498,United Kingdom,Tiffany Stout,tiffany739@example.org,M,Gold,3/18/2021,Cassandraport
16701,United Kingdom,Patrick Gibson,patrick519@example.com,M,Bronze,6/10/2021,East Virginia
17179,United Kingdom,Thomas Brooks,thomas939@example.com,M,Gold,4/13/2023,New Anthonyside
16271,United Kingdom,Kimberly Morrison,kimberly703@example.org,M,Silver,3/8/2023,Christinahaven
14769,United Kingdom,Elijah Bowman,elijah597@example.org,F,Silver,10/17/2025,Clarkfurt
15527,United Kingdom,Julie Decker,julie740@example.net,M,Bronze,10/20/2022,Woodfort
13304,United Kingdom,Lori Allen DDS,lori181@example.org,M,Gold,3/10/2022,South Andrew
16771,United Kingdom,Michelle Mckinney,michelle888@example.org,M,Bronze,3/21/2021,Masonburgh
18226,United Kingdom,Elizabeth Miller,elizabeth604@example.net,F,Silver,10/13/2024,Laurenland
14238,United Kingdom,Gerald Potter,gerald657@example.org,M,Silver,7/28/2023,Jamesbury
14090,United Kingdom,Amber Cain,amber156@example.net,M,Silver,7/22/2025,Lake Jason
17075,United Kingdom,Mark Huffman,mark582@example.net,M,Bronze,1/16/2023,Diamondtown
18145,United Kingdom,Laurie Johnson,laurie165@example.org,F,Silver,1/18/2022,Port Adam
17613,United Kingdom,James Ryan,james611@example.net,M,Gold,12/3/2020,Kaylashire
13893,United Kingdom,Carol Evans,carol431@example.net,M,Silver,5/21/2022,North Erica
16317,United Kingdom,Nicole Thomas,nicole626@example.org,F,Bronze,11/9/2021,New Adamland
13932,United Kingdom,Joanna Castillo,joanna845@example.org,F,Silver,4/15/2024,Andersonburgh
13184,United Kingdom,Kevin Smith,kevin884@example.net,F,Silver,12/20/2021,East Eric
13149,United Kingdom,Christian Kerr,christian916@example.org,M,Bronze,11/11/2021,Richardsonmouth
16598,United Kingdom,Savannah Adams,savannah944@example.net,F,Silver,6/10/2025,Raymouth
18211,United Kingdom,Scott Austin,scott908@example.org,M,Bronze,10/30/2023,Raymondside
13340,United Kingdom,Dustin Hernandez,dustin358@example.com,F,Silver,1/23/2023,North Joseph
15049,United Kingdom,Michael Anderson,michael464@example.net,F,Bronze,9/29/2025,Gibbsland
15408,United Kingdom,Lisa Smith,lisa652@example.org,F,Bronze,6/27/2024,Kyleton
15669,United Kingdom,Joseph Serrano,joseph568@example.org,M,Bronze,1/6/2021,Weaverland
13720,United Kingdom,Eric Gonzalez,eric813@example.org,F,Bronze,10/25/2024,Jacobsborough
14272,United Kingdom,Zachary Quinn,zachary933@example.com,M,Bronze,9/4/2024,North Thomasland
13573,United Kingdom,Jeffrey Bell,jeffrey530@example.org,F,Bronze,11/5/2022,Lake Thomasville
14246,United Kingdom,Jamie Zimmerman,jamie751@example.net,F,Bronze,5/26/2023,Cindyport
13220,United Kingdom,Monica Bryant,monica866@example.net,M,Bronze,5/7/2021,Lake Peterstad
14626,United Kingdom,Stephanie Tran,stephanie661@example.net,M,Silver,10/27/2024,West Bethanyberg
17854,United Kingdom,William Rubio,william803@example.com,F,Bronze,8/12/2024,North Leonardville
13365,United Kingdom,George Mclean,george314@example.org,F,Silver,6/23/2022,Aprilshire
15117,United Kingdom,Raymond Hess,raymond169@example.com,F,Silver,7/30/2021,Carlburgh
17658,United Kingdom,John Medina,john303@example.org,M,Bronze,10/25/2022,Underwoodmouth
15630,United Kingdom,Kelly Harrington,kelly784@example.net,M,Bronze,4/16/2022,Patrickfort
17536,United Kingdom,Roy Ho,roy624@example.org,M,Bronze,3/8/2021,East Laurenmouth
13618,United Kingdom,Kevin Smith,kevin813@example.net,M,Bronze,10/23/2021,North Tyler
17312,United Kingdom,Brittany Boyle,brittany184@example.net,M,Bronze,6/6/2023,North Travisport
17693,United Kingdom,Crystal Roberts,crystal948@example.org,F,Bronze,8/20/2025,Jonathanland
13023,United Kingdom,Heather Miranda,heather867@example.org,M,Silver,4/9/2025,Perryton
16961,United Kingdom,Kevin Mcgee,kevin534@example.net,F,Gold,5/6/2025,Victoriachester
16734,United Kingdom,Charles Adams,charles140@example.org,F,Bronze,4/28/2022,Port Amyton
14314,United Kingdom,Christopher Matthews,christopher168@example.net,F,Silver,7/19/2022,North Daniellebury
17183,United Kingdom,Nancy Davis,nancy727@example.com,M,Silver,7/15/2025,Jasontown
14359,United Kingdom,Andrea Evans,andrea198@example.org,M,Silver,10/28/2025,South Veronica
16959,United Kingdom,Brian Collins,brian365@example.net,F,Bronze,9/21/2024,East Teresa
16213,United Kingdom,Paul Carpenter,paul659@example.com,F,Gold,5/13/2025,Stephenland
14261,United Kingdom,John Miller,john479@example.org,F,Bronze,7/22/2023,East Adamside
17006,United Kingdom,Richard Brown,richard223@example.com,F,Bronze,10/29/2024,New Angelafort
17498,United Kingdom,William Smith,william198@example.net,F,Bronze,8/4/2025,Brandonton
14434,United Kingdom,Stephanie Foster,stephanie100@example.com,F,Silver,1/20/2022,Bradfordland
17513,United Kingdom,Martin Calderon,martin444@example.net,F,Bronze,5/27/2021,West Katherineport
13954,United Kingdom,Douglas Newton,douglas502@example.org,M,Bronze,3/4/2023,South Annettetown
13558,United Kingdom,Ronnie Peters DDS,ronnie161@example.net,F,Silver,9/8/2023,West Jon
16106,United Kingdom,Deborah Smith,deborah628@example.com,F,Bronze,1/9/2021,Barnesburgh
13876,United Kingdom,Dillon Diaz,dillon334@example.net,M,Bronze,5/3/2025,New Stephanie
13806,United Kingdom,Julie Jones,julie884@example.com,F,Bronze,10/2/2023,North Joshua
13259,United Kingdom,Emily Short,emily476@example.net,F,Silver,10/31/2025,West Jack
13690,United Kingdom,William Hernandez,william340@example.net,F,Bronze,6/17/2021,Hesterhaven
17148,United Kingdom,Joseph Joyce,joseph736@example.com,F,Bronze,1/20/2024,Maytown
17111,United Kingdom,Jacob David,jacob281@example.net,F,Bronze,10/1/2021,South Meredith
14139,United Kingdom,Justin Miller,justin977@example.org,F,Bronze,6/22/2021,Maryshire
18154,United Kingdom,Kimberly Rhodes,kimberly323@example.org,M,Silver,8/31/2024,Taylorberg
16204,United Kingdom,Terry Jensen,terry599@example.net,M,Bronze,10/10/2024,Lawrenceborough
13349,United Kingdom,Mrs. Caroline Huber,mrs257@example.org,M,Bronze,6/15/2025,Port Claireport
12966,United Kingdom,Sandra Oliver,sandra602@example.com,F,Bronze,8/2/2025,West Lisa
13468,United Kingdom,Jason Snyder,jason395@example.net,M,Silver,11/9/2023,Cherylstad
17976,United Kingdom,Anthony Valdez,anthony103@example.com,M,Gold,6/2/2021,Katherineberg
14829,United Kingdom,Matthew Williams,matthew146@example.net,M,Gold,8/18/2024,Jonesport
15646,United Kingdom,Joseph Baker,joseph115@example.org,F,Bronze,9/4/2025,Susanfort
14573,United Kingdom,Michelle Gomez,michelle277@example.org,F,Bronze,5/6/2025,South Theresa
13034,United Kingdom,Hannah Harrison,hannah980@example.org,M,Silver,10/28/2024,South Matthewburgh
16722,United Kingdom,John Parker,john890@example.com,M,Gold,10/8/2024,South Gregory
16658,United Kingdom,Jerry Rivera,jerry766@example.net,F,Bronze,2/26/2022,Patriciaview
13488,United Kingdom,Michaela Brown,michaela829@example.net,M,Bronze,10/22/2022,North Kathleenmouth
15024,United Kingdom,Jeffrey Herrera,jeffrey111@example.net,M,Bronze,6/3/2024,New Christina
13769,United Kingdom,Amy Barrera,amy202@example.net,M,Bronze,10/21/2023,West Sarabury
13199,United Kingdom,Jeffrey Morse,jeffrey683@example.org,F,Bronze,11/16/2021,New Justin
15916,United Kingdom,Kristina Hall,kristina665@example.org,F,Bronze,11/1/2024,North Aaron
16265,United Kingdom,Stacy Fowler,stacy296@example.net,M,Bronze,8/5/2023,Larrytown
18141,United Kingdom,Megan Quinn,megan830@example.com,M,Bronze,5/3/2024,Jonesborough
15062,United Kingdom,Margaret Bowers,margaret877@example.net,F,Bronze,5/29/2024,Josephtown
17980,United Kingdom,Kerry Ramsey,kerry773@example.com,M,Bronze,1/19/2024,Aaronburgh
13253,United Kingdom,Richard Wagner,richard471@example.net,F,Bronze,12/20/2021,Fergusonmouth
16532,United Kingdom,Lauren Martin,lauren396@example.net,M,Bronze,12/29/2024,Port Ambermouth
16473,United Kingdom,Wesley Shaw,wesley429@example.com,M,Bronze,12/26/2021,Frederickville
13672,United Kingdom,Edward Martin,edward679@example.org,F,Bronze,12/6/2020,Joditown
16791,United Kingdom,Timothy Trevino,timothy673@example.com,F,Bronze,1/18/2024,Martinstad
15033,United Kingdom,Shaun Davis,shaun766@example.com,F,Bronze,7/5/2024,Romerotown
14501,United Kingdom,Katherine Riley,katherine705@example.org,M,Bronze,6/24/2025,Cheyennechester
13002,United Kingdom,Mark Flores,mark480@example.net,M,Bronze,9/30/2025,West Amy
17329,United Kingdom,Timothy Stevenson,timothy995@example.org,F,Bronze,8/21/2022,West Anne
14502,United Kingdom,Rachel Pacheco,rachel498@example.net,F,Bronze,6/11/2021,Keithchester
15589,United Kingdom,Luis Stewart,luis524@example.com,M,Silver,11/30/2021,Richardburgh
13871,United Kingdom,Jennifer Zimmerman,jennifer847@example.com,M,Bronze,9/1/2022,Clarkville
13590,United Kingdom,Antonio Lewis MD,antonio109@example.org,F,Bronze,1/4/2022,Lake Jeffery
17843,United Kingdom,Brandon Gonzalez,brandon286@example.com,M,Bronze,5/2/2022,Heathershire
15228,United Kingdom,Shari Taylor,shari661@example.org,M,Bronze,11/18/2020,Lake Lisa
18155,United Kingdom,Richard Alvarez,richard655@example.com,M,Bronze,10/17/2023,Rodriguezland
13804,United Kingdom,Lance White,lance941@example.com,M,Bronze,1/30/2024,South Staceyville
14227,United Kingdom,Brian Mann,brian799@example.net,M,Bronze,5/28/2024,Mikaylaport
14499,United Kingdom,Raven Zuniga,raven976@example.com,F,Bronze,11/7/2022,New Ashleyfurt
14012,United Kingdom,Stephanie Wilson,stephanie670@example.com,M,Bronze,3/27/2025,Lake Ashleychester
17164,United Kingdom,Regina Ross,regina743@example.net,M,Bronze,7/22/2021,Wellsstad
16693,United Kingdom,Wesley Torres,wesley776@example.org,M,Bronze,11/6/2023,Danielleton
13736,United Kingdom,Erin Miller,erin764@example.com,M,Silver,6/21/2024,Gregoryfurt
13316,United Kingdom,Diana Dalton,diana177@example.net,F,Gold,1/12/2024,Millerberg
16584,United Kingdom,Andrea Hubbard,andrea673@example.com,F,Bronze,8/29/2025,Mariahshire
15223,United Kingdom,James Lane,james935@example.net,F,Bronze,3/17/2021,Port Bryanfurt
14535,United Kingdom,Megan Boyd,megan980@example.org,F,Bronze,2/18/2023,West Heather
15145,United Kingdom,Tina Rose,tina962@example.com,M,Silver,7/8/2023,Oconnorhaven
15530,United Kingdom,Jose Dawson,jose414@example.org,M,Silver,9/20/2024,Andreaborough
13962,United Kingdom,Kelly Lloyd,kelly790@example.net,M,Silver,11/6/2020,Coxchester
13484,United Kingdom,Amy Prince,amy349@example.com,M,Bronze,1/6/2024,East Cliffordtown
16823,United Kingdom,Scott Nunez,scott637@example.com,F,Silver,10/21/2021,Ronaldfort
14423,United Kingdom,Dale Stark,dale689@example.net,F,Bronze,7/26/2024,North Diana
14920,United Kingdom,William Hall,william859@example.net,F,Bronze,11/7/2022,Lake Emilymouth
14421,United Kingdom,Steven Davis,steven807@example.org,F,Silver,5/26/2022,Gilberthaven
17176,United Kingdom,John Patrick,john385@example.net,M,Silver,1/22/2024,East Julieberg
14816,United Kingdom,Jaclyn Mccullough,jaclyn472@example.net,M,Silver,10/9/2024,West Natalietown
15163,United Kingdom,John White,john473@example.net,F,Silver,1/22/2024,Jacksonmouth
16682,United Kingdom,Jason Fisher,jason304@example.net,F,Bronze,8/16/2023,Tylershire
16963,United Kingdom,Debra Smith,debra813@example.net,M,Bronze,5/7/2024,East Mark
14820,United Kingdom,Edward Johnson,edward840@example.net,F,Silver,11/25/2021,Mauricefurt
12830,United Kingdom,Shannon Davis,shannon656@example.net,M,Silver,12/30/2024,East Bobfurt
17750,United Kingdom,Rodney Gonzales,rodney880@example.org,F,Bronze,6/27/2021,East Margaretland
14383,United Kingdom,Dennis Cooper,dennis956@example.com,M,Bronze,1/30/2023,East Audrey
13338,United Kingdom,Sheri Bell,sheri468@example.net,M,Bronze,3/1/2025,Tonyaside
14552,United Kingdom,Grace Braun,grace633@example.org,F,Gold,7/5/2022,New Kenneth
15469,United Kingdom,David Clarke,david610@example.com,F,Bronze,3/14/2023,New Matthewmouth
12832,United Kingdom,Stephanie Rodgers,stephanie903@example.com,M,Bronze,7/6/2025,Henrybury
13130,United Kingdom,Amanda Bryant,amanda896@example.com,F,Bronze,9/13/2021,Smithborough
12822,United Kingdom,Theresa Bryant,theresa123@example.com,F,Silver,6/9/2025,Bowenside
15888,United Kingdom,Kevin Jones,kevin902@example.org,F,Bronze,4/16/2023,West Nicolasfurt
16198,United Kingdom,Donna Vazquez,donna904@example.com,F,Silver,12/25/2020,Kennethside
16574,United Kingdom,Patricia Lane,patricia152@example.net,F,Silver,10/30/2021,West Julieville
13759,United Kingdom,Erika Shannon,erika743@example.net,M,Gold,7/16/2023,New Austinberg
17321,United Kingdom,Dr. Megan Williams,dr702@example.org,F,Bronze,5/23/2024,Tylerfurt
16803,United Kingdom,Timothy Figueroa,timothy714@example.net,F,Silver,12/6/2020,West Nicholas
13422,United Kingdom,Sabrina Reed,sabrina590@example.net,F,Silver,4/11/2022,Amyberg
12856,United Kingdom,Madison Robinson,madison737@example.org,M,Silver,6/22/2021,East Brandyburgh
16052,United Kingdom,Kelly Sullivan,kelly942@example.org,F,Bronze,12/29/2022,Coleville
16123,United Kingdom,Richard Rodriguez,richard338@example.org,M,Gold,6/3/2023,Edwardland
13598,United Kingdom,Courtney Wilson,courtney667@example.net,F,Bronze,2/16/2021,Leahfort
14539,United Kingdom,Alicia Ortiz,alicia771@example.net,M,Silver,11/6/2020,Deniseside
18067,United Kingdom,Adam Dunlap,adam998@example.com,F,Silver,1/29/2024,Lake Ariel
16433,United Kingdom,Jonathan Santana Jr.,jonathan632@example.org,M,Bronze,9/19/2023,East John
14804,United Kingdom,Vanessa Nelson,vanessa519@example.net,M,Silver,9/24/2024,Port Robert
15773,United Kingdom,Jeremy Soto,jeremy535@example.net,F,Bronze,2/16/2025,Christianchester
15485,United Kingdom,Robert Williams,robert589@example.com,F,Silver,12/11/2024,Riosland
14865,United Kingdom,Leon Dyer,leon932@example.com,F,Silver,11/13/2024,East Bryan
17787,United Kingdom,Christina Marks,christina819@example.net,M,Silver,2/1/2021,North Ryanmouth
12839,United Kingdom,Amber Hickman,amber231@example.com,F,Bronze,11/24/2022,Royland
16365,United Kingdom,Michael Smith,michael905@example.org,M,Silver,4/5/2025,North Susan
17894,United Kingdom,Pam Kim,pam968@example.org,F,Bronze,2/27/2023,Michaelfort
16717,United Kingdom,William Moody,william806@example.org,M,Silver,9/15/2024,Lake Amandaland
13327,United Kingdom,James Smith,james272@example.net,F,Bronze,10/31/2025,Port Eric
15535,United Kingdom,Courtney Aguilar,courtney823@example.net,F,Bronze,7/18/2022,East Catherinestad
12989,United Kingdom,Stephen Rodriguez,stephen388@example.org,M,Silver,10/29/2022,Christineshire
14505,United Kingdom,Christopher Cook,christopher358@example.com,M,Silver,10/26/2021,South Christine
14524,United Kingdom,Tracy Adkins,tracy811@example.net,F,Bronze,12/8/2023,East Andrew
13846,United Kingdom,Sean Robinson,sean976@example.org,F,Silver,7/9/2023,Lake Maria
16316,United Kingdom,Daniel Baldwin,daniel423@example.net,F,Bronze,6/25/2024,Jonathanburgh
15611,United Kingdom,Taylor Gray,taylor816@example.net,M,Silver,3/11/2024,Samanthaside
15370,United Kingdom,Carlos Clark,carlos388@example.net,F,Silver,7/26/2022,Simonshire
16034,United Kingdom,Jason Williams,jason750@example.com,M,Gold,11/26/2023,West Susan
13859,United Kingdom,Denise Peters,denise118@example.net,M,Silver,2/15/2023,North Vickiport
12346,United Kingdom,Teresa Sawyer,teresa259@example.org,F,Bronze,8/18/2021,Daviston
16714,United Kingdom,Jeffrey Patel,jeffrey730@example.net,M,Bronze,11/9/2021,Frankfort
16523,United Kingdom,Kelsey Salazar,kelsey940@example.org,M,Silver,3/12/2023,North Bianca
17256,United Kingdom,Jennifer Perez,jennifer455@example.com,M,Silver,8/9/2024,West Alexis
14631,United Kingdom,Tonya Brown,tonya366@example.net,F,Bronze,10/16/2023,East Andrew
15122,United Kingdom,Jacqueline Davis,jacqueline424@example.net,M,Bronze,10/4/2025,East Lisamouth
13623,United Kingdom,Gabriel Franklin,gabriel531@example.com,M,Silver,4/2/2023,Patrickberg
13718,United Kingdom,Clayton Cochran,clayton168@example.com,M,Bronze,1/9/2023,Patrickport
16187,United Kingdom,Christina Dorsey,christina332@example.org,M,Bronze,12/21/2020,Brownburgh
16217,United Kingdom,Amy Zhang,amy121@example.com,F,Bronze,10/12/2024,Port Katherine
16136,United Kingdom,Richard Barker,richard125@example.org,M,Bronze,11/24/2021,East Davidmouth
14586,United Kingdom,Kelly Burgess,kelly873@example.net,M,Silver,1/27/2022,South Cathy
14507,United Kingdom,Joseph Beasley,joseph381@example.org,M,Bronze,12/10/2021,Feliciachester
14645,United Kingdom,Bruce Orr,bruce367@example.com,M,Bronze,6/18/2021,West Craigborough
15918,United Kingdom,William Wade,william695@example.net,F,Bronze,6/17/2023,Taylorburgh
13121,United Kingdom,Benjamin Friedman,benjamin976@example.net,M,Bronze,1/5/2021,West Charles
12849,United Kingdom,Ashley Anderson,ashley656@example.net,M,Bronze,2/12/2023,Sellersmouth
13216,United Kingdom,Diane Davis,diane882@example.org,F,Silver,11/4/2021,East Kellifort
15651,United Kingdom,Courtney Harper,courtney872@example.com,F,Silver,9/9/2023,West Daniel
17398,United Kingdom,Russell Brewer,russell385@example.org,F,Silver,7/4/2022,East Michelle
13571,United Kingdom,Chelsea Walters,chelsea222@example.org,F,Gold,1/27/2023,Port Tami
15756,United Kingdom,Brooke Jones,brooke829@example.net,F,Silver,4/4/2023,Port Emily
15754,United Kingdom,Alexander King,alexander575@example.com,F,Bronze,11/22/2023,Murphymouth
12999,United Kingdom,Sara Hernandez,sara881@example.com,M,Bronze,5/6/2023,Johnsonside
13562,United Kingdom,Timothy Gray,timothy164@example.com,F,Silver,5/25/2024,North Alice
16628,United Kingdom,Kent Hunter,kent165@example.net,F,Bronze,6/25/2025,Mendezburgh
17588,United Kingdom,Logan Dodson,logan917@example.com,M,Silver,8/3/2024,Port Nancyfort
17631,United Kingdom,Charles Wood,charles113@example.net,M,Bronze,12/8/2020,Lake Johnchester
15333,United Kingdom,Garrett Jones,garrett149@example.net,M,Bronze,2/25/2023,East Cassandraborough
15791,United Kingdom,Joseph Cooper,joseph286@example.org,F,Bronze,7/7/2022,New Teresaton
14837,United Kingdom,Brenda Richardson,brenda492@example.com,F,Silver,2/6/2022,Nicolestad
13546,United Kingdom,Antonio Lozano,antonio163@example.net,M,Bronze,2/26/2022,Amytown
16369,United Kingdom,Aaron Chapman,aaron944@example.net,F,Bronze,3/28/2024,Raymondtown
13248,United Kingdom,Howard Bryant,howard220@example.net,F,Silver,7/25/2022,Griffinshire
16967,United Kingdom,Antonio Padilla,antonio295@example.com,M,Silver,3/26/2021,Villarrealfurt
14375,United Kingdom,Lisa Howard,lisa383@example.com,F,Bronze,2/11/2021,Teresafort
13686,United Kingdom,David Horton,david722@example.net,M,Silver,6/21/2021,Jessicatown
17939,United Kingdom,James Holt,james308@example.org,F,Bronze,2/20/2023,East Janettown
13217,United Kingdom,Lauren Villegas,lauren879@example.org,F,Bronze,9/23/2025,Rodriguezshire
17649,United Kingdom,Scott Wright,scott104@example.org,M,Bronze,4/26/2021,North Colleen
14143,United Kingdom,Timothy Curtis,timothy848@example.com,M,Silver,1/13/2023,Ashleymouth
18127,United Kingdom,Dennis Brown,dennis774@example.com,M,Bronze,12/27/2021,Lamchester
13075,United Kingdom,Brandon Ford,brandon544@example.net,F,Silver,3/24/2025,Perezburgh
17788,United Kingdom,Albert Campos,albert672@example.com,M,Bronze,7/2/2025,New Tinamouth
13850,United Kingdom,Ruth Perry,ruth364@example.org,F,Bronze,5/20/2021,Alishamouth
15653,United Kingdom,Carlos Henderson,carlos165@example.com,F,Bronze,4/16/2021,East Lauren
15263,United Kingdom,Meredith Thomas,meredith340@example.net,F,Bronze,6/13/2022,Smithshire
17628,United Kingdom,Shannon Hayes,shannon360@example.org,M,Silver,1/4/2024,Lindseyhaven
13519,United Kingdom,Matthew Gutierrez,matthew516@example.com,F,Bronze,12/3/2023,East Juanberg
18192,United Kingdom,Ashley Brown,ashley291@example.com,M,Bronze,11/25/2024,Lake Henryfurt
16268,United Kingdom,Erica Alvarado,erica896@example.org,F,Bronze,8/29/2021,Justintown
16478,United Kingdom,Robert Pugh,robert725@example.net,F,Silver,4/6/2025,East Rickyberg
13882,United Kingdom,Marvin Castillo,marvin491@example.com,F,Silver,9/29/2023,Wrightfort
13419,United Kingdom,Terry Mata,terry371@example.org,F,Gold,4/24/2023,Kennedytown
16380,United Kingdom,Michael Oconnell,michael432@example.com,M,Bronze,10/30/2025,Whitemouth
18126,United Kingdom,Kimberly Gibson,kimberly349@example.net,F,Bronze,12/12/2020,Rodriguezburgh
17520,United Kingdom,Jared Fleming,jared966@example.org,F,Bronze,1/18/2024,Deborahville
15803,United Kingdom,Karen Downs,karen530@example.net,M,Bronze,3/10/2022,Williamburgh
16680,United Kingdom,William Ward,william185@example.com,F,Gold,9/20/2022,Melissaside
15054,United Kingdom,Richard Taylor,richard900@example.com,F,Gold,9/5/2023,South Jacob
17461,United Kingdom,Jeffery Newman,jeffery534@example.org,F,Bronze,6/11/2025,Jenniferview
16569,United Kingdom,Erin Barrett,erin119@example.org,F,Silver,7/11/2025,Lake Jennifer
13255,United Kingdom,Amy Lopez,amy999@example.org,F,Bronze,4/6/2022,New Lisafort
17412,United Kingdom,Paula Sanders,paula195@example.org,F,Silver,6/30/2023,Hunterland
16393,United Kingdom,Jessica Gallagher,jessica347@example.org,M,Silver,7/15/2023,West Eddiefurt
17450,United Kingdom,Shelby Kennedy,shelby616@example.org,M,Bronze,2/27/2022,Port Michael
17341,United Kingdom,James Thomas,james735@example.org,M,Bronze,2/26/2021,North Angelicaton
15713,United Kingdom,Daniel Daniels,daniel153@example.com,M,Bronze,12/8/2022,Port Christopher
16596,United Kingdom,Katie Wilkerson,katie819@example.net,F,Silver,11/18/2023,New Darrylville
14448,United Kingdom,Jordan Williams,jordan193@example.net,M,Silver,5/28/2023,West Dennis
17188,United Kingdom,Jacqueline Anderson,jacqueline419@example.net,F,Silver,10/3/2022,Tranbury
18037,United Kingdom,Brittany Jones,brittany250@example.net,F,Silver,10/4/2022,East Brettland
16812,United Kingdom,Jessica Miller,jessica663@example.org,M,Bronze,9/19/2022,Perezberg
17629,United Kingdom,Samantha Ortiz,samantha742@example.com,M,Silver,8/6/2021,Margaretport
14150,United Kingdom,Rodney Edwards,rodney125@example.com,M,Gold,4/11/2025,East Kirsten
18176,United Kingdom,Jeffrey Reed,jeffrey147@example.net,F,Gold,7/13/2023,New Kara
16676,United Kingdom,Laura Curtis,laura310@example.net,M,Gold,11/26/2022,Susanbury
13001,United Kingdom,Katherine Rodriguez,katherine464@example.org,M,Bronze,4/14/2023,East Jennifertown
14657,United Kingdom,Vanessa Jackson,vanessa200@example.net,F,Silver,7/19/2025,East Anne
13615,United Kingdom,Lauren Butler,lauren894@example.net,F,Bronze,1/15/2023,Port Jennifer
18008,United Kingdom,Matthew Calderon,matthew598@example.org,M,Bronze,3/28/2021,South Brendaland
17035,United Kingdom,Troy Odom,troy685@example.org,F,Silver,11/8/2020,East Kelly
15971,United Kingdom,Miguel Cooper,miguel822@example.com,F,Silver,4/3/2022,Jenniferton
14457,United Kingdom,Katie Rojas,katie533@example.net,F,Bronze,7/19/2024,East Bruce
13334,United Kingdom,Dr. Nicole Strong,dr983@example.net,F,Silver,3/27/2023,Villahaven
15407,United Kingdom,Paul Castillo,paul166@example.net,M,Silver,7/21/2022,Sabrinamouth
14959,United Kingdom,Victoria Frank,victoria294@example.net,F,Gold,4/1/2023,West Shaunshire
13453,United Kingdom,Gloria Wood,gloria129@example.net,M,Gold,10/31/2022,New Lindsey
13722,United Kingdom,Mitchell Olson,mitchell144@example.com,M,Bronze,8/27/2023,Melissafurt
16621,United Kingdom,Justin Ellis,justin202@example.com,M,Bronze,9/15/2025,East Taylorburgh
17092,United Kingdom,Michele Smith,michele371@example.com,M,Silver,11/15/2024,Port Sandramouth
16080,United Kingdom,John Turner,john937@example.org,F,Bronze,3/21/2022,West Ericburgh
14223,United Kingdom,John Gonzales,john765@example.com,F,Silver,12/14/2020,East Taylortown
13262,United Kingdom,Kelly Taylor,kelly346@example.com,M,Bronze,4/29/2023,Mullinsland
17754,United Kingdom,Daniel Rodriguez,daniel116@example.com,F,Bronze,6/9/2023,Jamesborough
13357,United Kingdom,Shawn Brown,shawn954@example.org,F,Silver,6/21/2025,Beckermouth
13918,United Kingdom,Sean Gilbert,sean695@example.com,F,Bronze,6/10/2021,West Rachaelfurt
17956,United Kingdom,Melissa Martinez,melissa347@example.com,F,Silver,7/5/2022,North Dana
13771,United Kingdom,Laura Robinson,laura246@example.org,F,Silver,1/31/2022,Sarahchester
16261,United Kingdom,Randy Salas,randy113@example.net,F,Bronze,12/2/2023,Perkinsshire
16172,United Kingdom,Karen Thomas,karen453@example.com,F,Silver,11/8/2024,North Rachel
16729,United Kingdom,Samantha Williams,samantha369@example.org,M,Bronze,8/15/2023,Amyshire
16121,United Kingdom,Tiffany Hines,tiffany257@example.org,F,Silver,11/9/2020,Port Davidborough
13242,United Kingdom,Jennifer Mathews,jennifer145@example.com,M,Bronze,8/13/2021,Justinstad
17764,United Kingdom,Matthew Underwood,matthew396@example.com,F,Bronze,5/25/2022,Mariahville
16283,United Kingdom,Adrian Harrison,adrian462@example.com,M,Bronze,11/11/2022,West Andreamouth
15152,United Kingdom,Tiffany Shelton,tiffany568@example.org,M,Silver,4/2/2024,East Kathryn
13663,United Kingdom,Alexander Johnson,alexander421@example.net,F,Bronze,3/4/2024,New Robin
15014,United Kingdom,Anthony Li,anthony547@example.org,F,Bronze,9/22/2024,South Masonberg
16744,United Kingdom,Christopher Roach,christopher610@example.org,F,Gold,7/17/2024,Davisshire
17123,United Kingdom,Robert Adams,robert758@example.net,F,Bronze,3/25/2024,Derektown
12977,United Kingdom,Nicholas Hamilton,nicholas465@example.com,F,Silver,10/16/2025,East Daniel
16929,United Kingdom,Amy Baker,amy710@example.net,M,Bronze,8/1/2024,Lake Alexandra
16764,United Kingdom,Abigail Robinson,abigail238@example.org,F,Bronze,8/30/2025,Stewartborough
16041,United Kingdom,Kevin Brown,kevin958@example.net,F,Silver,4/8/2022,Lake Davidshire
15232,United Kingdom,Darlene Vasquez,darlene484@example.com,F,Bronze,11/13/2024,Courtneyside
13079,United Kingdom,Christopher Whitehead,christopher937@example.org,M,Gold,5/22/2021,Traceyview
15618,United Kingdom,Richard Rodriguez,richard217@example.net,M,Silver,9/18/2024,Cherylport
12828,United Kingdom,Thomas Griffith,thomas407@example.org,F,Bronze,7/3/2022,Murphystad
13621,United Kingdom,Matthew Howard,matthew966@example.com,F,Silver,9/7/2022,Colefort
17506,United Kingdom,Amber Hernandez,amber407@example.net,F,Bronze,11/21/2024,New Rita
16930,United Kingdom,Elizabeth Benton,elizabeth565@example.net,M,Bronze,8/10/2025,Port Robertborough
17014,United Kingdom,Kenneth Morris,kenneth803@example.net,M,Bronze,7/30/2024,South Richardbury
15612,United Kingdom,Holly Hale,holly196@example.com,M,Bronze,2/25/2021,West Scott
15821,United Kingdom,Nicole Kirby,nicole387@example.org,F,Bronze,2/17/2021,East Danielle
16413,United Kingdom,Amy Krause,amy412@example.org,M,Bronze,5/5/2022,Howellbury
15458,United Kingdom,John Howe,john710@example.net,F,Bronze,1/24/2021,Hillstad
15009,United Kingdom,Stefanie Romero,stefanie727@example.com,F,Bronze,5/7/2025,Lake Ashleybury
17896,United Kingdom,Jesse Berg,jesse950@example.org,F,Gold,1/21/2022,West Steven
16856,United Kingdom,Jennifer Smith,jennifer423@example.net,F,Bronze,2/4/2021,Benjaminview
14480,United Kingdom,Ethan Davis,ethan316@example.net,F,Bronze,8/19/2024,South Davidfurt
18015,United Kingdom,Joseph Colon,joseph332@example.com,F,Bronze,9/14/2023,North Michele
15318,United Kingdom,Russell Gonzalez,russell559@example.com,F,Gold,9/25/2025,Lake Shelbyville
12748,United Kingdom,Robert Wilson,robert358@example.net,F,Bronze,5/24/2025,Port Michaelport
15601,United Kingdom,Adam White,adam838@example.org,F,Bronze,2/20/2025,Collinsmouth
13402,United Kingdom,George Velasquez,george487@example.net,F,Silver,6/8/2023,Thomasmouth
18168,United Kingdom,Michael Rice,michael391@example.org,M,Gold,5/16/2025,Smithmouth
14810,United Kingdom,Dana Miller,dana202@example.org,M,Bronze,12/20/2022,Wigginsland
15570,United Kingdom,Julian Phillips,julian473@example.com,M,Bronze,6/4/2025,Port Annburgh
17863,United Kingdom,Adam Evans,adam250@example.com,M,Bronze,9/18/2024,Ochoahaven
15023,United Kingdom,Dr. Deborah Adams,dr942@example.com,F,Silver,5/9/2023,Jeffreystad
15984,United Kingdom,Tami Mccall,tami694@example.net,M,Bronze,10/19/2023,South Jacobfurt
13564,United Kingdom,Rachel Thomas,rachel363@example.com,M,Bronze,12/2/2023,Vanessamouth
17591,United Kingdom,Rebecca Pearson,rebecca958@example.com,M,Bronze,2/21/2025,South Vanessa
17655,United Kingdom,Sarah Moore,sarah205@example.net,F,Silver,10/15/2024,Cherylton
14437,United Kingdom,Brooke Wilson MD,brooke990@example.net,M,Bronze,9/8/2022,Reginachester
15181,United Kingdom,John Key,john915@example.org,M,Silver,5/7/2023,Lake Mariahstad
12872,United Kingdom,Terry Fowler,terry586@example.com,M,Bronze,5/27/2025,Ronnietown
17307,United Kingdom,Nicholas Sandoval,nicholas515@example.net,F,Bronze,8/31/2024,Foxport
13178,United Kingdom,Robert Bradshaw,robert840@example.com,M,Silver,3/16/2023,West Larry
14913,United Kingdom,Danielle Sanchez,danielle877@example.org,M,Silver,3/4/2021,North Raymond
14621,United Kingdom,Andrew Rogers,andrew444@example.net,F,Silver,10/19/2024,Lake Steve
14709,United Kingdom,Leslie Reynolds,leslie448@example.com,M,Silver,7/11/2022,Ramosmouth
17306,United Kingdom,David Jones,david659@example.com,M,Bronze,12/28/2021,Gregoryfurt
14320,United Kingdom,Christopher Keith,christopher955@example.org,F,Bronze,1/24/2025,New Edward
15395,United Kingdom,Ashley Floyd,ashley206@example.net,M,Bronze,2/8/2025,Meghanbury
13396,United Kingdom,Jonathan Lee,jonathan270@example.net,M,Bronze,7/23/2022,East Nancychester
16949,United Kingdom,Victoria Parker,victoria627@example.com,F,Bronze,1/23/2024,Andrewston
16156,United Kingdom,Steve Yang,steve782@example.org,F,Bronze,10/7/2023,Jacobsstad
14540,United Kingdom,Kelly Walker,kelly658@example.org,M,Silver,1/27/2023,Port Michael
17667,United Kingdom,Tanya Baker,tanya928@example.com,M,Silver,10/3/2025,Lake Karen
13157,United Kingdom,Dr. Ivan Porter,dr851@example.org,F,Bronze,4/6/2023,New Michael
14477,United Kingdom,Erica Evans,erica143@example.net,F,Bronze,7/14/2023,New James
15065,United Kingdom,Caitlin Davenport,caitlin792@example.org,M,Silver,11/29/2021,East James
17117,United Kingdom,Vincent Howard,vincent280@example.org,M,Gold,5/15/2021,Port Margaretburgh
16339,United Kingdom,Cole Williams MD,cole330@example.com,M,Silver,1/13/2021,Nicholaston
15393,United Kingdom,Rachel Frank,rachel956@example.org,M,Gold,3/7/2025,South Amandashire
16495,United Kingdom,Andrew Durham,andrew647@example.com,M,Silver,11/13/2022,Russelltown
13900,United Kingdom,Jeffrey Miller,jeffrey557@example.net,F,Bronze,12/18/2024,Port Marcstad
13239,United Kingdom,Carrie Rivas,carrie523@example.net,F,Silver,8/25/2025,South Thomas
17775,United Kingdom,Tracy Adams,tracy281@example.com,F,Bronze,10/2/2025,Port Dana
12949,United Kingdom,Benjamin Fleming,benjamin264@example.net,F,Bronze,6/28/2021,Kimbury
14844,United Kingdom,Jack Henry,jack987@example.com,F,Silver,7/23/2024,Smithside
14105,United Kingdom,Christine Morales,christine145@example.org,M,Bronze,10/22/2023,Westland
15912,United Kingdom,Alicia Anderson,alicia796@example.net,M,Bronze,7/16/2023,West Lauraborough
15237,United Kingdom,Tara Johnson,tara673@example.com,F,Gold,2/22/2022,East Amyview
17893,United Kingdom,Carlos Osborne,carlos478@example.net,F,Silver,2/23/2022,Freemanborough
17723,United Kingdom,Kevin Nguyen,kevin823@example.com,F,Bronze,7/6/2024,New Matthewchester
18242,United Kingdom,Mary Martin,mary246@example.com,F,Silver,11/4/2021,Kristenville
15925,United Kingdom,Leslie Zuniga,leslie985@example.org,F,Gold,6/23/2022,East Kenneth
16050,United Kingdom,Marvin Smith,marvin253@example.com,M,Bronze,4/19/2025,North Jasonview
17837,United Kingdom,James Wells,james356@example.org,M,Bronze,11/5/2020,Josephchester
18013,United Kingdom,Kara Johnson,kara653@example.net,F,Bronze,7/31/2025,South Mistyview
14493,United Kingdom,Kelly Rodriguez,kelly598@example.com,F,Bronze,2/23/2021,Rosariomouth
16012,United Kingdom,James Guerrero,james763@example.net,F,Bronze,12/22/2020,Washingtontown
12833,United Kingdom,Alan Mcgee,alan972@example.net,F,Silver,2/4/2024,West Samanthafort
15829,United Kingdom,Abigail Clark,abigail204@example.org,F,Gold,6/28/2022,Daviston
17653,United Kingdom,Cody Price,cody994@example.org,M,Bronze,2/15/2023,South Emma
14096,United Kingdom,Anne Kelly,anne243@example.com,F,Bronze,11/18/2024,West Kevin
15690,United Kingdom,Joseph Peterson,joseph864@example.net,M,Silver,10/27/2023,West Kimberly
15782,United Kingdom,Richard Jenkins,richard125@example.net,M,Bronze,8/19/2025,Port Jeffery
17154,United Kingdom,Richard Weeks,richard333@example.com,M,Silver,1/7/2025,West Joseborough
13960,United Kingdom,Mrs. Lisa Brown,mrs576@example.net,F,Bronze,7/25/2025,South Cynthiamouth
13503,United Kingdom,Jessica Thompson,jessica284@example.org,F,Bronze,11/26/2020,Cartermouth
16595,United Kingdom,Nancy Shaw MD,nancy637@example.com,F,Bronze,8/10/2023,New Brandiberg
13685,United Kingdom,Jacqueline King,jacqueline692@example.net,M,Bronze,1/27/2024,Port Jeffrey
16412,United Kingdom,Dean Morgan,dean883@example.org,F,Bronze,5/3/2024,Pachecomouth
17205,United Kingdom,David Bradley,david791@example.net,F,Silver,10/21/2021,New Joseph
16177,United Kingdom,Mrs. Brenda Flores PhD,mrs134@example.com,F,Bronze,8/13/2025,New Amanda
15423,United Kingdom,Molly Conley,molly375@example.net,M,Silver,5/14/2021,North Lisa
18104,United Kingdom,Jean Griffith,jean577@example.com,F,Bronze,12/9/2020,Lake Coreyfort
16337,United Kingdom,Richard Robinson MD,richard138@example.net,F,Bronze,4/30/2021,North Hannah
14664,United Kingdom,Gloria Ruiz,gloria592@example.org,M,Bronze,5/3/2025,West Shawnhaven
17977,United Kingdom,Morgan Walker,morgan568@example.org,M,Bronze,1/12/2025,Dianabury
12890,United Kingdom,Rebecca Leon DVM,rebecca238@example.net,F,Bronze,1/31/2024,West Williamstad
15274,United Kingdom,Jennifer Fox,jennifer367@example.org,M,Silver,12/4/2024,Youngstad
13403,United Kingdom,Aaron Holloway,aaron567@example.net,F,Silver,2/20/2025,Justintown
15634,United Kingdom,Kathryn Shah,kathryn936@example.org,F,Bronze,1/1/2023,New Kathryn
17379,United Kingdom,Darren Blair,darren757@example.org,F,Bronze,5/2/2023,Dianestad
15520,United Kingdom,Donald Smith,donald348@example.com,M,Bronze,9/21/2022,Port Chelsea
13694,United Kingdom,Katelyn Cabrera,katelyn253@example.net,M,Silver,5/7/2025,Raymondfort
16955,United Kingdom,Drew Sullivan,drew529@example.com,F,Silver,5/20/2022,West Brian
16634,United Kingdom,Max Lee,max674@example.org,F,Bronze,2/18/2021,Simpsonberg
16477,United Kingdom,Edwin Gates,edwin549@example.net,M,Silver,10/19/2025,Joelton
15649,United Kingdom,Sue Morris,sue456@example.net,F,Bronze,4/12/2025,Armstrongfort
15996,United Kingdom,Tammy Reed,tammy450@example.com,M,Gold,3/21/2024,Lake Michelle
13021,United Kingdom,Joseph Ellis,joseph611@example.com,F,Silver,11/4/2024,East Richardport
17646,United Kingdom,William Lee,william758@example.org,M,Silver,2/9/2024,Lewisfurt
14684,United Kingdom,Molly Mueller,molly555@example.org,F,Bronze,12/26/2022,Grayside
16262,United Kingdom,Kenneth Armstrong,kenneth197@example.net,F,Silver,6/5/2022,Jamieborough
17044,United Kingdom,Emily Martin,emily792@example.org,F,Bronze,2/10/2022,East Markfort
15620,United Kingdom,Nicole Williams,nicole760@example.net,F,Bronze,8/16/2025,Timothyborough
15208,United Kingdom,Rachel Smith,rachel667@example.org,M,Bronze,8/24/2021,Lake Eugene
14532,United Kingdom,William Taylor,william694@example.org,M,Gold,12/24/2023,South Sandra
15562,United Kingdom,Kevin Thompson,kevin447@example.org,M,Silver,6/3/2024,Port Patrick
15845,United Kingdom,Allen Bass,allen554@example.com,M,Silver,1/1/2023,Cameronmouth
18198,United Kingdom,Abigail Brown,abigail491@example.org,F,Silver,12/20/2021,Port Julie
14209,United Kingdom,Ms. Linda Barry MD,ms889@example.com,M,Bronze,12/18/2024,Gatesmouth
18190,United Kingdom,Kristin Olson,kristin880@example.com,F,Gold,3/17/2021,Smithport
17609,United Kingdom,Sandra Gilbert,sandra719@example.org,F,Gold,1/8/2023,East Justin
17018,United Kingdom,Rachael Kim,rachael942@example.net,F,Silver,8/1/2024,Lake Bradleyburgh
14224,United Kingdom,Katherine Sexton,katherine265@example.net,F,Bronze,3/16/2021,West Shaneport
14534,United Kingdom,David Johnson DVM,david110@example.net,M,Bronze,8/5/2022,Woodsville
17619,United Kingdom,Dylan Clark,dylan135@example.org,F,Silver,9/6/2025,Mooreview
13606,United Kingdom,Philip Hayes,philip632@example.net,M,Bronze,6/20/2024,Port Hannahville
15755,United Kingdom,Jerry Cooper,jerry675@example.com,M,Bronze,8/18/2022,Claytonberg
16566,United Kingdom,Amanda Stephenson,amanda510@example.net,M,Bronze,9/5/2021,West Lauren
15990,United Kingdom,Sarah Casey,sarah512@example.com,M,Bronze,1/26/2024,East Davidview
13908,United Kingdom,Michael Haynes,michael718@example.com,M,Silver,2/7/2022,Port Brianville
17725,United Kingdom,Kevin Adams,kevin955@example.com,M,Gold,1/30/2022,Lake Sarah
13046,United Kingdom,Patricia Acevedo,patricia184@example.com,F,Bronze,5/11/2024,Lake Brian
14071,United Kingdom,Karen Aguilar,karen551@example.org,F,Bronze,8/14/2024,South Johnberg
13037,United Kingdom,Allen Khan,allen426@example.com,M,Bronze,3/3/2022,Toddtown
13950,United Kingdom,Molly Torres,molly450@example.org,F,Gold,6/5/2022,Cartershire
18246,United Kingdom,Andrew Perry,andrew620@example.org,M,Silver,1/22/2023,Aprilfurt
13867,United Kingdom,Crystal Williams,crystal493@example.com,M,Gold,6/13/2022,Port Jaredberg
17624,United Kingdom,Jessica Lee,jessica526@example.com,M,Silver,9/2/2023,North Laurie
13003,United Kingdom,William Gibbs,william172@example.org,M,Bronze,8/16/2023,East Jose
12821,United Kingdom,Caleb Green,caleb526@example.net,M,Gold,2/23/2023,New Amy
18221,United Kingdom,Laurie Ward,laurie311@example.net,F,Bronze,8/10/2021,Melissafort
17051,United Kingdom,Alex Ortiz,alex123@example.org,M,Bronze,2/5/2023,Lawrenceport
15453,United Kingdom,Tara Beasley DVM,tara674@example.org,F,Silver,6/2/2024,Juliehaven
17265,United Kingdom,Julie Peterson,julie364@example.net,F,Bronze,11/13/2023,Smithchester
14177,United Kingdom,Jennifer Ferguson,jennifer202@example.net,F,Silver,10/17/2025,North Patrickfurt
17193,United Kingdom,Paul Yang,paul283@example.org,F,Bronze,11/10/2021,Port Audreyview
13940,United Kingdom,Mikayla Wright,mikayla506@example.net,F,Silver,1/25/2025,Mistyville
17724,United Kingdom,Sara Price,sara941@example.com,F,Bronze,3/7/2021,Evansstad
16053,United Kingdom,Margaret Elliott,margaret729@example.com,M,Bronze,1/17/2021,East Carlland
15762,United Kingdom,Victor Bates,victor501@example.net,F,Bronze,5/6/2022,Lake Erik
13390,United Kingdom,John Wagner,john608@example.org,M,Silver,4/22/2023,Leefurt
13845,United Kingdom,Amy Cox,amy853@example.net,M,Silver,1/1/2024,Petersonstad
14975,United Kingdom,Darlene Blake,darlene423@example.com,M,Silver,5/16/2024,New Jason
16773,United Kingdom,Jacqueline Meza,jacqueline294@example.org,F,Gold,3/14/2023,Simpsonburgh
15677,United Kingdom,Sherri Ortiz,sherri919@example.com,F,Bronze,4/21/2024,Helenport
15667,United Kingdom,James Wu,james198@example.net,M,Bronze,10/8/2025,Bethanyborough
17022,United Kingdom,James Miller,james187@example.org,F,Silver,3/19/2024,Cindytown
17247,United Kingdom,Ryan Gentry,ryan492@example.net,M,Bronze,8/10/2025,Tinatown
14265,Unspecified,Philip Valenzuela,philip625@example.org,M,Silver,2/9/2021,Lisashire
12743,Unspecified,Blake Myers,blake960@example.net,F,Silver,3/27/2022,South Benjaminport
16320,Unspecified,Courtney Turner,courtney758@example.net,F,Bronze,4/12/2023,Port Paula
12363,Unspecified,Melissa Brown,melissa436@example.net,M,Bronze,10/1/2024,South Sandraside
