InvoiceNo,ShipmentDate,DeliveryDate,Courier,ShippingCost,Status
536365,2010-12-03,2010-12-04,Royal Mail,4.92,Delivered
536366,2010-12-01,2010-12-07,Royal Mail,3.5,Delivered
536367,2010-12-03,2010-12-09,Hermes,6.79,Delivered
536368,2010-12-01,2010-12-02,DHL,6.09,Delivered
536369,2010-12-01,2010-12-06,Hermes,6.31,Delivered
536370,2010-12-03,2010-12-09,Hermes,5.22,Delivered
536371,2010-12-02,2010-12-04,UPS,1.92,Delivered
536372,2010-12-01,2010-12-08,DHL,3.06,Delivered
536373,2010-12-03,2010-12-07,FedEx,4.76,Delivered
536374,2010-12-02,2010-12-03,Royal Mail,6.37,Delivered
536375,2010-12-02,2010-12-03,FedEx,6.56,Delivered
536376,2010-12-01,2010-12-07,UPS,2.77,Delivered
536377,2010-12-03,2010-12-04,UPS,6.47,Delivered
536378,2010-12-03,2010-12-08,FedEx,5.79,Delivered
536380,2010-12-03,2010-12-05,Royal Mail,6.38,Delivered
536381,2010-12-02,2010-12-03,DHL,5.41,Delivered
C536379,2010-12-01,2010-12-05,FedEx,1.37,Delivered
536382,2010-12-01,2010-12-04,FedEx,6.09,Delivered
C536383,2010-12-01,2010-12-07,FedEx,4.1,Delivered
536384,2010-12-01,2010-12-06,DHL,2.1,Delivered
536385,2010-12-03,2010-12-09,DHL,6.01,Delivered
536386,2010-12-03,2010-12-09,Hermes,6.67,Delivered
536387,2010-12-01,2010-12-07,FedEx,6.91,Delivered
536388,2010-12-01,2010-12-08,Royal Mail,2.11,Delivered
536389,2010-12-02,2010-12-06,FedEx,9.04,Delivered
536390,2010-12-03,2010-12-09,FedEx,6.79,Delivered
C536391,2010-12-01,2010-12-07,UPS,1.48,Delivered
536392,2010-12-02,2010-12-04,FedEx,7.7,Delivered
536393,2010-12-01,2010-12-03,Hermes,1.78,Delivered
536394,2010-12-02,2010-12-07,UPS,4.2,Delivered
536395,2010-12-02,2010-12-04,DHL,4.13,Delivered
536396,2010-12-01,2010-12-08,Royal Mail,4.95,Delivered
536397,2010-12-01,2010-12-07,DHL,5.55,Delivered
536398,2010-12-01,2010-12-05,UPS,2.98,Delivered
536399,2010-12-03,2010-12-07,Hermes,4.98,Delivered
536400,2010-12-01,2010-12-07,Royal Mail,7.54,Delivered
536401,2010-12-03,2010-12-08,FedEx,5.21,Delivered
536402,2010-12-02,2010-12-06,DHL,3.19,Delivered
536403,2010-12-02,2010-12-03,FedEx,8.34,Delivered
536404,2010-12-03,2010-12-04,FedEx,4.4,Delivered
536405,2010-12-03,2010-12-08,Hermes,5.61,Delivered
536406,2010-12-01,2010-12-06,Hermes,6.84,Delivered
536407,2010-12-01,2010-12-06,FedEx,4.03,Delivered
536408,2010-12-02,2010-12-09,FedEx,5.07,Delivered
536409,2010-12-01,2010-12-02,DHL,8.49,Delivered
536412,2010-12-01,2010-12-07,UPS,1.64,Delivered
536414,2010-12-01,2010-12-08,Hermes,5.1,Delivered
536415,2010-12-02,2010-12-07,DHL,3.96,Delivered
536416,2010-12-02,2010-12-07,Hermes,3.78,Delivered
536420,2010-12-03,2010-12-10,DHL,5.64,Delivered
536423,2010-12-03,2010-12-06,UPS,7.9,Delivered
536425,2010-12-02,2010-12-07,UPS,4.91,Delivered
536437,2010-12-01,2010-12-03,DHL,5.38,Delivered
536446,2010-12-03,2010-12-05,Hermes,5.16,Delivered
536460,2010-12-01,2010-12-02,Royal Mail,4.82,Delivered
536463,2010-12-01,2010-12-02,FedEx,4.33,Delivered
536464,2010-12-01,2010-12-06,DHL,4.59,Delivered
536466,2010-12-03,2010-12-05,Hermes,7.27,Delivered
536477,2010-12-03,2010-12-07,DHL,5.78,Delivered
536488,2010-12-01,2010-12-02,Royal Mail,1.45,Delivered
536500,2010-12-03,2010-12-07,FedEx,3.01,Delivered
536502,2010-12-03,2010-12-04,Royal Mail,6.04,Delivered
536508,2010-12-01,2010-12-05,FedEx,5.3,Delivered
C536506,2010-12-01,2010-12-03,Hermes,4.09,Delivered
536514,2010-12-02,2010-12-04,UPS,5.9,Delivered
536520,2010-12-01,2010-12-05,Hermes,7.04,Delivered
536521,2010-12-01,2010-12-02,Hermes,7.71,Delivered
536522,2010-12-01,2010-12-03,UPS,0.48,Delivered
536523,2010-12-02,2010-12-06,DHL,7.85,Delivered
536524,2010-12-01,2010-12-05,Royal Mail,1.76,Delivered
536525,2010-12-02,2010-12-05,UPS,4.32,Delivered
536526,2010-12-03,2010-12-10,Hermes,8.01,Delivered
536527,2010-12-03,2010-12-09,UPS,5.94,Delivered
536528,2010-12-01,2010-12-06,Hermes,6.39,Delivered
536529,2010-12-01,2010-12-07,FedEx,7.48,Delivered
536530,2010-12-03,2010-12-10,Hermes,5.93,Delivered
536531,2010-12-01,2010-12-02,Hermes,6.12,Delivered
536532,2010-12-03,2010-12-04,DHL,5.62,Delivered
536533,2010-12-02,2010-12-03,Hermes,5.06,Delivered
536534,2010-12-03,2010-12-04,UPS,7.69,Delivered
536535,2010-12-03,2010-12-08,Hermes,0.38,Delivered
536536,2010-12-01,2010-12-07,FedEx,4.33,Delivered
536537,2010-12-01,2010-12-04,UPS,6.96,Delivered
536538,2010-12-02,2010-12-05,Royal Mail,7.11,Delivered
536539,2010-12-01,2010-12-05,Hermes,11.66,Delivered
536540,2010-12-01,2010-12-06,DHL,4.94,Delivered
536541,2010-12-03,2010-12-06,DHL,8.77,Delivered
536542,2010-12-01,2010-12-04,FedEx,3.32,Delivered
C536543,2010-12-01,2010-12-05,Hermes,4.21,Delivered
536544,2010-12-03,2010-12-08,Royal Mail,2.37,Delivered
536545,2010-12-03,2010-12-10,Hermes,4.1,Delivered
536546,2010-12-01,2010-12-04,Royal Mail,7.81,Delivered
536547,2010-12-01,2010-12-07,Hermes,5.91,Delivered
C536548,2010-12-01,2010-12-07,FedEx,6.35,Delivered
536549,2010-12-01,2010-12-07,FedEx,3.48,Delivered
536550,2010-12-01,2010-12-02,UPS,4.95,Delivered
536551,2010-12-02,2010-12-03,Royal Mail,4.47,Delivered
536552,2010-12-02,2010-12-04,UPS,5.92,Delivered
536553,2010-12-03,2010-12-09,UPS,4.1,Delivered
536554,2010-12-03,2010-12-05,Hermes,4.64,Delivered
536555,2010-12-01,2010-12-08,FedEx,4.02,Delivered
536556,2010-12-01,2010-12-02,FedEx,4.44,Delivered
536557,2010-12-02,2010-12-09,Royal Mail,6.11,Delivered
536558,2010-12-01,2010-12-07,Royal Mail,4.19,Delivered
536559,2010-12-02,2010-12-09,Hermes,6.52,Delivered
536560,2010-12-03,2010-12-09,DHL,3.64,Delivered
536561,2010-12-01,2010-12-08,DHL,8.61,Delivered
536562,2010-12-02,2010-12-03,DHL,4.46,Delivered
536563,2010-12-03,2010-12-06,UPS,6.29,Delivered
536564,2010-12-01,2010-12-04,DHL,1.22,Delivered
536565,2010-12-03,2010-12-04,UPS,7.75,Delivered
536566,2010-12-01,2010-12-03,UPS,2.15,Delivered
536567,2010-12-02,2010-12-05,DHL,5.5,Delivered
536568,2010-12-02,2010-12-05,FedEx,7.9,Delivered
536569,2010-12-01,2010-12-08,FedEx,3.58,Delivered
536570,2010-12-03,2010-12-10,Hermes,6.92,Delivered
536571,2010-12-02,2010-12-03,Royal Mail,6.11,Delivered
536572,2010-12-03,2010-12-06,Royal Mail,3.91,Delivered
536573,2010-12-01,2010-12-06,UPS,3.01,Delivered
536574,2010-12-02,2010-12-07,Hermes,7.9,Delivered
536575,2010-12-01,2010-12-05,Hermes,5.22,Delivered
536576,2010-12-02,2010-12-03,Hermes,5.56,Delivered
536577,2010-12-03,2010-12-09,DHL,4.5,Delivered
536578,2010-12-03,2010-12-06,Hermes,5.57,Delivered
536579,2010-12-02,2010-12-08,Royal Mail,4.68,Delivered
536580,2010-12-02,2010-12-08,UPS,3.34,Delivered
536581,2010-12-02,2010-12-06,FedEx,3.77,Delivered
536582,2010-12-03,2010-12-07,DHL,4.56,Delivered
536583,2010-12-03,2010-12-08,FedEx,1.85,Delivered
536584,2010-12-02,2010-12-05,DHL,7.11,Delivered
536585,2010-12-02,2010-12-09,Hermes,3.62,Delivered
536586,2010-12-02,2010-12-06,DHL,3.9,Delivered
536587,2010-12-03,2010-12-07,DHL,4.11,Delivered
536588,2010-12-03,2010-12-09,Hermes,3.63,Delivered
536589,2010-12-02,2010-12-03,DHL,4.33,Delivered
536590,2010-12-01,2010-12-03,Royal Mail,3.74,Delivered
536591,2010-12-01,2010-12-03,UPS,2.38,Delivered
536591,2010-12-02,2010-12-06,Hermes,2.8,Delivered
536592,2010-12-01,2010-12-07,UPS,3.51,Delivered
536593,2010-12-03,2010-12-09,Royal Mail,5.05,Delivered
536594,2010-12-01,2010-12-08,UPS,5.7,Delivered
536595,2010-12-03,2010-12-08,UPS,8.54,Delivered
536596,2010-12-01,2010-12-06,DHL,5.88,Delivered
536597,2010-12-01,2010-12-08,UPS,4.5,Delivered
536598,2010-12-04,2010-12-09,Hermes,0.96,Delivered
536599,2010-12-03,2010-12-08,Hermes,2.24,Delivered
536600,2010-12-03,2010-12-10,Hermes,3.89,Delivered
536601,2010-12-03,2010-12-07,FedEx,5.39,Delivered
536602,2010-12-02,2010-12-09,FedEx,5.24,Delivered
536603,2010-12-04,2010-12-06,FedEx,2.58,Delivered
536604,2010-12-03,2010-12-04,FedEx,5.18,Delivered
536605,2010-12-04,2010-12-05,DHL,6.8,Delivered
C536606,2010-12-02,2010-12-04,UPS,3.92,Delivered
536607,2010-12-02,2010-12-06,UPS,2.06,Delivered
536608,2010-12-03,2010-12-08,UPS,3.82,Delivered
536609,2010-12-03,2010-12-07,Hermes,5.69,Delivered
536610,2010-12-04,2010-12-05,Hermes,4.84,Delivered
536611,2010-12-03,2010-12-06,UPS,5.15,Delivered
536612,2010-12-03,2010-12-08,Hermes,6.32,Delivered
536613,2010-12-03,2010-12-05,FedEx,0.94,Delivered
536614,2010-12-03,2010-12-07,Royal Mail,2.72,Delivered
536615,2010-12-03,2010-12-09,DHL,6.91,Delivered
536616,2010-12-03,2010-12-05,Hermes,0.74,Delivered
536617,2010-12-04,2010-12-09,Royal Mail,4.07,Delivered
536618,2010-12-02,2010-12-08,UPS,6.46,Delivered
536619,2010-12-02,2010-12-05,UPS,6.68,Delivered
536620,2010-12-03,2010-12-05,UPS,3.43,Delivered
536621,2010-12-03,2010-12-06,UPS,8.0,Delivered
C536622,2010-12-03,2010-12-10,Royal Mail,1.73,Delivered
536623,2010-12-02,2010-12-05,DHL,5.62,Delivered
536624,2010-12-04,2010-12-05,Royal Mail,5.13,Delivered
536626,2010-12-02,2010-12-09,Royal Mail,0.11,Delivered
C536625,2010-12-04,2010-12-06,DHL,7.09,Delivered
536627,2010-12-04,2010-12-06,UPS,7.12,Delivered
536628,2010-12-04,2010-12-07,FedEx,6.35,Delivered
536629,2010-12-04,2010-12-10,Royal Mail,7.38,Delivered
536630,2010-12-02,2010-12-05,Royal Mail,0.95,Delivered
536631,2010-12-04,2010-12-10,UPS,2.82,Delivered
536632,2010-12-03,2010-12-09,DHL,7.72,Delivered
536633,2010-12-04,2010-12-06,Royal Mail,6.41,Delivered
536634,2010-12-04,2010-12-11,FedEx,6.6,Delivered
536635,2010-12-02,2010-12-09,Hermes,2.81,Delivered
536636,2010-12-02,2010-12-05,Hermes,3.27,Delivered
536637,2010-12-04,2010-12-10,FedEx,5.84,Delivered
536638,2010-12-02,2010-12-09,UPS,5.41,Delivered
536639,2010-12-03,2010-12-09,UPS,4.15,Delivered
536640,2010-12-04,2010-12-06,UPS,6.09,Delivered
536641,2010-12-04,2010-12-07,Hermes,7.17,Delivered
C536642,2010-12-04,2010-12-11,UPS,1.35,Delivered
536643,2010-12-04,2010-12-07,FedEx,5.82,Delivered
536663,2010-12-02,2010-12-09,Royal Mail,4.6,Delivered
536667,2010-12-03,2010-12-08,Hermes,7.15,Delivered
536670,2010-12-04,2010-12-08,FedEx,8.84,Delivered
536671,2010-12-02,2010-12-06,DHL,5.7,Delivered
536672,2010-12-03,2010-12-10,FedEx,2.78,Delivered
536673,2010-12-04,2010-12-07,Hermes,8.47,Delivered
536674,2010-12-02,2010-12-07,DHL,7.74,Delivered
536676,2010-12-03,2010-12-08,DHL,6.64,Delivered
536681,2010-12-04,2010-12-08,UPS,4.65,Delivered
536685,2010-12-03,2010-12-05,UPS,5.12,Delivered
536688,2010-12-04,2010-12-06,FedEx,4.01,Delivered
536690,2010-12-04,2010-12-09,FedEx,3.35,Delivered
536693,2010-12-03,2010-12-09,Hermes,3.49,Delivered
536698,2010-12-03,2010-12-06,FedEx,7.72,Delivered
536707,2010-12-02,2010-12-03,DHL,3.68,Delivered
536732,2010-12-04,2010-12-06,DHL,8.02,Delivered
536733,2010-12-02,2010-12-08,UPS,4.56,Delivered
C536734,2010-12-04,2010-12-09,FedEx,7.63,Delivered
536735,2010-12-02,2010-12-09,DHL,4.46,Delivered
536736,2010-12-03,2010-12-04,Hermes,6.81,Delivered
C536737,2010-12-02,2010-12-05,Royal Mail,7.51,Delivered
536738,2010-12-04,2010-12-06,UPS,4.59,Delivered
536739,2010-12-02,2010-12-09,Royal Mail,2.99,Delivered
536740,2010-12-03,2010-12-06,DHL,3.99,Delivered
536741,2010-12-02,2010-12-05,UPS,5.55,Delivered
536742,2010-12-03,2010-12-04,Hermes,5.48,Delivered
536743,2010-12-04,2010-12-10,Royal Mail,7.11,Delivered
536744,2010-12-03,2010-12-04,DHL,7.98,Delivered
536745,2010-12-02,2010-12-07,UPS,2.22,Delivered
536746,2010-12-02,2010-12-09,Hermes,2.81,Delivered
536747,2010-12-03,2010-12-07,UPS,4.22,Delivered
536748,2010-12-03,2010-12-06,Hermes,7.55,Delivered
536749,2010-12-04,2010-12-05,Hermes,5.89,Delivered
536750,2010-12-02,2010-12-08,DHL,4.77,Delivered
536751,2010-12-03,2010-12-09,Royal Mail,5.68,Delivered
536752,2010-12-02,2010-12-04,Royal Mail,6.03,Delivered
536753,2010-12-03,2010-12-07,Hermes,4.49,Delivered
536754,2010-12-03,2010-12-09,FedEx,5.1,Delivered
536755,2010-12-04,2010-12-11,UPS,6.31,Delivered
536756,2010-12-03,2010-12-10,Hermes,5.63,Delivered
C536757,2010-12-04,2010-12-11,DHL,2.76,Delivered
C536758,2010-12-04,2010-12-06,FedEx,6.14,Delivered
536759,2010-12-02,2010-12-03,Royal Mail,5.86,Delivered
C536760,2010-12-04,2010-12-11,Hermes,6.48,Delivered
536761,2010-12-03,2010-12-07,Royal Mail,3.33,Delivered
536762,2010-12-03,2010-12-06,Hermes,5.33,Delivered
536763,2010-12-04,2010-12-08,UPS,5.5,Delivered
536764,2010-12-03,2010-12-09,FedEx,5.28,Delivered
536765,2010-12-04,2010-12-07,Royal Mail,9.29,Delivered
536769,2010-12-04,2010-12-09,Royal Mail,7.78,Delivered
536771,2010-12-04,2010-12-11,FedEx,1.99,Delivered
536777,2010-12-02,2010-12-06,Hermes,3.44,Delivered
536778,2010-12-04,2010-12-08,FedEx,6.11,Delivered
536779,2010-12-04,2010-12-11,UPS,7.41,Delivered
536780,2010-12-02,2010-12-06,FedEx,3.52,Delivered
536781,2010-12-02,2010-12-09,DHL,5.96,Delivered
536782,2010-12-03,2010-12-07,UPS,3.85,Delivered
536783,2010-12-04,2010-12-05,UPS,9.68,Delivered
536784,2010-12-02,2010-12-05,FedEx,2.64,Delivered
536785,2010-12-03,2010-12-10,Hermes,9.75,Delivered
536786,2010-12-02,2010-12-08,Hermes,4.35,Delivered
536787,2010-12-04,2010-12-07,Hermes,5.16,Delivered
536788,2010-12-03,2010-12-09,UPS,5.08,Delivered
536789,2010-12-04,2010-12-06,FedEx,3.65,Delivered
536790,2010-12-03,2010-12-09,UPS,8.89,Delivered
536791,2010-12-04,2010-12-11,DHL,8.72,Delivered
536792,2010-12-04,2010-12-06,FedEx,2.59,Delivered
536793,2010-12-02,2010-12-04,Royal Mail,4.2,Delivered
536794,2010-12-03,2010-12-04,DHL,1.82,Delivered
536795,2010-12-04,2010-12-10,FedEx,5.03,Delivered
536796,2010-12-03,2010-12-10,UPS,6.48,Delivered
536797,2010-12-04,2010-12-06,UPS,4.81,Delivered
536798,2010-12-02,2010-12-07,Hermes,4.97,Delivered
536799,2010-12-02,2010-12-05,UPS,3.92,Delivered
536800,2010-12-03,2010-12-10,Hermes,4.98,Delivered
536801,2010-12-04,2010-12-07,Hermes,5.14,Delivered
536802,2010-12-04,2010-12-10,UPS,6.44,Delivered
536803,2010-12-03,2010-12-06,FedEx,3.37,Delivered
536804,2010-12-04,2010-12-11,Hermes,1.67,Delivered
536805,2010-12-02,2010-12-08,DHL,8.24,Delivered
536806,2010-12-04,2010-12-08,DHL,6.27,Delivered
C536807,2010-12-03,2010-12-09,UPS,3.38,Delivered
536808,2010-12-04,2010-12-11,UPS,2.77,Delivered
536809,2010-12-04,2010-12-06,UPS,6.94,Delivered
536810,2010-12-02,2010-12-04,Hermes,6.75,Delivered
536811,2010-12-02,2010-12-09,UPS,4.61,Delivered
C536812,2010-12-02,2010-12-07,UPS,6.11,Delivered
536813,2010-12-04,2010-12-06,Royal Mail,5.11,Delivered
C536814,2010-12-03,2010-12-10,FedEx,3.38,Delivered
C536815,2010-12-04,2010-12-05,FedEx,7.61,Delivered
C536816,2010-12-04,2010-12-11,Hermes,3.73,Delivered
C536817,2010-12-04,2010-12-11,UPS,6.19,Delivered
C536818,2010-12-04,2010-12-05,Hermes,7.57,Delivered
536819,2010-12-03,2010-12-05,Royal Mail,6.18,Delivered
C536820,2010-12-03,2010-12-04,Royal Mail,2.11,Delivered
536821,2010-12-02,2010-12-03,FedEx,6.07,Delivered
C536822,2010-12-02,2010-12-05,FedEx,4.21,Delivered
536823,2010-12-04,2010-12-08,Hermes,5.79,Delivered
536824,2010-12-04,2010-12-11,DHL,5.39,Delivered
C536825,2010-12-03,2010-12-08,DHL,5.71,Delivered
C536826,2010-12-03,2010-12-08,DHL,5.32,Delivered
C536827,2010-12-03,2010-12-06,Royal Mail,7.83,Delivered
C536828,2010-12-03,2010-12-06,Hermes,6.18,Delivered
C536829,2010-12-03,2010-12-08,FedEx,6.81,Delivered
536830,2010-12-04,2010-12-08,FedEx,3.37,Delivered
536831,2010-12-03,2010-12-10,UPS,5.45,Delivered
536832,2010-12-02,2010-12-04,UPS,2.65,Delivered
536833,2010-12-04,2010-12-07,Royal Mail,3.86,Delivered
536834,2010-12-04,2010-12-08,FedEx,9.0,Delivered
536835,2010-12-04,2010-12-05,Hermes,5.2,Delivered
536836,2010-12-04,2010-12-08,FedEx,5.23,Delivered
536837,2010-12-03,2010-12-05,DHL,3.57,Delivered
536838,2010-12-04,2010-12-07,DHL,2.01,Delivered
536839,2010-12-04,2010-12-05,FedEx,1.88,Delivered
536840,2010-12-03,2010-12-04,Hermes,4.3,Delivered
536841,2010-12-03,2010-12-06,UPS,5.8,Delivered
536842,2010-12-02,2010-12-04,DHL,5.93,Delivered
536843,2010-12-03,2010-12-08,Hermes,1.02,Delivered
536844,2010-12-03,2010-12-10,DHL,4.84,Delivered
536845,2010-12-03,2010-12-10,FedEx,8.73,Delivered
536846,2010-12-04,2010-12-11,FedEx,5.75,Delivered
536847,2010-12-03,2010-12-05,DHL,2.88,Delivered
536848,2010-12-05,2010-12-11,UPS,8.54,Delivered
536849,2010-12-04,2010-12-05,UPS,4.26,Delivered
C536850,2010-12-03,2010-12-06,Hermes,6.37,Delivered
536851,2010-12-05,2010-12-11,FedEx,6.34,Delivered
536852,2010-12-05,2010-12-09,FedEx,6.13,Delivered
C536853,2010-12-03,2010-12-08,Hermes,5.92,Delivered
C536854,2010-12-04,2010-12-09,DHL,3.3,Delivered
C536855,2010-12-04,2010-12-10,FedEx,2.73,Delivered
536856,2010-12-05,2010-12-09,Royal Mail,8.09,Delivered
536857,2010-12-04,2010-12-08,Royal Mail,8.72,Delivered
536858,2010-12-03,2010-12-05,Hermes,6.45,Delivered
536859,2010-12-05,2010-12-11,Hermes,6.66,Delivered
536860,2010-12-04,2010-12-09,DHL,7.19,Delivered
536861,2010-12-04,2010-12-09,UPS,3.08,Delivered
536862,2010-12-04,2010-12-05,FedEx,5.44,Delivered
536863,2010-12-03,2010-12-10,FedEx,7.12,Delivered
536864,2010-12-03,2010-12-09,FedEx,0.0,Delivered
536865,2010-12-04,2010-12-05,UPS,3.48,Delivered
536866,2010-12-04,2010-12-06,Royal Mail,8.54,Delivered
536874,2010-12-03,2010-12-09,DHL,3.83,Delivered
536876,2010-12-05,2010-12-11,Hermes,5.63,Delivered
536883,2010-12-04,2010-12-06,DHL,4.88,Delivered
536884,2010-12-05,2010-12-07,Royal Mail,6.22,Delivered
536885,2010-12-05,2010-12-07,DHL,2.77,Delivered
536890,2010-12-04,2010-12-11,DHL,5.65,Delivered
536920,2010-12-04,2010-12-11,DHL,2.39,Delivered
536938,2010-12-03,2010-12-08,FedEx,5.29,Delivered
536941,2010-12-03,2010-12-05,Royal Mail,4.08,Delivered
536942,2010-12-04,2010-12-11,DHL,4.7,Delivered
536943,2010-12-04,2010-12-05,DHL,4.81,Delivered
536944,2010-12-05,2010-12-09,Hermes,5.55,Delivered
536945,2010-12-04,2010-12-11,FedEx,5.47,Delivered
536946,2010-12-05,2010-12-10,Royal Mail,3.65,Delivered
536947,2010-12-05,2010-12-06,Hermes,5.42,Delivered
536954,2010-12-04,2010-12-08,Royal Mail,7.12,Delivered
536956,2010-12-04,2010-12-08,Royal Mail,5.85,Delivered
536957,2010-12-04,2010-12-10,UPS,5.73,Delivered
536960,2010-12-05,2010-12-07,Royal Mail,5.37,Delivered
536967,2010-12-03,2010-12-06,Hermes,3.31,Delivered
536968,2010-12-04,2010-12-08,Hermes,3.13,Delivered
536969,2010-12-05,2010-12-08,UPS,2.88,Delivered
536970,2010-12-05,2010-12-06,Hermes,4.93,Delivered
536971,2010-12-05,2010-12-12,DHL,1.21,Delivered
536972,2010-12-04,2010-12-07,UPS,6.78,Delivered
536973,2010-12-04,2010-12-08,Royal Mail,4.34,Delivered
536974,2010-12-04,2010-12-07,DHL,6.6,Delivered
536975,2010-12-05,2010-12-09,Royal Mail,5.71,Delivered
536976,2010-12-04,2010-12-05,FedEx,5.46,Delivered
536977,2010-12-03,2010-12-08,Royal Mail,2.8,Delivered
C536978,2010-12-04,2010-12-10,Royal Mail,3.67,Delivered
C536979,2010-12-04,2010-12-07,UPS,7.16,Delivered
536980,2010-12-04,2010-12-09,FedEx,2.64,Delivered
536981,2010-12-04,2010-12-05,Hermes,3.84,Delivered
536982,2010-12-04,2010-12-06,Royal Mail,4.95,Delivered
536983,2010-12-04,2010-12-11,Hermes,2.72,Delivered
536984,2010-12-05,2010-12-07,UPS,7.51,Delivered
536985,2010-12-05,2010-12-12,Hermes,2.83,Delivered
536986,2010-12-03,2010-12-08,FedEx,3.12,Delivered
536987,2010-12-03,2010-12-05,FedEx,4.5,Delivered
536988,2010-12-04,2010-12-07,Royal Mail,3.36,Delivered
536989,2010-12-03,2010-12-10,DHL,3.15,Delivered
536990,2010-12-03,2010-12-09,Royal Mail,4.18,Delivered
536991,2010-12-03,2010-12-09,Hermes,5.45,Delivered
536992,2010-12-04,2010-12-06,FedEx,7.04,Delivered
536993,2010-12-04,2010-12-10,FedEx,5.43,Delivered
536994,2010-12-03,2010-12-04,DHL,2.45,Delivered
536995,2010-12-03,2010-12-10,Hermes,5.79,Delivered
536996,2010-12-04,2010-12-10,UPS,5.25,Delivered
536997,2010-12-04,2010-12-09,UPS,3.8,Delivered
536998,2010-12-05,2010-12-06,FedEx,5.72,Delivered
536999,2010-12-04,2010-12-05,FedEx,3.83,Delivered
537000,2010-12-05,2010-12-11,FedEx,2.59,Delivered
537001,2010-12-03,2010-12-05,UPS,5.67,Delivered
537002,2010-12-03,2010-12-06,DHL,4.93,Delivered
537003,2010-12-03,2010-12-10,FedEx,4.75,Delivered
537004,2010-12-04,2010-12-10,UPS,5.98,Delivered
537005,2010-12-03,2010-12-05,UPS,3.58,Delivered
537006,2010-12-05,2010-12-12,FedEx,4.71,Delivered
537007,2010-12-03,2010-12-07,Royal Mail,2.96,Delivered
537008,2010-12-03,2010-12-10,FedEx,5.87,Delivered
537009,2010-12-05,2010-12-09,Hermes,2.64,Delivered
537010,2010-12-04,2010-12-05,UPS,6.62,Delivered
537011,2010-12-03,2010-12-06,DHL,5.88,Delivered
537012,2010-12-05,2010-12-08,Royal Mail,2.37,Delivered
537013,2010-12-04,2010-12-11,Royal Mail,5.11,Delivered
537014,2010-12-05,2010-12-06,UPS,7.66,Delivered
537015,2010-12-04,2010-12-10,FedEx,5.62,Delivered
537016,2010-12-03,2010-12-08,Royal Mail,8.42,Delivered
537017,2010-12-05,2010-12-10,DHL,6.54,Delivered
537018,2010-12-05,2010-12-12,DHL,3.97,Delivered
537019,2010-12-03,2010-12-04,DHL,4.95,Delivered
537020,2010-12-03,2010-12-10,Royal Mail,6.23,Delivered
537021,2010-12-03,2010-12-10,UPS,2.49,Delivered
537022,2010-12-05,2010-12-09,Hermes,5.58,Delivered
537023,2010-12-05,2010-12-11,Hermes,2.64,Delivered
537025,2010-12-04,2010-12-06,UPS,9.77,Delivered
C537024,2010-12-03,2010-12-07,UPS,2.58,Delivered
537026,2010-12-05,2010-12-06,FedEx,2.38,Delivered
537027,2010-12-05,2010-12-06,FedEx,4.46,Delivered
537028,2010-12-04,2010-12-11,FedEx,5.13,Delivered
537029,2010-12-03,2010-12-09,Royal Mail,3.22,Delivered
537030,2010-12-04,2010-12-09,Hermes,3.43,Delivered
537031,2010-12-05,2010-12-06,UPS,7.19,Delivered
537032,2010-12-03,2010-12-06,Hermes,3.59,Delivered
537034,2010-12-04,2010-12-09,DHL,7.11,Delivered
537035,2010-12-04,2010-12-10,Royal Mail,4.43,Delivered
537036,2010-12-05,2010-12-11,DHL,8.04,Delivered
537037,2010-12-06,2010-12-11,Hermes,5.76,Delivered
537038,2010-12-07,2010-12-09,FedEx,3.86,Delivered
C537039,2010-12-06,2010-12-13,FedEx,6.17,Delivered
537040,2010-12-07,2010-12-12,Royal Mail,5.7,Delivered
537041,2010-12-05,2010-12-08,Royal Mail,2.2,Delivered
537042,2010-12-07,2010-12-13,UPS,4.32,Delivered
C537043,2010-12-07,2010-12-12,DHL,8.13,Delivered
537044,2010-12-06,2010-12-07,Hermes,2.7,Delivered
537045,2010-12-06,2010-12-12,UPS,1.18,Delivered
537046,2010-12-05,2010-12-10,Royal Mail,4.29,Delivered
537047,2010-12-06,2010-12-13,DHL,6.81,Delivered
537048,2010-12-07,2010-12-13,Hermes,7.48,Delivered
537049,2010-12-07,2010-12-10,Royal Mail,6.65,Delivered
537050,2010-12-06,2010-12-09,DHL,6.74,Delivered
537051,2010-12-06,2010-12-08,DHL,4.45,Delivered
537052,2010-12-05,2010-12-07,Royal Mail,4.0,Delivered
537053,2010-12-07,2010-12-14,Hermes,8.38,Delivered
537054,2010-12-07,2010-12-12,Royal Mail,2.85,Delivered
537055,2010-12-07,2010-12-09,Hermes,1.52,Delivered
537057,2010-12-06,2010-12-08,DHL,6.29,Delivered
537058,2010-12-07,2010-12-14,DHL,7.79,Delivered
537059,2010-12-07,2010-12-11,Royal Mail,2.45,Delivered
537065,2010-12-05,2010-12-09,Hermes,6.6,Delivered
537067,2010-12-06,2010-12-13,UPS,5.15,Delivered
537077,2010-12-06,2010-12-13,DHL,6.47,Delivered
537081,2010-12-06,2010-12-12,Hermes,7.22,Delivered
537086,2010-12-06,2010-12-13,UPS,4.78,Delivered
537090,2010-12-07,2010-12-12,UPS,8.6,Delivered
537111,2010-12-07,2010-12-09,FedEx,4.22,Delivered
537117,2010-12-05,2010-12-11,UPS,6.79,Delivered
537126,2010-12-05,2010-12-11,Hermes,3.19,Delivered
537127,2010-12-05,2010-12-08,Royal Mail,5.13,Delivered
537128,2010-12-07,2010-12-09,UPS,3.41,Delivered
537129,2010-12-05,2010-12-07,UPS,8.46,Delivered
537130,2010-12-06,2010-12-07,UPS,1.94,Delivered
537131,2010-12-07,2010-12-10,DHL,4.38,Delivered
537133,2010-12-05,2010-12-06,FedEx,5.54,Delivered
C537132,2010-12-05,2010-12-12,FedEx,5.28,Delivered
537134,2010-12-06,2010-12-13,UPS,3.95,Delivered
537135,2010-12-07,2010-12-14,DHL,5.12,Delivered
537136,2010-12-07,2010-12-08,Royal Mail,2.75,Delivered
537137,2010-12-05,2010-12-08,DHL,6.28,Delivered
537138,2010-12-07,2010-12-12,Hermes,2.83,Delivered
537139,2010-12-06,2010-12-07,FedEx,5.08,Delivered
537140,2010-12-05,2010-12-09,Hermes,6.02,Delivered
537141,2010-12-06,2010-12-07,Royal Mail,6.22,Delivered
537142,2010-12-07,2010-12-08,Hermes,2.99,Delivered
C537143,2010-12-07,2010-12-09,DHL,4.97,Delivered
537144,2010-12-06,2010-12-08,Hermes,5.11,Delivered
537153,2010-12-06,2010-12-08,Royal Mail,3.13,Delivered
537154,2010-12-07,2010-12-12,Hermes,4.72,Delivered
537155,2010-12-07,2010-12-12,Royal Mail,3.26,Delivered
537156,2010-12-07,2010-12-11,FedEx,6.43,Delivered
C537157,2010-12-06,2010-12-12,Royal Mail,4.53,Delivered
537158,2010-12-05,2010-12-11,Royal Mail,5.59,Delivered
537159,2010-12-07,2010-12-13,FedEx,6.25,Delivered
537160,2010-12-06,2010-12-13,DHL,6.39,Delivered
537163,2010-12-07,2010-12-11,UPS,2.53,Delivered
C537164,2010-12-05,2010-12-11,UPS,2.31,Delivered
537176,2010-12-05,2010-12-08,DHL,6.28,Delivered
537179,2010-12-05,2010-12-08,FedEx,5.36,Delivered
537192,2010-12-07,2010-12-11,Hermes,4.46,Delivered
537193,2010-12-07,2010-12-09,FedEx,5.09,Delivered
537194,2010-12-06,2010-12-13,Royal Mail,6.19,Delivered
537195,2010-12-05,2010-12-12,FedEx,3.66,Delivered
537196,2010-12-06,2010-12-10,UPS,6.56,Delivered
537197,2010-12-05,2010-12-09,UPS,3.78,Delivered
537198,2010-12-06,2010-12-13,Hermes,4.91,Delivered
537199,2010-12-06,2010-12-07,UPS,5.83,Delivered
537200,2010-12-07,2010-12-14,DHL,3.31,Delivered
537201,2010-12-05,2010-12-08,FedEx,4.5,Delivered
537202,2010-12-06,2010-12-10,Hermes,4.76,Delivered
C537203,2010-12-06,2010-12-09,UPS,3.82,Delivered
537204,2010-12-05,2010-12-11,FedEx,3.4,Delivered
537205,2010-12-07,2010-12-14,Royal Mail,3.59,Delivered
537206,2010-12-05,2010-12-11,UPS,2.65,Delivered
537207,2010-12-07,2010-12-09,Royal Mail,7.72,Delivered
537208,2010-12-05,2010-12-12,Hermes,4.06,Delivered
537209,2010-12-05,2010-12-06,DHL,3.07,Delivered
537210,2010-12-07,2010-12-10,FedEx,3.08,Delivered
537211,2010-12-07,2010-12-09,UPS,6.74,Delivered
537212,2010-12-06,2010-12-09,UPS,5.21,Delivered
537213,2010-12-07,2010-12-10,UPS,2.4,Delivered
537214,2010-12-06,2010-12-12,FedEx,5.0,Delivered
537215,2010-12-07,2010-12-09,UPS,5.98,Delivered
537216,2010-12-07,2010-12-11,Hermes,7.55,Delivered
537217,2010-12-07,2010-12-11,DHL,7.33,Delivered
537218,2010-12-07,2010-12-10,UPS,5.33,Delivered
537219,2010-12-05,2010-12-09,DHL,6.03,Delivered
537220,2010-12-07,2010-12-11,Royal Mail,6.94,Delivered
537221,2010-12-06,2010-12-12,FedEx,0.14,Delivered
537222,2010-12-07,2010-12-08,Hermes,0.93,Delivered
537223,2010-12-05,2010-12-11,DHL,3.9,Delivered
537224,2010-12-06,2010-12-11,DHL,5.97,Delivered
537225,2010-12-05,2010-12-07,UPS,5.93,Delivered
537226,2010-12-06,2010-12-09,Hermes,2.98,Delivered
537227,2010-12-08,2010-12-10,Hermes,4.02,Delivered
537228,2010-12-06,2010-12-07,FedEx,2.45,Delivered
537229,2010-12-07,2010-12-12,UPS,6.9,Delivered
537230,2010-12-07,2010-12-14,Hermes,9.79,Delivered
537231,2010-12-08,2010-12-09,UPS,7.4,Delivered
C537232,2010-12-07,2010-12-13,Hermes,2.7,Delivered
537233,2010-12-08,2010-12-14,Hermes,8.4,Delivered
C537234,2010-12-06,2010-12-13,DHL,0.99,Delivered
537235,2010-12-06,2010-12-13,Royal Mail,6.81,Delivered
537236,2010-12-08,2010-12-10,FedEx,5.9,Delivered
537237,2010-12-08,2010-12-10,FedEx,6.52,Delivered
537238,2010-12-08,2010-12-11,Royal Mail,4.99,Delivered
537239,2010-12-08,2010-12-11,DHL,7.84,Delivered
537240,2010-12-08,2010-12-11,Hermes,2.69,Delivered
537241,2010-12-06,2010-12-11,Hermes,4.51,Delivered
537242,2010-12-06,2010-12-08,Hermes,4.5,Delivered
537243,2010-12-08,2010-12-09,Royal Mail,2.32,Delivered
537244,2010-12-06,2010-12-07,Hermes,4.87,Delivered
537245,2010-12-08,2010-12-12,Hermes,6.37,Delivered
537246,2010-12-08,2010-12-09,UPS,6.93,Delivered
537247,2010-12-08,2010-12-11,UPS,3.39,Delivered
537248,2010-12-06,2010-12-13,UPS,4.77,Delivered
537249,2010-12-06,2010-12-08,UPS,5.74,Delivered
537250,2010-12-07,2010-12-11,UPS,5.78,Delivered
C537251,2010-12-07,2010-12-14,FedEx,7.62,Delivered
537252,2010-12-08,2010-12-15,FedEx,6.05,Delivered
537253,2010-12-07,2010-12-12,Hermes,4.84,Delivered
537254,2010-12-06,2010-12-09,DHL,3.46,Delivered
537255,2010-12-06,2010-12-08,Royal Mail,5.33,Delivered
537256,2010-12-06,2010-12-09,UPS,6.37,Delivered
537257,2010-12-06,2010-12-13,FedEx,3.43,Delivered
537258,2010-12-08,2010-12-14,FedEx,5.43,Delivered
537262,2010-12-08,2010-12-12,UPS,6.1,Delivered
537265,2010-12-07,2010-12-11,Royal Mail,6.69,Delivered
537298,2010-12-07,2010-12-09,DHL,6.07,Delivered
537301,2010-12-08,2010-12-11,Royal Mail,7.22,Delivered
537312,2010-12-08,2010-12-14,UPS,5.73,Delivered
537313,2010-12-07,2010-12-12,Royal Mail,6.22,Delivered
C537314,2010-12-07,2010-12-13,FedEx,3.26,Delivered
C537320,2010-12-07,2010-12-10,Royal Mail,2.89,Delivered
537332,2010-12-06,2010-12-09,Hermes,6.52,Delivered
C537333,2010-12-07,2010-12-08,UPS,1.6,Delivered
537334,2010-12-07,2010-12-14,Hermes,4.91,Delivered
537335,2010-12-08,2010-12-13,Royal Mail,5.62,Delivered
537346,2010-12-07,2010-12-14,FedEx,5.65,Delivered
537350,2010-12-08,2010-12-11,DHL,5.75,Delivered
537351,2010-12-08,2010-12-09,Royal Mail,7.26,Delivered
537354,2010-12-06,2010-12-08,FedEx,5.81,Delivered
537359,2010-12-06,2010-12-11,Hermes,2.72,Delivered
537360,2010-12-06,2010-12-09,Hermes,4.17,Delivered
537361,2010-12-08,2010-12-14,FedEx,6.82,Delivered
537362,2010-12-08,2010-12-11,Hermes,6.16,Delivered
537363,2010-12-08,2010-12-13,FedEx,2.83,Delivered
537364,2010-12-07,2010-12-14,Royal Mail,2.97,Delivered
537365,2010-12-07,2010-12-12,FedEx,7.2,Delivered
537366,2010-12-08,2010-12-15,Royal Mail,3.71,Delivered
537367,2010-12-08,2010-12-15,Hermes,4.1,Delivered
537368,2010-12-08,2010-12-10,Royal Mail,3.94,Delivered
537369,2010-12-08,2010-12-14,Hermes,4.39,Delivered
537370,2010-12-07,2010-12-09,DHL,9.77,Delivered
537371,2010-12-06,2010-12-08,Royal Mail,5.96,Delivered
537372,2010-12-07,2010-12-10,UPS,6.78,Delivered
537374,2010-12-07,2010-12-12,Hermes,7.49,Delivered
537375,2010-12-07,2010-12-14,Royal Mail,4.34,Delivered
C537373,2010-12-08,2010-12-11,UPS,2.67,Delivered
537376,2010-12-08,2010-12-12,FedEx,7.14,Delivered
537377,2010-12-08,2010-12-11,Hermes,4.4,Delivered
537378,2010-12-07,2010-12-13,FedEx,3.99,Delivered
537380,2010-12-06,2010-12-09,Hermes,4.17,Delivered
C537379,2010-12-07,2010-12-09,FedEx,5.41,Delivered
537381,2010-12-08,2010-12-14,UPS,1.9,Delivered
537382,2010-12-07,2010-12-11,FedEx,0.66,Delivered
C537383,2010-12-08,2010-12-11,FedEx,3.27,Delivered
537384,2010-12-06,2010-12-11,Hermes,0.93,Delivered
537385,2010-12-07,2010-12-14,DHL,8.84,Delivered
537386,2010-12-07,2010-12-08,FedEx,5.78,Delivered
537387,2010-12-07,2010-12-13,FedEx,4.78,Delivered
537388,2010-12-08,2010-12-12,DHL,5.74,Delivered
537389,2010-12-08,2010-12-14,FedEx,7.38,Delivered
537390,2010-12-06,2010-12-07,Hermes,4.92,Delivered
537391,2010-12-06,2010-12-12,Hermes,3.52,Delivered
537392,2010-12-06,2010-12-12,DHL,6.95,Delivered
537393,2010-12-08,2010-12-12,Royal Mail,5.67,Delivered
537394,2010-12-08,2010-12-15,DHL,7.53,Delivered
537395,2010-12-06,2010-12-10,UPS,5.08,Delivered
537396,2010-12-07,2010-12-13,DHL,5.06,Delivered
537397,2010-12-07,2010-12-13,Royal Mail,3.36,Delivered
C537398,2010-12-06,2010-12-12,Hermes,5.37,Delivered
537399,2010-12-06,2010-12-08,UPS,8.26,Delivered
537400,2010-12-06,2010-12-07,UPS,5.3,Delivered
537401,2010-12-08,2010-12-15,FedEx,3.75,Delivered
537403,2010-12-06,2010-12-07,FedEx,4.13,Delivered
C537402,2010-12-07,2010-12-10,UPS,4.61,Delivered
537404,2010-12-08,2010-12-13,Hermes,0.28,Delivered
537405,2010-12-08,2010-12-12,FedEx,5.18,Delivered
C537406,2010-12-06,2010-12-13,Royal Mail,3.43,Delivered
537407,2010-12-08,2010-12-11,DHL,7.83,Delivered
C537408,2010-12-06,2010-12-12,FedEx,5.66,Delivered
537409,2010-12-06,2010-12-08,Hermes,2.49,Delivered
537410,2010-12-08,2010-12-12,UPS,4.15,Delivered
537411,2010-12-08,2010-12-09,DHL,4.92,Delivered
537412,2010-12-06,2010-12-10,FedEx,5.22,Delivered
C537413,2010-12-07,2010-12-09,UPS,4.91,Delivered
537415,2010-12-07,2010-12-10,FedEx,2.73,Delivered
C537414,2010-12-07,2010-12-13,FedEx,3.71,Delivered
C537416,2010-12-08,2010-12-10,Royal Mail,3.89,Delivered
C537417,2010-12-06,2010-12-10,Hermes,3.05,Delivered
537418,2010-12-08,2010-12-15,FedEx,3.95,Delivered
537419,2010-12-07,2010-12-10,Hermes,2.34,Delivered
537420,2010-12-06,2010-12-08,DHL,2.82,Delivered
537421,2010-12-08,2010-12-11,UPS,5.3,Delivered
537422,2010-12-08,2010-12-13,UPS,5.17,Delivered
537423,2010-12-06,2010-12-13,DHL,1.4,Delivered
537424,2010-12-08,2010-12-15,Hermes,5.58,Delivered
537425,2010-12-07,2010-12-12,FedEx,4.41,Delivered
537426,2010-12-06,2010-12-11,Royal Mail,7.33,Delivered
537427,2010-12-08,2010-12-10,Hermes,5.95,Delivered
537428,2010-12-08,2010-12-10,DHL,3.86,Delivered
537429,2010-12-06,2010-12-12,DHL,7.14,Delivered
537430,2010-12-08,2010-12-13,UPS,7.01,Delivered
537432,2010-12-06,2010-12-10,DHL,6.29,Delivered
C537431,2010-12-08,2010-12-12,UPS,2.65,Delivered
537433,2010-12-08,2010-12-15,FedEx,4.0,Delivered
537434,2010-12-08,2010-12-09,UPS,5.0,Delivered
537435,2010-12-06,2010-12-11,Royal Mail,5.16,Delivered
537436,2010-12-06,2010-12-10,FedEx,4.23,Delivered
537437,2010-12-06,2010-12-07,UPS,2.62,Delivered
537438,2010-12-06,2010-12-09,UPS,5.46,Delivered
537439,2010-12-08,2010-12-14,UPS,5.98,Delivered
537440,2010-12-07,2010-12-11,UPS,7.97,Delivered
537441,2010-12-07,2010-12-08,Hermes,1.82,Delivered
537442,2010-12-06,2010-12-12,FedEx,9.62,Delivered
C537444,2010-12-08,2010-12-13,DHL,9.26,Delivered
C537445,2010-12-09,2010-12-11,Royal Mail,5.22,Delivered
537446,2010-12-08,2010-12-14,Hermes,0.0,Delivered
537447,2010-12-08,2010-12-13,UPS,5.67,Delivered
537448,2010-12-08,2010-12-10,FedEx,3.65,Delivered
537449,2010-12-07,2010-12-13,Royal Mail,7.88,Delivered
537450,2010-12-09,2010-12-16,Royal Mail,5.59,Delivered
537451,2010-12-07,2010-12-09,Royal Mail,5.42,Delivered
537452,2010-12-09,2010-12-15,Royal Mail,5.31,Delivered
537453,2010-12-07,2010-12-13,Royal Mail,3.81,Delivered
537454,2010-12-07,2010-12-14,Royal Mail,5.84,Delivered
537455,2010-12-07,2010-12-12,FedEx,5.44,Delivered
537456,2010-12-09,2010-12-12,Hermes,9.43,Delivered
537457,2010-12-09,2010-12-16,FedEx,5.34,Delivered
537458,2010-12-09,2010-12-14,DHL,9.07,Delivered
537459,2010-12-08,2010-12-11,FedEx,9.52,Delivered
537460,2010-12-09,2010-12-11,UPS,6.82,Delivered
537461,2010-12-09,2010-12-13,Royal Mail,9.69,Delivered
537462,2010-12-09,2010-12-13,Hermes,4.17,Delivered
537463,2010-12-08,2010-12-14,UPS,3.58,Delivered
537464,2010-12-07,2010-12-14,Hermes,5.92,Delivered
537465,2010-12-08,2010-12-10,DHL,4.02,Delivered
537466,2010-12-08,2010-12-09,Hermes,7.98,Delivered
537467,2010-12-08,2010-12-12,Hermes,3.05,Delivered
537468,2010-12-08,2010-12-10,FedEx,4.63,Delivered
537469,2010-12-09,2010-12-10,UPS,5.5,Delivered
537470,2010-12-09,2010-12-16,DHL,4.28,Delivered
537471,2010-12-07,2010-12-10,UPS,3.75,Delivered
537472,2010-12-07,2010-12-09,Hermes,2.59,Delivered
537476,2010-12-09,2010-12-15,Hermes,5.28,Delivered
537484,2010-12-08,2010-12-11,Royal Mail,6.34,Delivered
537489,2010-12-07,2010-12-09,Royal Mail,4.93,Delivered
537509,2010-12-07,2010-12-13,Hermes,1.65,Delivered
537523,2010-12-09,2010-12-11,UPS,7.18,Delivered
C537530,2010-12-08,2010-12-12,UPS,3.71,Delivered
537534,2010-12-09,2010-12-15,FedEx,4.32,Delivered
537538,2010-12-08,2010-12-12,Royal Mail,6.76,Delivered
537567,2010-12-09,2010-12-13,FedEx,6.65,Delivered
C537572,2010-12-08,2010-12-09,Hermes,4.01,Delivered
C537581,2010-12-07,2010-12-13,DHL,7.53,Delivered
537592,2010-12-09,2010-12-14,UPS,5.26,Delivered
537593,2010-12-08,2010-12-10,DHL,4.06,Delivered
537594,2010-12-07,2010-12-11,Hermes,6.71,Delivered
537595,2010-12-09,2010-12-15,FedEx,4.83,Delivered
C537596,2010-12-09,2010-12-15,UPS,8.71,Delivered
C537597,2010-12-08,2010-12-10,FedEx,6.55,Delivered
537598,2010-12-08,2010-12-10,Hermes,7.79,Delivered
537599,2010-12-09,2010-12-10,Hermes,8.79,Delivered
C537600,2010-12-09,2010-12-10,Royal Mail,5.82,Delivered
537601,2010-12-08,2010-12-10,DHL,6.04,Delivered
C537602,2010-12-07,2010-12-12,UPS,5.47,Delivered
537603,2010-12-08,2010-12-09,Hermes,1.98,Delivered
537604,2010-12-08,2010-12-14,UPS,1.45,Delivered
537605,2010-12-07,2010-12-08,Hermes,4.71,Delivered
537606,2010-12-09,2010-12-15,FedEx,4.9,Delivered
537607,2010-12-09,2010-12-12,Royal Mail,1.91,Delivered
537608,2010-12-08,2010-12-15,DHL,4.96,Delivered
537609,2010-12-07,2010-12-08,Hermes,5.77,Delivered
C537610,2010-12-09,2010-12-12,FedEx,6.05,Delivered
C537611,2010-12-08,2010-12-15,UPS,9.45,Delivered
537612,2010-12-08,2010-12-13,DHL,7.41,Delivered
C537613,2010-12-09,2010-12-11,FedEx,3.44,Delivered
537614,2010-12-09,2010-12-16,Royal Mail,1.45,Delivered
537615,2010-12-07,2010-12-11,UPS,3.37,Delivered
537616,2010-12-09,2010-12-10,DHL,6.59,Delivered
537617,2010-12-07,2010-12-11,UPS,3.9,Delivered
537618,2010-12-07,2010-12-12,Royal Mail,3.58,Delivered
537619,2010-12-07,2010-12-09,Hermes,4.39,Delivered
537620,2010-12-07,2010-12-13,FedEx,5.09,Delivered
537621,2010-12-09,2010-12-14,Royal Mail,6.67,Delivered
537622,2010-12-07,2010-12-09,Hermes,8.52,Delivered
537623,2010-12-07,2010-12-14,UPS,6.52,Delivered
537624,2010-12-09,2010-12-11,Hermes,4.27,Delivered
537625,2010-12-08,2010-12-14,Hermes,3.35,Delivered
537626,2010-12-07,2010-12-14,Royal Mail,7.92,Delivered
537627,2010-12-09,2010-12-15,FedEx,7.02,Delivered
537628,2010-12-07,2010-12-10,Hermes,5.71,Delivered
537629,2010-12-09,2010-12-14,UPS,6.74,Delivered
537631,2010-12-09,2010-12-12,UPS,4.66,Delivered
C537630,2010-12-08,2010-12-10,FedEx,3.17,Delivered
537632,2010-12-07,2010-12-13,Hermes,4.37,Delivered
537633,2010-12-09,2010-12-13,Royal Mail,5.23,Delivered
537634,2010-12-07,2010-12-13,Royal Mail,3.34,Delivered
537635,2010-12-07,2010-12-10,DHL,2.45,Delivered
537636,2010-12-07,2010-12-13,UPS,7.4,Delivered
537637,2010-12-08,2010-12-11,Royal Mail,9.02,Delivered
537638,2010-12-08,2010-12-11,FedEx,7.6,Delivered
537639,2010-12-07,2010-12-09,Royal Mail,5.84,Delivered
537640,2010-12-09,2010-12-14,UPS,7.02,Delivered
537641,2010-12-07,2010-12-08,Royal Mail,4.46,Delivered
537642,2010-12-09,2010-12-16,FedEx,5.7,Delivered
537643,2010-12-08,2010-12-09,FedEx,2.02,Delivered
537645,2010-12-09,2010-12-14,DHL,6.79,Delivered
C537644,2010-12-09,2010-12-14,DHL,4.52,Delivered
537646,2010-12-08,2010-12-11,FedEx,3.88,Delivered
C537647,2010-12-08,2010-12-10,Royal Mail,5.8,Delivered
537648,2010-12-08,2010-12-12,Royal Mail,6.39,Delivered
537649,2010-12-08,2010-12-11,DHL,4.57,Delivered
537650,2010-12-09,2010-12-11,UPS,2.7,Delivered
C537651,2010-12-07,2010-12-09,FedEx,7.01,Delivered
C537652,2010-12-09,2010-12-13,FedEx,5.09,Delivered
537653,2010-12-08,2010-12-11,UPS,6.58,Delivered
537654,2010-12-09,2010-12-11,FedEx,1.37,Delivered
537655,2010-12-08,2010-12-13,DHL,3.76,Delivered
C537656,2010-12-08,2010-12-11,FedEx,5.16,Delivered
537657,2010-12-09,2010-12-15,UPS,8.42,Delivered
537658,2010-12-08,2010-12-12,FedEx,4.3,Delivered
537659,2010-12-08,2010-12-11,Royal Mail,6.22,Delivered
537664,2010-12-09,2010-12-11,Hermes,4.45,Delivered
537665,2010-12-07,2010-12-13,UPS,6.28,Delivered
537666,2010-12-08,2010-12-15,Royal Mail,4.52,Delivered
537667,2010-12-09,2010-12-15,UPS,6.09,Delivered
537668,2010-12-09,2010-12-15,DHL,6.3,Delivered
537669,2010-12-10,2010-12-14,UPS,10.47,Delivered
537670,2010-12-09,2010-12-14,UPS,7.74,Delivered
537671,2010-12-10,2010-12-15,UPS,1.59,Delivered
537672,2010-12-09,2010-12-15,Hermes,4.04,Delivered
537673,2010-12-10,2010-12-16,Royal Mail,6.17,Delivered
537674,2010-12-10,2010-12-13,DHL,5.96,Delivered
537675,2010-12-10,2010-12-15,Royal Mail,2.35,Delivered
537676,2010-12-10,2010-12-14,FedEx,3.89,Delivered
C537677,2010-12-09,2010-12-10,Royal Mail,6.15,Delivered
537678,2010-12-10,2010-12-15,Hermes,5.82,Delivered
537679,2010-12-10,2010-12-16,Hermes,5.35,Delivered
537680,2010-12-09,2010-12-16,Hermes,6.9,Delivered
537681,2010-12-10,2010-12-15,DHL,4.75,Delivered
537682,2010-12-08,2010-12-11,UPS,5.37,Delivered
537683,2010-12-08,2010-12-09,DHL,3.94,Delivered
C537684,2010-12-08,2010-12-13,UPS,6.49,Delivered
537685,2010-12-09,2010-12-13,Royal Mail,2.14,Delivered
537686,2010-12-09,2010-12-10,FedEx,6.17,Delivered
537687,2010-12-08,2010-12-15,Royal Mail,6.82,Delivered
537688,2010-12-08,2010-12-14,DHL,5.26,Delivered
537689,2010-12-10,2010-12-12,Hermes,5.54,Delivered
537690,2010-12-10,2010-12-14,UPS,6.05,Delivered
537691,2010-12-08,2010-12-15,UPS,4.12,Delivered
537692,2010-12-10,2010-12-14,UPS,4.06,Delivered
537693,2010-12-08,2010-12-14,Hermes,6.62,Delivered
537694,2010-12-09,2010-12-13,Royal Mail,3.54,Delivered
537698,2010-12-10,2010-12-12,DHL,4.45,Delivered
537700,2010-12-08,2010-12-13,Royal Mail,8.07,Delivered
537707,2010-12-10,2010-12-12,FedEx,3.98,Delivered
537738,2010-12-09,2010-12-15,UPS,6.96,Delivered
537743,2010-12-10,2010-12-16,FedEx,2.75,Delivered
C537746,2010-12-10,2010-12-11,FedEx,3.43,Delivered
537751,2010-12-09,2010-12-16,UPS,2.29,Delivered
537754,2010-12-10,2010-12-17,FedEx,2.53,Delivered
537755,2010-12-10,2010-12-15,Royal Mail,4.19,Delivered
C537756,2010-12-08,2010-12-11,Royal Mail,3.47,Delivered
537757,2010-12-08,2010-12-11,DHL,2.92,Delivered
537758,2010-12-08,2010-12-13,UPS,4.86,Delivered
537759,2010-12-09,2010-12-11,UPS,2.97,Delivered
537760,2010-12-10,2010-12-12,Hermes,2.69,Delivered
537761,2010-12-08,2010-12-12,FedEx,6.11,Delivered
537762,2010-12-09,2010-12-14,Royal Mail,6.34,Delivered
C537763,2010-12-09,2010-12-10,UPS,7.4,Delivered
537764,2010-12-10,2010-12-15,UPS,7.78,Delivered
537765,2010-12-09,2010-12-15,UPS,1.7,Delivered
537766,2010-12-09,2010-12-11,Royal Mail,6.94,Delivered
537767,2010-12-10,2010-12-11,DHL,4.58,Delivered
537768,2010-12-10,2010-12-13,DHL,6.55,Delivered
537769,2010-12-09,2010-12-14,UPS,4.07,Delivered
537770,2010-12-08,2010-12-11,Hermes,4.7,Delivered
537771,2010-12-09,2010-12-14,Royal Mail,5.14,Delivered
537772,2010-12-08,2010-12-12,Royal Mail,2.85,Delivered
537773,2010-12-10,2010-12-17,DHL,2.75,Delivered
537774,2010-12-09,2010-12-12,FedEx,12.29,Delivered
537775,2010-12-08,2010-12-12,Royal Mail,5.24,Delivered
537780,2010-12-10,2010-12-15,FedEx,3.55,Delivered
537781,2010-12-10,2010-12-15,UPS,5.55,Delivered
537789,2010-12-08,2010-12-15,DHL,5.95,Delivered
C537788,2010-12-08,2010-12-13,FedEx,2.36,Delivered
537791,2010-12-08,2010-12-11,FedEx,4.46,Delivered
537792,2010-12-09,2010-12-14,FedEx,7.3,Delivered
537793,2010-12-10,2010-12-17,Royal Mail,4.29,Delivered
537794,2010-12-08,2010-12-15,UPS,10.46,Delivered
537795,2010-12-10,2010-12-12,DHL,1.94,Delivered
537796,2010-12-08,2010-12-10,FedEx,6.6,Delivered
537799,2010-12-10,2010-12-14,UPS,2.02,Delivered
C537797,2010-12-08,2010-12-13,FedEx,3.65,Delivered
C537798,2010-12-08,2010-12-14,Royal Mail,3.6,Delivered
537800,2010-12-09,2010-12-14,FedEx,3.61,Delivered
537801,2010-12-09,2010-12-13,FedEx,1.15,Delivered
537802,2010-12-10,2010-12-11,Royal Mail,4.74,Delivered
537803,2010-12-10,2010-12-16,FedEx,2.8,Delivered
537804,2010-12-08,2010-12-15,Hermes,0.8,Delivered
C537805,2010-12-08,2010-12-12,FedEx,8.15,Delivered
537806,2010-12-09,2010-12-16,FedEx,3.62,Delivered
537808,2010-12-10,2010-12-17,UPS,7.24,Delivered
C537807,2010-12-09,2010-12-15,Royal Mail,7.69,Delivered
537809,2010-12-09,2010-12-10,Royal Mail,5.8,Delivered
537810,2010-12-08,2010-12-12,UPS,10.04,Delivered
537811,2010-12-08,2010-12-14,DHL,5.02,Delivered
C537812,2010-12-10,2010-12-13,DHL,7.88,Delivered
537813,2010-12-08,2010-12-14,FedEx,2.1,Delivered
C537814,2010-12-09,2010-12-10,FedEx,3.52,Delivered
537815,2010-12-08,2010-12-12,FedEx,2.51,Delivered
537816,2010-12-10,2010-12-16,DHL,4.21,Delivered
537817,2010-12-08,2010-12-09,DHL,5.38,Delivered
537818,2010-12-09,2010-12-10,DHL,2.99,Delivered
537819,2010-12-09,2010-12-10,Royal Mail,3.66,Delivered
C537820,2010-12-10,2010-12-13,Royal Mail,7.09,Delivered
C537821,2010-12-08,2010-12-12,Royal Mail,4.84,Delivered
537822,2010-12-08,2010-12-12,Royal Mail,4.89,Delivered
537823,2010-12-09,2010-12-12,FedEx,4.08,Delivered
C537824,2010-12-08,2010-12-12,DHL,3.11,Delivered
537825,2010-12-08,2010-12-13,Hermes,2.66,Delivered
537826,2010-12-08,2010-12-13,DHL,2.02,Delivered
537827,2010-12-10,2010-12-16,DHL,6.18,Delivered
537828,2010-12-09,2010-12-14,UPS,5.54,Delivered
537829,2010-12-08,2010-12-10,Royal Mail,4.34,Delivered
537830,2010-12-10,2010-12-16,UPS,3.74,Delivered
537831,2010-12-08,2010-12-10,FedEx,6.7,Delivered
C537832,2010-12-10,2010-12-11,DHL,2.44,Delivered
537833,2010-12-10,2010-12-13,Royal Mail,4.11,Delivered
C537834,2010-12-10,2010-12-13,DHL,2.63,Delivered
C537835,2010-12-10,2010-12-14,FedEx,4.73,Delivered
537836,2010-12-10,2010-12-11,DHL,4.02,Delivered
537837,2010-12-09,2010-12-15,Hermes,5.03,Delivered
C537838,2010-12-08,2010-12-13,Royal Mail,9.65,Delivered
537839,2010-12-08,2010-12-12,Hermes,4.62,Delivered
537840,2010-12-09,2010-12-12,Hermes,3.61,Delivered
537841,2010-12-08,2010-12-09,Hermes,1.9,Delivered
537842,2010-12-08,2010-12-09,FedEx,5.97,Delivered
537843,2010-12-09,2010-12-14,FedEx,9.42,Delivered
537844,2010-12-10,2010-12-16,Hermes,5.23,Delivered
537845,2010-12-09,2010-12-10,Hermes,2.91,Delivered
537846,2010-12-10,2010-12-15,DHL,4.7,Delivered
537847,2010-12-10,2010-12-12,DHL,6.7,Delivered
537848,2010-12-10,2010-12-13,UPS,2.09,Delivered
537849,2010-12-10,2010-12-16,Royal Mail,3.25,Delivered
537850,2010-12-09,2010-12-15,UPS,4.51,Delivered
537851,2010-12-08,2010-12-10,Royal Mail,1.16,Delivered
537852,2010-12-09,2010-12-10,UPS,4.49,Delivered
C537853,2010-12-10,2010-12-16,DHL,4.56,Delivered
537854,2010-12-08,2010-12-09,DHL,4.64,Delivered
537855,2010-12-09,2010-12-14,Hermes,3.86,Delivered
C537856,2010-12-10,2010-12-13,DHL,2.69,Delivered
C537857,2010-12-09,2010-12-15,Royal Mail,7.4,Delivered
537858,2010-12-08,2010-12-11,UPS,4.9,Delivered
537859,2010-12-10,2010-12-15,Royal Mail,5.72,Delivered
C537860,2010-12-09,2010-12-13,Hermes,3.5,Delivered
537861,2010-12-10,2010-12-12,FedEx,6.81,Delivered
537862,2010-12-08,2010-12-11,Royal Mail,7.36,Delivered
537863,2010-12-08,2010-12-10,Hermes,3.15,Delivered
537864,2010-12-08,2010-12-09,Royal Mail,5.08,Delivered
537865,2010-12-09,2010-12-11,DHL,7.26,Delivered
537866,2010-12-08,2010-12-13,UPS,5.24,Delivered
537867,2010-12-10,2010-12-13,FedEx,6.49,Delivered
537868,2010-12-08,2010-12-13,FedEx,7.19,Delivered
537870,2010-12-08,2010-12-10,DHL,7.04,Delivered
537871,2010-12-10,2010-12-11,UPS,7.03,Delivered
537872,2010-12-09,2010-12-16,FedEx,5.94,Delivered
537873,2010-12-09,2010-12-10,Hermes,3.15,Delivered
537874,2010-12-09,2010-12-14,FedEx,5.52,Delivered
537875,2010-12-10,2010-12-15,DHL,2.39,Delivered
537876,2010-12-09,2010-12-16,DHL,5.6,Delivered
537877,2010-12-10,2010-12-15,DHL,7.72,Delivered
537878,2010-12-08,2010-12-10,Hermes,8.77,Delivered
537879,2010-12-10,2010-12-16,Royal Mail,5.1,Delivered
537880,2010-12-11,2010-12-15,FedEx,4.97,Delivered
537881,2010-12-09,2010-12-11,Hermes,7.08,Delivered
537882,2010-12-09,2010-12-11,FedEx,4.78,Delivered
537883,2010-12-09,2010-12-10,DHL,6.94,Delivered
537884,2010-12-11,2010-12-14,UPS,3.54,Delivered
537885,2010-12-11,2010-12-12,Hermes,5.88,Delivered
537886,2010-12-10,2010-12-11,Hermes,5.61,Delivered
537887,2010-12-11,2010-12-12,UPS,4.45,Delivered
537888,2010-12-10,2010-12-13,FedEx,4.1,Delivered
537889,2010-12-10,2010-12-16,FedEx,4.34,Delivered
537890,2010-12-09,2010-12-11,DHL,6.45,Delivered
537891,2010-12-11,2010-12-12,DHL,6.72,Delivered
537892,2010-12-10,2010-12-14,Royal Mail,6.35,Delivered
C537893,2010-12-11,2010-12-14,DHL,2.87,Delivered
537894,2010-12-09,2010-12-10,DHL,5.66,Delivered
537895,2010-12-11,2010-12-14,Hermes,8.68,Delivered
537896,2010-12-10,2010-12-12,Royal Mail,5.95,Delivered
537897,2010-12-11,2010-12-13,FedEx,4.5,Delivered
537898,2010-12-10,2010-12-13,DHL,5.38,Delivered
537899,2010-12-09,2010-12-13,UPS,2.63,Delivered
537900,2010-12-09,2010-12-13,Royal Mail,4.13,Delivered
537901,2010-12-09,2010-12-10,Royal Mail,8.23,Delivered
537915,2010-12-09,2010-12-11,DHL,6.32,Delivered
537955,2010-12-10,2010-12-13,Royal Mail,3.65,Delivered
537963,2010-12-09,2010-12-10,Royal Mail,4.23,Delivered
537967,2010-12-09,2010-12-15,UPS,5.32,Delivered
537981,2010-12-10,2010-12-11,Royal Mail,4.18,Delivered
537995,2010-12-10,2010-12-11,DHL,6.89,Delivered
C537998,2010-12-11,2010-12-15,UPS,4.02,Delivered
537999,2010-12-09,2010-12-13,UPS,5.65,Delivered
538000,2010-12-09,2010-12-12,FedEx,6.23,Delivered
538001,2010-12-10,2010-12-12,Royal Mail,2.91,Delivered
538002,2010-12-11,2010-12-14,UPS,3.18,Delivered
538003,2010-12-10,2010-12-15,UPS,6.5,Delivered
538004,2010-12-09,2010-12-13,DHL,5.61,Delivered
538005,2010-12-11,2010-12-18,Hermes,5.03,Delivered
538006,2010-12-11,2010-12-18,Royal Mail,11.41,Delivered
538007,2010-12-10,2010-12-17,FedEx,1.54,Delivered
538008,2010-12-10,2010-12-15,Hermes,5.44,Delivered
538009,2010-12-10,2010-12-14,FedEx,5.75,Delivered
538010,2010-12-09,2010-12-10,FedEx,6.59,Delivered
538011,2010-12-09,2010-12-16,UPS,1.65,Delivered
538012,2010-12-09,2010-12-11,Royal Mail,4.37,Delivered
538013,2010-12-09,2010-12-15,DHL,4.62,Delivered
538014,2010-12-11,2010-12-12,DHL,8.66,Delivered
538015,2010-12-11,2010-12-18,UPS,2.66,Delivered
538032,2010-12-09,2010-12-11,DHL,8.02,Delivered
538035,2010-12-11,2010-12-14,FedEx,5.41,Delivered
538036,2010-12-11,2010-12-14,Hermes,4.75,Delivered
538037,2010-12-11,2010-12-13,Hermes,8.61,Delivered
538038,2010-12-10,2010-12-15,FedEx,3.79,Delivered
538039,2010-12-09,2010-12-13,Royal Mail,6.23,Delivered
538040,2010-12-09,2010-12-10,Hermes,5.78,Delivered
538041,2010-12-10,2010-12-11,FedEx,6.17,Delivered
538042,2010-12-09,2010-12-12,DHL,4.34,Delivered
538043,2010-12-10,2010-12-11,Royal Mail,6.87,Delivered
538044,2010-12-09,2010-12-16,Royal Mail,7.5,Delivered
538045,2010-12-11,2010-12-18,FedEx,6.88,Delivered
538046,2010-12-11,2010-12-15,Hermes,4.53,Delivered
538047,2010-12-09,2010-12-12,FedEx,2.6,Delivered
538048,2010-12-11,2010-12-15,UPS,9.9,Delivered
538049,2010-12-11,2010-12-14,DHL,4.32,Delivered
538050,2010-12-11,2010-12-18,FedEx,2.52,Delivered
538051,2010-12-09,2010-12-15,Hermes,5.77,Delivered
C538052,2010-12-11,2010-12-17,FedEx,3.21,Delivered
538053,2010-12-09,2010-12-11,Royal Mail,9.62,Delivered
538054,2010-12-10,2010-12-17,Hermes,3.46,Delivered
538055,2010-12-09,2010-12-11,Hermes,3.49,Delivered
538056,2010-12-11,2010-12-13,Hermes,8.31,Delivered
538057,2010-12-09,2010-12-13,DHL,4.61,Delivered
538058,2010-12-10,2010-12-13,DHL,5.7,Delivered
C538059,2010-12-11,2010-12-12,FedEx,3.52,Delivered
538060,2010-12-09,2010-12-15,Royal Mail,5.52,Delivered
538061,2010-12-10,2010-12-13,Royal Mail,4.88,Delivered
C538062,2010-12-10,2010-12-16,UPS,4.38,Delivered
538063,2010-12-09,2010-12-13,UPS,6.37,Delivered
538064,2010-12-10,2010-12-11,UPS,3.74,Delivered
538065,2010-12-11,2010-12-17,DHL,5.41,Delivered
C538066,2010-12-09,2010-12-12,Royal Mail,5.67,Delivered
538067,2010-12-10,2010-12-13,Royal Mail,6.09,Delivered
538068,2010-12-10,2010-12-12,Royal Mail,5.55,Delivered
538069,2010-12-11,2010-12-12,FedEx,2.71,Delivered
538070,2010-12-10,2010-12-16,Royal Mail,3.46,Delivered
538071,2010-12-10,2010-12-16,DHL,3.33,Delivered
538072,2010-12-09,2010-12-10,FedEx,3.67,Delivered
538073,2010-12-09,2010-12-11,UPS,3.96,Delivered
538074,2010-12-11,2010-12-16,FedEx,1.97,Delivered
C538075,2010-12-11,2010-12-14,FedEx,5.05,Delivered
538076,2010-12-11,2010-12-16,UPS,5.64,Delivered
538077,2010-12-09,2010-12-10,FedEx,5.86,Delivered
538078,2010-12-11,2010-12-17,Hermes,5.02,Delivered
538079,2010-12-10,2010-12-12,Royal Mail,6.21,Delivered
538080,2010-12-10,2010-12-11,UPS,5.2,Delivered
C538081,2010-12-09,2010-12-12,UPS,0.83,Delivered
C538082,2010-12-10,2010-12-11,Hermes,5.77,Delivered
C538083,2010-12-10,2010-12-12,FedEx,6.44,Delivered
C538084,2010-12-10,2010-12-11,FedEx,3.73,Delivered
C538085,2010-12-10,2010-12-14,FedEx,5.24,Delivered
538086,2010-12-09,2010-12-11,Royal Mail,6.56,Delivered
538087,2010-12-09,2010-12-15,FedEx,5.74,Delivered
C538088,2010-12-11,2010-12-13,Hermes,3.07,Delivered
C538089,2010-12-09,2010-12-16,UPS,5.87,Delivered
538090,2010-12-11,2010-12-17,UPS,3.11,Delivered
C538091,2010-12-11,2010-12-13,UPS,4.39,Delivered
538092,2010-12-11,2010-12-12,Hermes,6.91,Delivered
538093,2010-12-11,2010-12-16,Hermes,3.78,Delivered
538094,2010-12-09,2010-12-16,UPS,2.5,Delivered
538095,2010-12-09,2010-12-11,DHL,5.37,Delivered
538096,2010-12-10,2010-12-11,UPS,4.03,Delivered
538097,2010-12-09,2010-12-16,DHL,5.78,Delivered
C538098,2010-12-11,2010-12-18,Royal Mail,3.67,Delivered
C538099,2010-12-09,2010-12-13,Hermes,3.58,Delivered
C538100,2010-12-10,2010-12-15,UPS,6.07,Delivered
538101,2010-12-09,2010-12-16,Hermes,2.03,Delivered
C538102,2010-12-09,2010-12-13,DHL,3.18,Delivered
C538103,2010-12-09,2010-12-14,Hermes,0.51,Delivered
538104,2010-12-09,2010-12-10,Hermes,2.43,Delivered
C538105,2010-12-09,2010-12-16,FedEx,7.77,Delivered
538106,2010-12-10,2010-12-13,UPS,1.95,Delivered
538107,2010-12-11,2010-12-15,Hermes,4.57,Delivered
538108,2010-12-10,2010-12-14,DHL,4.65,Delivered
C538109,2010-12-11,2010-12-16,UPS,9.07,Delivered
C538110,2010-12-10,2010-12-16,DHL,6.01,Delivered
C538111,2010-12-09,2010-12-15,UPS,8.75,Delivered
C538112,2010-12-09,2010-12-12,FedEx,2.97,Delivered
538113,2010-12-10,2010-12-13,UPS,6.91,Delivered
C538114,2010-12-09,2010-12-11,FedEx,2.64,Delivered
C538115,2010-12-11,2010-12-15,FedEx,4.75,Delivered
538116,2010-12-11,2010-12-12,DHL,7.06,Delivered
538117,2010-12-10,2010-12-12,UPS,4.81,Delivered
C538118,2010-12-10,2010-12-17,Royal Mail,1.63,Delivered
C538119,2010-12-11,2010-12-18,DHL,7.88,Delivered
538120,2010-12-10,2010-12-12,Hermes,6.26,Delivered
C538121,2010-12-11,2010-12-12,DHL,6.33,Delivered
C538122,2010-12-09,2010-12-11,Royal Mail,8.54,Delivered
C538123,2010-12-10,2010-12-11,FedEx,4.55,Delivered
C538124,2010-12-10,2010-12-15,UPS,3.46,Delivered
538125,2010-12-11,2010-12-12,Royal Mail,5.12,Delivered
538126,2010-12-10,2010-12-12,UPS,7.31,Delivered
538127,2010-12-11,2010-12-16,FedEx,2.87,Delivered
538128,2010-12-10,2010-12-16,Royal Mail,8.16,Delivered
538129,2010-12-10,2010-12-11,UPS,8.73,Delivered
538130,2010-12-09,2010-12-16,DHL,6.2,Delivered
538131,2010-12-11,2010-12-13,DHL,4.75,Delivered
538132,2010-12-09,2010-12-16,Royal Mail,7.04,Delivered
538133,2010-12-10,2010-12-12,DHL,4.79,Delivered
538134,2010-12-10,2010-12-15,FedEx,4.85,Delivered
538135,2010-12-11,2010-12-17,FedEx,3.27,Delivered
538136,2010-12-10,2010-12-14,FedEx,5.9,Delivered
538137,2010-12-09,2010-12-13,FedEx,3.35,Delivered
538138,2010-12-10,2010-12-15,Royal Mail,1.65,Delivered
538139,2010-12-09,2010-12-14,FedEx,2.51,Delivered
538140,2010-12-10,2010-12-13,Royal Mail,3.99,Delivered
538141,2010-12-10,2010-12-11,FedEx,7.85,Delivered
538142,2010-12-10,2010-12-13,FedEx,4.79,Delivered
538143,2010-12-09,2010-12-11,Hermes,5.42,Delivered
538144,2010-12-11,2010-12-15,FedEx,0.73,Delivered
538145,2010-12-11,2010-12-13,Royal Mail,1.13,Delivered
538146,2010-12-10,2010-12-14,UPS,0.0,Delivered
538147,2010-12-10,2010-12-16,Royal Mail,0.0,Delivered
538148,2010-12-09,2010-12-12,DHL,1.77,Delivered
538149,2010-12-11,2010-12-16,UPS,7.49,Delivered
538151,2010-12-11,2010-12-14,DHL,3.35,Delivered
538153,2010-12-11,2010-12-16,DHL,4.39,Delivered
538154,2010-12-11,2010-12-14,Hermes,7.17,Delivered
538155,2010-12-09,2010-12-15,FedEx,4.2,Delivered
538156,2010-12-09,2010-12-15,FedEx,3.83,Delivered
538157,2010-12-10,2010-12-17,FedEx,3.16,Delivered
538158,2010-12-10,2010-12-17,Royal Mail,6.92,Delivered
538159,2010-12-10,2010-12-11,Hermes,2.56,Delivered
538160,2010-12-10,2010-12-12,Hermes,3.65,Delivered
538161,2010-12-09,2010-12-16,UPS,2.97,Delivered
538162,2010-12-09,2010-12-11,DHL,4.62,Delivered
538163,2010-12-10,2010-12-14,Hermes,9.59,Delivered
C538164,2010-12-09,2010-12-12,DHL,1.34,Delivered
538165,2010-12-09,2010-12-13,FedEx,4.15,Delivered
538166,2010-12-11,2010-12-12,Royal Mail,4.08,Delivered
538167,2010-12-10,2010-12-13,DHL,5.09,Delivered
538168,2010-12-09,2010-12-13,Royal Mail,3.79,Delivered
538169,2010-12-09,2010-12-14,UPS,3.64,Delivered
538170,2010-12-10,2010-12-14,Royal Mail,3.49,Delivered
538171,2010-12-09,2010-12-14,DHL,4.41,Delivered
538172,2010-12-11,2010-12-18,Hermes,0.14,Delivered
538173,2010-12-10,2010-12-11,Royal Mail,3.94,Delivered
538174,2010-12-12,2010-12-15,FedEx,3.92,Delivered
538175,2010-12-10,2010-12-11,UPS,3.29,Delivered
538176,2010-12-10,2010-12-17,Royal Mail,4.96,Delivered
538177,2010-12-11,2010-12-14,UPS,4.63,Delivered
538178,2010-12-11,2010-12-15,DHL,2.33,Delivered
538179,2010-12-11,2010-12-15,FedEx,5.0,Delivered
538180,2010-12-11,2010-12-12,DHL,3.8,Delivered
538181,2010-12-10,2010-12-16,DHL,5.1,Delivered
538182,2010-12-12,2010-12-14,Royal Mail,5.41,Delivered
538183,2010-12-11,2010-12-17,Royal Mail,2.98,Delivered
538184,2010-12-12,2010-12-17,Royal Mail,7.02,Delivered
538185,2010-12-12,2010-12-13,Royal Mail,4.77,Delivered
538186,2010-12-12,2010-12-13,UPS,4.67,Delivered
538187,2010-12-11,2010-12-15,Royal Mail,2.83,Delivered
538188,2010-12-10,2010-12-12,Royal Mail,4.34,Delivered
C538189,2010-12-11,2010-12-15,Royal Mail,4.17,Delivered
538190,2010-12-12,2010-12-18,DHL,3.65,Delivered
538191,2010-12-11,2010-12-18,Royal Mail,2.23,Delivered
538192,2010-12-11,2010-12-12,Royal Mail,4.8,Delivered
538193,2010-12-11,2010-12-13,Hermes,5.49,Delivered
538194,2010-12-12,2010-12-14,FedEx,6.49,Delivered
538195,2010-12-12,2010-12-16,FedEx,6.35,Delivered
538196,2010-12-10,2010-12-16,UPS,7.13,Delivered
538197,2010-12-11,2010-12-13,Royal Mail,5.86,Delivered
538198,2010-12-10,2010-12-17,Hermes,5.07,Delivered
538199,2010-12-12,2010-12-16,DHL,8.3,Delivered
538200,2010-12-10,2010-12-16,Royal Mail,3.91,Delivered
538201,2010-12-11,2010-12-17,DHL,0.0,Delivered
538202,2010-12-11,2010-12-15,Royal Mail,6.48,Delivered
538203,2010-12-10,2010-12-17,DHL,7.75,Delivered
538204,2010-12-11,2010-12-18,FedEx,2.22,Delivered
538205,2010-12-11,2010-12-17,Royal Mail,7.79,Delivered
538206,2010-12-10,2010-12-11,DHL,6.89,Delivered
538207,2010-12-12,2010-12-18,DHL,2.99,Delivered
538208,2010-12-12,2010-12-15,Royal Mail,8.73,Delivered
538209,2010-12-11,2010-12-18,FedEx,5.83,Delivered
538210,2010-12-11,2010-12-14,UPS,6.85,Delivered
538211,2010-12-12,2010-12-19,UPS,5.89,Delivered
538216,2010-12-10,2010-12-11,DHL,2.25,Delivered
538240,2010-12-12,2010-12-18,Royal Mail,8.83,Delivered
538241,2010-12-10,2010-12-14,Hermes,4.55,Delivered
538247,2010-12-11,2010-12-18,Hermes,4.45,Delivered
538248,2010-12-11,2010-12-18,FedEx,3.86,Delivered
538249,2010-12-12,2010-12-13,DHL,2.7,Delivered
538250,2010-12-11,2010-12-15,Royal Mail,5.25,Delivered
538252,2010-12-10,2010-12-13,FedEx,9.02,Delivered
538255,2010-12-12,2010-12-19,Hermes,5.31,Delivered
538260,2010-12-12,2010-12-17,DHL,7.95,Delivered
538263,2010-12-11,2010-12-16,Hermes,4.59,Delivered
538268,2010-12-12,2010-12-18,Hermes,7.43,Delivered
538279,2010-12-10,2010-12-14,FedEx,6.66,Delivered
538280,2010-12-12,2010-12-18,UPS,7.23,Delivered
538283,2010-12-12,2010-12-13,Royal Mail,8.01,Delivered
538288,2010-12-12,2010-12-14,Hermes,7.27,Delivered
538296,2010-12-10,2010-12-11,UPS,1.82,Delivered
538306,2010-12-11,2010-12-13,FedEx,5.63,Delivered
538307,2010-12-10,2010-12-15,UPS,4.88,Delivered
538308,2010-12-11,2010-12-18,DHL,6.91,Delivered
538309,2010-12-12,2010-12-16,Royal Mail,6.03,Delivered
538310,2010-12-11,2010-12-15,FedEx,6.72,Delivered
538311,2010-12-12,2010-12-13,Royal Mail,6.59,Delivered
538312,2010-12-11,2010-12-15,Royal Mail,4.97,Delivered
538313,2010-12-10,2010-12-17,Hermes,4.99,Delivered
C538314,2010-12-12,2010-12-18,FedEx,6.98,Delivered
538327,2010-12-12,2010-12-18,UPS,3.36,Delivered
C538341,2010-12-11,2010-12-14,Royal Mail,6.57,Delivered
538342,2010-12-11,2010-12-16,Hermes,1.48,Delivered
538343,2010-12-12,2010-12-16,FedEx,4.79,Delivered
C538344,2010-12-12,2010-12-14,Royal Mail,4.04,Delivered
538345,2010-12-11,2010-12-14,FedEx,3.15,Delivered
538346,2010-12-10,2010-12-11,DHL,4.43,Delivered
538347,2010-12-11,2010-12-13,UPS,7.15,Delivered
538348,2010-12-10,2010-12-11,UPS,6.71,Delivered
538349,2010-12-10,2010-12-14,DHL,4.8,Delivered
C538350,2010-12-11,2010-12-12,Hermes,4.07,Delivered
538351,2010-12-10,2010-12-17,UPS,2.43,Delivered
538352,2010-12-12,2010-12-14,UPS,5.71,Delivered
538353,2010-12-10,2010-12-15,Royal Mail,2.99,Delivered
538354,2010-12-12,2010-12-16,Hermes,4.3,Delivered
538355,2010-12-10,2010-12-16,Hermes,6.7,Delivered
538356,2010-12-10,2010-12-14,Hermes,8.26,Delivered
C538357,2010-12-12,2010-12-15,Hermes,6.53,Delivered
538358,2010-12-12,2010-12-18,DHL,3.59,Delivered
538359,2010-12-11,2010-12-15,FedEx,7.16,Delivered
538360,2010-12-10,2010-12-12,UPS,4.6,Delivered
538361,2010-12-12,2010-12-18,Hermes,4.06,Delivered
C538362,2010-12-11,2010-12-17,Hermes,7.96,Delivered
538363,2010-12-12,2010-12-14,DHL,5.79,Delivered
538364,2010-12-12,2010-12-15,DHL,8.07,Delivered
538365,2010-12-14,2010-12-20,DHL,1.92,Delivered
538366,2010-12-13,2010-12-19,Royal Mail,4.92,Delivered
538367,2010-12-13,2010-12-18,UPS,0.85,Delivered
538368,2010-12-14,2010-12-18,Hermes,2.62,Delivered
538369,2010-12-13,2010-12-20,UPS,5.87,Delivered
538370,2010-12-12,2010-12-16,DHL,2.73,Delivered
538371,2010-12-12,2010-12-18,Royal Mail,6.03,Delivered
C538372,2010-12-12,2010-12-15,FedEx,8.17,Delivered
C538373,2010-12-12,2010-12-19,Royal Mail,4.39,Delivered
538374,2010-12-14,2010-12-15,FedEx,3.44,Delivered
C538375,2010-12-13,2010-12-14,Hermes,7.22,Delivered
C538376,2010-12-12,2010-12-18,Hermes,2.58,Delivered
C538377,2010-12-13,2010-12-15,Hermes,5.77,Delivered
538378,2010-12-13,2010-12-19,Royal Mail,1.5,Delivered
538379,2010-12-13,2010-12-17,UPS,10.26,Delivered
538382,2010-12-13,2010-12-18,Royal Mail,3.53,Delivered
538397,2010-12-12,2010-12-18,FedEx,6.17,Delivered
538403,2010-12-13,2010-12-20,DHL,8.86,Delivered
538409,2010-12-14,2010-12-20,FedEx,5.08,Delivered
538417,2010-12-14,2010-12-16,DHL,2.49,Delivered
538418,2010-12-13,2010-12-17,DHL,5.78,Delivered
538419,2010-12-12,2010-12-18,Hermes,4.92,Delivered
538420,2010-12-12,2010-12-16,Royal Mail,2.7,Delivered
538421,2010-12-12,2010-12-14,Hermes,6.11,Delivered
538437,2010-12-13,2010-12-14,FedEx,0.4,Delivered
538449,2010-12-12,2010-12-14,FedEx,5.99,Delivered
538453,2010-12-14,2010-12-15,Hermes,5.94,Delivered
C538463,2010-12-14,2010-12-19,FedEx,3.59,Delivered
538470,2010-12-12,2010-12-19,FedEx,0.05,Delivered
538473,2010-12-14,2010-12-15,Hermes,4.2,Delivered
538488,2010-12-12,2010-12-16,Hermes,4.15,Delivered
538497,2010-12-12,2010-12-14,FedEx,4.8,Delivered
538499,2010-12-13,2010-12-16,FedEx,5.66,Delivered
538501,2010-12-14,2010-12-18,Hermes,8.28,Delivered
C538500,2010-12-14,2010-12-15,Royal Mail,3.94,Delivered
538503,2010-12-14,2010-12-19,Hermes,3.1,Delivered
538504,2010-12-12,2010-12-13,FedEx,2.38,Delivered
538507,2010-12-12,2010-12-16,FedEx,7.42,Delivered
538508,2010-12-14,2010-12-20,FedEx,7.38,Delivered
538509,2010-12-13,2010-12-18,Hermes,5.37,Delivered
538510,2010-12-13,2010-12-17,Royal Mail,4.16,Delivered
538511,2010-12-13,2010-12-18,Royal Mail,7.78,Delivered
538512,2010-12-12,2010-12-14,Hermes,2.25,Delivered
538513,2010-12-12,2010-12-18,DHL,4.42,Delivered
538514,2010-12-14,2010-12-18,Royal Mail,6.04,Delivered
538515,2010-12-14,2010-12-21,UPS,8.61,Delivered
538516,2010-12-14,2010-12-21,Royal Mail,4.98,Delivered
538517,2010-12-13,2010-12-19,FedEx,3.84,Delivered
538518,2010-12-12,2010-12-13,Royal Mail,8.35,Delivered
538519,2010-12-14,2010-12-15,Hermes,6.19,Delivered
538520,2010-12-12,2010-12-15,UPS,2.85,Delivered
538521,2010-12-14,2010-12-17,Royal Mail,6.82,Delivered
538522,2010-12-14,2010-12-20,Royal Mail,2.2,Delivered
538523,2010-12-15,2010-12-16,Hermes,4.38,Delivered
538524,2010-12-13,2010-12-19,Royal Mail,3.52,Delivered
538525,2010-12-14,2010-12-21,FedEx,6.84,Delivered
538526,2010-12-15,2010-12-16,FedEx,5.21,Delivered
538527,2010-12-14,2010-12-21,Royal Mail,2.86,Delivered
538528,2010-12-14,2010-12-16,Hermes,5.62,Delivered
538529,2010-12-15,2010-12-18,DHL,8.26,Delivered
C538530,2010-12-14,2010-12-20,FedEx,5.29,Delivered
538532,2010-12-15,2010-12-17,Royal Mail,4.92,Delivered
538533,2010-12-13,2010-12-14,Hermes,2.96,Delivered
C538531,2010-12-13,2010-12-16,DHL,3.58,Delivered
538534,2010-12-15,2010-12-21,FedEx,6.03,Delivered
538535,2010-12-15,2010-12-17,DHL,9.22,Delivered
C538536,2010-12-13,2010-12-15,Hermes,5.67,Delivered
538537,2010-12-13,2010-12-19,Hermes,3.87,Delivered
538541,2010-12-13,2010-12-20,Hermes,2.55,Delivered
538557,2010-12-14,2010-12-20,Royal Mail,5.61,Delivered
538558,2010-12-14,2010-12-15,DHL,4.65,Delivered
538565,2010-12-14,2010-12-17,DHL,2.72,Delivered
538566,2010-12-15,2010-12-21,DHL,7.25,Delivered
538567,2010-12-13,2010-12-16,UPS,6.63,Delivered
538576,2010-12-14,2010-12-17,Hermes,3.34,Delivered
538591,2010-12-13,2010-12-18,Hermes,2.41,Delivered
538592,2010-12-14,2010-12-21,FedEx,6.17,Delivered
538593,2010-12-14,2010-12-16,DHL,4.69,Delivered
538594,2010-12-15,2010-12-21,UPS,4.69,Delivered
C538595,2010-12-15,2010-12-21,FedEx,6.86,Delivered
538596,2010-12-14,2010-12-18,UPS,3.92,Delivered
538597,2010-12-15,2010-12-16,DHL,6.32,Delivered
538625,2010-12-15,2010-12-20,Royal Mail,7.16,Delivered
538626,2010-12-13,2010-12-18,DHL,1.68,Delivered
538627,2010-12-14,2010-12-20,Royal Mail,4.4,Delivered
C538628,2010-12-15,2010-12-21,Royal Mail,0.82,Delivered
538629,2010-12-15,2010-12-20,UPS,5.17,Delivered
538630,2010-12-13,2010-12-18,FedEx,3.63,Delivered
538631,2010-12-15,2010-12-20,UPS,4.36,Delivered
538633,2010-12-14,2010-12-16,Hermes,4.07,Delivered
538634,2010-12-15,2010-12-22,FedEx,6.57,Delivered
C538632,2010-12-13,2010-12-17,FedEx,6.76,Delivered
538635,2010-12-15,2010-12-16,DHL,7.09,Delivered
538636,2010-12-15,2010-12-21,DHL,2.04,Delivered
538637,2010-12-15,2010-12-17,UPS,6.4,Delivered
538638,2010-12-15,2010-12-21,DHL,7.18,Delivered
538639,2010-12-15,2010-12-21,UPS,5.53,Delivered
538640,2010-12-14,2010-12-16,Royal Mail,4.79,Delivered
538641,2010-12-14,2010-12-17,DHL,6.31,Delivered
C538642,2010-12-14,2010-12-18,UPS,5.36,Delivered
C538643,2010-12-14,2010-12-15,Royal Mail,6.76,Delivered
538644,2010-12-15,2010-12-20,FedEx,4.78,Delivered
538645,2010-12-15,2010-12-18,Hermes,3.81,Delivered
538646,2010-12-15,2010-12-19,FedEx,4.66,Delivered
538648,2010-12-15,2010-12-21,Royal Mail,3.07,Delivered
C538647,2010-12-13,2010-12-18,UPS,4.8,Delivered
538649,2010-12-14,2010-12-21,FedEx,2.71,Delivered
C538650,2010-12-15,2010-12-16,Hermes,5.19,Delivered
538651,2010-12-13,2010-12-17,DHL,5.3,Delivered
538652,2010-12-14,2010-12-16,DHL,7.39,Delivered
538653,2010-12-13,2010-12-15,FedEx,2.05,Delivered
538654,2010-12-15,2010-12-17,UPS,2.8,Delivered
538655,2010-12-14,2010-12-20,Royal Mail,2.73,Delivered
538656,2010-12-13,2010-12-18,DHL,5.26,Delivered
538657,2010-12-15,2010-12-22,UPS,5.59,Delivered
538658,2010-12-15,2010-12-20,DHL,5.08,Delivered
538659,2010-12-13,2010-12-19,Hermes,7.53,Delivered
538660,2010-12-13,2010-12-15,FedEx,5.64,Delivered
538661,2010-12-13,2010-12-18,UPS,2.91,Delivered
538662,2010-12-13,2010-12-19,FedEx,3.49,Delivered
538663,2010-12-13,2010-12-15,UPS,3.23,Delivered
538664,2010-12-14,2010-12-16,DHL,3.6,Delivered
538665,2010-12-14,2010-12-19,DHL,6.03,Delivered
538666,2010-12-13,2010-12-18,Hermes,1.44,Delivered
538667,2010-12-14,2010-12-16,FedEx,7.38,Delivered
538668,2010-12-13,2010-12-15,UPS,3.74,Delivered
538669,2010-12-14,2010-12-16,Royal Mail,7.42,Delivered
C538670,2010-12-15,2010-12-21,UPS,5.25,Delivered
538671,2010-12-13,2010-12-18,Royal Mail,6.9,Delivered
538678,2010-12-15,2010-12-16,Hermes,8.87,Delivered
538679,2010-12-15,2010-12-22,Royal Mail,7.45,Delivered
C538680,2010-12-15,2010-12-20,Royal Mail,6.62,Delivered
C538681,2010-12-15,2010-12-21,UPS,3.09,Delivered
C538682,2010-12-13,2010-12-19,Hermes,4.73,Delivered
538683,2010-12-14,2010-12-16,UPS,5.48,Delivered
C538684,2010-12-16,2010-12-23,Hermes,3.1,Delivered
538685,2010-12-14,2010-12-18,DHL,4.9,Delivered
C538686,2010-12-14,2010-12-17,Hermes,8.41,Delivered
538687,2010-12-16,2010-12-20,FedEx,6.18,Delivered
538688,2010-12-14,2010-12-19,Hermes,7.92,Delivered
538689,2010-12-14,2010-12-19,Royal Mail,4.04,Delivered
C538690,2010-12-15,2010-12-19,FedEx,5.96,Delivered
C538691,2010-12-14,2010-12-16,UPS,4.11,Delivered
C538692,2010-12-16,2010-12-20,Hermes,3.75,Delivered
C538693,2010-12-15,2010-12-20,FedEx,7.01,Delivered
C538694,2010-12-14,2010-12-18,Hermes,4.9,Delivered
C538695,2010-12-16,2010-12-20,DHL,3.26,Delivered
C538696,2010-12-15,2010-12-18,Hermes,6.85,Delivered
538697,2010-12-15,2010-12-22,UPS,4.65,Delivered
C538698,2010-12-16,2010-12-17,DHL,1.09,Delivered
C538699,2010-12-15,2010-12-22,DHL,6.93,Delivered
C538700,2010-12-15,2010-12-22,Hermes,6.4,Delivered
C538701,2010-12-16,2010-12-22,Royal Mail,7.75,Delivered
C538702,2010-12-14,2010-12-21,Royal Mail,9.38,Delivered
C538703,2010-12-14,2010-12-18,Hermes,4.33,Delivered
C538704,2010-12-14,2010-12-17,Royal Mail,5.29,Delivered
C538705,2010-12-16,2010-12-17,UPS,6.83,Delivered
538706,2010-12-16,2010-12-21,FedEx,4.15,Delivered
538707,2010-12-16,2010-12-21,Royal Mail,8.49,Delivered
538708,2010-12-16,2010-12-20,UPS,3.76,Delivered
538709,2010-12-14,2010-12-16,Hermes,4.88,Delivered
538710,2010-12-16,2010-12-21,Hermes,5.51,Delivered
C538711,2010-12-16,2010-12-18,Hermes,5.26,Delivered
C538712,2010-12-14,2010-12-20,Royal Mail,5.47,Delivered
C538713,2010-12-14,2010-12-15,FedEx,5.35,Delivered
538714,2010-12-15,2010-12-19,Hermes,3.17,Delivered
538715,2010-12-14,2010-12-19,Royal Mail,4.94,Delivered
538716,2010-12-14,2010-12-19,FedEx,4.25,Delivered
C538717,2010-12-16,2010-12-23,Hermes,6.59,Delivered
538719,2010-12-15,2010-12-17,Hermes,4.06,Delivered
C538718,2010-12-14,2010-12-18,UPS,3.61,Delivered
538721,2010-12-15,2010-12-20,Royal Mail,4.29,Delivered
C538720,2010-12-16,2010-12-17,Hermes,3.67,Delivered
538722,2010-12-16,2010-12-19,Hermes,9.66,Delivered
538724,2010-12-16,2010-12-19,UPS,7.52,Delivered
C538723,2010-12-14,2010-12-21,FedEx,4.46,Delivered
C538725,2010-12-15,2010-12-21,UPS,8.17,Delivered
C538726,2010-12-15,2010-12-16,FedEx,2.59,Delivered
C538734,2010-12-14,2010-12-18,DHL,4.36,Delivered
538744,2010-12-15,2010-12-19,FedEx,3.7,Delivered
C538742,2010-12-16,2010-12-21,Royal Mail,4.52,Delivered
C538745,2010-12-15,2010-12-16,UPS,3.51,Delivered
C538749,2010-12-16,2010-12-22,FedEx,9.11,Delivered
538753,2010-12-15,2010-12-18,FedEx,7.13,Delivered
C538755,2010-12-14,2010-12-19,FedEx,6.36,Delivered
C538763,2010-12-14,2010-12-18,DHL,8.02,Delivered
C538768,2010-12-14,2010-12-20,DHL,5.95,Delivered
C538771,2010-12-14,2010-12-21,DHL,4.02,Delivered
538778,2010-12-16,2010-12-19,DHL,5.18,Delivered
538783,2010-12-14,2010-12-20,UPS,4.01,Delivered
538785,2010-12-16,2010-12-17,Hermes,8.75,Delivered
C538794,2010-12-15,2010-12-20,FedEx,3.99,Delivered
538795,2010-12-15,2010-12-20,FedEx,0.0,Delivered
538796,2010-12-16,2010-12-19,UPS,5.33,Delivered
538797,2010-12-14,2010-12-21,Hermes,6.69,Delivered
C538798,2010-12-15,2010-12-19,Hermes,6.76,Delivered
538799,2010-12-14,2010-12-19,FedEx,2.61,Delivered
538800,2010-12-14,2010-12-18,Royal Mail,6.89,Delivered
538801,2010-12-16,2010-12-21,UPS,4.9,Delivered
C538802,2010-12-16,2010-12-18,UPS,5.24,Delivered
C538803,2010-12-16,2010-12-17,FedEx,2.43,Delivered
C538804,2010-12-14,2010-12-19,FedEx,8.04,Delivered
C538805,2010-12-14,2010-12-17,UPS,6.77,Delivered
C538806,2010-12-14,2010-12-18,UPS,4.53,Delivered
538807,2010-12-14,2010-12-18,FedEx,3.66,Delivered
538808,2010-12-15,2010-12-17,Hermes,6.52,Delivered
538809,2010-12-14,2010-12-19,DHL,6.25,Delivered
538810,2010-12-14,2010-12-19,UPS,2.06,Delivered
538811,2010-12-15,2010-12-17,DHL,6.01,Delivered
538812,2010-12-15,2010-12-22,Royal Mail,1.88,Delivered
C538813,2010-12-14,2010-12-18,UPS,7.81,Delivered
538814,2010-12-16,2010-12-21,Hermes,8.16,Delivered
538815,2010-12-16,2010-12-19,UPS,4.21,Delivered
538816,2010-12-16,2010-12-17,UPS,7.44,Delivered
538817,2010-12-14,2010-12-20,DHL,8.41,Delivered
538826,2010-12-15,2010-12-22,Royal Mail,6.35,Delivered
538827,2010-12-15,2010-12-21,FedEx,4.88,Delivered
538828,2010-12-16,2010-12-23,FedEx,6.89,Delivered
538829,2010-12-15,2010-12-16,UPS,7.91,Delivered
538830,2010-12-16,2010-12-18,Hermes,7.77,Delivered
538831,2010-12-16,2010-12-22,Hermes,6.59,Delivered
538832,2010-12-15,2010-12-18,Hermes,8.1,Delivered
C538833,2010-12-15,2010-12-22,UPS,6.51,Delivered
C538834,2010-12-15,2010-12-19,DHL,3.75,Delivered
538836,2010-12-14,2010-12-20,FedEx,2.57,Delivered
538837,2010-12-15,2010-12-22,Royal Mail,6.3,Delivered
538839,2010-12-14,2010-12-16,FedEx,5.24,Delivered
538841,2010-12-15,2010-12-21,FedEx,6.73,Delivered
538843,2010-12-16,2010-12-22,UPS,4.71,Delivered
538844,2010-12-15,2010-12-21,Hermes,7.15,Delivered
538845,2010-12-16,2010-12-20,UPS,6.95,Delivered
538846,2010-12-14,2010-12-20,DHL,8.41,Delivered
C538847,2010-12-16,2010-12-19,Royal Mail,5.49,Delivered
538848,2010-12-14,2010-12-15,UPS,6.95,Delivered
538849,2010-12-16,2010-12-17,Royal Mail,5.32,Delivered
538850,2010-12-14,2010-12-15,FedEx,2.58,Delivered
538851,2010-12-16,2010-12-18,Royal Mail,2.66,Delivered
538852,2010-12-15,2010-12-17,DHL,1.56,Delivered
538853,2010-12-16,2010-12-19,UPS,4.26,Delivered
538854,2010-12-14,2010-12-15,Royal Mail,4.24,Delivered
538855,2010-12-16,2010-12-19,FedEx,6.48,Delivered
538856,2010-12-16,2010-12-19,Hermes,3.31,Delivered
538857,2010-12-15,2010-12-17,Hermes,6.19,Delivered
538858,2010-12-16,2010-12-22,Hermes,7.42,Delivered
538859,2010-12-15,2010-12-20,Hermes,4.32,Delivered
538860,2010-12-16,2010-12-18,Royal Mail,6.72,Delivered
538861,2010-12-15,2010-12-18,FedEx,4.01,Delivered
538862,2010-12-14,2010-12-15,Hermes,5.61,Delivered
538863,2010-12-14,2010-12-17,FedEx,4.75,Delivered
538864,2010-12-15,2010-12-22,UPS,5.05,Delivered
538865,2010-12-15,2010-12-16,UPS,5.8,Delivered
538866,2010-12-14,2010-12-19,FedEx,2.43,Delivered
538867,2010-12-14,2010-12-18,Hermes,3.6,Delivered
538868,2010-12-16,2010-12-22,UPS,5.58,Delivered
538869,2010-12-15,2010-12-17,FedEx,7.46,Delivered
538870,2010-12-16,2010-12-23,Hermes,6.34,Delivered
538871,2010-12-16,2010-12-22,FedEx,4.29,Delivered
538872,2010-12-15,2010-12-19,DHL,8.22,Delivered
538873,2010-12-14,2010-12-16,DHL,4.3,Delivered
C538874,2010-12-16,2010-12-20,FedEx,7.76,Delivered
538875,2010-12-16,2010-12-21,UPS,5.15,Delivered
C538876,2010-12-14,2010-12-19,Royal Mail,5.37,Delivered
538877,2010-12-14,2010-12-15,FedEx,4.62,Delivered
538878,2010-12-16,2010-12-17,DHL,8.15,Delivered
538879,2010-12-14,2010-12-16,Royal Mail,3.17,Delivered
538880,2010-12-15,2010-12-22,UPS,5.07,Delivered
538881,2010-12-15,2010-12-19,Royal Mail,3.14,Delivered
538883,2010-12-14,2010-12-15,FedEx,8.37,Delivered
538884,2010-12-15,2010-12-16,Hermes,3.72,Delivered
C538882,2010-12-15,2010-12-22,UPS,5.24,Delivered
538885,2010-12-14,2010-12-15,DHL,0.93,Delivered
538886,2010-12-14,2010-12-20,Royal Mail,8.6,Delivered
C538887,2010-12-14,2010-12-18,Royal Mail,0.0,Delivered
538888,2010-12-15,2010-12-19,FedEx,4.25,Delivered
C538889,2010-12-15,2010-12-17,Royal Mail,4.92,Delivered
538890,2010-12-14,2010-12-17,UPS,2.48,Delivered
C538891,2010-12-16,2010-12-19,DHL,4.58,Delivered
538892,2010-12-16,2010-12-18,Royal Mail,5.5,Delivered
538894,2010-12-14,2010-12-20,UPS,4.45,Delivered
538895,2010-12-16,2010-12-21,Royal Mail,6.08,Delivered
538896,2010-12-16,2010-12-23,DHL,5.58,Delivered
C538897,2010-12-17,2010-12-21,Hermes,5.03,Delivered
C538898,2010-12-15,2010-12-18,Royal Mail,5.02,Delivered
538899,2010-12-17,2010-12-22,FedEx,7.35,Delivered
538900,2010-12-17,2010-12-18,Royal Mail,4.29,Delivered
538901,2010-12-17,2010-12-24,Royal Mail,5.91,Delivered
538902,2010-12-15,2010-12-19,DHL,3.96,Delivered
538903,2010-12-17,2010-12-24,FedEx,7.34,Delivered
C538904,2010-12-16,2010-12-22,DHL,6.93,Delivered
538905,2010-12-17,2010-12-19,FedEx,5.26,Delivered
538906,2010-12-15,2010-12-19,UPS,2.67,Delivered
538907,2010-12-16,2010-12-18,Hermes,4.09,Delivered
538908,2010-12-15,2010-12-20,FedEx,4.0,Delivered
538909,2010-12-17,2010-12-24,Hermes,7.01,Delivered
538910,2010-12-15,2010-12-16,Hermes,5.94,Delivered
538917,2010-12-16,2010-12-21,FedEx,6.39,Delivered
538935,2010-12-16,2010-12-17,Hermes,4.07,Delivered
538942,2010-12-15,2010-12-20,FedEx,5.88,Delivered
538943,2010-12-17,2010-12-19,FedEx,4.47,Delivered
538944,2010-12-17,2010-12-24,UPS,2.12,Delivered
538945,2010-12-15,2010-12-20,UPS,5.11,Delivered
538951,2010-12-16,2010-12-19,UPS,3.85,Delivered
538967,2010-12-17,2010-12-20,Royal Mail,7.41,Delivered
538968,2010-12-15,2010-12-22,DHL,6.67,Delivered
C538971,2010-12-15,2010-12-22,Royal Mail,5.68,Delivered
538991,2010-12-15,2010-12-16,Hermes,7.2,Delivered
538992,2010-12-17,2010-12-24,UPS,3.66,Delivered
538993,2010-12-17,2010-12-22,FedEx,2.95,Delivered
538994,2010-12-15,2010-12-18,DHL,4.4,Delivered
538995,2010-12-15,2010-12-21,UPS,4.53,Delivered
538996,2010-12-15,2010-12-19,Royal Mail,2.88,Delivered
C538997,2010-12-16,2010-12-23,FedEx,7.53,Delivered
538998,2010-12-17,2010-12-18,Hermes,4.94,Delivered
538999,2010-12-15,2010-12-22,FedEx,5.57,Delivered
539000,2010-12-15,2010-12-17,Hermes,7.63,Delivered
539001,2010-12-17,2010-12-21,DHL,6.84,Delivered
539002,2010-12-15,2010-12-20,DHL,0.61,Delivered
C539003,2010-12-17,2010-12-23,Hermes,2.93,Delivered
539004,2010-12-16,2010-12-22,Royal Mail,5.27,Delivered
539005,2010-12-17,2010-12-21,UPS,2.39,Delivered
539006,2010-12-15,2010-12-17,DHL,2.75,Delivered
539007,2010-12-17,2010-12-19,Hermes,4.27,Delivered
539008,2010-12-17,2010-12-21,FedEx,7.07,Delivered
539009,2010-12-16,2010-12-23,FedEx,3.55,Delivered
539010,2010-12-16,2010-12-23,UPS,5.81,Delivered
539011,2010-12-15,2010-12-20,Hermes,3.43,Delivered
539012,2010-12-15,2010-12-19,Hermes,6.37,Delivered
539013,2010-12-16,2010-12-20,UPS,4.31,Delivered
539014,2010-12-15,2010-12-21,Royal Mail,7.68,Delivered
539015,2010-12-17,2010-12-19,FedEx,4.71,Delivered
539016,2010-12-15,2010-12-18,DHL,5.38,Delivered
539017,2010-12-17,2010-12-24,FedEx,6.7,Delivered
539018,2010-12-17,2010-12-22,Hermes,2.65,Delivered
539019,2010-12-15,2010-12-16,UPS,3.88,Delivered
539030,2010-12-16,2010-12-18,DHL,4.61,Delivered
539032,2010-12-15,2010-12-17,FedEx,9.18,Delivered
C539031,2010-12-16,2010-12-17,Hermes,1.39,Delivered
539033,2010-12-17,2010-12-18,FedEx,7.63,Delivered
539034,2010-12-16,2010-12-18,UPS,6.4,Delivered
C539035,2010-12-17,2010-12-24,Royal Mail,2.28,Delivered
539036,2010-12-17,2010-12-23,FedEx,8.54,Delivered
539038,2010-12-16,2010-12-17,Royal Mail,5.85,Delivered
539039,2010-12-16,2010-12-19,UPS,1.52,Delivered
539040,2010-12-15,2010-12-21,Hermes,7.01,Delivered
539041,2010-12-15,2010-12-21,UPS,7.3,Delivered
539042,2010-12-16,2010-12-21,Hermes,5.81,Delivered
539043,2010-12-15,2010-12-18,Hermes,4.63,Delivered
539044,2010-12-17,2010-12-23,UPS,3.91,Delivered
539045,2010-12-16,2010-12-23,Hermes,4.23,Delivered
539046,2010-12-16,2010-12-19,UPS,4.6,Delivered
539047,2010-12-15,2010-12-17,FedEx,7.26,Delivered
539048,2010-12-15,2010-12-20,UPS,6.29,Delivered
539049,2010-12-16,2010-12-17,UPS,1.55,Delivered
539050,2010-12-15,2010-12-22,DHL,4.96,Delivered
539051,2010-12-16,2010-12-21,DHL,2.1,Delivered
539052,2010-12-15,2010-12-20,Hermes,5.22,Delivered
539053,2010-12-17,2010-12-22,DHL,5.08,Delivered
C539054,2010-12-16,2010-12-19,Hermes,6.57,Delivered
C539055,2010-12-15,2010-12-16,UPS,3.36,Delivered
539056,2010-12-16,2010-12-19,Hermes,5.86,Delivered
C539057,2010-12-17,2010-12-18,FedEx,5.9,Delivered
C539058,2010-12-16,2010-12-21,DHL,6.62,Delivered
C539059,2010-12-16,2010-12-17,DHL,5.6,Delivered
539064,2010-12-17,2010-12-24,Royal Mail,6.84,Delivered
C539063,2010-12-15,2010-12-21,Royal Mail,5.12,Delivered
C539065,2010-12-15,2010-12-22,FedEx,7.78,Delivered
C539066,2010-12-15,2010-12-18,Royal Mail,4.23,Delivered
C539067,2010-12-16,2010-12-18,Hermes,7.12,Delivered
C539068,2010-12-15,2010-12-17,Hermes,3.47,Delivered
C539069,2010-12-16,2010-12-21,DHL,4.77,Delivered
539070,2010-12-17,2010-12-23,Royal Mail,1.89,Delivered
C539071,2010-12-17,2010-12-18,FedEx,8.04,Delivered
C539072,2010-12-15,2010-12-16,FedEx,5.94,Delivered
C539073,2010-12-16,2010-12-17,UPS,7.94,Delivered
539074,2010-12-17,2010-12-18,Royal Mail,3.78,Delivered
539075,2010-12-17,2010-12-20,Royal Mail,6.02,Delivered
539076,2010-12-16,2010-12-19,UPS,5.23,Delivered
539077,2010-12-18,2010-12-19,FedEx,6.94,Delivered
539078,2010-12-17,2010-12-24,Hermes,3.74,Delivered
539079,2010-12-18,2010-12-22,Hermes,4.75,Delivered
539080,2010-12-18,2010-12-19,Royal Mail,5.04,Delivered
539081,2010-12-17,2010-12-21,UPS,7.46,Delivered
539082,2010-12-18,2010-12-20,Royal Mail,3.94,Delivered
539083,2010-12-18,2010-12-21,DHL,6.53,Delivered
539084,2010-12-18,2010-12-21,Royal Mail,2.11,Delivered
539085,2010-12-16,2010-12-21,FedEx,2.08,Delivered
539086,2010-12-16,2010-12-18,FedEx,7.34,Delivered
539087,2010-12-16,2010-12-22,UPS,3.24,Delivered
539088,2010-12-18,2010-12-24,Hermes,7.12,Delivered
539089,2010-12-17,2010-12-19,Hermes,2.82,Delivered
C539090,2010-12-16,2010-12-20,FedEx,6.51,Delivered
539091,2010-12-18,2010-12-20,DHL,4.04,Delivered
539092,2010-12-18,2010-12-20,Hermes,1.53,Delivered
539093,2010-12-16,2010-12-19,Hermes,4.08,Delivered
539094,2010-12-16,2010-12-20,DHL,3.57,Delivered
539095,2010-12-16,2010-12-19,Royal Mail,2.85,Delivered
539096,2010-12-18,2010-12-23,Royal Mail,6.54,Delivered
539098,2010-12-16,2010-12-22,Royal Mail,8.5,Delivered
C539097,2010-12-17,2010-12-21,UPS,3.91,Delivered
539099,2010-12-18,2010-12-24,FedEx,8.13,Delivered
C539100,2010-12-16,2010-12-23,DHL,6.0,Delivered
539101,2010-12-18,2010-12-23,FedEx,5.79,Delivered
539102,2010-12-18,2010-12-23,Hermes,5.17,Delivered
539103,2010-12-18,2010-12-19,FedEx,6.44,Delivered
C539104,2010-12-16,2010-12-22,UPS,7.58,Delivered
539105,2010-12-17,2010-12-23,FedEx,7.89,Delivered
539106,2010-12-16,2010-12-23,UPS,3.91,Delivered
539107,2010-12-16,2010-12-18,Royal Mail,5.06,Delivered
539108,2010-12-17,2010-12-24,Royal Mail,9.37,Delivered
539109,2010-12-16,2010-12-22,DHL,2.79,Delivered
C539110,2010-12-16,2010-12-17,DHL,10.23,Delivered
539111,2010-12-18,2010-12-22,FedEx,2.42,Delivered
539112,2010-12-17,2010-12-19,UPS,4.52,Delivered
539113,2010-12-18,2010-12-25,UPS,5.33,Delivered
C539114,2010-12-18,2010-12-21,UPS,2.48,Delivered
539118,2010-12-18,2010-12-23,Hermes,2.88,Delivered
539142,2010-12-18,2010-12-24,Royal Mail,2.83,Delivered
539143,2010-12-16,2010-12-18,Hermes,4.72,Delivered
539144,2010-12-18,2010-12-22,Royal Mail,2.75,Delivered
539160,2010-12-18,2010-12-19,DHL,4.15,Delivered
539181,2010-12-17,2010-12-21,UPS,7.58,Delivered
539185,2010-12-17,2010-12-21,DHL,2.71,Delivered
C539191,2010-12-17,2010-12-20,Hermes,7.67,Delivered
C539195,2010-12-16,2010-12-20,UPS,3.51,Delivered
539196,2010-12-16,2010-12-22,Hermes,7.63,Delivered
539201,2010-12-18,2010-12-23,DHL,7.27,Delivered
539211,2010-12-17,2010-12-21,FedEx,3.8,Delivered
539212,2010-12-18,2010-12-24,DHL,5.38,Delivered
539213,2010-12-17,2010-12-18,FedEx,3.7,Delivered
539214,2010-12-18,2010-12-25,DHL,7.58,Delivered
539215,2010-12-18,2010-12-24,Royal Mail,7.63,Delivered
539216,2010-12-18,2010-12-21,Royal Mail,6.7,Delivered
539217,2010-12-18,2010-12-24,UPS,4.21,Delivered
539218,2010-12-18,2010-12-20,UPS,0.0,Delivered
539219,2010-12-18,2010-12-22,Royal Mail,5.51,Delivered
539220,2010-12-18,2010-12-25,DHL,0.62,Delivered
C539221,2010-12-16,2010-12-23,DHL,6.36,Delivered
539222,2010-12-17,2010-12-20,FedEx,7.85,Delivered
539223,2010-12-18,2010-12-25,UPS,4.7,Delivered
C539224,2010-12-16,2010-12-18,Royal Mail,6.23,Delivered
539225,2010-12-18,2010-12-25,FedEx,7.34,Delivered
539226,2010-12-17,2010-12-22,Royal Mail,5.18,Delivered
539240,2010-12-18,2010-12-22,DHL,5.61,Delivered
539242,2010-12-17,2010-12-21,UPS,7.87,Delivered
539243,2010-12-16,2010-12-21,Hermes,9.13,Delivered
C539244,2010-12-17,2010-12-22,Hermes,5.17,Delivered
539245,2010-12-16,2010-12-17,DHL,6.74,Delivered
539246,2010-12-16,2010-12-18,Royal Mail,7.34,Delivered
539247,2010-12-18,2010-12-23,Hermes,3.65,Delivered
539248,2010-12-16,2010-12-17,UPS,9.29,Delivered
539249,2010-12-16,2010-12-18,FedEx,2.65,Delivered
539250,2010-12-18,2010-12-23,Hermes,3.03,Delivered
C539251,2010-12-16,2010-12-20,Hermes,4.66,Delivered
539252,2010-12-17,2010-12-20,FedEx,5.42,Delivered
C539253,2010-12-17,2010-12-24,Royal Mail,5.2,Delivered
539254,2010-12-16,2010-12-19,UPS,1.15,Delivered
539255,2010-12-16,2010-12-17,FedEx,4.01,Delivered
539256,2010-12-16,2010-12-22,DHL,6.82,Delivered
539257,2010-12-18,2010-12-19,Royal Mail,0.0,Delivered
C539258,2010-12-18,2010-12-19,UPS,2.58,Delivered
539259,2010-12-18,2010-12-24,Hermes,10.36,Delivered
C539260,2010-12-17,2010-12-21,Hermes,2.64,Delivered
539261,2010-12-17,2010-12-20,Hermes,2.51,Delivered
539262,2010-12-16,2010-12-21,Hermes,3.73,Delivered
539263,2010-12-17,2010-12-22,UPS,3.74,Delivered
539264,2010-12-18,2010-12-20,FedEx,5.06,Delivered
539265,2010-12-16,2010-12-17,Royal Mail,7.77,Delivered
539266,2010-12-16,2010-12-22,DHL,5.42,Delivered
539267,2010-12-18,2010-12-22,UPS,6.78,Delivered
539268,2010-12-18,2010-12-20,Royal Mail,5.52,Delivered
539269,2010-12-18,2010-12-20,FedEx,4.98,Delivered
C539270,2010-12-17,2010-12-22,Hermes,5.75,Delivered
C539271,2010-12-17,2010-12-24,Royal Mail,6.36,Delivered
539272,2010-12-17,2010-12-23,Hermes,6.18,Delivered
C539273,2010-12-18,2010-12-19,DHL,6.31,Delivered
C539274,2010-12-18,2010-12-22,UPS,8.56,Delivered
539275,2010-12-16,2010-12-22,DHL,2.21,Delivered
C539276,2010-12-18,2010-12-21,UPS,5.33,Delivered
C539277,2010-12-17,2010-12-23,Royal Mail,5.86,Delivered
C539278,2010-12-18,2010-12-24,FedEx,3.55,Delivered
539280,2010-12-18,2010-12-23,Royal Mail,5.79,Delivered
C539279,2010-12-17,2010-12-18,DHL,7.94,Delivered
539281,2010-12-17,2010-12-24,Royal Mail,3.97,Delivered
539282,2010-12-18,2010-12-25,DHL,6.64,Delivered
539283,2010-12-18,2010-12-23,UPS,5.38,Delivered
C539284,2010-12-17,2010-12-23,FedEx,5.92,Delivered
539285,2010-12-18,2010-12-19,FedEx,2.99,Delivered
539286,2010-12-16,2010-12-19,UPS,6.21,Delivered
C539287,2010-12-17,2010-12-19,Hermes,4.68,Delivered
539288,2010-12-16,2010-12-23,DHL,5.92,Delivered
C539289,2010-12-16,2010-12-20,Hermes,7.27,Delivered
539290,2010-12-18,2010-12-20,DHL,5.36,Delivered
539292,2010-12-17,2010-12-21,Hermes,4.34,Delivered
539293,2010-12-16,2010-12-23,Hermes,6.65,Delivered
C539291,2010-12-18,2010-12-20,DHL,4.65,Delivered
539294,2010-12-18,2010-12-25,Hermes,2.81,Delivered
539295,2010-12-16,2010-12-17,FedEx,7.78,Delivered
539296,2010-12-18,2010-12-25,Royal Mail,3.74,Delivered
539297,2010-12-17,2010-12-21,Royal Mail,7.72,Delivered
539298,2010-12-18,2010-12-21,Royal Mail,7.06,Delivered
539299,2010-12-18,2010-12-25,FedEx,4.12,Delivered
539300,2010-12-16,2010-12-18,FedEx,3.95,Delivered
C539301,2010-12-17,2010-12-22,FedEx,5.43,Delivered
C539302,2010-12-17,2010-12-19,DHL,2.05,Delivered
539303,2010-12-17,2010-12-18,Royal Mail,7.47,Delivered
539304,2010-12-16,2010-12-18,Hermes,4.34,Delivered
539305,2010-12-17,2010-12-22,FedEx,4.37,Delivered
539306,2010-12-17,2010-12-22,DHL,9.75,Delivered
539307,2010-12-16,2010-12-17,FedEx,3.62,Delivered
539308,2010-12-17,2010-12-18,DHL,3.81,Delivered
539309,2010-12-16,2010-12-20,Royal Mail,5.52,Delivered
539310,2010-12-17,2010-12-21,DHL,5.41,Delivered
539311,2010-12-18,2010-12-23,Hermes,2.9,Delivered
539312,2010-12-17,2010-12-22,FedEx,2.78,Delivered
539313,2010-12-17,2010-12-20,DHL,4.31,Delivered
539314,2010-12-18,2010-12-19,UPS,2.1,Delivered
539315,2010-12-18,2010-12-20,Royal Mail,6.73,Delivered
539316,2010-12-17,2010-12-18,UPS,0.85,Delivered
539317,2010-12-17,2010-12-23,UPS,0.23,Delivered
539318,2010-12-16,2010-12-23,Hermes,5.89,Delivered
539319,2010-12-17,2010-12-20,UPS,6.82,Delivered
539320,2010-12-17,2010-12-24,FedEx,9.08,Delivered
539321,2010-12-17,2010-12-21,Royal Mail,5.9,Delivered
539322,2010-12-17,2010-12-21,DHL,5.39,Delivered
539323,2010-12-17,2010-12-24,FedEx,4.17,Delivered
539324,2010-12-16,2010-12-20,Royal Mail,4.36,Delivered
539325,2010-12-18,2010-12-23,Royal Mail,5.65,Delivered
539326,2010-12-18,2010-12-23,UPS,2.62,Delivered
539327,2010-12-17,2010-12-22,DHL,0.0,Delivered
539328,2010-12-18,2010-12-19,FedEx,3.4,Delivered
C539329,2010-12-17,2010-12-24,Hermes,0.0,Delivered
539330,2010-12-19,2010-12-26,FedEx,7.35,Delivered
539331,2010-12-19,2010-12-25,DHL,6.38,Delivered
539332,2010-12-19,2010-12-25,Hermes,7.64,Delivered
539333,2010-12-18,2010-12-19,Hermes,3.54,Delivered
539334,2010-12-17,2010-12-24,UPS,3.99,Delivered
539335,2010-12-17,2010-12-20,UPS,5.87,Delivered
539336,2010-12-19,2010-12-26,UPS,5.41,Delivered
539337,2010-12-18,2010-12-22,Royal Mail,8.11,Delivered
539338,2010-12-19,2010-12-26,Royal Mail,6.99,Delivered
539351,2010-12-17,2010-12-23,DHL,3.41,Delivered
539353,2010-12-19,2010-12-24,UPS,5.48,Delivered
539374,2010-12-17,2010-12-19,FedEx,3.91,Delivered
539379,2010-12-19,2010-12-22,UPS,8.38,Delivered
539391,2010-12-19,2010-12-22,Royal Mail,2.61,Delivered
539395,2010-12-19,2010-12-23,DHL,3.63,Delivered
539398,2010-12-18,2010-12-19,FedEx,9.26,Delivered
539400,2010-12-17,2010-12-23,Hermes,1.95,Delivered
539401,2010-12-18,2010-12-19,FedEx,5.97,Delivered
C539402,2010-12-19,2010-12-24,UPS,3.91,Delivered
539403,2010-12-19,2010-12-22,UPS,3.22,Delivered
539404,2010-12-17,2010-12-23,DHL,6.19,Delivered
539405,2010-12-18,2010-12-20,DHL,1.38,Delivered
539406,2010-12-18,2010-12-25,UPS,3.69,Delivered
539407,2010-12-17,2010-12-20,DHL,5.51,Delivered
539408,2010-12-17,2010-12-19,UPS,5.58,Delivered
C539409,2010-12-19,2010-12-23,DHL,7.47,Delivered
539410,2010-12-18,2010-12-25,UPS,6.45,Delivered
539411,2010-12-19,2010-12-24,UPS,3.43,Delivered
539412,2010-12-18,2010-12-23,UPS,3.46,Delivered
539413,2010-12-18,2010-12-21,DHL,6.07,Delivered
539414,2010-12-19,2010-12-23,DHL,7.51,Delivered
539415,2010-12-19,2010-12-24,FedEx,2.87,Delivered
539416,2010-12-18,2010-12-19,Royal Mail,6.34,Delivered
539417,2010-12-19,2010-12-23,FedEx,6.74,Delivered
539418,2010-12-19,2010-12-20,DHL,6.5,Delivered
539419,2010-12-19,2010-12-25,Hermes,10.71,Delivered
539420,2010-12-18,2010-12-22,Hermes,4.41,Delivered
539421,2010-12-17,2010-12-22,Hermes,6.92,Delivered
539422,2010-12-19,2010-12-25,Royal Mail,6.19,Delivered
539423,2010-12-19,2010-12-25,Hermes,5.52,Delivered
539434,2010-12-17,2010-12-20,Hermes,3.35,Delivered
539435,2010-12-17,2010-12-21,UPS,2.76,Delivered
539436,2010-12-19,2010-12-22,UPS,4.82,Delivered
539437,2010-12-18,2010-12-25,FedEx,4.87,Delivered
C539438,2010-12-19,2010-12-25,FedEx,5.52,Delivered
539439,2010-12-19,2010-12-26,Hermes,4.82,Delivered
539440,2010-12-19,2010-12-21,Hermes,7.81,Delivered
539441,2010-12-17,2010-12-23,FedEx,6.01,Delivered
539442,2010-12-18,2010-12-22,Royal Mail,2.39,Delivered
539443,2010-12-17,2010-12-22,Royal Mail,5.96,Delivered
539444,2010-12-17,2010-12-22,FedEx,3.7,Delivered
539445,2010-12-18,2010-12-25,FedEx,5.97,Delivered
539446,2010-12-17,2010-12-22,DHL,5.09,Delivered
539447,2010-12-19,2010-12-23,FedEx,5.55,Delivered
C539448,2010-12-19,2010-12-21,UPS,3.55,Delivered
539449,2010-12-17,2010-12-24,Hermes,6.19,Delivered
539450,2010-12-17,2010-12-19,Hermes,3.6,Delivered
539451,2010-12-17,2010-12-24,UPS,5.04,Delivered
539452,2010-12-18,2010-12-20,UPS,2.94,Delivered
539453,2010-12-19,2010-12-25,DHL,5.79,Delivered
539454,2010-12-18,2010-12-19,FedEx,8.16,Delivered
539455,2010-12-17,2010-12-18,DHL,2.78,Delivered
539456,2010-12-18,2010-12-24,Hermes,5.51,Delivered
539457,2010-12-17,2010-12-21,UPS,3.89,Delivered
539458,2010-12-18,2010-12-19,FedEx,5.18,Delivered
539459,2010-12-18,2010-12-22,FedEx,7.94,Delivered
539460,2010-12-17,2010-12-18,Hermes,4.28,Delivered
539461,2010-12-21,2010-12-24,UPS,2.77,Delivered
539462,2010-12-20,2010-12-23,FedEx,3.14,Delivered
539463,2010-12-20,2010-12-27,Royal Mail,4.91,Delivered
539464,2010-12-20,2010-12-27,DHL,7.65,Delivered
539465,2010-12-21,2010-12-27,Hermes,5.31,Delivered
539466,2010-12-21,2010-12-27,DHL,2.6,Delivered
C539467,2010-12-20,2010-12-25,Royal Mail,3.24,Delivered
539468,2010-12-19,2010-12-23,Royal Mail,1.66,Delivered
539469,2010-12-21,2010-12-22,UPS,3.09,Delivered
539470,2010-12-20,2010-12-22,Royal Mail,7.58,Delivered
539471,2010-12-19,2010-12-24,Royal Mail,7.52,Delivered
539472,2010-12-19,2010-12-24,Royal Mail,5.94,Delivered
539473,2010-12-21,2010-12-22,Royal Mail,5.65,Delivered
539474,2010-12-21,2010-12-28,Hermes,4.17,Delivered
539475,2010-12-19,2010-12-20,DHL,4.95,Delivered
C539476,2010-12-19,2010-12-25,UPS,7.24,Delivered
539477,2010-12-20,2010-12-27,UPS,3.95,Delivered
539478,2010-12-20,2010-12-23,DHL,2.23,Delivered
539479,2010-12-19,2010-12-22,Royal Mail,3.67,Delivered
539480,2010-12-19,2010-12-22,FedEx,6.21,Delivered
539481,2010-12-19,2010-12-23,Royal Mail,0.41,Delivered
539482,2010-12-21,2010-12-25,DHL,5.24,Delivered
539483,2010-12-21,2010-12-25,Royal Mail,7.12,Delivered
539484,2010-12-19,2010-12-24,Royal Mail,7.69,Delivered
539485,2010-12-20,2010-12-26,FedEx,5.62,Delivered
C539486,2010-12-22,2010-12-28,FedEx,5.47,Delivered
539487,2010-12-21,2010-12-22,UPS,6.7,Delivered
539488,2010-12-20,2010-12-26,UPS,7.3,Delivered
539489,2010-12-21,2010-12-23,FedEx,7.16,Delivered
539490,2010-12-22,2010-12-28,UPS,3.52,Delivered
539491,2010-12-21,2010-12-25,UPS,6.94,Delivered
539492,2010-12-20,2010-12-25,DHL,2.11,Delivered
539493,2010-12-20,2010-12-24,UPS,6.79,Delivered
539494,2010-12-21,2010-12-24,FedEx,6.71,Delivered
539495,2010-12-21,2010-12-22,Royal Mail,2.4,Delivered
539496,2010-12-21,2010-12-22,UPS,7.93,Delivered
539497,2010-12-21,2010-12-27,DHL,5.25,Delivered
539498,2010-12-21,2010-12-27,DHL,5.51,Delivered
C539499,2010-12-21,2010-12-27,UPS,7.25,Delivered
539500,2010-12-21,2010-12-25,Royal Mail,3.29,Delivered
539501,2010-12-22,2010-12-26,DHL,5.84,Delivered
539502,2010-12-22,2010-12-27,DHL,6.01,Delivered
539551,2010-12-21,2010-12-25,Royal Mail,5.76,Delivered
539561,2010-12-21,2010-12-26,UPS,2.23,Delivered
539564,2010-12-20,2010-12-21,FedEx,8.31,Delivered
C539565,2010-12-20,2010-12-24,Royal Mail,6.21,Delivered
C539566,2010-12-20,2010-12-27,Hermes,2.09,Delivered
539567,2010-12-22,2010-12-24,Hermes,5.78,Delivered
C539568,2010-12-20,2010-12-21,Royal Mail,4.79,Delivered
C539569,2010-12-20,2010-12-24,Hermes,2.69,Delivered
539570,2010-12-20,2010-12-22,DHL,7.82,Delivered
539571,2010-12-21,2010-12-28,Royal Mail,5.26,Delivered
539572,2010-12-21,2010-12-26,DHL,5.37,Delivered
C539573,2010-12-20,2010-12-21,UPS,4.37,Delivered
C539574,2010-12-22,2010-12-29,Hermes,5.66,Delivered
C539575,2010-12-21,2010-12-24,UPS,8.55,Delivered
C539576,2010-12-21,2010-12-22,Hermes,3.31,Delivered
C539577,2010-12-20,2010-12-27,Royal Mail,4.5,Delivered
539578,2010-12-22,2010-12-24,FedEx,6.48,Delivered
539579,2010-12-21,2010-12-23,FedEx,5.62,Delivered
539580,2010-12-22,2010-12-24,UPS,5.11,Delivered
539581,2010-12-20,2010-12-21,Hermes,7.64,Delivered
539582,2010-12-21,2010-12-28,DHL,7.3,Delivered
539583,2010-12-20,2010-12-21,DHL,5.23,Delivered
539584,2010-12-20,2010-12-26,Hermes,6.57,Delivered
539585,2010-12-21,2010-12-27,DHL,3.65,Delivered
539586,2010-12-20,2010-12-22,FedEx,2.96,Delivered
539587,2010-12-20,2010-12-25,Royal Mail,4.7,Delivered
539588,2010-12-22,2010-12-24,UPS,4.35,Delivered
C539589,2010-12-21,2010-12-24,UPS,4.44,Delivered
539590,2010-12-20,2010-12-25,DHL,7.1,Delivered
539591,2010-12-20,2010-12-25,FedEx,10.49,Delivered
539592,2010-12-22,2010-12-27,DHL,2.26,Delivered
539593,2010-12-20,2010-12-23,Royal Mail,5.63,Delivered
539594,2010-12-20,2010-12-21,DHL,2.92,Delivered
539595,2010-12-21,2010-12-25,DHL,0.17,Delivered
C539596,2010-12-20,2010-12-26,Royal Mail,6.79,Delivered
539597,2010-12-20,2010-12-24,FedEx,5.63,Delivered
C539598,2010-12-21,2010-12-26,UPS,8.16,Delivered
C539599,2010-12-22,2010-12-24,DHL,5.88,Delivered
C539600,2010-12-20,2010-12-24,Hermes,8.17,Delivered
C539601,2010-12-22,2010-12-26,Hermes,7.83,Delivered
C539602,2010-12-22,2010-12-25,UPS,5.95,Delivered
C539603,2010-12-21,2010-12-23,Royal Mail,7.85,Delivered
539604,2010-12-21,2010-12-23,Royal Mail,5.17,Delivered
C539605,2010-12-20,2010-12-24,DHL,7.06,Delivered
C539606,2010-12-20,2010-12-24,Hermes,0.81,Delivered
539607,2010-12-20,2010-12-22,Hermes,5.41,Delivered
C539608,2010-12-21,2010-12-23,UPS,3.45,Delivered
539609,2010-12-20,2010-12-26,FedEx,6.58,Delivered
539610,2010-12-21,2010-12-23,FedEx,7.14,Delivered
539611,2010-12-20,2010-12-23,DHL,7.2,Delivered
539628,2010-12-20,2010-12-27,UPS,3.82,Delivered
539629,2010-12-21,2010-12-23,FedEx,5.32,Delivered
539630,2010-12-22,2010-12-24,Hermes,7.18,Delivered
539631,2010-12-22,2010-12-29,DHL,3.53,Delivered
C539632,2010-12-20,2010-12-24,Hermes,0.0,Delivered
539633,2010-12-22,2010-12-26,UPS,5.45,Delivered
539634,2010-12-21,2010-12-22,UPS,4.87,Delivered
539635,2010-12-21,2010-12-25,Hermes,3.5,Delivered
539636,2010-12-20,2010-12-25,DHL,8.66,Delivered
539637,2010-12-21,2010-12-22,Royal Mail,2.79,Delivered
539638,2010-12-21,2010-12-27,Hermes,7.41,Delivered
539639,2010-12-21,2010-12-28,Royal Mail,5.52,Delivered
C539640,2010-12-21,2010-12-25,DHL,7.9,Delivered
539641,2010-12-22,2010-12-28,UPS,6.67,Delivered
539642,2010-12-20,2010-12-22,FedEx,4.18,Delivered
539643,2010-12-20,2010-12-21,UPS,7.77,Delivered
C539644,2010-12-22,2010-12-25,DHL,3.86,Delivered
539645,2010-12-22,2010-12-27,Royal Mail,1.22,Delivered
539646,2010-12-21,2010-12-25,DHL,6.43,Delivered
539647,2010-12-21,2010-12-27,UPS,3.55,Delivered
539648,2010-12-22,2010-12-28,Royal Mail,5.49,Delivered
539649,2010-12-22,2010-12-25,Hermes,4.41,Delivered
539650,2010-12-20,2010-12-23,UPS,5.06,Delivered
539651,2010-12-22,2010-12-27,Hermes,1.91,Delivered
539653,2010-12-20,2010-12-27,Royal Mail,3.68,Delivered
539654,2010-12-20,2010-12-25,FedEx,3.76,Delivered
C539655,2010-12-20,2010-12-21,UPS,3.15,Delivered
539656,2010-12-21,2010-12-24,DHL,7.08,Delivered
C539657,2010-12-22,2010-12-27,Royal Mail,1.8,Delivered
539658,2010-12-21,2010-12-24,DHL,3.72,Delivered
539659,2010-12-23,2010-12-24,UPS,4.74,Delivered
539660,2010-12-23,2010-12-25,DHL,1.67,Delivered
C539661,2010-12-22,2010-12-25,FedEx,2.9,Delivered
539662,2010-12-21,2010-12-22,FedEx,4.95,Delivered
539663,2010-12-22,2010-12-26,UPS,1.24,Delivered
539664,2010-12-22,2010-12-28,Hermes,4.97,Delivered
539665,2010-12-23,2010-12-30,Hermes,6.77,Delivered
539666,2010-12-22,2010-12-29,Royal Mail,3.7,Delivered
C539667,2010-12-21,2010-12-25,Royal Mail,8.74,Delivered
539675,2010-12-22,2010-12-23,Royal Mail,7.06,Delivered
539676,2010-12-21,2010-12-24,Royal Mail,4.24,Delivered
539688,2010-12-21,2010-12-26,Royal Mail,2.79,Delivered
C539707,2010-12-22,2010-12-26,Hermes,7.06,Delivered
539708,2010-12-22,2010-12-26,Royal Mail,4.06,Delivered
C539709,2010-12-22,2010-12-24,Royal Mail,8.56,Delivered
C539710,2010-12-23,2010-12-29,FedEx,5.5,Delivered
C539711,2010-12-22,2010-12-27,FedEx,3.04,Delivered
C539712,2010-12-22,2010-12-27,Hermes,2.08,Delivered
539713,2010-12-23,2010-12-27,UPS,4.65,Delivered
539714,2010-12-22,2010-12-24,FedEx,6.0,Delivered
539715,2010-12-21,2010-12-25,FedEx,8.37,Delivered
539716,2010-12-21,2010-12-23,FedEx,4.37,Delivered
539717,2010-12-22,2010-12-26,DHL,4.13,Delivered
539718,2010-12-23,2010-12-26,DHL,4.2,Delivered
C539719,2010-12-21,2010-12-28,DHL,5.53,Delivered
539720,2010-12-22,2010-12-27,DHL,5.85,Delivered
539721,2010-12-22,2010-12-25,FedEx,6.03,Delivered
539722,2010-12-21,2010-12-27,FedEx,7.36,Delivered
539723,2010-12-22,2010-12-24,FedEx,0.0,Delivered
539724,2010-12-23,2010-12-26,Royal Mail,6.73,Delivered
539725,2010-12-21,2010-12-25,UPS,5.56,Delivered
C539726,2010-12-22,2010-12-24,Royal Mail,0.17,Delivered
539727,2010-12-23,2010-12-28,Hermes,3.47,Delivered
539728,2010-12-22,2010-12-25,Hermes,7.73,Delivered
539729,2010-12-23,2010-12-25,Hermes,4.39,Delivered
539730,2010-12-22,2010-12-28,Royal Mail,0.52,Delivered
539731,2010-12-23,2010-12-27,Royal Mail,6.62,Delivered
539732,2010-12-22,2010-12-23,UPS,6.94,Delivered
539733,2010-12-23,2010-12-30,DHL,4.17,Delivered
539734,2010-12-21,2010-12-26,DHL,5.29,Delivered
539735,2010-12-23,2010-12-28,DHL,5.67,Delivered
539736,2010-12-21,2010-12-22,Royal Mail,1.65,Delivered
539737,2010-12-23,2010-12-30,UPS,2.78,Delivered
539738,2010-12-23,2010-12-27,DHL,0.49,Delivered
539739,2010-12-22,2010-12-25,Hermes,1.21,Delivered
539740,2010-12-23,2010-12-26,UPS,2.06,Delivered
539741,2010-12-21,2010-12-27,UPS,3.68,Delivered
539742,2010-12-22,2010-12-25,FedEx,6.41,Delivered
539743,2010-12-22,2010-12-26,Hermes,7.75,Delivered
539744,2010-12-22,2010-12-28,UPS,6.69,Delivered
539745,2010-12-22,2010-12-25,DHL,6.82,Delivered
539746,2010-12-22,2010-12-28,UPS,0.02,Delivered
539747,2010-12-21,2010-12-28,Hermes,4.09,Delivered
539748,2010-12-22,2010-12-26,Hermes,4.36,Delivered
539749,2010-12-22,2010-12-23,Hermes,5.03,Delivered
539750,2010-12-22,2010-12-28,FedEx,4.14,Delivered
539751,2010-12-22,2010-12-24,Hermes,2.48,Delivered
539752,2010-12-21,2010-12-23,DHL,5.61,Delivered
539753,2010-12-22,2010-12-25,Hermes,1.29,Delivered
539754,2010-12-22,2010-12-29,Hermes,5.22,Delivered
539755,2010-12-22,2010-12-26,Hermes,4.91,Delivered
C539756,2010-12-21,2010-12-23,FedEx,3.58,Delivered
539758,2010-12-22,2010-12-28,UPS,7.1,Delivered
539759,2010-12-22,2010-12-26,DHL,7.08,Delivered
539760,2010-12-22,2010-12-28,DHL,8.35,Delivered
539761,2010-12-23,2010-12-24,Hermes,5.6,Delivered
539762,2010-12-24,2010-12-27,Hermes,2.88,Delivered
539764,2010-12-23,2010-12-29,UPS,5.26,Delivered
539766,2010-12-24,2010-12-31,Royal Mail,2.73,Delivered
539825,2010-12-22,2010-12-29,FedEx,7.32,Delivered
539826,2010-12-22,2010-12-27,Royal Mail,6.35,Delivered
C539827,2010-12-24,2010-12-26,FedEx,6.77,Delivered
539828,2010-12-22,2010-12-23,FedEx,3.17,Delivered
539829,2010-12-23,2010-12-24,FedEx,7.18,Delivered
C539830,2010-12-23,2010-12-28,Royal Mail,1.6,Delivered
539831,2010-12-22,2010-12-29,Royal Mail,4.7,Delivered
C539832,2010-12-24,2010-12-31,DHL,1.09,Delivered
539835,2010-12-24,2010-12-31,FedEx,3.9,Delivered
539836,2010-12-23,2010-12-29,FedEx,7.17,Delivered
539837,2010-12-22,2010-12-23,DHL,6.49,Delivered
C539838,2010-12-24,2010-12-27,FedEx,5.37,Delivered
539839,2010-12-22,2010-12-23,DHL,2.97,Delivered
539840,2010-12-22,2010-12-27,DHL,6.75,Delivered
539856,2010-12-24,2010-12-29,Hermes,1.9,Delivered
C539857,2010-12-24,2010-12-30,Hermes,3.94,Delivered
539858,2010-12-23,2010-12-27,Royal Mail,1.56,Delivered
539859,2010-12-22,2010-12-29,DHL,7.03,Delivered
539864,2010-12-24,2010-12-30,FedEx,3.94,Delivered
539865,2010-12-23,2010-12-30,UPS,7.08,Delivered
C539866,2010-12-24,2010-12-26,FedEx,3.28,Delivered
539867,2010-12-23,2010-12-29,Royal Mail,5.68,Delivered
539920,2010-12-23,2010-12-29,DHL,8.88,Delivered
539921,2010-12-24,2010-12-26,DHL,5.55,Delivered
539933,2010-12-25,2011-01-01,Royal Mail,5.59,Delivered
C539943,2010-12-23,2010-12-24,UPS,5.03,Delivered
C539944,2010-12-23,2010-12-24,Hermes,4.41,Delivered
C539945,2010-12-25,2010-12-26,UPS,6.12,Delivered
539946,2010-12-23,2010-12-26,Royal Mail,6.04,Delivered
C539947,2010-12-23,2010-12-30,Royal Mail,6.19,Delivered
C539948,2010-12-23,2010-12-25,FedEx,4.35,Delivered
C539949,2010-12-23,2010-12-24,DHL,7.7,Delivered
C539950,2010-12-25,2010-12-28,FedEx,1.07,Delivered
539951,2010-12-23,2010-12-30,Hermes,5.53,Delivered
539952,2010-12-25,2010-12-30,Royal Mail,2.3,Delivered
539953,2010-12-23,2010-12-30,Hermes,5.2,Delivered
539954,2010-12-25,2010-12-27,FedEx,2.55,Delivered
539955,2010-12-23,2010-12-30,Hermes,8.21,Delivered
C539956,2010-12-23,2010-12-28,UPS,5.09,Delivered
539957,2010-12-24,2010-12-30,Hermes,6.19,Delivered
539958,2010-12-23,2010-12-25,FedEx,7.75,Delivered
539978,2010-12-24,2010-12-28,DHL,2.96,Delivered
539979,2010-12-24,2010-12-25,UPS,4.82,Delivered
539980,2010-12-23,2010-12-28,DHL,3.11,Delivered
539981,2010-12-24,2010-12-29,Royal Mail,5.05,Delivered
539982,2010-12-23,2010-12-26,UPS,6.22,Delivered
C539983,2010-12-25,2010-12-31,FedEx,6.09,Delivered
539984,2010-12-25,2011-01-01,UPS,5.31,Delivered
539985,2010-12-24,2010-12-26,Royal Mail,7.02,Delivered
539986,2010-12-24,2010-12-30,FedEx,8.14,Delivered
539987,2010-12-24,2010-12-30,Royal Mail,11.59,Delivered
539988,2010-12-24,2010-12-28,Hermes,4.54,Delivered
539989,2010-12-23,2010-12-27,UPS,4.29,Delivered
539990,2010-12-25,2010-12-30,Royal Mail,4.77,Delivered
539991,2010-12-23,2010-12-24,FedEx,0.78,Delivered
539992,2010-12-23,2010-12-26,DHL,0.0,Delivered
539993,2011-01-04,2011-01-06,UPS,1.56,Delivered
539994,2011-01-06,2011-01-10,FedEx,5.32,Delivered
539995,2011-01-06,2011-01-09,UPS,1.61,Delivered
539996,2011-01-05,2011-01-09,Hermes,10.63,Delivered
539997,2011-01-06,2011-01-09,DHL,3.17,Delivered
539998,2011-01-05,2011-01-06,Royal Mail,4.99,Delivered
539999,2011-01-06,2011-01-08,Royal Mail,7.35,Delivered
540000,2011-01-04,2011-01-10,Royal Mail,6.14,Delivered
540001,2011-01-04,2011-01-06,UPS,2.94,Delivered
540002,2011-01-06,2011-01-12,FedEx,6.6,Delivered
540003,2011-01-04,2011-01-11,Royal Mail,7.28,Delivered
540004,2011-01-06,2011-01-13,Hermes,5.39,Delivered
540005,2011-01-04,2011-01-07,UPS,1.47,Delivered
C540006,2011-01-05,2011-01-10,FedEx,1.49,Delivered
C540007,2011-01-06,2011-01-11,Royal Mail,4.04,Delivered
540008,2011-01-04,2011-01-08,Royal Mail,3.71,Delivered
540009,2011-01-05,2011-01-09,UPS,6.16,Delivered
540010,2011-01-04,2011-01-05,DHL,1.28,Delivered
540011,2011-01-05,2011-01-11,DHL,3.62,Delivered
540012,2011-01-05,2011-01-09,DHL,4.24,Delivered
540013,2011-01-04,2011-01-09,UPS,6.83,Delivered
540014,2011-01-06,2011-01-11,Hermes,2.96,Delivered
540015,2011-01-04,2011-01-09,Royal Mail,4.0,Delivered
540016,2011-01-05,2011-01-08,UPS,3.36,Delivered
540017,2011-01-06,2011-01-09,FedEx,3.95,Delivered
540018,2011-01-05,2011-01-06,Royal Mail,4.12,Delivered
540019,2011-01-05,2011-01-08,Hermes,4.44,Delivered
540020,2011-01-04,2011-01-11,FedEx,3.45,Delivered
540021,2011-01-05,2011-01-09,FedEx,6.44,Delivered
540022,2011-01-04,2011-01-10,DHL,5.04,Delivered
540023,2011-01-06,2011-01-07,Royal Mail,7.89,Delivered
540024,2011-01-05,2011-01-06,FedEx,6.2,Delivered
540025,2011-01-04,2011-01-08,UPS,7.18,Delivered
540026,2011-01-06,2011-01-11,UPS,4.68,Delivered
540027,2011-01-06,2011-01-07,FedEx,8.07,Delivered
540028,2011-01-05,2011-01-10,UPS,4.6,Delivered
540029,2011-01-05,2011-01-06,DHL,5.81,Delivered
C540030,2011-01-05,2011-01-09,Hermes,6.12,Delivered
540031,2011-01-04,2011-01-09,FedEx,2.25,Delivered
540032,2011-01-05,2011-01-09,DHL,1.12,Delivered
540033,2011-01-04,2011-01-11,Hermes,5.07,Delivered
540040,2011-01-04,2011-01-07,FedEx,11.39,Delivered
540043,2011-01-05,2011-01-12,DHL,6.97,Delivered
C540057,2011-01-06,2011-01-12,Royal Mail,4.47,Delivered
540059,2011-01-06,2011-01-09,FedEx,2.43,Delivered
540060,2011-01-04,2011-01-09,Hermes,3.64,Delivered
540073,2011-01-04,2011-01-10,FedEx,5.21,Delivered
540093,2011-01-06,2011-01-13,FedEx,2.73,Delivered
540094,2011-01-04,2011-01-08,UPS,6.02,Delivered
540095,2011-01-05,2011-01-10,Hermes,1.75,Delivered
540096,2011-01-04,2011-01-05,Hermes,5.98,Delivered
C540097,2011-01-04,2011-01-09,UPS,6.18,Delivered
540098,2011-01-06,2011-01-10,FedEx,9.98,Delivered
540099,2011-01-06,2011-01-11,Hermes,7.62,Delivered
540100,2011-01-06,2011-01-12,Royal Mail,1.52,Delivered
C540109,2011-01-06,2011-01-08,FedEx,3.56,Delivered
C540112,2011-01-06,2011-01-12,FedEx,5.35,Delivered
540113,2011-01-06,2011-01-10,FedEx,7.81,Delivered
540114,2011-01-07,2011-01-09,UPS,1.61,Delivered
540115,2011-01-06,2011-01-13,FedEx,4.06,Delivered
540116,2011-01-07,2011-01-09,UPS,3.78,Delivered
C540117,2011-01-05,2011-01-06,DHL,5.54,Delivered
C540118,2011-01-06,2011-01-10,UPS,6.4,Delivered
540119,2011-01-07,2011-01-11,UPS,4.67,Delivered
540120,2011-01-05,2011-01-08,DHL,4.56,Delivered
540121,2011-01-05,2011-01-08,FedEx,4.32,Delivered
540122,2011-01-05,2011-01-11,UPS,3.95,Delivered
540126,2011-01-05,2011-01-06,Royal Mail,4.34,Delivered
540130,2011-01-05,2011-01-09,FedEx,6.55,Delivered
C540129,2011-01-07,2011-01-13,Royal Mail,1.95,Delivered
C540142,2011-01-05,2011-01-07,Royal Mail,7.31,Delivered
540146,2011-01-07,2011-01-13,Hermes,7.22,Delivered
540148,2011-01-07,2011-01-14,Hermes,4.01,Delivered
540149,2011-01-06,2011-01-10,Royal Mail,5.08,Delivered
540150,2011-01-06,2011-01-09,Hermes,6.02,Delivered
C540151,2011-01-07,2011-01-11,DHL,6.29,Delivered
C540152,2011-01-05,2011-01-07,DHL,4.45,Delivered
540153,2011-01-06,2011-01-10,UPS,4.93,Delivered
540154,2011-01-06,2011-01-11,FedEx,7.67,Delivered
C540155,2011-01-07,2011-01-08,FedEx,2.82,Delivered
C540156,2011-01-05,2011-01-08,DHL,4.36,Delivered
540157,2011-01-06,2011-01-10,FedEx,5.18,Delivered
C540158,2011-01-07,2011-01-08,Royal Mail,4.63,Delivered
540159,2011-01-07,2011-01-14,DHL,4.96,Delivered
540160,2011-01-07,2011-01-13,FedEx,6.97,Delivered
540161,2011-01-07,2011-01-08,Hermes,7.65,Delivered
540162,2011-01-06,2011-01-07,UPS,2.07,Delivered
540163,2011-01-06,2011-01-09,Royal Mail,8.1,Delivered
C540164,2011-01-06,2011-01-08,DHL,3.69,Delivered
C540165,2011-01-06,2011-01-12,FedEx,7.48,Delivered
540166,2011-01-06,2011-01-13,Royal Mail,2.66,Delivered
540167,2011-01-06,2011-01-13,Royal Mail,7.11,Delivered
540168,2011-01-06,2011-01-12,UPS,0.74,Delivered
540169,2011-01-06,2011-01-12,UPS,7.65,Delivered
540170,2011-01-05,2011-01-11,FedEx,2.41,Delivered
C540171,2011-01-07,2011-01-08,FedEx,2.16,Delivered
540172,2011-01-07,2011-01-13,FedEx,6.54,Delivered
540173,2011-01-06,2011-01-12,Royal Mail,5.22,Delivered
540174,2011-01-05,2011-01-11,UPS,2.14,Delivered
540175,2011-01-07,2011-01-09,Royal Mail,2.72,Delivered
540176,2011-01-06,2011-01-11,Royal Mail,6.64,Delivered
540178,2011-01-05,2011-01-07,DHL,0.0,Delivered
C540177,2011-01-07,2011-01-14,DHL,4.46,Delivered
540179,2011-01-07,2011-01-13,UPS,5.46,Delivered
540180,2011-01-06,2011-01-13,DHL,3.31,Delivered
540181,2011-01-06,2011-01-08,Hermes,6.66,Delivered
540182,2011-01-05,2011-01-06,UPS,1.82,Delivered
540183,2011-01-06,2011-01-08,UPS,8.43,Delivered
540184,2011-01-07,2011-01-09,Royal Mail,1.63,Delivered
540185,2011-01-05,2011-01-10,Hermes,1.95,Delivered
540185,2011-01-06,2011-01-08,FedEx,1.89,Delivered
540186,2011-01-07,2011-01-14,DHL,7.64,Delivered
540187,2011-01-07,2011-01-10,DHL,5.85,Delivered
540188,2011-01-05,2011-01-08,DHL,5.94,Delivered
540227,2011-01-07,2011-01-12,UPS,4.67,Delivered
540238,2011-01-06,2011-01-13,UPS,7.33,Delivered
540239,2011-01-05,2011-01-12,FedEx,7.14,Delivered
540240,2011-01-06,2011-01-12,UPS,3.43,Delivered
540241,2011-01-05,2011-01-10,DHL,6.43,Delivered
540242,2011-01-06,2011-01-12,DHL,3.21,Delivered
C540243,2011-01-05,2011-01-06,FedEx,6.01,Delivered
C540244,2011-01-06,2011-01-08,Hermes,3.56,Delivered
540245,2011-01-07,2011-01-13,UPS,5.46,Delivered
C540246,2011-01-05,2011-01-06,UPS,6.18,Delivered
540247,2011-01-07,2011-01-11,DHL,6.31,Delivered
540248,2011-01-07,2011-01-11,UPS,4.87,Delivered
540249,2011-01-05,2011-01-10,Royal Mail,3.47,Delivered
C540250,2011-01-05,2011-01-08,DHL,3.16,Delivered
540251,2011-01-07,2011-01-13,Hermes,5.34,Delivered
540252,2011-01-07,2011-01-13,Royal Mail,7.37,Delivered
540253,2011-01-06,2011-01-09,UPS,5.08,Delivered
540255,2011-01-07,2011-01-10,DHL,7.51,Delivered
540256,2011-01-07,2011-01-09,FedEx,4.49,Delivered
540257,2011-01-05,2011-01-10,UPS,8.71,Delivered
540258,2011-01-06,2011-01-07,FedEx,3.26,Delivered
540259,2011-01-08,2011-01-13,UPS,5.63,Delivered
540260,2011-01-06,2011-01-08,UPS,5.78,Delivered
540261,2011-01-07,2011-01-13,FedEx,6.46,Delivered
540262,2011-01-07,2011-01-12,FedEx,4.27,Delivered
540263,2011-01-08,2011-01-11,UPS,6.36,Delivered
540264,2011-01-07,2011-01-14,DHL,3.91,Delivered
540265,2011-01-08,2011-01-15,UPS,6.07,Delivered
C540266,2011-01-06,2011-01-08,Royal Mail,5.37,Delivered
540267,2011-01-07,2011-01-10,DHL,4.41,Delivered
540268,2011-01-07,2011-01-08,UPS,2.94,Delivered
540269,2011-01-07,2011-01-13,Hermes,2.68,Delivered
C540270,2011-01-08,2011-01-15,DHL,5.22,Delivered
C540271,2011-01-06,2011-01-09,Royal Mail,5.47,Delivered
540272,2011-01-06,2011-01-12,Hermes,6.57,Delivered
540273,2011-01-07,2011-01-12,Hermes,6.65,Delivered
540274,2011-01-06,2011-01-11,Hermes,11.86,Delivered
540275,2011-01-06,2011-01-10,Royal Mail,5.06,Delivered
540276,2011-01-06,2011-01-09,Royal Mail,7.35,Delivered
540277,2011-01-07,2011-01-13,Royal Mail,2.9,Delivered
540278,2011-01-06,2011-01-13,FedEx,6.65,Delivered
540279,2011-01-06,2011-01-07,Royal Mail,1.96,Delivered
540280,2011-01-07,2011-01-11,FedEx,5.78,Delivered
540288,2011-01-08,2011-01-14,Royal Mail,4.71,Delivered
C540307,2011-01-08,2011-01-12,FedEx,5.53,Delivered
540316,2011-01-08,2011-01-14,Hermes,7.74,Delivered
540345,2011-01-08,2011-01-11,FedEx,7.9,Delivered
C540346,2011-01-06,2011-01-12,Royal Mail,2.4,Delivered
540348,2011-01-06,2011-01-10,FedEx,4.21,Delivered
C540347,2011-01-06,2011-01-08,UPS,8.31,Delivered
540349,2011-01-06,2011-01-10,UPS,7.08,Delivered
540350,2011-01-07,2011-01-13,DHL,6.69,Delivered
540351,2011-01-07,2011-01-13,FedEx,6.6,Delivered
540352,2011-01-08,2011-01-13,DHL,4.43,Delivered
540353,2011-01-07,2011-01-12,DHL,5.7,Delivered
540354,2011-01-07,2011-01-11,UPS,2.45,Delivered
540355,2011-01-07,2011-01-08,UPS,5.38,Delivered
540356,2011-01-07,2011-01-12,DHL,3.07,Delivered
540357,2011-01-06,2011-01-11,FedEx,5.85,Delivered
540358,2011-01-07,2011-01-13,DHL,3.1,Delivered
540359,2011-01-07,2011-01-12,Hermes,2.47,Delivered
C540360,2011-01-06,2011-01-09,UPS,0.97,Delivered
540361,2011-01-07,2011-01-10,DHL,6.67,Delivered
540362,2011-01-06,2011-01-12,FedEx,6.32,Delivered
540363,2011-01-07,2011-01-12,Royal Mail,2.96,Delivered
540364,2011-01-08,2011-01-09,Royal Mail,2.62,Delivered
540365,2011-01-07,2011-01-08,UPS,4.8,Delivered
C540366,2011-01-08,2011-01-14,Hermes,5.72,Delivered
C540367,2011-01-08,2011-01-09,Hermes,3.27,Delivered
540369,2011-01-06,2011-01-07,UPS,5.54,Delivered
540370,2011-01-07,2011-01-08,Royal Mail,6.15,Delivered
540371,2011-01-07,2011-01-13,FedEx,3.74,Delivered
540372,2011-01-08,2011-01-12,Hermes,7.95,Delivered
540373,2011-01-07,2011-01-10,DHL,5.2,Delivered
540374,2011-01-08,2011-01-11,Royal Mail,5.78,Delivered
540375,2011-01-07,2011-01-12,Royal Mail,6.0,Delivered
C540376,2011-01-06,2011-01-12,UPS,5.04,Delivered
C540377,2011-01-07,2011-01-13,UPS,8.53,Delivered
C540378,2011-01-08,2011-01-14,UPS,1.18,Delivered
C540379,2011-01-07,2011-01-12,Hermes,3.08,Delivered
C540380,2011-01-08,2011-01-14,UPS,7.3,Delivered
C540381,2011-01-07,2011-01-08,DHL,5.86,Delivered
C540382,2011-01-06,2011-01-12,DHL,5.98,Delivered
540383,2011-01-06,2011-01-08,UPS,3.28,Delivered
C540384,2011-01-07,2011-01-14,Hermes,2.67,Delivered
C540385,2011-01-06,2011-01-07,FedEx,5.14,Delivered
C540386,2011-01-07,2011-01-08,Royal Mail,3.88,Delivered
540387,2011-01-06,2011-01-08,UPS,7.2,Delivered
C540388,2011-01-07,2011-01-12,DHL,4.49,Delivered
C540389,2011-01-06,2011-01-09,Hermes,5.95,Delivered
C540390,2011-01-07,2011-01-08,Royal Mail,3.25,Delivered
C540391,2011-01-08,2011-01-15,UPS,8.85,Delivered
C540392,2011-01-08,2011-01-13,Hermes,4.5,Delivered
C540393,2011-01-08,2011-01-13,FedEx,6.97,Delivered
C540394,2011-01-08,2011-01-13,Hermes,5.47,Delivered
540395,2011-01-08,2011-01-15,UPS,5.08,Delivered
540396,2011-01-06,2011-01-10,Hermes,5.7,Delivered
540397,2011-01-07,2011-01-12,Royal Mail,4.68,Delivered
C540398,2011-01-08,2011-01-09,UPS,7.87,Delivered
540399,2011-01-09,2011-01-15,FedEx,2.97,Delivered
C540400,2011-01-07,2011-01-10,DHL,5.68,Delivered
540401,2011-01-08,2011-01-11,UPS,5.16,Delivered
540402,2011-01-09,2011-01-12,Hermes,6.4,Delivered
C540403,2011-01-09,2011-01-15,UPS,6.13,Delivered
540404,2011-01-09,2011-01-13,UPS,6.22,Delivered
540405,2011-01-09,2011-01-15,FedEx,6.02,Delivered
540406,2011-01-07,2011-01-12,DHL,1.56,Delivered
540407,2011-01-08,2011-01-14,Royal Mail,4.48,Delivered
540408,2011-01-07,2011-01-09,Hermes,4.09,Delivered
540409,2011-01-08,2011-01-09,UPS,7.19,Delivered
540410,2011-01-07,2011-01-09,Hermes,4.18,Delivered
540411,2011-01-07,2011-01-08,FedEx,6.38,Delivered
540412,2011-01-07,2011-01-09,Hermes,3.72,Delivered
540413,2011-01-07,2011-01-14,Royal Mail,4.48,Delivered
540414,2011-01-07,2011-01-08,Hermes,5.84,Delivered
540415,2011-01-07,2011-01-11,FedEx,8.5,Delivered
540416,2011-01-07,2011-01-14,Hermes,4.86,Delivered
C540417,2011-01-08,2011-01-10,Hermes,4.26,Delivered
540418,2011-01-07,2011-01-11,UPS,4.43,Delivered
540420,2011-01-07,2011-01-08,Hermes,1.95,Delivered
540452,2011-01-07,2011-01-14,Hermes,2.49,Delivered
540453,2011-01-07,2011-01-12,Royal Mail,5.5,Delivered
540454,2011-01-07,2011-01-10,DHL,5.87,Delivered
540455,2011-01-09,2011-01-12,UPS,5.18,Delivered
540456,2011-01-07,2011-01-09,FedEx,2.66,Delivered
540457,2011-01-08,2011-01-15,DHL,5.96,Delivered
540458,2011-01-08,2011-01-15,Royal Mail,5.94,Delivered
540459,2011-01-07,2011-01-14,UPS,3.71,Delivered
540460,2011-01-07,2011-01-10,FedEx,6.99,Delivered
540461,2011-01-09,2011-01-16,UPS,3.11,Delivered
540462,2011-01-07,2011-01-14,Hermes,7.27,Delivered
540463,2011-01-08,2011-01-15,DHL,6.37,Delivered
540464,2011-01-08,2011-01-12,Hermes,6.61,Delivered
540465,2011-01-09,2011-01-12,Royal Mail,1.79,Delivered
540466,2011-01-09,2011-01-16,Hermes,6.21,Delivered
540467,2011-01-07,2011-01-08,FedEx,2.76,Delivered
540468,2011-01-07,2011-01-11,Royal Mail,10.2,Delivered
540469,2011-01-08,2011-01-15,Royal Mail,3.47,Delivered
C540470,2011-01-09,2011-01-10,Hermes,2.58,Delivered
540471,2011-01-08,2011-01-12,UPS,7.34,Delivered
540472,2011-01-08,2011-01-14,FedEx,2.96,Delivered
540473,2011-01-08,2011-01-09,FedEx,7.22,Delivered
540474,2011-01-07,2011-01-13,UPS,3.39,Delivered
540475,2011-01-08,2011-01-14,DHL,7.13,Delivered
540476,2011-01-09,2011-01-15,UPS,3.18,Delivered
540477,2011-01-09,2011-01-12,UPS,5.66,Delivered
540478,2011-01-07,2011-01-08,Hermes,0.93,Delivered
540479,2011-01-08,2011-01-12,DHL,2.53,Delivered
540480,2011-01-07,2011-01-08,Hermes,4.68,Delivered
540481,2011-01-09,2011-01-12,Hermes,3.47,Delivered
540482,2011-01-07,2011-01-08,Hermes,7.39,Delivered
540489,2011-01-09,2011-01-12,DHL,5.84,Delivered
540493,2011-01-08,2011-01-13,Royal Mail,3.52,Delivered
540495,2011-01-09,2011-01-10,FedEx,4.85,Delivered
540496,2011-01-07,2011-01-08,Royal Mail,7.38,Delivered
540497,2011-01-08,2011-01-11,Hermes,4.82,Delivered
540498,2011-01-09,2011-01-16,Hermes,2.81,Delivered
540499,2011-01-11,2011-01-17,Hermes,5.82,Delivered
540500,2011-01-10,2011-01-13,Hermes,3.79,Delivered
540501,2011-01-11,2011-01-13,UPS,3.5,Delivered
540502,2011-01-10,2011-01-15,Hermes,4.81,Delivered
C540503,2011-01-09,2011-01-16,FedEx,3.92,Delivered
540504,2011-01-10,2011-01-17,UPS,5.32,Delivered
540505,2011-01-09,2011-01-10,Royal Mail,4.06,Delivered
540506,2011-01-09,2011-01-13,Royal Mail,5.48,Delivered
540507,2011-01-10,2011-01-16,Hermes,2.9,Delivered
540508,2011-01-10,2011-01-17,FedEx,6.47,Delivered
540509,2011-01-11,2011-01-15,UPS,8.06,Delivered
540510,2011-01-10,2011-01-16,UPS,4.93,Delivered
540511,2011-01-09,2011-01-11,Hermes,7.2,Delivered
540512,2011-01-09,2011-01-15,Hermes,7.26,Delivered
540513,2011-01-11,2011-01-12,DHL,4.51,Delivered
540514,2011-01-09,2011-01-14,FedEx,5.14,Delivered
540515,2011-01-09,2011-01-14,UPS,6.48,Delivered
540516,2011-01-10,2011-01-11,Hermes,6.23,Delivered
540517,2011-01-09,2011-01-10,FedEx,4.34,Delivered
540518,2011-01-10,2011-01-14,Royal Mail,6.82,Delivered
540519,2011-01-09,2011-01-11,Hermes,0.86,Delivered
540520,2011-01-10,2011-01-13,DHL,7.22,Delivered
540521,2011-01-09,2011-01-16,UPS,7.52,Delivered
540522,2011-01-09,2011-01-16,Royal Mail,5.03,Delivered
540523,2011-01-10,2011-01-14,Hermes,4.2,Delivered
540524,2011-01-10,2011-01-17,UPS,7.04,Delivered
540525,2011-01-10,2011-01-17,Hermes,5.73,Delivered
540526,2011-01-11,2011-01-15,UPS,5.81,Delivered
C540527,2011-01-11,2011-01-15,DHL,6.18,Delivered
540528,2011-01-11,2011-01-17,Hermes,3.68,Delivered
540529,2011-01-10,2011-01-14,DHL,6.47,Delivered
540530,2011-01-09,2011-01-15,UPS,3.93,Delivered
540531,2011-01-11,2011-01-14,Royal Mail,7.09,Delivered
540532,2011-01-11,2011-01-17,FedEx,2.66,Delivered
540533,2011-01-11,2011-01-17,Royal Mail,4.48,Delivered
540534,2011-01-11,2011-01-16,Hermes,4.34,Delivered
C540535,2011-01-09,2011-01-14,Hermes,5.84,Delivered
540536,2011-01-09,2011-01-10,Hermes,7.11,Delivered
540537,2011-01-09,2011-01-10,FedEx,5.34,Delivered
540538,2011-01-11,2011-01-18,Hermes,3.54,Delivered
540539,2011-01-10,2011-01-11,Hermes,3.41,Delivered
540540,2011-01-09,2011-01-13,Royal Mail,3.74,Delivered
540541,2011-01-10,2011-01-14,DHL,1.59,Delivered
540542,2011-01-10,2011-01-14,FedEx,7.02,Delivered
540543,2011-01-09,2011-01-10,Royal Mail,3.42,Delivered
540544,2011-01-09,2011-01-12,Royal Mail,4.57,Delivered
540545,2011-01-09,2011-01-12,UPS,4.7,Delivered
540546,2011-01-10,2011-01-12,Royal Mail,4.37,Delivered
540547,2011-01-11,2011-01-12,FedEx,3.65,Delivered
540548,2011-01-10,2011-01-13,FedEx,6.12,Delivered
540549,2011-01-11,2011-01-18,Royal Mail,6.4,Delivered
540550,2011-01-12,2011-01-17,DHL,5.47,Delivered
540551,2011-01-11,2011-01-16,Hermes,4.26,Delivered
540552,2011-01-10,2011-01-13,UPS,5.65,Delivered
540553,2011-01-12,2011-01-16,Royal Mail,2.96,Delivered
540554,2011-01-10,2011-01-11,FedEx,5.2,Delivered
C540555,2011-01-12,2011-01-17,Royal Mail,5.06,Delivered
540557,2011-01-10,2011-01-13,Hermes,7.54,Delivered
540558,2011-01-11,2011-01-15,Royal Mail,6.34,Delivered
C540559,2011-01-10,2011-01-13,Hermes,3.06,Delivered
540560,2011-01-10,2011-01-17,DHL,2.96,Delivered
540561,2011-01-12,2011-01-16,Royal Mail,4.51,Delivered
540562,2011-01-10,2011-01-17,UPS,7.7,Delivered
540563,2011-01-12,2011-01-14,Royal Mail,4.33,Delivered
540564,2011-01-10,2011-01-14,FedEx,1.88,Delivered
540565,2011-01-11,2011-01-14,DHL,2.79,Delivered
540566,2011-01-12,2011-01-19,Hermes,4.77,Delivered
540567,2011-01-12,2011-01-17,Royal Mail,6.16,Delivered
540568,2011-01-11,2011-01-12,UPS,3.8,Delivered
540595,2011-01-12,2011-01-17,FedEx,1.43,Delivered
540604,2011-01-11,2011-01-13,Hermes,1.4,Delivered
540630,2011-01-12,2011-01-15,FedEx,4.89,Delivered
C540634,2011-01-12,2011-01-16,FedEx,5.15,Delivered
540635,2011-01-11,2011-01-13,UPS,10.71,Delivered
540636,2011-01-12,2011-01-15,Royal Mail,5.92,Delivered
540637,2011-01-10,2011-01-15,UPS,4.45,Delivered
540638,2011-01-10,2011-01-11,DHL,1.37,Delivered
540639,2011-01-12,2011-01-16,UPS,7.2,Delivered
540640,2011-01-12,2011-01-13,Royal Mail,0.9,Delivered
540641,2011-01-12,2011-01-16,Royal Mail,3.98,Delivered
540642,2011-01-11,2011-01-18,UPS,5.88,Delivered
C540643,2011-01-10,2011-01-17,Royal Mail,3.34,Delivered
540644,2011-01-10,2011-01-14,FedEx,7.0,Delivered
540645,2011-01-10,2011-01-16,Royal Mail,4.15,Delivered
540646,2011-01-11,2011-01-17,FedEx,6.32,Delivered
540647,2011-01-12,2011-01-15,DHL,8.44,Delivered
540648,2011-01-10,2011-01-14,FedEx,7.27,Delivered
540649,2011-01-12,2011-01-18,Hermes,5.53,Delivered
540650,2011-01-10,2011-01-11,DHL,7.84,Delivered
540651,2011-01-10,2011-01-17,FedEx,4.72,Delivered
C540652,2011-01-12,2011-01-17,UPS,5.63,Delivered
540653,2011-01-12,2011-01-17,Hermes,6.15,Delivered
540662,2011-01-12,2011-01-14,Royal Mail,2.18,Delivered
540664,2011-01-10,2011-01-13,Hermes,3.26,Delivered
540671,2011-01-10,2011-01-15,FedEx,6.08,Delivered
540672,2011-01-12,2011-01-18,Hermes,7.81,Delivered
540673,2011-01-12,2011-01-15,Hermes,5.09,Delivered
540674,2011-01-11,2011-01-17,Royal Mail,4.92,Delivered
540675,2011-01-11,2011-01-15,UPS,4.55,Delivered
540676,2011-01-11,2011-01-15,FedEx,7.99,Delivered
540677,2011-01-12,2011-01-19,Royal Mail,6.06,Delivered
540678,2011-01-11,2011-01-15,Hermes,4.05,Delivered
540679,2011-01-11,2011-01-14,Royal Mail,3.6,Delivered
540680,2011-01-12,2011-01-19,Royal Mail,6.13,Delivered
540681,2011-01-12,2011-01-14,UPS,9.31,Delivered
540682,2011-01-10,2011-01-12,FedEx,3.83,Delivered
540683,2011-01-11,2011-01-12,Royal Mail,7.09,Delivered
540684,2011-01-10,2011-01-15,FedEx,5.37,Delivered
540685,2011-01-11,2011-01-13,Royal Mail,0.02,Delivered
540687,2011-01-10,2011-01-17,FedEx,5.83,Delivered
540688,2011-01-13,2011-01-20,DHL,8.24,Delivered
540689,2011-01-13,2011-01-17,Royal Mail,3.8,Delivered
540690,2011-01-13,2011-01-17,Hermes,8.84,Delivered
540691,2011-01-11,2011-01-15,FedEx,8.83,Delivered
540692,2011-01-13,2011-01-14,DHL,8.33,Delivered
540693,2011-01-11,2011-01-14,Hermes,6.37,Delivered
540694,2011-01-13,2011-01-17,Royal Mail,5.54,Delivered
540695,2011-01-11,2011-01-14,UPS,5.4,Delivered
540696,2011-01-12,2011-01-13,Hermes,5.02,Delivered
540697,2011-01-13,2011-01-20,Hermes,3.54,Delivered
540698,2011-01-11,2011-01-15,UPS,2.94,Delivered
540699,2011-01-13,2011-01-18,Royal Mail,5.47,Delivered
540700,2011-01-12,2011-01-18,Royal Mail,3.29,Delivered
540701,2011-01-11,2011-01-12,Royal Mail,5.51,Delivered
540702,2011-01-11,2011-01-16,Royal Mail,1.8,Delivered
540703,2011-01-13,2011-01-15,Hermes,2.89,Delivered
540704,2011-01-12,2011-01-15,UPS,2.23,Delivered
540732,2011-01-11,2011-01-13,DHL,5.32,Delivered
540750,2011-01-11,2011-01-12,DHL,4.19,Delivered
540753,2011-01-13,2011-01-20,FedEx,6.98,Delivered
540768,2011-01-12,2011-01-17,Hermes,5.18,Delivered
540769,2011-01-12,2011-01-17,FedEx,3.88,Delivered
540770,2011-01-12,2011-01-15,Royal Mail,2.09,Delivered
540777,2011-01-11,2011-01-12,DHL,4.68,Delivered
540778,2011-01-13,2011-01-20,Hermes,6.32,Delivered
540779,2011-01-11,2011-01-13,DHL,3.38,Delivered
C540780,2011-01-11,2011-01-14,DHL,3.48,Delivered
C540781,2011-01-12,2011-01-17,FedEx,2.32,Delivered
540782,2011-01-13,2011-01-18,FedEx,3.45,Delivered
C540783,2011-01-11,2011-01-12,UPS,3.61,Delivered
540785,2011-01-11,2011-01-15,DHL,7.5,Delivered
C540784,2011-01-13,2011-01-15,UPS,3.62,Delivered
C540786,2011-01-13,2011-01-15,DHL,1.6,Delivered
C540787,2011-01-12,2011-01-19,UPS,5.41,Delivered
C540788,2011-01-11,2011-01-15,DHL,5.11,Delivered
540789,2011-01-11,2011-01-12,FedEx,4.79,Delivered
C540790,2011-01-11,2011-01-16,Royal Mail,6.35,Delivered
C540791,2011-01-13,2011-01-18,FedEx,6.68,Delivered
C540792,2011-01-11,2011-01-12,DHL,5.4,Delivered
C540793,2011-01-12,2011-01-18,DHL,6.17,Delivered
540794,2011-01-12,2011-01-19,Hermes,5.03,Delivered
540795,2011-01-11,2011-01-18,FedEx,6.32,Delivered
C540796,2011-01-11,2011-01-12,DHL,2.45,Delivered
540797,2011-01-11,2011-01-14,DHL,7.43,Delivered
540798,2011-01-12,2011-01-16,DHL,3.68,Delivered
540799,2011-01-11,2011-01-16,Hermes,6.41,Delivered
540800,2011-01-12,2011-01-18,Royal Mail,8.05,Delivered
540801,2011-01-11,2011-01-18,DHL,7.81,Delivered
540802,2011-01-11,2011-01-16,UPS,4.4,Delivered
540803,2011-01-12,2011-01-18,DHL,3.36,Delivered
540809,2011-01-11,2011-01-18,Hermes,1.65,Delivered
540813,2011-01-12,2011-01-19,DHL,2.95,Delivered
C540814,2011-01-12,2011-01-14,Royal Mail,3.89,Delivered
540815,2011-01-11,2011-01-18,Hermes,3.82,Delivered
540816,2011-01-13,2011-01-17,DHL,4.5,Delivered
540817,2011-01-13,2011-01-18,Royal Mail,1.53,Delivered
540818,2011-01-11,2011-01-16,UPS,5.02,Delivered
540819,2011-01-13,2011-01-16,UPS,2.12,Delivered
C540820,2011-01-13,2011-01-17,DHL,4.16,Delivered
540821,2011-01-13,2011-01-17,UPS,6.74,Delivered
540822,2011-01-12,2011-01-15,Hermes,1.34,Delivered
540823,2011-01-13,2011-01-19,Royal Mail,7.63,Delivered
540824,2011-01-11,2011-01-13,DHL,3.6,Delivered
540825,2011-01-11,2011-01-14,UPS,5.43,Delivered
540826,2011-01-12,2011-01-17,DHL,6.78,Delivered
540827,2011-01-13,2011-01-14,DHL,4.24,Delivered
540828,2011-01-11,2011-01-14,UPS,3.56,Delivered
540829,2011-01-11,2011-01-15,Hermes,4.83,Delivered
540832,2011-01-13,2011-01-16,UPS,2.97,Delivered
540833,2011-01-12,2011-01-19,UPS,5.64,Delivered
540834,2011-01-12,2011-01-15,UPS,7.13,Delivered
540835,2011-01-12,2011-01-18,Royal Mail,5.33,Delivered
540836,2011-01-12,2011-01-13,FedEx,6.32,Delivered
C540837,2011-01-13,2011-01-14,FedEx,3.0,Delivered
540838,2011-01-11,2011-01-12,Royal Mail,5.5,Delivered
540839,2011-01-11,2011-01-14,DHL,5.24,Delivered
540840,2011-01-13,2011-01-16,FedEx,3.8,Delivered
C540841,2011-01-13,2011-01-20,FedEx,8.48,Delivered
540842,2011-01-11,2011-01-17,Hermes,12.18,Delivered
C540843,2011-01-13,2011-01-19,Hermes,4.91,Delivered
540844,2011-01-12,2011-01-13,FedEx,4.63,Delivered
C540845,2011-01-12,2011-01-16,Hermes,6.81,Delivered
C540846,2011-01-13,2011-01-14,UPS,1.59,Delivered
C540847,2011-01-11,2011-01-18,UPS,0.04,Delivered
540848,2011-01-12,2011-01-14,DHL,2.62,Delivered
540849,2011-01-14,2011-01-21,UPS,5.39,Delivered
C540850,2011-01-14,2011-01-21,UPS,4.54,Delivered
540851,2011-01-12,2011-01-16,UPS,5.71,Delivered
C540852,2011-01-12,2011-01-16,UPS,5.3,Delivered
C540853,2011-01-12,2011-01-17,DHL,4.61,Delivered
C540854,2011-01-13,2011-01-19,Royal Mail,2.07,Delivered
540855,2011-01-13,2011-01-16,DHL,5.0,Delivered
540856,2011-01-13,2011-01-17,UPS,5.25,Delivered
540857,2011-01-13,2011-01-16,Hermes,1.95,Delivered
540858,2011-01-12,2011-01-17,Royal Mail,6.02,Delivered
540859,2011-01-13,2011-01-18,Hermes,4.46,Delivered
C540860,2011-01-14,2011-01-19,UPS,6.34,Delivered
540862,2011-01-13,2011-01-14,Hermes,4.83,Delivered
540866,2011-01-13,2011-01-15,UPS,7.01,Delivered
C540895,2011-01-13,2011-01-19,FedEx,6.64,Delivered
540900,2011-01-12,2011-01-14,Royal Mail,4.43,Delivered
540906,2011-01-14,2011-01-19,UPS,3.89,Delivered
540907,2011-01-12,2011-01-14,DHL,9.65,Delivered
540908,2011-01-13,2011-01-15,DHL,7.17,Delivered
540915,2011-01-13,2011-01-19,Hermes,5.62,Delivered
C540937,2011-01-14,2011-01-15,DHL,5.29,Delivered
540939,2011-01-13,2011-01-20,UPS,0.32,Delivered
C540938,2011-01-12,2011-01-17,UPS,8.82,Delivered
540940,2011-01-13,2011-01-19,Royal Mail,1.68,Delivered
C540942,2011-01-12,2011-01-14,DHL,7.78,Delivered
540943,2011-01-13,2011-01-17,UPS,6.42,Delivered
C540944,2011-01-13,2011-01-18,DHL,7.2,Delivered
540945,2011-01-14,2011-01-20,UPS,4.96,Delivered
540946,2011-01-12,2011-01-16,Royal Mail,5.24,Delivered
540947,2011-01-13,2011-01-18,DHL,0.67,Delivered
C540948,2011-01-13,2011-01-17,UPS,4.29,Delivered
C540949,2011-01-14,2011-01-15,Royal Mail,4.03,Delivered
C540950,2011-01-13,2011-01-16,FedEx,9.01,Delivered
540951,2011-01-13,2011-01-18,DHL,3.92,Delivered
C540952,2011-01-14,2011-01-20,UPS,5.64,Delivered
540953,2011-01-13,2011-01-17,DHL,4.72,Delivered
540954,2011-01-14,2011-01-15,DHL,4.15,Delivered
540955,2011-01-12,2011-01-15,Hermes,3.84,Delivered
540957,2011-01-14,2011-01-20,DHL,9.3,Delivered
540968,2011-01-13,2011-01-17,Hermes,6.39,Delivered
540970,2011-01-12,2011-01-17,FedEx,6.32,Delivered
540971,2011-01-13,2011-01-17,DHL,4.96,Delivered
540972,2011-01-13,2011-01-14,Royal Mail,7.38,Delivered
540973,2011-01-14,2011-01-20,UPS,2.57,Delivered
540974,2011-01-12,2011-01-16,Royal Mail,7.25,Delivered
540975,2011-01-12,2011-01-15,Royal Mail,4.72,Delivered
540976,2011-01-14,2011-01-20,UPS,3.95,Delivered
540977,2011-01-13,2011-01-17,Royal Mail,7.54,Delivered
540978,2011-01-14,2011-01-18,DHL,6.45,Delivered
540979,2011-01-13,2011-01-20,FedEx,5.67,Delivered
540980,2011-01-12,2011-01-17,Royal Mail,3.97,Delivered
540981,2011-01-12,2011-01-15,Royal Mail,3.06,Delivered
540982,2011-01-12,2011-01-18,Royal Mail,4.57,Delivered
540983,2011-01-14,2011-01-17,DHL,3.83,Delivered
540984,2011-01-14,2011-01-15,Hermes,5.46,Delivered
540985,2011-01-12,2011-01-16,Royal Mail,6.89,Delivered
540986,2011-01-14,2011-01-20,Royal Mail,1.87,Delivered
540987,2011-01-13,2011-01-19,FedEx,2.46,Delivered
540990,2011-01-12,2011-01-19,UPS,5.93,Delivered
540991,2011-01-12,2011-01-14,FedEx,6.12,Delivered
540992,2011-01-12,2011-01-16,Royal Mail,4.28,Delivered
540993,2011-01-13,2011-01-16,DHL,4.69,Delivered
540994,2011-01-13,2011-01-20,DHL,4.35,Delivered
540995,2011-01-15,2011-01-17,Royal Mail,4.18,Delivered
540996,2011-01-14,2011-01-17,Hermes,5.48,Delivered
540997,2011-01-15,2011-01-17,Hermes,5.67,Delivered
540998,2011-01-14,2011-01-15,DHL,7.41,Delivered
540999,2011-01-13,2011-01-14,FedEx,4.85,Delivered
541000,2011-01-15,2011-01-18,Royal Mail,5.31,Delivered
541001,2011-01-14,2011-01-16,UPS,5.55,Delivered
541002,2011-01-14,2011-01-20,Hermes,7.88,Delivered
541003,2011-01-14,2011-01-15,Royal Mail,6.55,Delivered
541004,2011-01-15,2011-01-19,Royal Mail,3.64,Delivered
541005,2011-01-15,2011-01-20,Hermes,7.39,Delivered
541006,2011-01-15,2011-01-18,UPS,9.45,Delivered
C541007,2011-01-15,2011-01-22,DHL,3.6,Delivered
541008,2011-01-15,2011-01-18,UPS,7.47,Delivered
C541009,2011-01-13,2011-01-16,Royal Mail,2.94,Delivered
541010,2011-01-14,2011-01-19,DHL,3.33,Delivered
541011,2011-01-15,2011-01-20,Royal Mail,5.3,Delivered
541012,2011-01-13,2011-01-16,DHL,7.75,Delivered
541013,2011-01-15,2011-01-19,DHL,4.49,Delivered
541014,2011-01-14,2011-01-18,FedEx,4.52,Delivered
541015,2011-01-13,2011-01-15,UPS,5.16,Delivered
541018,2011-01-15,2011-01-20,UPS,5.53,Delivered
541021,2011-01-15,2011-01-18,DHL,4.49,Delivered
541038,2011-01-13,2011-01-18,UPS,7.83,Delivered
541043,2011-01-15,2011-01-22,FedEx,5.0,Delivered
541086,2011-01-15,2011-01-18,FedEx,3.56,Delivered
541087,2011-01-13,2011-01-15,Hermes,9.21,Delivered
541088,2011-01-13,2011-01-20,DHL,6.49,Delivered
C541089,2011-01-15,2011-01-22,UPS,3.74,Delivered
C541090,2011-01-15,2011-01-16,Royal Mail,4.83,Delivered
541091,2011-01-14,2011-01-15,DHL,10.89,Delivered
C541092,2011-01-13,2011-01-15,Royal Mail,7.0,Delivered
541093,2011-01-13,2011-01-18,Hermes,7.26,Delivered
541094,2011-01-13,2011-01-18,Royal Mail,0.96,Delivered
541103,2011-01-14,2011-01-20,UPS,3.8,Delivered
541104,2011-01-13,2011-01-17,DHL,7.96,Delivered
541105,2011-01-15,2011-01-17,FedEx,4.52,Delivered
541106,2011-01-15,2011-01-17,FedEx,7.13,Delivered
541107,2011-01-14,2011-01-15,FedEx,4.03,Delivered
541108,2011-01-14,2011-01-18,Hermes,5.72,Delivered
541109,2011-01-15,2011-01-21,UPS,5.24,Delivered
541110,2011-01-14,2011-01-15,UPS,1.31,Delivered
541111,2011-01-14,2011-01-21,Royal Mail,5.25,Delivered
541112,2011-01-15,2011-01-20,DHL,0.49,Delivered
541113,2011-01-15,2011-01-21,DHL,4.9,Delivered
541114,2011-01-14,2011-01-17,UPS,7.23,Delivered
541115,2011-01-15,2011-01-20,UPS,5.98,Delivered
C541117,2011-01-14,2011-01-16,DHL,5.47,Delivered
541118,2011-01-13,2011-01-14,Royal Mail,7.09,Delivered
541119,2011-01-15,2011-01-19,UPS,2.53,Delivered
541120,2011-01-15,2011-01-19,FedEx,3.72,Delivered
541121,2011-01-16,2011-01-17,UPS,6.14,Delivered
541122,2011-01-14,2011-01-15,UPS,6.08,Delivered
541123,2011-01-15,2011-01-18,FedEx,4.51,Delivered
541124,2011-01-16,2011-01-22,UPS,3.73,Delivered
541125,2011-01-14,2011-01-20,UPS,3.56,Delivered
541126,2011-01-15,2011-01-21,DHL,5.03,Delivered
541127,2011-01-15,2011-01-21,Royal Mail,5.53,Delivered
541128,2011-01-16,2011-01-22,DHL,4.84,Delivered
541129,2011-01-16,2011-01-18,FedEx,7.2,Delivered
541130,2011-01-14,2011-01-19,Hermes,8.66,Delivered
541131,2011-01-14,2011-01-15,Royal Mail,3.85,Delivered
541132,2011-01-16,2011-01-22,UPS,2.87,Delivered
541133,2011-01-14,2011-01-19,DHL,6.59,Delivered
541134,2011-01-15,2011-01-17,UPS,4.97,Delivered
541135,2011-01-16,2011-01-22,UPS,6.7,Delivered
541136,2011-01-16,2011-01-19,UPS,5.07,Delivered
541137,2011-01-14,2011-01-15,Hermes,0.46,Delivered
541138,2011-01-15,2011-01-22,DHL,4.84,Delivered
541139,2011-01-16,2011-01-20,FedEx,6.36,Delivered
541149,2011-01-14,2011-01-16,UPS,5.76,Delivered
541172,2011-01-16,2011-01-20,Hermes,5.01,Delivered
541181,2011-01-15,2011-01-21,FedEx,4.87,Delivered
C541201,2011-01-15,2011-01-17,DHL,3.78,Delivered
541202,2011-01-14,2011-01-18,DHL,4.03,Delivered
541203,2011-01-16,2011-01-23,DHL,4.98,Delivered
541204,2011-01-14,2011-01-16,Royal Mail,5.0,Delivered
541205,2011-01-14,2011-01-17,UPS,1.36,Delivered
541206,2011-01-15,2011-01-21,Hermes,7.2,Delivered
541207,2011-01-14,2011-01-17,Royal Mail,6.8,Delivered
541208,2011-01-15,2011-01-16,FedEx,5.45,Delivered
541213,2011-01-14,2011-01-18,UPS,5.19,Delivered
541214,2011-01-16,2011-01-23,Royal Mail,6.57,Delivered
541215,2011-01-14,2011-01-20,Hermes,5.09,Delivered
541216,2011-01-14,2011-01-15,DHL,4.76,Delivered
541217,2011-01-16,2011-01-21,FedEx,4.97,Delivered
541218,2011-01-15,2011-01-19,FedEx,3.56,Delivered
541219,2011-01-16,2011-01-19,FedEx,3.9,Delivered
541220,2011-01-14,2011-01-17,UPS,4.5,Delivered
541221,2011-01-15,2011-01-22,FedEx,5.47,Delivered
C541222,2011-01-14,2011-01-15,UPS,6.39,Delivered
541223,2011-01-14,2011-01-15,Hermes,3.53,Delivered
541224,2011-01-14,2011-01-21,Hermes,4.43,Delivered
541225,2011-01-14,2011-01-17,UPS,8.05,Delivered
541226,2011-01-16,2011-01-22,UPS,2.07,Delivered
541227,2011-01-14,2011-01-20,FedEx,4.73,Delivered
541228,2011-01-14,2011-01-20,FedEx,8.7,Delivered
C541229,2011-01-16,2011-01-19,UPS,1.23,Delivered
C541231,2011-01-14,2011-01-19,UPS,2.77,Delivered
C541232,2011-01-14,2011-01-17,UPS,6.62,Delivered
C541233,2011-01-15,2011-01-21,Royal Mail,4.84,Delivered
C541234,2011-01-14,2011-01-20,DHL,3.34,Delivered
C541235,2011-01-16,2011-01-21,Hermes,7.3,Delivered
541236,2011-01-14,2011-01-17,Hermes,5.47,Delivered
C541237,2011-01-15,2011-01-17,UPS,7.2,Delivered
541238,2011-01-18,2011-01-20,DHL,4.36,Delivered
541239,2011-01-16,2011-01-18,Royal Mail,9.99,Delivered
541240,2011-01-16,2011-01-18,FedEx,8.9,Delivered
541241,2011-01-17,2011-01-24,FedEx,5.29,Delivered
541242,2011-01-17,2011-01-23,Royal Mail,6.52,Delivered
541243,2011-01-18,2011-01-20,Hermes,3.44,Delivered
541244,2011-01-18,2011-01-21,DHL,3.27,Delivered
C541245,2011-01-18,2011-01-25,Hermes,6.68,Delivered
541246,2011-01-18,2011-01-24,UPS,5.72,Delivered
541247,2011-01-18,2011-01-24,Hermes,7.1,Delivered
541248,2011-01-16,2011-01-18,FedEx,4.55,Delivered
541249,2011-01-16,2011-01-19,Royal Mail,6.4,Delivered
541250,2011-01-18,2011-01-20,Royal Mail,6.17,Delivered
541251,2011-01-18,2011-01-21,DHL,8.0,Delivered
541252,2011-01-18,2011-01-24,Royal Mail,1.05,Delivered
541253,2011-01-17,2011-01-18,Hermes,1.22,Delivered
C541254,2011-01-17,2011-01-20,FedEx,4.14,Delivered
541255,2011-01-18,2011-01-25,DHL,2.31,Delivered
541256,2011-01-16,2011-01-17,UPS,4.66,Delivered
C541257,2011-01-16,2011-01-21,UPS,3.52,Delivered
541258,2011-01-17,2011-01-24,DHL,8.37,Delivered
541259,2011-01-17,2011-01-23,UPS,5.98,Delivered
541260,2011-01-18,2011-01-24,Royal Mail,6.31,Delivered
C541261,2011-01-18,2011-01-21,FedEx,1.95,Delivered
541262,2011-01-17,2011-01-24,Hermes,4.95,Delivered
541263,2011-01-17,2011-01-23,DHL,1.88,Delivered
541264,2011-01-17,2011-01-18,FedEx,5.1,Delivered
541265,2011-01-16,2011-01-23,DHL,7.7,Delivered
541266,2011-01-16,2011-01-22,Royal Mail,1.19,Delivered
541267,2011-01-17,2011-01-24,UPS,4.76,Delivered
541268,2011-01-19,2011-01-26,DHL,3.33,Delivered
541269,2011-01-17,2011-01-22,UPS,3.43,Delivered
541270,2011-01-18,2011-01-25,UPS,7.57,Delivered
541271,2011-01-18,2011-01-19,Hermes,4.76,Delivered
541272,2011-01-17,2011-01-23,Hermes,3.39,Delivered
541273,2011-01-18,2011-01-19,DHL,3.42,Delivered
541274,2011-01-17,2011-01-24,FedEx,8.17,Delivered
541275,2011-01-18,2011-01-24,DHL,3.09,Delivered
541276,2011-01-18,2011-01-21,DHL,3.99,Delivered
541277,2011-01-17,2011-01-19,DHL,4.98,Delivered
541278,2011-01-19,2011-01-26,Hermes,4.73,Delivered
541279,2011-01-17,2011-01-23,DHL,0.93,Delivered
541280,2011-01-19,2011-01-26,DHL,8.99,Delivered
541281,2011-01-17,2011-01-18,FedEx,6.24,Delivered
541282,2011-01-17,2011-01-18,Hermes,4.8,Delivered
541283,2011-01-19,2011-01-22,Hermes,3.96,Delivered
541285,2011-01-19,2011-01-23,DHL,5.46,Delivered
C541284,2011-01-17,2011-01-18,DHL,3.65,Delivered
541286,2011-01-19,2011-01-21,UPS,6.03,Delivered
541287,2011-01-19,2011-01-26,Royal Mail,5.69,Delivered
541288,2011-01-19,2011-01-23,FedEx,1.06,Delivered
541289,2011-01-19,2011-01-25,UPS,4.32,Delivered
541290,2011-01-17,2011-01-18,UPS,5.75,Delivered
541291,2011-01-19,2011-01-25,Hermes,5.42,Delivered
541292,2011-01-19,2011-01-23,FedEx,7.63,Delivered
541293,2011-01-19,2011-01-25,Royal Mail,5.35,Delivered
541294,2011-01-18,2011-01-24,UPS,3.78,Delivered
541302,2011-01-18,2011-01-23,DHL,5.59,Delivered
541316,2011-01-19,2011-01-21,UPS,5.42,Delivered
541357,2011-01-19,2011-01-20,UPS,2.67,Delivered
541362,2011-01-19,2011-01-23,Royal Mail,4.14,Delivered
541370,2011-01-19,2011-01-26,Hermes,1.41,Delivered
541371,2011-01-19,2011-01-20,DHL,4.1,Delivered
541391,2011-01-19,2011-01-20,DHL,6.99,Delivered
541400,2011-01-17,2011-01-22,UPS,2.65,Delivered
541405,2011-01-18,2011-01-19,Royal Mail,5.94,Delivered
541406,2011-01-17,2011-01-18,Hermes,5.98,Delivered
541407,2011-01-18,2011-01-25,Royal Mail,5.89,Delivered
541408,2011-01-18,2011-01-21,Hermes,5.52,Delivered
541409,2011-01-17,2011-01-21,Royal Mail,5.01,Delivered
541410,2011-01-19,2011-01-26,FedEx,5.61,Delivered
541411,2011-01-19,2011-01-24,UPS,6.48,Delivered
541412,2011-01-18,2011-01-23,FedEx,6.79,Delivered
541413,2011-01-19,2011-01-24,Hermes,5.23,Delivered
541414,2011-01-17,2011-01-19,Royal Mail,5.88,Delivered
C541415,2011-01-17,2011-01-19,FedEx,5.86,Delivered
541417,2011-01-17,2011-01-22,Hermes,3.91,Delivered
C541416,2011-01-17,2011-01-22,FedEx,4.45,Delivered
C541418,2011-01-18,2011-01-19,Hermes,8.18,Delivered
541420,2011-01-18,2011-01-21,UPS,4.3,Delivered
541421,2011-01-18,2011-01-19,FedEx,4.03,Delivered
541422,2011-01-19,2011-01-23,DHL,4.25,Delivered
541423,2011-01-19,2011-01-22,DHL,4.83,Delivered
541424,2011-01-19,2011-01-22,Hermes,2.96,Delivered
541425,2011-01-20,2011-01-22,UPS,1.9,Delivered
541426,2011-01-18,2011-01-21,UPS,1.26,Delivered
541427,2011-01-18,2011-01-19,FedEx,8.56,Delivered
541428,2011-01-18,2011-01-23,Royal Mail,4.18,Delivered
541429,2011-01-19,2011-01-25,Royal Mail,3.13,Delivered
541430,2011-01-19,2011-01-22,FedEx,7.17,Delivered
541431,2011-01-19,2011-01-20,Royal Mail,7.85,Delivered
541432,2011-01-19,2011-01-21,UPS,8.34,Delivered
C541433,2011-01-18,2011-01-20,Hermes,3.96,Delivered
541434,2011-01-20,2011-01-23,Hermes,6.01,Delivered
541435,2011-01-20,2011-01-23,Hermes,2.91,Delivered
541436,2011-01-19,2011-01-24,FedEx,1.67,Delivered
541439,2011-01-18,2011-01-21,UPS,2.34,Delivered
541473,2011-01-18,2011-01-21,Hermes,1.08,Delivered
541474,2011-01-19,2011-01-23,Hermes,3.68,Delivered
541479,2011-01-18,2011-01-21,Royal Mail,3.77,Delivered
541480,2011-01-20,2011-01-22,DHL,2.09,Delivered
541481,2011-01-19,2011-01-24,FedEx,8.04,Delivered
541482,2011-01-19,2011-01-25,DHL,6.05,Delivered
541483,2011-01-20,2011-01-25,UPS,4.66,Delivered
541484,2011-01-19,2011-01-26,UPS,3.77,Delivered
541485,2011-01-20,2011-01-23,FedEx,7.32,Delivered
541486,2011-01-20,2011-01-27,DHL,4.29,Delivered
541487,2011-01-19,2011-01-25,Royal Mail,6.93,Delivered
541488,2011-01-19,2011-01-26,Royal Mail,4.34,Delivered
541489,2011-01-20,2011-01-21,Royal Mail,4.4,Delivered
541490,2011-01-18,2011-01-23,Royal Mail,0.22,Delivered
541491,2011-01-18,2011-01-24,FedEx,2.8,Delivered
C541492,2011-01-18,2011-01-22,Hermes,4.22,Delivered
541493,2011-01-20,2011-01-22,UPS,1.96,Delivered
541494,2011-01-20,2011-01-25,Royal Mail,5.04,Delivered
541495,2011-01-19,2011-01-20,Hermes,6.39,Delivered
541496,2011-01-18,2011-01-24,UPS,8.51,Delivered
541497,2011-01-20,2011-01-25,FedEx,5.12,Delivered
C541498,2011-01-20,2011-01-26,Hermes,8.28,Delivered
C541499,2011-01-18,2011-01-23,UPS,7.92,Delivered
541500,2011-01-20,2011-01-22,DHL,4.34,Delivered
C541501,2011-01-18,2011-01-21,DHL,0.08,Delivered
C541502,2011-01-19,2011-01-23,UPS,4.58,Delivered
C541503,2011-01-18,2011-01-21,Royal Mail,3.42,Delivered
541504,2011-01-20,2011-01-27,Royal Mail,7.57,Delivered
541505,2011-01-19,2011-01-22,UPS,4.63,Delivered
541506,2011-01-20,2011-01-26,Hermes,6.33,Delivered
541507,2011-01-19,2011-01-21,FedEx,9.56,Delivered
541508,2011-01-20,2011-01-27,Royal Mail,2.82,Delivered
541509,2011-01-19,2011-01-24,UPS,5.2,Delivered
541510,2011-01-19,2011-01-22,FedEx,5.08,Delivered
541511,2011-01-19,2011-01-20,Royal Mail,3.12,Delivered
541513,2011-01-19,2011-01-22,Royal Mail,7.59,Delivered
C541512,2011-01-18,2011-01-22,UPS,5.79,Delivered
541516,2011-01-18,2011-01-22,Royal Mail,7.32,Delivered
541517,2011-01-20,2011-01-21,DHL,5.18,Delivered
541518,2011-01-20,2011-01-24,FedEx,3.49,Delivered
541519,2011-01-20,2011-01-23,UPS,6.93,Delivered
541520,2011-01-20,2011-01-21,UPS,3.45,Delivered
541521,2011-01-21,2011-01-28,UPS,5.98,Delivered
541522,2011-01-20,2011-01-21,FedEx,6.59,Delivered
541523,2011-01-21,2011-01-23,Royal Mail,5.21,Delivered
541524,2011-01-20,2011-01-24,FedEx,5.53,Delivered
541525,2011-01-19,2011-01-21,DHL,9.8,Delivered
541530,2011-01-20,2011-01-21,UPS,3.38,Delivered
541552,2011-01-20,2011-01-25,UPS,5.97,Delivered
541564,2011-01-20,2011-01-27,UPS,1.99,Delivered
541565,2011-01-21,2011-01-27,UPS,8.41,Delivered
541566,2011-01-19,2011-01-21,DHL,8.7,Delivered
541567,2011-01-20,2011-01-25,Royal Mail,5.16,Delivered
541568,2011-01-21,2011-01-28,FedEx,3.54,Delivered
541569,2011-01-20,2011-01-25,Royal Mail,3.49,Delivered
541570,2011-01-20,2011-01-21,UPS,5.66,Delivered
541571,2011-01-19,2011-01-24,DHL,4.83,Delivered
C541572,2011-01-20,2011-01-27,Royal Mail,3.72,Delivered
C541573,2011-01-20,2011-01-26,DHL,3.94,Delivered
541574,2011-01-20,2011-01-26,Royal Mail,3.17,Delivered
541575,2011-01-21,2011-01-27,Hermes,4.01,Delivered
541576,2011-01-21,2011-01-27,DHL,4.17,Delivered
541584,2011-01-19,2011-01-20,DHL,3.7,Delivered
541585,2011-01-19,2011-01-21,UPS,5.93,Delivered
C541586,2011-01-19,2011-01-24,DHL,5.54,Delivered
541587,2011-01-20,2011-01-25,FedEx,5.35,Delivered
541588,2011-01-21,2011-01-27,DHL,5.37,Delivered
C541589,2011-01-19,2011-01-24,UPS,7.07,Delivered
541590,2011-01-21,2011-01-22,FedEx,6.46,Delivered
541591,2011-01-20,2011-01-26,UPS,6.21,Delivered
541592,2011-01-19,2011-01-22,Royal Mail,5.03,Delivered
541593,2011-01-21,2011-01-27,FedEx,5.06,Delivered
541594,2011-01-19,2011-01-22,UPS,4.49,Delivered
541595,2011-01-20,2011-01-22,FedEx,7.68,Delivered
541596,2011-01-20,2011-01-23,FedEx,4.7,Delivered
541596,2011-01-19,2011-01-25,Hermes,5.85,Delivered
541597,2011-01-19,2011-01-22,FedEx,4.9,Delivered
541600,2011-01-21,2011-01-26,Hermes,3.11,Delivered
541601,2011-01-20,2011-01-22,FedEx,5.49,Delivered
541602,2011-01-19,2011-01-21,Hermes,6.91,Delivered
C541603,2011-01-19,2011-01-20,Hermes,9.07,Delivered
541604,2011-01-19,2011-01-21,UPS,4.18,Delivered
541605,2011-01-20,2011-01-21,Hermes,3.76,Delivered
541606,2011-01-21,2011-01-28,DHL,3.85,Delivered
541607,2011-01-22,2011-01-28,DHL,6.26,Delivered
541608,2011-01-22,2011-01-28,FedEx,5.35,Delivered
541609,2011-01-22,2011-01-25,FedEx,1.99,Delivered
541610,2011-01-21,2011-01-22,UPS,6.01,Delivered
541611,2011-01-21,2011-01-26,Hermes,5.31,Delivered
541615,2011-01-21,2011-01-27,DHL,3.83,Delivered
541631,2011-01-21,2011-01-22,Hermes,9.97,Delivered
541631,2011-01-20,2011-01-26,UPS,7.0,Delivered
C541641,2011-01-21,2011-01-27,Hermes,8.66,Delivered
541648,2011-01-20,2011-01-24,Hermes,1.12,Delivered
541649,2011-01-21,2011-01-26,UPS,3.71,Delivered
C541650,2011-01-20,2011-01-21,DHL,5.93,Delivered
C541651,2011-01-22,2011-01-24,Hermes,3.65,Delivered
541652,2011-01-22,2011-01-26,Hermes,1.12,Delivered
C541653,2011-01-22,2011-01-28,Hermes,4.78,Delivered
C541654,2011-01-21,2011-01-27,FedEx,8.91,Delivered
541655,2011-01-22,2011-01-23,DHL,5.4,Delivered
C541656,2011-01-21,2011-01-22,DHL,7.44,Delivered
541657,2011-01-21,2011-01-23,FedEx,5.46,Delivered
541658,2011-01-20,2011-01-27,DHL,4.54,Delivered
541659,2011-01-22,2011-01-23,Royal Mail,3.32,Delivered
541660,2011-01-21,2011-01-24,Royal Mail,2.72,Delivered
541664,2011-01-22,2011-01-27,FedEx,4.64,Delivered
541669,2011-01-22,2011-01-25,FedEx,2.98,Delivered
541670,2011-01-20,2011-01-26,Royal Mail,5.63,Delivered
541671,2011-01-21,2011-01-23,FedEx,3.74,Delivered
541672,2011-01-20,2011-01-25,Hermes,7.6,Delivered
541673,2011-01-21,2011-01-27,FedEx,7.05,Delivered
C541674,2011-01-22,2011-01-28,Hermes,1.5,Delivered
541675,2011-01-20,2011-01-23,FedEx,3.84,Delivered
541676,2011-01-20,2011-01-25,UPS,5.81,Delivered
541677,2011-01-22,2011-01-26,FedEx,6.2,Delivered
541678,2011-01-20,2011-01-24,Royal Mail,2.78,Delivered
541679,2011-01-20,2011-01-22,Hermes,5.06,Delivered
541680,2011-01-21,2011-01-27,DHL,4.75,Delivered
541681,2011-01-20,2011-01-22,UPS,4.67,Delivered
541682,2011-01-22,2011-01-27,DHL,5.7,Delivered
541683,2011-01-20,2011-01-24,UPS,5.33,Delivered
541684,2011-01-20,2011-01-26,Hermes,7.17,Delivered
541685,2011-01-20,2011-01-25,Royal Mail,7.53,Delivered
541686,2011-01-21,2011-01-25,Royal Mail,5.25,Delivered
541687,2011-01-22,2011-01-23,DHL,5.21,Delivered
C541688,2011-01-20,2011-01-27,Royal Mail,4.48,Delivered
C541689,2011-01-22,2011-01-23,Royal Mail,9.7,Delivered
541690,2011-01-20,2011-01-25,FedEx,5.51,Delivered
C541691,2011-01-20,2011-01-24,Hermes,4.33,Delivered
541692,2011-01-21,2011-01-28,DHL,4.19,Delivered
C541693,2011-01-20,2011-01-21,Hermes,7.14,Delivered
C541694,2011-01-22,2011-01-25,Hermes,7.67,Delivered
541695,2011-01-20,2011-01-25,FedEx,7.61,Delivered
541696,2011-01-20,2011-01-25,UPS,7.77,Delivered
541697,2011-01-20,2011-01-22,UPS,8.43,Delivered
541698,2011-01-21,2011-01-23,FedEx,4.2,Delivered
541699,2011-01-23,2011-01-27,Royal Mail,3.81,Delivered
541700,2011-01-22,2011-01-24,Royal Mail,5.8,Delivered
C541701,2011-01-22,2011-01-25,Royal Mail,9.94,Delivered
541702,2011-01-23,2011-01-26,Royal Mail,2.09,Delivered
541703,2011-01-21,2011-01-22,Hermes,8.5,Delivered
C541704,2011-01-21,2011-01-23,UPS,2.34,Delivered
C541705,2011-01-23,2011-01-27,DHL,4.48,Delivered
541706,2011-01-23,2011-01-29,FedEx,3.83,Delivered
C541707,2011-01-21,2011-01-24,UPS,3.84,Delivered
541708,2011-01-23,2011-01-26,FedEx,6.17,Delivered
541709,2011-01-21,2011-01-28,Royal Mail,2.07,Delivered
C541710,2011-01-21,2011-01-28,DHL,4.15,Delivered
541711,2011-01-23,2011-01-30,UPS,6.8,Delivered
541712,2011-01-21,2011-01-22,Hermes,2.11,Delivered
541732,2011-01-21,2011-01-22,FedEx,6.42,Delivered
C541735,2011-01-21,2011-01-23,UPS,3.6,Delivered
541756,2011-01-22,2011-01-28,UPS,6.87,Delivered
541782,2011-01-23,2011-01-30,FedEx,8.1,Delivered
C541779,2011-01-21,2011-01-25,UPS,8.67,Delivered
541783,2011-01-23,2011-01-27,Hermes,2.59,Delivered
541784,2011-01-21,2011-01-25,Royal Mail,4.48,Delivered
541785,2011-01-23,2011-01-29,UPS,1.59,Delivered
C541786,2011-01-23,2011-01-25,Royal Mail,4.42,Delivered
C541787,2011-01-21,2011-01-24,Royal Mail,6.13,Delivered
541788,2011-01-22,2011-01-27,UPS,8.73,Delivered
541789,2011-01-21,2011-01-22,Royal Mail,6.61,Delivered
541791,2011-01-21,2011-01-24,UPS,4.0,Delivered
C541790,2011-01-21,2011-01-28,Hermes,9.35,Delivered
541792,2011-01-21,2011-01-23,DHL,4.22,Delivered
541793,2011-01-21,2011-01-27,DHL,7.29,Delivered
541794,2011-01-21,2011-01-25,Royal Mail,7.07,Delivered
541795,2011-01-23,2011-01-27,FedEx,5.89,Delivered
541796,2011-01-23,2011-01-24,UPS,5.32,Delivered
541797,2011-01-23,2011-01-30,DHL,6.87,Delivered
541798,2011-01-21,2011-01-23,Royal Mail,5.36,Delivered
541799,2011-01-21,2011-01-26,UPS,5.75,Delivered
541800,2011-01-23,2011-01-25,Hermes,6.03,Delivered
541801,2011-01-23,2011-01-26,UPS,3.46,Delivered
541802,2011-01-23,2011-01-29,Royal Mail,5.96,Delivered
541808,2011-01-22,2011-01-23,DHL,7.67,Delivered
541809,2011-01-23,2011-01-30,DHL,6.06,Delivered
541809,2011-01-23,2011-01-25,Royal Mail,3.33,Delivered
541810,2011-01-22,2011-01-27,FedEx,6.27,Delivered
541811,2011-01-23,2011-01-28,FedEx,4.47,Delivered
541812,2011-01-21,2011-01-24,Royal Mail,2.97,Delivered
541813,2011-01-23,2011-01-27,DHL,4.91,Delivered
541814,2011-01-21,2011-01-23,UPS,2.98,Delivered
541815,2011-01-21,2011-01-28,Hermes,4.37,Delivered
541816,2011-01-23,2011-01-27,UPS,4.51,Delivered
541816,2011-01-22,2011-01-28,UPS,5.56,Delivered
C541817,2011-01-22,2011-01-28,UPS,3.94,Delivered
C541818,2011-01-21,2011-01-24,Royal Mail,6.5,Delivered
C541821,2011-01-22,2011-01-23,DHL,6.16,Delivered
C541822,2011-01-22,2011-01-24,Hermes,6.08,Delivered
C541823,2011-01-21,2011-01-28,FedEx,5.86,Delivered
C541824,2011-01-21,2011-01-26,DHL,4.67,Delivered
C541825,2011-01-22,2011-01-23,Hermes,4.61,Delivered
C541826,2011-01-23,2011-01-24,Hermes,7.29,Delivered
541827,2011-01-21,2011-01-24,Royal Mail,4.81,Delivered
C541828,2011-01-22,2011-01-23,FedEx,5.05,Delivered
C541829,2011-01-23,2011-01-25,FedEx,0.0,Delivered
541830,2011-01-22,2011-01-28,FedEx,8.07,Delivered
C541831,2011-01-21,2011-01-24,UPS,4.49,Delivered
541832,2011-01-23,2011-01-28,Royal Mail,1.55,Delivered
C541833,2011-01-21,2011-01-26,UPS,4.95,Delivered
C541834,2011-01-22,2011-01-27,Royal Mail,4.71,Delivered
541835,2011-01-24,2011-01-25,Royal Mail,6.11,Delivered
541836,2011-01-25,2011-01-27,DHL,6.03,Delivered
541837,2011-01-25,2011-01-27,Hermes,2.27,Delivered
541838,2011-01-25,2011-01-31,Hermes,2.32,Delivered
541839,2011-01-24,2011-01-28,DHL,1.24,Delivered
541840,2011-01-24,2011-01-27,FedEx,1.61,Delivered
541841,2011-01-23,2011-01-29,UPS,1.68,Delivered
541842,2011-01-23,2011-01-25,Hermes,1.06,Delivered
541843,2011-01-25,2011-01-31,UPS,1.87,Delivered
541844,2011-01-23,2011-01-30,Royal Mail,7.53,Delivered
541845,2011-01-25,2011-02-01,Royal Mail,8.16,Delivered
541846,2011-01-24,2011-01-25,UPS,3.18,Delivered
541847,2011-01-23,2011-01-24,FedEx,9.3,Delivered
541848,2011-01-25,2011-01-28,FedEx,6.06,Delivered
541849,2011-01-24,2011-01-27,UPS,5.67,Delivered
541849,2011-01-24,2011-01-31,UPS,4.35,Delivered
541850,2011-01-23,2011-01-28,UPS,4.11,Delivered
541851,2011-01-23,2011-01-26,FedEx,1.8,Delivered
C541852,2011-01-25,2011-01-27,UPS,7.3,Delivered
541853,2011-01-24,2011-01-29,Hermes,6.85,Delivered
541854,2011-01-25,2011-01-29,Hermes,4.43,Delivered
541855,2011-01-24,2011-01-27,Royal Mail,2.91,Delivered
541856,2011-01-25,2011-02-01,DHL,3.02,Delivered
541857,2011-01-25,2011-02-01,Hermes,8.91,Delivered
541858,2011-01-24,2011-01-28,DHL,5.2,Delivered
541859,2011-01-25,2011-01-29,Royal Mail,5.69,Delivered
541860,2011-01-25,2011-01-26,FedEx,9.01,Delivered
C541861,2011-01-24,2011-01-28,Hermes,6.81,Delivered
541862,2011-01-23,2011-01-25,Royal Mail,3.69,Delivered
C541863,2011-01-24,2011-01-31,UPS,5.56,Delivered
541864,2011-01-24,2011-01-27,Hermes,6.7,Delivered
541865,2011-01-25,2011-01-27,UPS,6.66,Delivered
541866,2011-01-26,2011-01-28,UPS,6.45,Delivered
541867,2011-01-24,2011-01-30,DHL,4.78,Delivered
C541868,2011-01-26,2011-02-02,UPS,5.46,Delivered
541869,2011-01-24,2011-01-31,FedEx,6.36,Delivered
541870,2011-01-24,2011-01-25,DHL,0.0,Delivered
541871,2011-01-24,2011-01-31,UPS,4.65,Delivered
541872,2011-01-24,2011-01-26,Royal Mail,7.82,Delivered
541873,2011-01-25,2011-01-29,Royal Mail,4.06,Delivered
541874,2011-01-25,2011-01-30,DHL,8.01,Delivered
541875,2011-01-26,2011-01-29,DHL,5.43,Delivered
541876,2011-01-25,2011-01-28,FedEx,4.23,Delivered
541877,2011-01-24,2011-01-26,FedEx,7.14,Delivered
541878,2011-01-26,2011-02-01,DHL,4.18,Delivered
541879,2011-01-26,2011-01-30,FedEx,7.22,Delivered
541880,2011-01-24,2011-01-29,Hermes,3.64,Delivered
541881,2011-01-24,2011-01-25,Hermes,3.68,Delivered
541882,2011-01-26,2011-02-01,FedEx,3.82,Delivered
541883,2011-01-24,2011-01-26,UPS,7.15,Delivered
541884,2011-01-25,2011-01-26,UPS,4.05,Delivered
C541885,2011-01-25,2011-01-30,Royal Mail,9.78,Delivered
541886,2011-01-24,2011-01-30,UPS,4.65,Delivered
C541897,2011-01-26,2011-01-31,Royal Mail,8.22,Delivered
541903,2011-01-24,2011-01-28,Hermes,5.75,Delivered
541916,2011-01-24,2011-01-29,UPS,5.29,Delivered
541919,2011-01-24,2011-01-30,Hermes,6.34,Delivered
541932,2011-01-24,2011-01-27,FedEx,9.24,Delivered
541946,2011-01-26,2011-02-02,Royal Mail,5.43,Delivered
541947,2011-01-26,2011-01-30,UPS,3.4,Delivered
541948,2011-01-26,2011-01-30,Hermes,5.96,Delivered
541949,2011-01-25,2011-01-26,DHL,3.13,Delivered
541950,2011-01-26,2011-01-31,DHL,5.49,Delivered
C541959,2011-01-26,2011-01-30,UPS,4.36,Delivered
541960,2011-01-26,2011-01-30,FedEx,7.87,Delivered
541962,2011-01-26,2011-01-31,Royal Mail,8.62,Delivered
C541961,2011-01-24,2011-01-25,Royal Mail,4.89,Delivered
541963,2011-01-26,2011-01-30,Royal Mail,1.66,Delivered
C541964,2011-01-26,2011-01-27,UPS,5.08,Delivered
541965,2011-01-26,2011-01-31,Royal Mail,3.07,Delivered
541966,2011-01-24,2011-01-26,UPS,1.6,Delivered
541967,2011-01-26,2011-01-30,Royal Mail,5.76,Delivered
541968,2011-01-24,2011-01-27,UPS,7.12,Delivered
541969,2011-01-25,2011-02-01,UPS,6.94,Delivered
541970,2011-01-24,2011-01-29,FedEx,5.09,Delivered
541971,2011-01-25,2011-01-31,FedEx,3.48,Delivered
541972,2011-01-25,2011-01-31,DHL,9.04,Delivered
541973,2011-01-24,2011-01-28,Royal Mail,6.15,Delivered
541974,2011-01-25,2011-02-01,Hermes,5.11,Delivered
541975,2011-01-26,2011-01-31,FedEx,2.42,Delivered
541976,2011-01-25,2011-01-27,Hermes,9.35,Delivered
541977,2011-01-25,2011-01-27,Hermes,2.69,Delivered
541978,2011-01-26,2011-01-30,DHL,2.04,Delivered
541979,2011-01-26,2011-01-30,DHL,3.56,Delivered
541980,2011-01-24,2011-01-28,DHL,6.0,Delivered
541981,2011-01-24,2011-01-30,DHL,2.18,Delivered
541982,2011-01-25,2011-02-01,FedEx,4.92,Delivered
541983,2011-01-26,2011-01-28,FedEx,5.25,Delivered
541984,2011-01-25,2011-01-26,Hermes,5.85,Delivered
541985,2011-01-24,2011-01-25,Hermes,3.81,Delivered
541986,2011-01-24,2011-01-29,UPS,0.66,Delivered
541987,2011-01-24,2011-01-30,DHL,7.82,Delivered
541988,2011-01-26,2011-01-28,DHL,4.7,Delivered
541989,2011-01-27,2011-01-29,FedEx,6.32,Delivered
541990,2011-01-27,2011-02-03,UPS,8.6,Delivered
541991,2011-01-26,2011-02-01,Royal Mail,4.27,Delivered
541992,2011-01-27,2011-01-28,Hermes,9.62,Delivered
541993,2011-01-25,2011-01-26,UPS,5.92,Delivered
C541994,2011-01-25,2011-01-28,FedEx,4.55,Delivered
541995,2011-01-25,2011-01-26,Royal Mail,3.11,Delivered
541996,2011-01-25,2011-01-29,Royal Mail,5.07,Delivered
541997,2011-01-26,2011-02-02,Royal Mail,3.02,Delivered
541998,2011-01-27,2011-01-28,DHL,6.19,Delivered
541999,2011-01-27,2011-01-31,UPS,7.18,Delivered
542000,2011-01-26,2011-02-02,DHL,3.19,Delivered
542001,2011-01-25,2011-01-28,Royal Mail,7.41,Delivered
542002,2011-01-27,2011-02-01,Royal Mail,3.33,Delivered
542003,2011-01-25,2011-01-28,FedEx,2.25,Delivered
542004,2011-01-27,2011-01-28,DHL,5.28,Delivered
542005,2011-01-27,2011-02-02,FedEx,6.17,Delivered
542006,2011-01-25,2011-01-30,Royal Mail,4.42,Delivered
542025,2011-01-27,2011-02-01,DHL,5.4,Delivered
542026,2011-01-25,2011-01-26,FedEx,6.86,Delivered
C542032,2011-01-25,2011-01-27,Royal Mail,4.34,Delivered
C542038,2011-01-26,2011-01-29,UPS,0.3,Delivered
542057,2011-01-25,2011-01-26,FedEx,4.24,Delivered
542058,2011-01-26,2011-02-01,UPS,2.19,Delivered
542059,2011-01-26,2011-01-31,UPS,6.34,Delivered
C542060,2011-01-25,2011-01-31,FedEx,4.29,Delivered
542065,2011-01-26,2011-01-27,Hermes,5.71,Delivered
C542078,2011-01-25,2011-02-01,DHL,2.44,Delivered
542079,2011-01-27,2011-01-31,UPS,6.56,Delivered
542080,2011-01-27,2011-01-30,FedEx,3.59,Delivered
542081,2011-01-27,2011-01-28,Hermes,4.01,Delivered
C542082,2011-01-26,2011-01-29,Royal Mail,5.9,Delivered
542083,2011-01-26,2011-01-28,Royal Mail,6.48,Delivered
542084,2011-01-26,2011-01-29,Hermes,4.6,Delivered
542085,2011-01-27,2011-02-01,FedEx,4.21,Delivered
C542086,2011-01-26,2011-01-30,DHL,5.59,Delivered
542087,2011-01-26,2011-01-28,Royal Mail,5.42,Delivered
C542088,2011-01-25,2011-02-01,FedEx,6.88,Delivered
542090,2011-01-25,2011-01-26,FedEx,3.8,Delivered
C542089,2011-01-25,2011-01-29,Hermes,2.06,Delivered
C542091,2011-01-26,2011-01-28,Hermes,6.49,Delivered
C542092,2011-01-25,2011-01-30,DHL,5.66,Delivered
542093,2011-01-25,2011-01-30,FedEx,3.98,Delivered
C542094,2011-01-27,2011-01-28,Hermes,0.27,Delivered
C542095,2011-01-27,2011-01-31,UPS,4.27,Delivered
542096,2011-01-25,2011-01-26,UPS,6.6,Delivered
C542097,2011-01-26,2011-01-27,FedEx,4.09,Delivered
542098,2011-01-25,2011-01-30,FedEx,5.49,Delivered
542099,2011-01-27,2011-01-31,DHL,3.55,Delivered
542100,2011-01-27,2011-02-03,Hermes,4.24,Delivered
C542101,2011-01-25,2011-01-29,FedEx,8.55,Delivered
542102,2011-01-25,2011-01-30,Hermes,8.83,Delivered
542103,2011-01-25,2011-01-28,Royal Mail,5.81,Delivered
C542104,2011-01-26,2011-02-01,FedEx,5.38,Delivered
542105,2011-01-26,2011-01-29,FedEx,2.93,Delivered
542106,2011-01-26,2011-01-30,Hermes,6.49,Delivered
542107,2011-01-25,2011-01-29,FedEx,4.27,Delivered
542108,2011-01-27,2011-01-28,FedEx,2.92,Delivered
542109,2011-01-27,2011-01-28,Royal Mail,5.61,Delivered
542110,2011-01-25,2011-01-26,FedEx,8.69,Delivered
542111,2011-01-27,2011-02-02,UPS,5.13,Delivered
542112,2011-01-27,2011-02-03,FedEx,5.85,Delivered
542113,2011-01-27,2011-01-28,Royal Mail,4.79,Delivered
542114,2011-01-25,2011-01-26,FedEx,8.5,Delivered
542115,2011-01-25,2011-01-28,FedEx,3.65,Delivered
542121,2011-01-26,2011-01-29,DHL,1.72,Delivered
542122,2011-01-25,2011-01-30,UPS,6.28,Delivered
542123,2011-01-25,2011-02-01,Hermes,6.2,Delivered
542124,2011-01-26,2011-02-01,UPS,3.81,Delivered
542125,2011-01-25,2011-01-30,UPS,2.88,Delivered
542126,2011-01-27,2011-01-31,FedEx,3.59,Delivered
542127,2011-01-25,2011-01-26,FedEx,7.92,Delivered
542128,2011-01-26,2011-02-01,Royal Mail,2.71,Delivered
542129,2011-01-25,2011-01-31,DHL,8.03,Delivered
542130,2011-01-27,2011-01-28,Royal Mail,5.69,Delivered
542131,2011-01-25,2011-01-31,DHL,4.88,Delivered
542132,2011-01-26,2011-02-02,UPS,5.36,Delivered
542133,2011-01-25,2011-02-01,Hermes,5.87,Delivered
542134,2011-01-27,2011-02-01,FedEx,5.11,Delivered
542135,2011-01-26,2011-02-01,DHL,3.27,Delivered
542136,2011-01-27,2011-01-28,DHL,5.37,Delivered
542137,2011-01-26,2011-02-02,Hermes,6.87,Delivered
C542138,2011-01-27,2011-01-29,UPS,5.61,Delivered
C542139,2011-01-25,2011-01-31,FedEx,6.49,Delivered
C542140,2011-01-27,2011-02-02,Royal Mail,7.46,Delivered
542141,2011-01-28,2011-01-29,DHL,8.27,Delivered
542142,2011-01-26,2011-01-30,DHL,4.76,Delivered
542143,2011-01-28,2011-02-01,FedEx,7.26,Delivered
542145,2011-01-27,2011-01-28,Hermes,6.84,Delivered
542146,2011-01-26,2011-01-30,Hermes,6.07,Delivered
542147,2011-01-27,2011-02-01,FedEx,6.51,Delivered
542148,2011-01-26,2011-01-27,UPS,5.52,Delivered
542149,2011-01-28,2011-02-01,DHL,4.45,Delivered
542151,2011-01-28,2011-01-31,Hermes,6.95,Delivered
C542150,2011-01-28,2011-02-01,Hermes,2.24,Delivered
542152,2011-01-28,2011-01-30,Royal Mail,6.23,Delivered
542153,2011-01-26,2011-01-27,Royal Mail,7.07,Delivered
542154,2011-01-26,2011-01-27,Hermes,3.4,Delivered
542155,2011-01-26,2011-01-29,DHL,7.3,Delivered
542156,2011-01-27,2011-01-31,UPS,2.91,Delivered
542174,2011-01-26,2011-01-28,FedEx,3.78,Delivered
542192,2011-01-26,2011-01-29,FedEx,5.04,Delivered
542207,2011-01-28,2011-02-02,FedEx,4.91,Delivered
542208,2011-01-28,2011-02-03,Hermes,4.11,Delivered
542212,2011-01-27,2011-02-02,FedEx,6.83,Delivered
542213,2011-01-26,2011-01-29,Royal Mail,2.56,Delivered
542214,2011-01-26,2011-01-28,FedEx,5.89,Delivered
542215,2011-01-26,2011-02-01,UPS,4.35,Delivered
542216,2011-01-27,2011-01-30,Royal Mail,5.69,Delivered
542217,2011-01-26,2011-01-28,Royal Mail,6.41,Delivered
542217,2011-01-28,2011-01-31,UPS,2.99,Delivered
542219,2011-01-26,2011-01-30,Royal Mail,3.84,Delivered
C542218,2011-01-26,2011-02-02,Royal Mail,0.0,Delivered
542220,2011-01-26,2011-01-31,Hermes,2.5,Delivered
542221,2011-01-26,2011-02-02,DHL,5.15,Delivered
542222,2011-01-28,2011-01-31,UPS,4.09,Delivered
542223,2011-01-27,2011-02-02,FedEx,6.54,Delivered
542224,2011-01-27,2011-01-30,FedEx,4.9,Delivered
542225,2011-01-27,2011-01-28,FedEx,4.43,Delivered
542226,2011-01-28,2011-02-04,Hermes,6.71,Delivered
542227,2011-01-27,2011-01-28,FedEx,3.73,Delivered
542228,2011-01-26,2011-01-28,UPS,2.03,Delivered
542229,2011-01-26,2011-02-01,DHL,4.69,Delivered
542230,2011-01-28,2011-02-03,UPS,5.39,Delivered
542231,2011-01-27,2011-01-29,Royal Mail,6.72,Delivered
C542232,2011-01-28,2011-01-29,FedEx,9.67,Delivered
542233,2011-01-28,2011-02-03,Hermes,6.76,Delivered
542234,2011-01-28,2011-01-30,FedEx,3.71,Delivered
542235,2011-01-28,2011-01-31,FedEx,3.39,Delivered
542236,2011-01-27,2011-01-30,DHL,6.31,Delivered
542237,2011-01-26,2011-01-31,Hermes,3.87,Delivered
542238,2011-01-26,2011-01-30,UPS,1.38,Delivered
542239,2011-01-28,2011-02-04,FedEx,3.74,Delivered
542240,2011-01-27,2011-02-02,DHL,10.13,Delivered
542241,2011-01-27,2011-02-02,DHL,3.36,Delivered
542242,2011-01-28,2011-02-03,DHL,4.76,Delivered
542243,2011-01-27,2011-01-31,FedEx,6.54,Delivered
C542244,2011-01-27,2011-01-28,DHL,5.66,Delivered
C542245,2011-01-27,2011-02-03,Hermes,6.65,Delivered
542246,2011-01-26,2011-01-30,FedEx,6.62,Delivered
542247,2011-01-28,2011-02-04,Royal Mail,6.04,Delivered
542252,2011-01-27,2011-02-03,Hermes,5.34,Delivered
542253,2011-01-28,2011-02-04,Hermes,5.48,Delivered
542254,2011-01-27,2011-01-29,DHL,5.7,Delivered
542255,2011-01-27,2011-02-01,Royal Mail,4.87,Delivered
C542256,2011-01-27,2011-01-29,UPS,5.49,Delivered
C542257,2011-01-27,2011-01-31,Royal Mail,8.52,Delivered
542258,2011-01-28,2011-01-31,DHL,2.2,Delivered
C542259,2011-01-28,2011-02-01,FedEx,5.37,Delivered
C542260,2011-01-26,2011-01-29,DHL,3.97,Delivered
C542261,2011-01-27,2011-02-01,DHL,4.73,Delivered
C542262,2011-01-28,2011-02-03,UPS,5.8,Delivered
C542263,2011-01-28,2011-01-30,UPS,5.77,Delivered
C542264,2011-01-26,2011-01-28,Hermes,1.29,Delivered
542265,2011-01-27,2011-02-02,FedEx,1.96,Delivered
542266,2011-01-27,2011-01-31,FedEx,4.93,Delivered
542267,2011-01-27,2011-01-31,UPS,7.16,Delivered
542268,2011-01-29,2011-01-30,UPS,4.47,Delivered
542269,2011-01-27,2011-02-03,DHL,3.73,Delivered
C542270,2011-01-27,2011-02-01,Hermes,3.88,Delivered
C542271,2011-01-28,2011-01-30,Hermes,2.51,Delivered
542272,2011-01-28,2011-01-29,UPS,4.31,Delivered
C542273,2011-01-27,2011-01-31,Royal Mail,1.7,Delivered
542274,2011-01-29,2011-02-02,Royal Mail,5.79,Delivered
542275,2011-01-27,2011-01-28,FedEx,6.39,Delivered
542276,2011-01-28,2011-02-02,Royal Mail,2.46,Delivered
542277,2011-01-28,2011-02-02,UPS,3.54,Delivered
542278,2011-01-27,2011-02-02,Hermes,1.28,Delivered
542284,2011-01-29,2011-02-03,Royal Mail,4.28,Delivered
542303,2011-01-29,2011-02-04,UPS,2.7,Delivered
542320,2011-01-27,2011-01-29,DHL,4.46,Delivered
542344,2011-01-27,2011-02-03,UPS,6.64,Delivered
542345,2011-01-29,2011-02-04,DHL,5.01,Delivered
C542346,2011-01-29,2011-01-30,Hermes,5.01,Delivered
542347,2011-01-27,2011-01-29,DHL,5.36,Delivered
C542348,2011-01-29,2011-02-02,UPS,5.27,Delivered
542349,2011-01-27,2011-01-28,FedEx,0.3,Delivered
542350,2011-01-27,2011-02-03,Hermes,8.22,Delivered
542351,2011-01-28,2011-02-04,Hermes,3.34,Delivered
C542352,2011-01-29,2011-01-30,UPS,1.4,Delivered
542353,2011-01-27,2011-02-02,Royal Mail,6.47,Delivered
542354,2011-01-29,2011-01-31,DHL,8.39,Delivered
542355,2011-01-29,2011-02-04,Hermes,5.7,Delivered
542360,2011-01-28,2011-02-03,Royal Mail,7.18,Delivered
542361,2011-01-29,2011-02-02,FedEx,4.01,Delivered
542362,2011-01-29,2011-02-05,Royal Mail,3.27,Delivered
542363,2011-01-28,2011-02-01,UPS,5.97,Delivered
542364,2011-01-27,2011-02-01,UPS,6.31,Delivered
542365,2011-01-27,2011-02-01,FedEx,7.83,Delivered
C542366,2011-01-29,2011-02-03,UPS,5.62,Delivered
542367,2011-01-27,2011-01-30,DHL,1.86,Delivered
542368,2011-01-28,2011-01-29,DHL,5.64,Delivered
542369,2011-01-28,2011-02-02,Hermes,6.05,Delivered
542370,2011-01-29,2011-02-02,Hermes,9.19,Delivered
542371,2011-01-27,2011-01-29,DHL,3.1,Delivered
542372,2011-01-28,2011-02-01,DHL,7.56,Delivered
542373,2011-01-28,2011-02-04,FedEx,5.67,Delivered
542374,2011-01-29,2011-02-02,UPS,4.65,Delivered
542375,2011-01-28,2011-02-02,DHL,0.93,Delivered
C542376,2011-01-29,2011-02-03,FedEx,2.89,Delivered
542377,2011-01-27,2011-02-02,FedEx,2.76,Delivered
542378,2011-01-29,2011-02-03,UPS,3.6,Delivered
542379,2011-01-27,2011-01-28,Royal Mail,5.7,Delivered
542380,2011-01-27,2011-02-02,Royal Mail,4.06,Delivered
542381,2011-01-28,2011-02-03,UPS,4.35,Delivered
542382,2011-01-29,2011-02-05,DHL,6.3,Delivered
C542383,2011-01-27,2011-01-29,UPS,5.08,Delivered
542384,2011-01-27,2011-01-28,Hermes,2.91,Delivered
C542385,2011-01-28,2011-01-29,Royal Mail,5.44,Delivered
542386,2011-01-28,2011-02-02,Royal Mail,4.36,Delivered
542387,2011-01-27,2011-01-30,Royal Mail,4.38,Delivered
542388,2011-01-29,2011-02-03,Hermes,3.15,Delivered
542389,2011-01-27,2011-01-29,FedEx,1.99,Delivered
542390,2011-01-27,2011-01-29,DHL,5.17,Delivered
542391,2011-01-28,2011-02-04,Hermes,5.47,Delivered
542392,2011-01-29,2011-01-30,Royal Mail,3.78,Delivered
542393,2011-01-27,2011-01-28,DHL,6.48,Delivered
542394,2011-01-28,2011-02-02,Hermes,3.83,Delivered
542396,2011-01-27,2011-01-30,DHL,2.93,Delivered
C542395,2011-01-29,2011-02-04,Hermes,0.42,Delivered
542397,2011-01-28,2011-01-30,DHL,2.95,Delivered
542398,2011-01-28,2011-01-31,Hermes,4.03,Delivered
542399,2011-01-29,2011-02-05,DHL,5.68,Delivered
C542400,2011-01-29,2011-02-02,Royal Mail,2.96,Delivered
542401,2011-01-29,2011-01-30,DHL,5.34,Delivered
C542402,2011-01-27,2011-01-31,DHL,3.35,Delivered
C542403,2011-01-27,2011-02-01,Hermes,4.31,Delivered
C542404,2011-01-28,2011-02-04,FedEx,6.24,Delivered
542405,2011-01-28,2011-02-03,FedEx,8.69,Delivered
542406,2011-01-28,2011-01-29,Hermes,6.68,Delivered
542407,2011-01-29,2011-01-31,Hermes,7.14,Delivered
542408,2011-01-28,2011-02-02,Royal Mail,4.02,Delivered
542409,2011-01-29,2011-02-04,Royal Mail,0.92,Delivered
542411,2011-01-28,2011-02-03,Royal Mail,2.66,Delivered
542412,2011-01-27,2011-01-30,UPS,4.88,Delivered
C542413,2011-01-27,2011-01-29,DHL,6.8,Delivered
542414,2011-01-29,2011-02-05,FedEx,7.62,Delivered
542415,2011-01-27,2011-01-29,UPS,3.65,Delivered
C542416,2011-01-27,2011-02-03,Hermes,7.57,Delivered
542417,2011-01-27,2011-01-30,Royal Mail,3.24,Delivered
542418,2011-01-28,2011-02-02,Hermes,8.78,Delivered
542419,2011-01-28,2011-01-30,FedEx,3.2,Delivered
542420,2011-01-29,2011-01-30,Royal Mail,7.32,Delivered
C542421,2011-01-29,2011-02-01,UPS,5.53,Delivered
542422,2011-01-28,2011-01-31,DHL,5.67,Delivered
542423,2011-01-28,2011-02-02,Hermes,5.09,Delivered
C542424,2011-01-29,2011-02-04,Royal Mail,4.38,Delivered
542425,2011-01-29,2011-02-04,DHL,4.79,Delivered
C542426,2011-01-29,2011-02-04,UPS,4.06,Delivered
C542427,2011-01-28,2011-02-02,FedEx,4.7,Delivered
542428,2011-01-29,2011-01-31,FedEx,4.36,Delivered
542429,2011-01-28,2011-01-29,Hermes,5.27,Delivered
542430,2011-01-28,2011-01-30,UPS,4.93,Delivered
542431,2011-01-30,2011-02-04,Royal Mail,0.81,Delivered
542432,2011-01-28,2011-02-04,DHL,5.31,Delivered
542433,2011-01-28,2011-02-01,DHL,4.26,Delivered
542434,2011-01-29,2011-01-30,FedEx,3.29,Delivered
542470,2011-01-28,2011-01-31,DHL,7.36,Delivered
542503,2011-01-30,2011-02-03,UPS,3.4,Delivered
542504,2011-01-28,2011-01-31,Hermes,2.56,Delivered
542505,2011-01-28,2011-02-01,FedEx,8.17,Delivered
542506,2011-01-29,2011-02-04,FedEx,2.63,Delivered
542507,2011-01-29,2011-02-05,Hermes,4.23,Delivered
542508,2011-01-30,2011-02-02,FedEx,7.81,Delivered
542509,2011-01-30,2011-02-04,Hermes,6.46,Delivered
542510,2011-01-29,2011-02-04,Hermes,6.13,Delivered
542511,2011-01-29,2011-02-01,Royal Mail,5.31,Delivered
542512,2011-01-30,2011-02-01,FedEx,6.04,Delivered
542513,2011-01-30,2011-02-04,DHL,7.3,Delivered
542514,2011-01-28,2011-01-29,DHL,7.24,Delivered
542515,2011-01-30,2011-02-03,UPS,5.4,Delivered
542516,2011-01-28,2011-01-31,FedEx,4.88,Delivered
542517,2011-01-30,2011-02-03,FedEx,5.39,Delivered
542518,2011-01-29,2011-02-05,Hermes,4.26,Delivered
542519,2011-01-29,2011-02-02,Royal Mail,6.28,Delivered
542520,2011-01-28,2011-01-30,DHL,3.5,Delivered
542521,2011-01-29,2011-01-31,UPS,2.12,Delivered
542526,2011-01-28,2011-02-02,FedEx,4.4,Delivered
542527,2011-01-28,2011-02-02,FedEx,8.86,Delivered
542528,2011-01-30,2011-02-01,Royal Mail,2.96,Delivered
542529,2011-01-29,2011-02-04,Hermes,3.07,Delivered
542530,2011-01-30,2011-02-05,Royal Mail,5.85,Delivered
542531,2011-01-28,2011-02-02,UPS,9.44,Delivered
542532,2011-01-29,2011-02-05,Hermes,3.63,Delivered
542533,2011-01-29,2011-02-02,Hermes,4.34,Delivered
542534,2011-01-29,2011-01-31,UPS,1.64,Delivered
542535,2011-01-29,2011-02-04,DHL,5.24,Delivered
542536,2011-01-30,2011-02-02,Royal Mail,5.26,Delivered
542538,2011-01-28,2011-02-04,Hermes,4.26,Delivered
C542537,2011-01-28,2011-02-02,FedEx,7.5,Delivered
C542539,2011-01-29,2011-02-01,FedEx,5.74,Delivered
C542540,2011-01-30,2011-01-31,Royal Mail,1.43,Delivered
542541,2011-01-29,2011-02-03,FedEx,7.0,Delivered
542542,2011-01-29,2011-02-02,Royal Mail,1.67,Delivered
542543,2011-01-29,2011-01-30,UPS,6.83,Delivered
542544,2011-01-30,2011-02-06,Hermes,5.43,Delivered
542545,2011-01-28,2011-02-01,Royal Mail,4.29,Delivered
542546,2011-01-30,2011-02-04,FedEx,4.61,Delivered
542547,2011-01-28,2011-02-01,DHL,4.82,Delivered
542548,2011-01-29,2011-02-05,UPS,8.51,Delivered
542549,2011-01-28,2011-01-30,DHL,6.67,Delivered
542550,2011-01-28,2011-01-30,Royal Mail,7.21,Delivered
542551,2011-01-30,2011-01-31,DHL,3.41,Delivered
542552,2011-01-30,2011-02-02,Royal Mail,1.36,Delivered
542553,2011-01-30,2011-02-05,DHL,7.94,Delivered
542554,2011-01-29,2011-02-01,Royal Mail,6.18,Delivered
542555,2011-01-30,2011-02-06,FedEx,4.41,Delivered
542556,2011-01-28,2011-01-31,Royal Mail,4.85,Delivered
542557,2011-01-28,2011-02-02,UPS,5.61,Delivered
542558,2011-01-28,2011-01-31,Hermes,5.52,Delivered
542559,2011-01-29,2011-02-05,UPS,6.9,Delivered
542560,2011-01-29,2011-01-31,Royal Mail,5.91,Delivered
542561,2011-01-29,2011-02-03,FedEx,3.96,Delivered
542562,2011-01-30,2011-02-02,UPS,6.76,Delivered
542563,2011-01-29,2011-02-03,Royal Mail,5.32,Delivered
542564,2011-01-28,2011-02-02,Royal Mail,5.51,Delivered
542565,2011-01-28,2011-02-02,DHL,5.85,Delivered
542566,2011-01-30,2011-02-04,Hermes,2.77,Delivered
542567,2011-01-30,2011-02-02,DHL,3.09,Delivered
542568,2011-01-30,2011-02-05,DHL,6.82,Delivered
542569,2011-01-29,2011-02-05,Royal Mail,9.85,Delivered
542570,2011-01-28,2011-02-02,Hermes,3.6,Delivered
542571,2011-01-30,2011-02-05,Hermes,4.75,Delivered
542572,2011-01-28,2011-02-04,Hermes,2.52,Delivered
542573,2011-01-28,2011-02-02,UPS,3.69,Delivered
542574,2011-01-29,2011-02-01,DHL,2.96,Delivered
542575,2011-01-30,2011-02-02,DHL,3.3,Delivered
542576,2011-01-29,2011-01-31,UPS,8.15,Delivered
542577,2011-01-29,2011-02-04,Royal Mail,4.24,Delivered
542578,2011-01-29,2011-02-01,Royal Mail,2.97,Delivered
542579,2011-01-29,2011-02-03,Hermes,6.68,Delivered
542580,2011-01-29,2011-02-03,DHL,5.88,Delivered
542581,2011-01-29,2011-02-05,UPS,5.48,Delivered
542582,2011-01-28,2011-02-02,DHL,8.72,Delivered
542583,2011-01-29,2011-02-04,Hermes,3.62,Delivered
542584,2011-01-29,2011-02-01,FedEx,2.64,Delivered
542585,2011-01-28,2011-01-29,UPS,0.0,Delivered
542586,2011-01-30,2011-02-03,DHL,7.72,Delivered
542587,2011-01-28,2011-02-01,Royal Mail,6.04,Delivered
C542588,2011-01-30,2011-02-05,UPS,6.8,Delivered
C542589,2011-01-30,2011-01-31,DHL,7.58,Delivered
542590,2011-01-28,2011-02-03,DHL,2.23,Delivered
542591,2011-01-28,2011-01-30,Hermes,8.0,Delivered
C542593,2011-01-29,2011-02-01,DHL,1.67,Delivered
542594,2011-01-29,2011-02-04,Hermes,5.09,Delivered
542595,2011-01-31,2011-02-07,FedEx,6.66,Delivered
542596,2011-02-01,2011-02-06,Hermes,7.49,Delivered
542597,2011-01-30,2011-02-05,FedEx,7.01,Delivered
542598,2011-01-31,2011-02-04,UPS,4.88,Delivered
542599,2011-01-31,2011-02-06,DHL,2.86,Delivered
542600,2011-02-01,2011-02-03,Hermes,9.06,Delivered
542601,2011-01-30,2011-02-01,Royal Mail,2.64,Delivered
542602,2011-02-01,2011-02-06,FedEx,3.99,Delivered
542603,2011-01-31,2011-02-04,DHL,3.05,Delivered
C542604,2011-02-01,2011-02-07,Hermes,4.37,Delivered
542605,2011-01-30,2011-02-02,UPS,8.39,Delivered
542606,2011-01-31,2011-02-01,Hermes,2.57,Delivered
542607,2011-02-01,2011-02-08,UPS,4.73,Delivered
542608,2011-01-31,2011-02-03,UPS,4.48,Delivered
542609,2011-01-30,2011-01-31,DHL,6.14,Delivered
542610,2011-01-31,2011-02-05,FedEx,2.54,Delivered
542611,2011-01-30,2011-02-02,FedEx,3.74,Delivered
542612,2011-01-30,2011-01-31,FedEx,4.68,Delivered
542613,2011-01-30,2011-02-02,FedEx,7.13,Delivered
542614,2011-02-01,2011-02-08,Royal Mail,7.64,Delivered
542615,2011-01-30,2011-01-31,DHL,3.65,Delivered
542616,2011-02-01,2011-02-08,Hermes,5.01,Delivered
542617,2011-01-30,2011-02-04,Hermes,4.53,Delivered
542618,2011-01-30,2011-01-31,UPS,5.23,Delivered
542619,2011-01-30,2011-02-02,Hermes,4.6,Delivered
542620,2011-02-01,2011-02-07,UPS,1.26,Delivered
542621,2011-02-01,2011-02-02,Royal Mail,4.51,Delivered
542622,2011-02-01,2011-02-05,UPS,4.67,Delivered
542623,2011-02-01,2011-02-07,Royal Mail,8.99,Delivered
542624,2011-02-01,2011-02-08,Royal Mail,4.95,Delivered
542625,2011-01-31,2011-02-03,DHL,3.58,Delivered
542626,2011-02-02,2011-02-05,FedEx,1.88,Delivered
542627,2011-02-02,2011-02-09,Royal Mail,5.94,Delivered
542628,2011-02-02,2011-02-08,FedEx,5.44,Delivered
542629,2011-01-31,2011-02-06,Hermes,4.65,Delivered
542630,2011-02-01,2011-02-03,Hermes,2.83,Delivered
542631,2011-01-31,2011-02-06,Royal Mail,1.52,Delivered
542632,2011-01-31,2011-02-02,Hermes,1.59,Delivered
542633,2011-02-02,2011-02-04,FedEx,8.36,Delivered
542634,2011-02-01,2011-02-03,UPS,6.27,Delivered
C542635,2011-02-01,2011-02-03,DHL,2.01,Delivered
542636,2011-02-02,2011-02-03,Hermes,7.07,Delivered
C542637,2011-01-31,2011-02-04,Royal Mail,2.4,Delivered
C542638,2011-02-01,2011-02-06,Hermes,5.32,Delivered
C542639,2011-02-01,2011-02-07,FedEx,6.21,Delivered
C542640,2011-02-02,2011-02-06,Hermes,5.18,Delivered
542641,2011-02-02,2011-02-08,DHL,6.84,Delivered
C542642,2011-02-01,2011-02-08,DHL,7.1,Delivered
C542643,2011-02-01,2011-02-08,UPS,2.9,Delivered
C542644,2011-02-02,2011-02-05,Hermes,4.11,Delivered
C542645,2011-01-31,2011-02-07,FedEx,5.11,Delivered
542646,2011-02-01,2011-02-05,FedEx,5.03,Delivered
542647,2011-01-31,2011-02-04,FedEx,7.1,Delivered
542648,2011-02-02,2011-02-03,FedEx,3.98,Delivered
542649,2011-02-01,2011-02-08,UPS,2.05,Delivered
542659,2011-02-02,2011-02-06,DHL,6.55,Delivered
542662,2011-01-31,2011-02-07,UPS,5.29,Delivered
542664,2011-01-31,2011-02-05,FedEx,4.87,Delivered
542667,2011-02-01,2011-02-08,UPS,6.74,Delivered
542673,2011-02-01,2011-02-05,FedEx,6.35,Delivered
542678,2011-02-02,2011-02-04,FedEx,4.17,Delivered
542690,2011-02-02,2011-02-09,Royal Mail,4.26,Delivered
542691,2011-02-02,2011-02-04,Hermes,6.92,Delivered
542692,2011-01-31,2011-02-07,Royal Mail,7.61,Delivered
C542693,2011-02-01,2011-02-03,Hermes,4.11,Delivered
542694,2011-02-02,2011-02-03,Royal Mail,5.28,Delivered
C542704,2011-02-02,2011-02-05,FedEx,4.18,Delivered
542707,2011-02-02,2011-02-03,Royal Mail,3.12,Delivered
542708,2011-01-31,2011-02-02,Hermes,4.78,Delivered
542709,2011-02-01,2011-02-08,DHL,4.7,Delivered
542710,2011-02-01,2011-02-04,UPS,6.15,Delivered
542711,2011-01-31,2011-02-05,DHL,5.5,Delivered
542712,2011-01-31,2011-02-07,Hermes,4.8,Delivered
542713,2011-01-31,2011-02-05,UPS,5.15,Delivered
C542714,2011-02-01,2011-02-04,Royal Mail,4.43,Delivered
542715,2011-01-31,2011-02-06,DHL,8.26,Delivered
542716,2011-02-01,2011-02-07,UPS,5.7,Delivered
542717,2011-01-31,2011-02-07,FedEx,5.52,Delivered
542718,2011-02-02,2011-02-08,UPS,4.39,Delivered
542719,2011-01-31,2011-02-01,Hermes,4.09,Delivered
542720,2011-02-02,2011-02-07,UPS,4.3,Delivered
C542721,2011-01-31,2011-02-07,Hermes,7.22,Delivered
542722,2011-02-01,2011-02-06,Royal Mail,2.29,Delivered
542723,2011-02-01,2011-02-04,UPS,5.46,Delivered
542724,2011-02-02,2011-02-07,UPS,6.5,Delivered
542725,2011-02-01,2011-02-04,UPS,9.35,Delivered
C542726,2011-02-02,2011-02-05,UPS,7.88,Delivered
542727,2011-02-01,2011-02-07,Hermes,3.04,Delivered
542728,2011-02-01,2011-02-07,UPS,4.92,Delivered
542729,2011-02-01,2011-02-08,Hermes,4.52,Delivered
542731,2011-02-02,2011-02-03,UPS,2.86,Delivered
C542730,2011-01-31,2011-02-04,FedEx,4.05,Delivered
C542732,2011-02-01,2011-02-04,DHL,5.14,Delivered
542733,2011-02-02,2011-02-03,Royal Mail,3.73,Delivered
542735,2011-02-01,2011-02-06,DHL,4.49,Delivered
C542734,2011-01-31,2011-02-02,UPS,3.31,Delivered
542736,2011-02-02,2011-02-09,Hermes,3.49,Delivered
542737,2011-01-31,2011-02-01,UPS,4.98,Delivered
C542738,2011-02-01,2011-02-08,DHL,6.73,Delivered
542739,2011-01-31,2011-02-03,Hermes,1.7,Delivered
C542740,2011-02-01,2011-02-07,DHL,2.65,Delivered
542741,2011-02-02,2011-02-09,UPS,3.34,Delivered
542743,2011-02-02,2011-02-04,FedEx,4.51,Delivered
C542742,2011-02-01,2011-02-07,UPS,1.06,Delivered
C542744,2011-02-02,2011-02-03,Royal Mail,4.64,Delivered
542745,2011-02-01,2011-02-07,Royal Mail,2.61,Delivered
542746,2011-01-31,2011-02-05,Royal Mail,7.37,Delivered
C542748,2011-01-31,2011-02-02,UPS,5.67,Delivered
C542753,2011-02-01,2011-02-05,DHL,4.28,Delivered
542759,2011-02-02,2011-02-09,Hermes,1.69,Delivered
542776,2011-02-03,2011-02-07,UPS,5.27,Delivered
542777,2011-02-01,2011-02-04,Royal Mail,3.47,Delivered
542778,2011-02-03,2011-02-06,Hermes,5.66,Delivered
542779,2011-02-02,2011-02-07,FedEx,3.89,Delivered
542780,2011-02-02,2011-02-07,DHL,4.53,Delivered
C542781,2011-02-03,2011-02-09,FedEx,3.49,Delivered
542782,2011-02-02,2011-02-04,FedEx,4.82,Delivered
542783,2011-02-03,2011-02-09,DHL,6.63,Delivered
542784,2011-02-02,2011-02-03,FedEx,7.72,Delivered
542785,2011-02-02,2011-02-04,DHL,0.0,Delivered
542786,2011-02-01,2011-02-04,DHL,6.17,Delivered
C542787,2011-02-01,2011-02-07,Royal Mail,3.26,Delivered
542788,2011-02-01,2011-02-06,UPS,4.58,Delivered
542789,2011-02-03,2011-02-05,Royal Mail,3.49,Delivered
542790,2011-02-01,2011-02-04,Royal Mail,7.07,Delivered
542791,2011-02-01,2011-02-04,FedEx,6.73,Delivered
C542792,2011-02-03,2011-02-09,FedEx,1.37,Delivered
C542793,2011-02-02,2011-02-07,UPS,7.35,Delivered
542794,2011-02-03,2011-02-09,DHL,3.97,Delivered
542795,2011-02-01,2011-02-06,DHL,6.11,Delivered
542796,2011-02-01,2011-02-04,Hermes,5.84,Delivered
542797,2011-02-01,2011-02-03,Hermes,2.09,Delivered
C542798,2011-02-02,2011-02-07,Hermes,3.22,Delivered
C542799,2011-02-03,2011-02-06,Hermes,3.89,Delivered
542800,2011-02-01,2011-02-02,DHL,3.03,Delivered
542806,2011-02-01,2011-02-02,Hermes,5.73,Delivered
C542805,2011-02-01,2011-02-04,Royal Mail,5.96,Delivered
542806,2011-02-01,2011-02-03,Hermes,5.74,Delivered
542812,2011-02-02,2011-02-05,FedEx,3.03,Delivered
C542832,2011-02-03,2011-02-10,Royal Mail,5.12,Delivered
542835,2011-02-02,2011-02-08,UPS,7.0,Delivered
542836,2011-02-02,2011-02-05,Hermes,4.67,Delivered
542849,2011-02-03,2011-02-10,DHL,5.74,Delivered
542858,2011-02-01,2011-02-07,FedEx,4.08,Delivered
542859,2011-02-03,2011-02-07,UPS,1.28,Delivered
C542860,2011-02-03,2011-02-10,FedEx,3.99,Delivered
542861,2011-02-02,2011-02-08,FedEx,2.65,Delivered
542862,2011-02-01,2011-02-02,FedEx,7.11,Delivered
542863,2011-02-02,2011-02-08,UPS,2.29,Delivered
542864,2011-02-01,2011-02-06,Hermes,8.21,Delivered
542865,2011-02-01,2011-02-05,FedEx,1.84,Delivered
C542866,2011-02-01,2011-02-07,Royal Mail,5.63,Delivered
542867,2011-02-01,2011-02-02,Hermes,6.78,Delivered
542868,2011-02-02,2011-02-05,Royal Mail,8.77,Delivered
542869,2011-02-03,2011-02-04,Hermes,2.64,Delivered
542870,2011-02-02,2011-02-03,FedEx,3.73,Delivered
542871,2011-02-03,2011-02-09,FedEx,3.43,Delivered
542872,2011-02-02,2011-02-08,Royal Mail,8.66,Delivered
542879,2011-02-03,2011-02-07,Hermes,4.33,Delivered
542880,2011-02-03,2011-02-07,UPS,6.53,Delivered
542881,2011-02-03,2011-02-10,Hermes,7.96,Delivered
542882,2011-02-01,2011-02-02,FedEx,9.17,Delivered
542883,2011-02-01,2011-02-07,DHL,5.76,Delivered
542884,2011-02-01,2011-02-02,UPS,5.51,Delivered
542885,2011-02-02,2011-02-08,Royal Mail,4.13,Delivered
542886,2011-02-02,2011-02-03,Hermes,4.33,Delivered
542887,2011-02-03,2011-02-08,Royal Mail,8.86,Delivered
542888,2011-02-02,2011-02-09,FedEx,5.97,Delivered
542889,2011-02-03,2011-02-09,FedEx,4.27,Delivered
542890,2011-02-03,2011-02-04,UPS,2.43,Delivered
542891,2011-02-01,2011-02-02,DHL,6.49,Delivered
542892,2011-02-03,2011-02-05,FedEx,6.87,Delivered
542893,2011-02-02,2011-02-07,DHL,6.09,Delivered
542894,2011-02-03,2011-02-08,UPS,6.54,Delivered
542895,2011-02-01,2011-02-04,FedEx,7.93,Delivered
542896,2011-02-03,2011-02-06,Royal Mail,3.59,Delivered
542897,2011-02-03,2011-02-04,Hermes,7.18,Delivered
542898,2011-02-02,2011-02-03,Royal Mail,6.1,Delivered
542899,2011-02-01,2011-02-03,FedEx,4.37,Delivered
542900,2011-02-03,2011-02-09,Royal Mail,5.37,Delivered
542901,2011-02-01,2011-02-07,FedEx,1.49,Delivered
542902,2011-02-02,2011-02-03,DHL,3.93,Delivered
542903,2011-02-01,2011-02-07,DHL,7.83,Delivered
542904,2011-02-02,2011-02-03,UPS,4.66,Delivered
542905,2011-02-01,2011-02-06,FedEx,3.8,Delivered
542906,2011-02-02,2011-02-04,DHL,4.81,Delivered
542907,2011-02-02,2011-02-05,UPS,6.32,Delivered
542908,2011-02-02,2011-02-03,UPS,3.83,Delivered
542909,2011-02-03,2011-02-08,UPS,6.5,Delivered
C542910,2011-02-03,2011-02-09,DHL,8.69,Delivered
542911,2011-02-02,2011-02-04,Hermes,5.87,Delivered
C542912,2011-02-03,2011-02-05,UPS,2.91,Delivered
C542913,2011-02-02,2011-02-04,FedEx,7.99,Delivered
542914,2011-02-03,2011-02-08,Hermes,6.71,Delivered
542915,2011-02-01,2011-02-06,DHL,1.88,Delivered
C542916,2011-02-02,2011-02-04,UPS,4.69,Delivered
542919,2011-02-03,2011-02-09,DHL,9.51,Delivered
542920,2011-02-03,2011-02-05,UPS,3.35,Delivered
542921,2011-02-03,2011-02-09,Hermes,4.0,Delivered
542922,2011-02-02,2011-02-05,Royal Mail,2.23,Delivered
542923,2011-02-02,2011-02-04,UPS,2.07,Delivered
542925,2011-02-03,2011-02-06,FedEx,4.45,Delivered
C542924,2011-02-03,2011-02-06,DHL,4.26,Delivered
542926,2011-02-03,2011-02-08,DHL,5.03,Delivered
542927,2011-02-04,2011-02-08,Hermes,2.85,Delivered
542928,2011-02-04,2011-02-10,UPS,4.73,Delivered
542929,2011-02-02,2011-02-05,FedEx,2.75,Delivered
542930,2011-02-04,2011-02-07,UPS,4.27,Delivered
542931,2011-02-02,2011-02-09,Hermes,3.48,Delivered
542932,2011-02-02,2011-02-06,UPS,5.75,Delivered
542933,2011-02-03,2011-02-08,Royal Mail,0.09,Delivered
542934,2011-02-02,2011-02-07,DHL,8.69,Delivered
542936,2011-02-04,2011-02-09,DHL,3.04,Delivered
542944,2011-02-04,2011-02-11,DHL,6.23,Delivered
C542951,2011-02-02,2011-02-03,FedEx,6.31,Delivered
542965,2011-02-02,2011-02-09,FedEx,3.84,Delivered
542989,2011-02-02,2011-02-08,DHL,5.31,Delivered
542990,2011-02-02,2011-02-04,FedEx,4.55,Delivered
C542991,2011-02-02,2011-02-06,Royal Mail,6.2,Delivered
542992,2011-02-04,2011-02-06,DHL,3.46,Delivered
542993,2011-02-03,2011-02-04,UPS,1.45,Delivered
542994,2011-02-02,2011-02-05,Royal Mail,2.0,Delivered
542995,2011-02-04,2011-02-06,UPS,5.56,Delivered
542996,2011-02-04,2011-02-08,UPS,4.08,Delivered
542997,2011-02-02,2011-02-06,DHL,1.73,Delivered
542998,2011-02-03,2011-02-10,DHL,3.56,Delivered
542999,2011-02-03,2011-02-10,UPS,6.05,Delivered
543000,2011-02-04,2011-02-08,Hermes,7.08,Delivered
543001,2011-02-04,2011-02-09,Royal Mail,6.01,Delivered
543002,2011-02-02,2011-02-07,DHL,5.21,Delivered
543003,2011-02-03,2011-02-08,Royal Mail,3.09,Delivered
C543004,2011-02-04,2011-02-09,UPS,7.48,Delivered
543005,2011-02-02,2011-02-06,DHL,3.53,Delivered
543006,2011-02-02,2011-02-04,FedEx,3.33,Delivered
543007,2011-02-04,2011-02-06,UPS,5.72,Delivered
543008,2011-02-02,2011-02-05,FedEx,2.19,Delivered
543009,2011-02-02,2011-02-05,UPS,7.42,Delivered
543010,2011-02-02,2011-02-04,UPS,3.44,Delivered
543011,2011-02-03,2011-02-10,Royal Mail,1.55,Delivered
543012,2011-02-03,2011-02-09,Royal Mail,3.86,Delivered
543013,2011-02-02,2011-02-04,FedEx,3.31,Delivered
543014,2011-02-02,2011-02-07,Hermes,3.36,Delivered
543015,2011-02-03,2011-02-09,UPS,6.47,Delivered
543016,2011-02-03,2011-02-10,Royal Mail,4.49,Delivered
543017,2011-02-04,2011-02-05,Hermes,6.46,Delivered
543018,2011-02-03,2011-02-08,FedEx,5.61,Delivered
543019,2011-02-04,2011-02-07,Royal Mail,1.9,Delivered
543020,2011-02-02,2011-02-06,Hermes,5.24,Delivered
543021,2011-02-02,2011-02-04,Royal Mail,0.96,Delivered
543022,2011-02-03,2011-02-09,Hermes,4.88,Delivered
543023,2011-02-04,2011-02-10,UPS,7.4,Delivered
543024,2011-02-03,2011-02-04,UPS,4.8,Delivered
543025,2011-02-03,2011-02-07,FedEx,6.0,Delivered
C543026,2011-02-02,2011-02-07,FedEx,4.97,Delivered
543027,2011-02-03,2011-02-10,Royal Mail,6.81,Delivered
543028,2011-02-04,2011-02-07,DHL,4.44,Delivered
543029,2011-02-03,2011-02-06,FedEx,7.0,Delivered
543030,2011-02-04,2011-02-05,Hermes,7.48,Delivered
543031,2011-02-04,2011-02-10,UPS,7.09,Delivered
543032,2011-02-02,2011-02-04,Royal Mail,3.99,Delivered
543033,2011-02-02,2011-02-08,UPS,4.77,Delivered
543034,2011-02-03,2011-02-06,FedEx,8.01,Delivered
543035,2011-02-02,2011-02-09,Hermes,4.46,Delivered
543036,2011-02-04,2011-02-08,Royal Mail,6.71,Delivered
543037,2011-02-02,2011-02-07,Royal Mail,5.89,Delivered
543038,2011-02-03,2011-02-08,Royal Mail,3.51,Delivered
C543039,2011-02-03,2011-02-07,UPS,7.42,Delivered
543040,2011-02-02,2011-02-04,FedEx,4.41,Delivered
543041,2011-02-02,2011-02-09,UPS,1.76,Delivered
C543042,2011-02-02,2011-02-09,DHL,0.0,Delivered
543043,2011-02-04,2011-02-09,Hermes,2.2,Delivered
543044,2011-02-03,2011-02-09,Royal Mail,3.41,Delivered
543045,2011-02-04,2011-02-07,DHL,6.61,Delivered
543046,2011-02-04,2011-02-09,Royal Mail,1.53,Delivered
543047,2011-02-05,2011-02-08,FedEx,2.32,Delivered
543048,2011-02-03,2011-02-07,DHL,7.05,Delivered
543049,2011-02-03,2011-02-06,FedEx,5.24,Delivered
C543050,2011-02-04,2011-02-09,FedEx,6.17,Delivered
543051,2011-02-05,2011-02-08,DHL,5.82,Delivered
C543052,2011-02-03,2011-02-08,FedEx,4.62,Delivered
543053,2011-02-04,2011-02-09,UPS,2.28,Delivered
543054,2011-02-05,2011-02-10,FedEx,2.8,Delivered
543055,2011-02-05,2011-02-06,FedEx,4.41,Delivered
543056,2011-02-04,2011-02-07,FedEx,5.51,Delivered
543057,2011-02-05,2011-02-09,DHL,3.97,Delivered
543094,2011-02-05,2011-02-11,DHL,4.28,Delivered
543095,2011-02-03,2011-02-09,Hermes,3.64,Delivered
543096,2011-02-03,2011-02-09,UPS,3.29,Delivered
543097,2011-02-03,2011-02-09,Hermes,4.31,Delivered
543098,2011-02-04,2011-02-07,FedEx,5.01,Delivered
543099,2011-02-04,2011-02-05,DHL,2.81,Delivered
543106,2011-02-05,2011-02-10,DHL,3.17,Delivered
543107,2011-02-04,2011-02-11,Royal Mail,3.18,Delivered
543108,2011-02-04,2011-02-09,UPS,6.94,Delivered
C543109,2011-02-05,2011-02-07,UPS,4.87,Delivered
543111,2011-02-05,2011-02-12,Royal Mail,6.15,Delivered
C543112,2011-02-03,2011-02-08,FedEx,5.8,Delivered
543113,2011-02-03,2011-02-10,DHL,5.61,Delivered
543114,2011-02-04,2011-02-09,UPS,0.0,Delivered
543115,2011-02-04,2011-02-11,DHL,2.64,Delivered
543116,2011-02-04,2011-02-11,FedEx,6.33,Delivered
543117,2011-02-05,2011-02-06,FedEx,2.53,Delivered
543118,2011-02-03,2011-02-10,UPS,4.96,Delivered
C543119,2011-02-04,2011-02-11,UPS,3.97,Delivered
543120,2011-02-03,2011-02-10,DHL,9.43,Delivered
543121,2011-02-04,2011-02-07,Royal Mail,3.23,Delivered
543122,2011-02-04,2011-02-10,DHL,4.63,Delivered
543123,2011-02-05,2011-02-06,UPS,3.18,Delivered
543124,2011-02-04,2011-02-08,DHL,4.0,Delivered
543125,2011-02-05,2011-02-06,Hermes,5.44,Delivered
543126,2011-02-05,2011-02-06,Hermes,7.71,Delivered
543127,2011-02-05,2011-02-11,UPS,6.67,Delivered
543128,2011-02-03,2011-02-05,Hermes,4.4,Delivered
543129,2011-02-05,2011-02-09,Royal Mail,5.41,Delivered
543130,2011-02-05,2011-02-12,UPS,4.87,Delivered
543131,2011-02-05,2011-02-10,DHL,5.7,Delivered
543132,2011-02-04,2011-02-10,DHL,4.04,Delivered
543133,2011-02-03,2011-02-07,DHL,4.27,Delivered
543134,2011-02-03,2011-02-05,Hermes,6.49,Delivered
543161,2011-02-04,2011-02-08,DHL,4.12,Delivered
543162,2011-02-03,2011-02-10,DHL,3.02,Delivered
543163,2011-02-04,2011-02-09,Royal Mail,6.26,Delivered
543164,2011-02-03,2011-02-05,UPS,1.4,Delivered
543165,2011-02-05,2011-02-06,Royal Mail,4.97,Delivered
543166,2011-02-05,2011-02-12,Hermes,1.97,Delivered
543167,2011-02-05,2011-02-12,UPS,6.88,Delivered
543168,2011-02-05,2011-02-11,Hermes,5.89,Delivered
543169,2011-02-04,2011-02-10,Hermes,3.51,Delivered
543170,2011-02-04,2011-02-08,UPS,3.03,Delivered
543171,2011-02-06,2011-02-07,FedEx,6.42,Delivered
543171,2011-02-06,2011-02-13,Royal Mail,1.52,Delivered
543172,2011-02-05,2011-02-09,Hermes,3.52,Delivered
543173,2011-02-04,2011-02-05,DHL,3.44,Delivered
543174,2011-02-05,2011-02-12,Hermes,5.02,Delivered
C543175,2011-02-04,2011-02-07,UPS,4.03,Delivered
543176,2011-02-06,2011-02-09,DHL,8.04,Delivered
543177,2011-02-04,2011-02-07,Royal Mail,3.15,Delivered
543178,2011-02-05,2011-02-11,Royal Mail,1.96,Delivered
543179,2011-02-04,2011-02-11,FedEx,5.82,Delivered
543179,2011-02-05,2011-02-08,UPS,3.94,Delivered
543180,2011-02-05,2011-02-10,FedEx,6.91,Delivered
543181,2011-02-06,2011-02-07,DHL,5.99,Delivered
543182,2011-02-04,2011-02-07,Hermes,6.32,Delivered
543182,2011-02-05,2011-02-11,FedEx,3.89,Delivered
543183,2011-02-06,2011-02-12,FedEx,7.97,Delivered
543184,2011-02-05,2011-02-11,UPS,4.46,Delivered
C543185,2011-02-06,2011-02-08,DHL,3.97,Delivered
543186,2011-02-06,2011-02-09,UPS,4.93,Delivered
543187,2011-02-04,2011-02-09,FedEx,6.44,Delivered
543188,2011-02-04,2011-02-09,Royal Mail,4.81,Delivered
543189,2011-02-06,2011-02-13,Hermes,8.19,Delivered
543190,2011-02-05,2011-02-09,Hermes,9.34,Delivered
543191,2011-02-06,2011-02-08,Hermes,1.85,Delivered
543192,2011-02-06,2011-02-09,Hermes,2.18,Delivered
543193,2011-02-05,2011-02-11,DHL,7.84,Delivered
543194,2011-02-06,2011-02-10,DHL,3.05,Delivered
543196,2011-02-06,2011-02-07,FedEx,5.2,Delivered
C543195,2011-02-04,2011-02-07,DHL,5.26,Delivered
543197,2011-02-06,2011-02-13,Royal Mail,6.59,Delivered
543198,2011-02-06,2011-02-08,FedEx,2.4,Delivered
543199,2011-02-06,2011-02-07,Hermes,5.02,Delivered
543200,2011-02-04,2011-02-10,DHL,4.66,Delivered
543201,2011-02-06,2011-02-07,FedEx,5.39,Delivered
543202,2011-02-06,2011-02-07,FedEx,2.66,Delivered
543214,2011-02-06,2011-02-11,Royal Mail,4.19,Delivered
543232,2011-02-04,2011-02-08,Hermes,3.52,Delivered
543235,2011-02-06,2011-02-08,DHL,4.78,Delivered
543237,2011-02-04,2011-02-10,UPS,7.45,Delivered
543238,2011-02-05,2011-02-10,FedEx,10.0,Delivered
543240,2011-02-04,2011-02-10,DHL,4.53,Delivered
C543239,2011-02-04,2011-02-09,FedEx,0.56,Delivered
C543241,2011-02-04,2011-02-06,DHL,5.13,Delivered
543242,2011-02-05,2011-02-09,Royal Mail,8.38,Delivered
543243,2011-02-06,2011-02-13,Royal Mail,3.81,Delivered
C543244,2011-02-04,2011-02-08,Royal Mail,7.57,Delivered
543245,2011-02-05,2011-02-06,UPS,5.81,Delivered
543246,2011-02-04,2011-02-09,UPS,7.37,Delivered
543247,2011-02-05,2011-02-10,Royal Mail,1.54,Delivered
543248,2011-02-04,2011-02-10,UPS,3.05,Delivered
543249,2011-02-06,2011-02-08,Hermes,5.95,Delivered
543250,2011-02-05,2011-02-06,FedEx,2.41,Delivered
543251,2011-02-05,2011-02-10,FedEx,3.75,Delivered
543252,2011-02-06,2011-02-10,Hermes,5.06,Delivered
543253,2011-02-05,2011-02-11,FedEx,4.78,Delivered
543254,2011-02-05,2011-02-08,Hermes,7.46,Delivered
543255,2011-02-06,2011-02-09,UPS,7.57,Delivered
543256,2011-02-04,2011-02-08,Royal Mail,7.17,Delivered
543257,2011-02-05,2011-02-10,UPS,3.75,Delivered
543258,2011-02-05,2011-02-11,FedEx,5.03,Delivered
543259,2011-02-04,2011-02-11,UPS,3.33,Delivered
543260,2011-02-04,2011-02-06,Royal Mail,7.55,Delivered
543261,2011-02-04,2011-02-06,FedEx,3.24,Delivered
543262,2011-02-06,2011-02-10,Royal Mail,4.98,Delivered
543263,2011-02-06,2011-02-09,Hermes,5.74,Delivered
543264,2011-02-05,2011-02-07,DHL,7.89,Delivered
543265,2011-02-05,2011-02-12,DHL,6.65,Delivered
543266,2011-02-04,2011-02-07,Hermes,2.8,Delivered
543267,2011-02-05,2011-02-11,Hermes,5.84,Delivered
543268,2011-02-05,2011-02-07,FedEx,1.62,Delivered
543269,2011-02-05,2011-02-12,FedEx,3.82,Delivered
543270,2011-02-06,2011-02-09,FedEx,6.24,Delivered
543271,2011-02-05,2011-02-08,UPS,1.87,Delivered
543272,2011-02-06,2011-02-13,UPS,3.69,Delivered
543273,2011-02-06,2011-02-10,FedEx,4.33,Delivered
543274,2011-02-07,2011-02-14,FedEx,4.13,Delivered
543275,2011-02-06,2011-02-13,DHL,5.82,Delivered
543276,2011-02-07,2011-02-14,FedEx,8.07,Delivered
543277,2011-02-06,2011-02-09,UPS,5.45,Delivered
543278,2011-02-08,2011-02-14,DHL,3.28,Delivered
543279,2011-02-06,2011-02-11,Hermes,3.51,Delivered
543280,2011-02-06,2011-02-08,DHL,5.59,Delivered
543281,2011-02-07,2011-02-13,UPS,7.5,Delivered
543282,2011-02-06,2011-02-13,UPS,4.04,Delivered
543283,2011-02-09,2011-02-15,UPS,5.01,Delivered
543284,2011-02-09,2011-02-13,Royal Mail,10.89,Delivered
543285,2011-02-07,2011-02-08,FedEx,4.69,Delivered
543286,2011-02-08,2011-02-09,UPS,6.9,Delivered
543287,2011-02-07,2011-02-13,Royal Mail,3.44,Delivered
543288,2011-02-08,2011-02-15,DHL,8.08,Delivered
C543290,2011-02-07,2011-02-12,FedEx,2.7,Delivered
543291,2011-02-08,2011-02-10,FedEx,3.85,Delivered
543292,2011-02-09,2011-02-14,FedEx,1.54,Delivered
543293,2011-02-09,2011-02-10,DHL,3.71,Delivered
543294,2011-02-07,2011-02-14,FedEx,6.83,Delivered
543300,2011-02-08,2011-02-14,DHL,4.5,Delivered
543306,2011-02-07,2011-02-10,UPS,5.27,Delivered
C543307,2011-02-07,2011-02-13,FedEx,6.88,Delivered
543308,2011-02-08,2011-02-13,Royal Mail,6.82,Delivered
543309,2011-02-08,2011-02-12,UPS,7.21,Delivered
543310,2011-02-07,2011-02-14,Hermes,10.62,Delivered
543325,2011-02-08,2011-02-09,Hermes,7.24,Delivered
543332,2011-02-08,2011-02-09,Hermes,6.24,Delivered
543342,2011-02-09,2011-02-13,FedEx,3.73,Delivered
543345,2011-02-09,2011-02-12,Royal Mail,4.75,Delivered
C543347,2011-02-09,2011-02-16,Royal Mail,2.43,Delivered
543348,2011-02-09,2011-02-11,Hermes,5.49,Delivered
543349,2011-02-08,2011-02-13,DHL,4.3,Delivered
543350,2011-02-07,2011-02-14,UPS,5.92,Delivered
543351,2011-02-09,2011-02-11,FedEx,2.96,Delivered
543352,2011-02-07,2011-02-09,Hermes,3.69,Delivered
C543353,2011-02-09,2011-02-15,UPS,7.07,Delivered
543354,2011-02-07,2011-02-11,Hermes,4.24,Delivered
543355,2011-02-08,2011-02-09,Royal Mail,7.69,Delivered
C543356,2011-02-07,2011-02-10,UPS,7.3,Delivered
543357,2011-02-09,2011-02-15,FedEx,8.19,Delivered
543358,2011-02-09,2011-02-13,DHL,5.33,Delivered
543359,2011-02-08,2011-02-14,Hermes,2.41,Delivered
543367,2011-02-07,2011-02-09,DHL,5.34,Delivered
C543368,2011-02-07,2011-02-12,Hermes,6.22,Delivered
543369,2011-02-07,2011-02-14,DHL,0.18,Delivered
543370,2011-02-08,2011-02-15,FedEx,3.76,Delivered
543371,2011-02-07,2011-02-13,DHL,5.36,Delivered
543372,2011-02-08,2011-02-10,DHL,6.14,Delivered
543373,2011-02-08,2011-02-09,DHL,8.46,Delivered
543374,2011-02-07,2011-02-14,UPS,1.66,Delivered
C543375,2011-02-07,2011-02-11,DHL,3.41,Delivered
543376,2011-02-08,2011-02-10,DHL,6.49,Delivered
543377,2011-02-08,2011-02-13,Royal Mail,6.04,Delivered
543378,2011-02-09,2011-02-15,Hermes,5.68,Delivered
543379,2011-02-07,2011-02-09,DHL,6.69,Delivered
543380,2011-02-09,2011-02-12,FedEx,6.59,Delivered
C543381,2011-02-08,2011-02-10,DHL,8.57,Delivered
543382,2011-02-08,2011-02-12,FedEx,4.67,Delivered
543383,2011-02-09,2011-02-10,UPS,6.95,Delivered
543385,2011-02-08,2011-02-12,Royal Mail,5.2,Delivered
C543384,2011-02-08,2011-02-11,FedEx,6.1,Delivered
543386,2011-02-10,2011-02-13,DHL,3.17,Delivered
543387,2011-02-10,2011-02-11,UPS,5.25,Delivered
C543388,2011-02-09,2011-02-15,FedEx,4.75,Delivered
543389,2011-02-08,2011-02-10,DHL,5.12,Delivered
543390,2011-02-10,2011-02-12,DHL,5.25,Delivered
543391,2011-02-10,2011-02-14,Royal Mail,8.34,Delivered
543392,2011-02-10,2011-02-16,FedEx,6.35,Delivered
543393,2011-02-09,2011-02-14,UPS,5.93,Delivered
543394,2011-02-08,2011-02-13,DHL,3.13,Delivered
543395,2011-02-10,2011-02-17,DHL,1.99,Delivered
543396,2011-02-08,2011-02-09,UPS,8.41,Delivered
543397,2011-02-08,2011-02-11,UPS,1.91,Delivered
543398,2011-02-09,2011-02-14,FedEx,1.9,Delivered
543399,2011-02-08,2011-02-15,Royal Mail,2.94,Delivered
543400,2011-02-08,2011-02-14,DHL,8.65,Delivered
543411,2011-02-09,2011-02-10,Hermes,3.07,Delivered
543413,2011-02-10,2011-02-12,DHL,6.89,Delivered
543428,2011-02-08,2011-02-09,FedEx,5.7,Delivered
C543431,2011-02-08,2011-02-09,UPS,4.47,Delivered
C543442,2011-02-09,2011-02-13,Hermes,1.33,Delivered
C543445,2011-02-10,2011-02-11,FedEx,6.44,Delivered
543446,2011-02-09,2011-02-13,FedEx,7.03,Delivered
543447,2011-02-09,2011-02-14,Royal Mail,7.11,Delivered
543448,2011-02-09,2011-02-13,Hermes,5.47,Delivered
543449,2011-02-08,2011-02-15,DHL,6.33,Delivered
543450,2011-02-08,2011-02-14,Royal Mail,4.86,Delivered
543451,2011-02-09,2011-02-14,Royal Mail,1.82,Delivered
543452,2011-02-08,2011-02-10,FedEx,6.17,Delivered
543453,2011-02-09,2011-02-15,UPS,7.69,Delivered
543454,2011-02-10,2011-02-15,Hermes,0.0,Delivered
543455,2011-02-09,2011-02-16,DHL,4.37,Delivered
543456,2011-02-09,2011-02-13,FedEx,3.61,Delivered
543457,2011-02-08,2011-02-14,UPS,2.77,Delivered
543458,2011-02-10,2011-02-11,DHL,5.34,Delivered
543459,2011-02-10,2011-02-11,DHL,4.96,Delivered
543460,2011-02-08,2011-02-12,FedEx,7.28,Delivered
543461,2011-02-09,2011-02-11,Hermes,5.17,Delivered
543462,2011-02-09,2011-02-13,DHL,3.51,Delivered
543463,2011-02-09,2011-02-10,FedEx,5.45,Delivered
543464,2011-02-10,2011-02-17,Hermes,6.61,Delivered
C543465,2011-02-08,2011-02-11,FedEx,4.17,Delivered
543466,2011-02-09,2011-02-16,Hermes,4.13,Delivered
543467,2011-02-09,2011-02-16,Hermes,5.24,Delivered
543468,2011-02-09,2011-02-10,FedEx,4.59,Delivered
C543469,2011-02-10,2011-02-12,Royal Mail,5.2,Delivered
543470,2011-02-08,2011-02-12,Royal Mail,7.3,Delivered
543471,2011-02-08,2011-02-15,FedEx,7.17,Delivered
543472,2011-02-09,2011-02-13,UPS,0.53,Delivered
543473,2011-02-10,2011-02-12,UPS,3.44,Delivered
543474,2011-02-10,2011-02-12,DHL,5.76,Delivered
C543475,2011-02-08,2011-02-10,FedEx,3.8,Delivered
543476,2011-02-10,2011-02-15,DHL,2.73,Delivered
543477,2011-02-08,2011-02-15,Hermes,4.05,Delivered
543478,2011-02-09,2011-02-14,DHL,2.63,Delivered
543479,2011-02-08,2011-02-11,DHL,0.0,Delivered
543480,2011-02-08,2011-02-14,DHL,2.38,Delivered
543481,2011-02-08,2011-02-15,DHL,2.03,Delivered
543482,2011-02-10,2011-02-15,UPS,6.02,Delivered
543483,2011-02-10,2011-02-13,UPS,3.74,Delivered
543484,2011-02-11,2011-02-15,UPS,3.94,Delivered
543485,2011-02-10,2011-02-11,Royal Mail,5.22,Delivered
543486,2011-02-10,2011-02-16,Hermes,4.33,Delivered
543487,2011-02-11,2011-02-16,Hermes,3.81,Delivered
543492,2011-02-09,2011-02-10,UPS,6.46,Delivered
543507,2011-02-09,2011-02-16,DHL,6.77,Delivered
543518,2011-02-10,2011-02-17,DHL,3.79,Delivered
543519,2011-02-09,2011-02-11,FedEx,3.42,Delivered
543520,2011-02-09,2011-02-11,FedEx,6.29,Delivered
543521,2011-02-11,2011-02-17,Hermes,6.56,Delivered
543523,2011-02-11,2011-02-13,DHL,2.2,Delivered
543527,2011-02-10,2011-02-11,Royal Mail,6.04,Delivered
543529,2011-02-11,2011-02-14,Hermes,7.25,Delivered
543530,2011-02-10,2011-02-12,UPS,6.69,Delivered
543532,2011-02-10,2011-02-17,Royal Mail,2.35,Delivered
543533,2011-02-09,2011-02-10,FedEx,4.3,Delivered
543534,2011-02-10,2011-02-11,UPS,5.81,Delivered
543535,2011-02-11,2011-02-15,UPS,3.69,Delivered
543536,2011-02-11,2011-02-13,UPS,5.08,Delivered
543537,2011-02-09,2011-02-10,Hermes,3.58,Delivered
543538,2011-02-11,2011-02-18,FedEx,5.21,Delivered
543539,2011-02-10,2011-02-17,UPS,8.89,Delivered
543540,2011-02-10,2011-02-11,Royal Mail,6.07,Delivered
543541,2011-02-11,2011-02-17,FedEx,3.78,Delivered
543542,2011-02-10,2011-02-16,Hermes,3.59,Delivered
543543,2011-02-10,2011-02-13,Royal Mail,7.61,Delivered
543544,2011-02-09,2011-02-10,UPS,5.11,Delivered
543545,2011-02-11,2011-02-15,FedEx,7.34,Delivered
543546,2011-02-09,2011-02-16,UPS,1.46,Delivered
543547,2011-02-10,2011-02-15,Hermes,3.58,Delivered
543548,2011-02-12,2011-02-16,Royal Mail,2.85,Delivered
543549,2011-02-12,2011-02-13,Hermes,3.41,Delivered
543550,2011-02-10,2011-02-11,DHL,3.08,Delivered
C543551,2011-02-12,2011-02-16,UPS,7.29,Delivered
543552,2011-02-12,2011-02-18,Royal Mail,2.98,Delivered
543553,2011-02-11,2011-02-16,Hermes,7.89,Delivered
543554,2011-02-10,2011-02-14,UPS,4.78,Delivered
543555,2011-02-12,2011-02-14,Royal Mail,4.6,Delivered
543565,2011-02-12,2011-02-15,Royal Mail,4.46,Delivered
543586,2011-02-10,2011-02-16,UPS,6.99,Delivered
543587,2011-02-11,2011-02-14,FedEx,1.89,Delivered
543588,2011-02-11,2011-02-15,Royal Mail,9.15,Delivered
543589,2011-02-11,2011-02-15,FedEx,5.14,Delivered
543590,2011-02-12,2011-02-19,Hermes,3.82,Delivered
543591,2011-02-12,2011-02-15,UPS,5.07,Delivered
543592,2011-02-10,2011-02-17,UPS,1.52,Delivered
543593,2011-02-10,2011-02-13,FedEx,2.56,Delivered
543594,2011-02-10,2011-02-13,FedEx,2.81,Delivered
543595,2011-02-10,2011-02-16,Royal Mail,3.89,Delivered
543596,2011-02-11,2011-02-17,DHL,3.67,Delivered
543597,2011-02-11,2011-02-13,FedEx,6.42,Delivered
543598,2011-02-11,2011-02-18,UPS,3.19,Delivered
543599,2011-02-11,2011-02-18,DHL,6.71,Delivered
543600,2011-02-10,2011-02-12,Hermes,4.55,Delivered
543601,2011-02-11,2011-02-16,Hermes,4.27,Delivered
543602,2011-02-10,2011-02-14,Hermes,7.46,Delivered
C543603,2011-02-12,2011-02-13,DHL,7.63,Delivered
543604,2011-02-12,2011-02-16,FedEx,6.75,Delivered
C543605,2011-02-10,2011-02-16,FedEx,3.03,Delivered
C543606,2011-02-11,2011-02-12,FedEx,4.59,Delivered
C543607,2011-02-12,2011-02-17,Royal Mail,4.36,Delivered
C543608,2011-02-10,2011-02-12,Hermes,6.28,Delivered
C543609,2011-02-10,2011-02-16,FedEx,6.41,Delivered
543610,2011-02-12,2011-02-14,DHL,5.24,Delivered
C543611,2011-02-10,2011-02-14,DHL,6.03,Delivered
543612,2011-02-10,2011-02-17,Hermes,6.33,Delivered
543618,2011-02-11,2011-02-18,UPS,2.82,Delivered
543619,2011-02-12,2011-02-14,UPS,6.3,Delivered
C543620,2011-02-10,2011-02-17,Hermes,2.55,Delivered
543622,2011-02-11,2011-02-17,FedEx,3.63,Delivered
C543621,2011-02-12,2011-02-19,FedEx,5.52,Delivered
543623,2011-02-11,2011-02-14,DHL,3.52,Delivered
C543624,2011-02-11,2011-02-16,FedEx,7.72,Delivered
543625,2011-02-11,2011-02-18,DHL,6.43,Delivered
543626,2011-02-12,2011-02-17,DHL,8.67,Delivered
C543627,2011-02-12,2011-02-18,UPS,7.55,Delivered
C543628,2011-02-12,2011-02-15,Royal Mail,5.96,Delivered
543629,2011-02-12,2011-02-15,Hermes,2.45,Delivered
543630,2011-02-10,2011-02-14,FedEx,4.41,Delivered
543631,2011-02-12,2011-02-16,UPS,4.7,Delivered
C543632,2011-02-12,2011-02-16,Royal Mail,6.17,Delivered
C543633,2011-02-12,2011-02-16,Hermes,4.64,Delivered
C543634,2011-02-12,2011-02-13,FedEx,1.9,Delivered
C543635,2011-02-10,2011-02-16,FedEx,5.46,Delivered
C543636,2011-02-10,2011-02-16,FedEx,0.61,Delivered
C543637,2011-02-12,2011-02-13,Hermes,2.94,Delivered
C543638,2011-02-11,2011-02-15,DHL,6.39,Delivered
543639,2011-02-11,2011-02-14,Hermes,4.88,Delivered
C543640,2011-02-12,2011-02-18,FedEx,3.74,Delivered
543641,2011-02-12,2011-02-16,DHL,7.27,Delivered
543642,2011-02-12,2011-02-18,Hermes,4.91,Delivered
C543643,2011-02-12,2011-02-13,FedEx,5.21,Delivered
C543644,2011-02-12,2011-02-13,Royal Mail,3.15,Delivered
543645,2011-02-12,2011-02-14,DHL,3.39,Delivered
543646,2011-02-10,2011-02-15,DHL,5.25,Delivered
543647,2011-02-11,2011-02-17,Royal Mail,4.58,Delivered
543648,2011-02-12,2011-02-13,Royal Mail,7.46,Delivered
543649,2011-02-13,2011-02-17,UPS,4.13,Delivered
543650,2011-02-12,2011-02-18,UPS,6.18,Delivered
543651,2011-02-11,2011-02-14,FedEx,6.4,Delivered
543652,2011-02-11,2011-02-17,UPS,6.71,Delivered
543653,2011-02-11,2011-02-14,UPS,3.38,Delivered
543654,2011-02-11,2011-02-13,FedEx,7.82,Delivered
543655,2011-02-12,2011-02-16,Royal Mail,4.74,Delivered
543656,2011-02-13,2011-02-16,Royal Mail,5.51,Delivered
543657,2011-02-13,2011-02-14,FedEx,4.51,Delivered
543658,2011-02-11,2011-02-13,Royal Mail,7.39,Delivered
543660,2011-02-11,2011-02-14,UPS,4.44,Delivered
C543659,2011-02-12,2011-02-13,Hermes,1.35,Delivered
C543661,2011-02-11,2011-02-13,Hermes,3.46,Delivered
C543662,2011-02-12,2011-02-14,Hermes,5.36,Delivered
C543663,2011-02-13,2011-02-15,Hermes,6.8,Delivered
543664,2011-02-12,2011-02-17,DHL,7.43,Delivered
543668,2011-02-11,2011-02-16,DHL,3.03,Delivered
543669,2011-02-12,2011-02-13,Hermes,7.41,Delivered
543670,2011-02-11,2011-02-18,FedEx,5.6,Delivered
C543671,2011-02-12,2011-02-13,FedEx,3.91,Delivered
543672,2011-02-11,2011-02-12,UPS,2.56,Delivered
543673,2011-02-11,2011-02-16,DHL,9.49,Delivered
543674,2011-02-12,2011-02-18,Hermes,4.92,Delivered
543675,2011-02-12,2011-02-19,UPS,7.79,Delivered
543688,2011-02-11,2011-02-14,DHL,3.98,Delivered
543691,2011-02-12,2011-02-14,DHL,7.25,Delivered
543693,2011-02-12,2011-02-13,FedEx,4.43,Delivered
C543706,2011-02-11,2011-02-15,Hermes,6.97,Delivered
543713,2011-02-13,2011-02-19,FedEx,6.41,Delivered
C543729,2011-02-13,2011-02-18,Hermes,4.28,Delivered
543730,2011-02-13,2011-02-19,DHL,2.68,Delivered
543731,2011-02-12,2011-02-15,DHL,3.74,Delivered
543732,2011-02-13,2011-02-17,UPS,5.43,Delivered
543733,2011-02-12,2011-02-16,Royal Mail,2.68,Delivered
543734,2011-02-12,2011-02-17,UPS,5.14,Delivered
543735,2011-02-13,2011-02-17,FedEx,1.49,Delivered
543736,2011-02-12,2011-02-19,Royal Mail,5.05,Delivered
543737,2011-02-13,2011-02-20,Royal Mail,5.33,Delivered
543738,2011-02-13,2011-02-19,Hermes,5.8,Delivered
543739,2011-02-13,2011-02-15,FedEx,4.83,Delivered
543740,2011-02-11,2011-02-14,UPS,2.53,Delivered
C543741,2011-02-11,2011-02-14,Hermes,8.54,Delivered
C543742,2011-02-12,2011-02-18,Hermes,6.21,Delivered
C543743,2011-02-13,2011-02-20,DHL,1.98,Delivered
C543744,2011-02-11,2011-02-13,Royal Mail,4.83,Delivered
C543745,2011-02-12,2011-02-14,DHL,4.82,Delivered
543746,2011-02-11,2011-02-15,DHL,4.24,Delivered
543747,2011-02-13,2011-02-19,Hermes,9.5,Delivered
543748,2011-02-11,2011-02-17,Royal Mail,5.44,Delivered
C543749,2011-02-12,2011-02-13,DHL,2.61,Delivered
C543750,2011-02-12,2011-02-14,UPS,1.25,Delivered
543751,2011-02-11,2011-02-14,UPS,6.06,Delivered
C543752,2011-02-11,2011-02-16,FedEx,5.31,Delivered
543753,2011-02-12,2011-02-18,Hermes,3.93,Delivered
543754,2011-02-12,2011-02-14,FedEx,0.82,Delivered
C543755,2011-02-12,2011-02-18,Royal Mail,3.22,Delivered
C543756,2011-02-12,2011-02-19,DHL,6.04,Delivered
C543757,2011-02-12,2011-02-15,Hermes,8.07,Delivered
C543758,2011-02-11,2011-02-17,UPS,5.2,Delivered
543759,2011-02-11,2011-02-17,DHL,5.89,Delivered
C543760,2011-02-11,2011-02-18,UPS,5.42,Delivered
C543761,2011-02-11,2011-02-13,Hermes,2.76,Delivered
543762,2011-02-12,2011-02-18,UPS,9.24,Delivered
C543763,2011-02-12,2011-02-17,FedEx,4.44,Delivered
C543764,2011-02-11,2011-02-18,Royal Mail,7.54,Delivered
C543765,2011-02-12,2011-02-19,DHL,7.42,Delivered
C543766,2011-02-12,2011-02-14,DHL,4.22,Delivered
C543767,2011-02-13,2011-02-14,UPS,4.04,Delivered
C543768,2011-02-11,2011-02-18,UPS,5.13,Delivered
C543769,2011-02-11,2011-02-12,Royal Mail,5.14,Delivered
543770,2011-02-12,2011-02-18,DHL,7.76,Delivered
C543771,2011-02-12,2011-02-17,Royal Mail,3.77,Delivered
C543772,2011-02-11,2011-02-18,DHL,2.98,Delivered
C543773,2011-02-13,2011-02-16,Royal Mail,0.58,Delivered
543774,2011-02-12,2011-02-19,FedEx,2.96,Delivered
C543775,2011-02-11,2011-02-14,UPS,5.88,Delivered
C543776,2011-02-12,2011-02-16,DHL,7.74,Delivered
543777,2011-02-12,2011-02-17,Royal Mail,5.44,Delivered
543777,2011-02-12,2011-02-18,UPS,7.78,Delivered
C543778,2011-02-11,2011-02-18,UPS,6.36,Delivered
C543779,2011-02-13,2011-02-16,Hermes,5.63,Delivered
C543780,2011-02-11,2011-02-13,Hermes,5.67,Delivered
543781,2011-02-13,2011-02-14,UPS,4.85,Delivered
543782,2011-02-13,2011-02-18,Royal Mail,4.1,Delivered
543783,2011-02-12,2011-02-15,Royal Mail,4.17,Delivered
C543784,2011-02-11,2011-02-12,DHL,5.17,Delivered
C543785,2011-02-11,2011-02-18,UPS,5.01,Delivered
C543786,2011-02-13,2011-02-14,DHL,5.04,Delivered
C543787,2011-02-13,2011-02-14,Royal Mail,4.47,Delivered
543788,2011-02-13,2011-02-20,UPS,7.66,Delivered
C543789,2011-02-12,2011-02-18,Hermes,3.89,Delivered
C543790,2011-02-12,2011-02-16,DHL,3.87,Delivered
C543791,2011-02-12,2011-02-18,UPS,2.49,Delivered
C543792,2011-02-12,2011-02-14,UPS,3.16,Delivered
543796,2011-02-11,2011-02-14,DHL,4.57,Delivered
543797,2011-02-14,2011-02-17,DHL,4.72,Delivered
543798,2011-02-14,2011-02-16,Royal Mail,5.3,Delivered
543799,2011-02-14,2011-02-18,Hermes,8.53,Delivered
543800,2011-02-13,2011-02-20,FedEx,0.25,Delivered
543801,2011-02-13,2011-02-17,UPS,6.65,Delivered
543802,2011-02-14,2011-02-18,UPS,3.52,Delivered
543803,2011-02-14,2011-02-17,FedEx,4.07,Delivered
543804,2011-02-15,2011-02-20,DHL,6.79,Delivered
543805,2011-02-13,2011-02-15,DHL,0.58,Delivered
543806,2011-02-15,2011-02-21,Hermes,2.97,Delivered
543807,2011-02-14,2011-02-18,Hermes,7.3,Delivered
543808,2011-02-14,2011-02-20,FedEx,2.3,Delivered
543809,2011-02-13,2011-02-17,DHL,2.54,Delivered
543810,2011-02-14,2011-02-17,Hermes,5.47,Delivered
C543811,2011-02-14,2011-02-15,DHL,5.52,Delivered
543812,2011-02-13,2011-02-19,UPS,7.48,Delivered
543813,2011-02-15,2011-02-19,DHL,5.41,Delivered
543814,2011-02-13,2011-02-17,Hermes,4.85,Delivered
543815,2011-02-15,2011-02-17,FedEx,8.01,Delivered
543816,2011-02-13,2011-02-19,UPS,4.69,Delivered
C543817,2011-02-15,2011-02-22,DHL,6.02,Delivered
C543818,2011-02-13,2011-02-20,DHL,6.42,Delivered
C543819,2011-02-14,2011-02-17,Hermes,7.51,Delivered
543820,2011-02-15,2011-02-21,Royal Mail,3.88,Delivered
543821,2011-02-16,2011-02-17,Royal Mail,5.23,Delivered
543822,2011-02-14,2011-02-17,Royal Mail,5.14,Delivered
543823,2011-02-15,2011-02-18,DHL,4.8,Delivered
543824,2011-02-15,2011-02-22,Royal Mail,0.0,Delivered
543825,2011-02-15,2011-02-20,FedEx,1.75,Delivered
543826,2011-02-15,2011-02-18,DHL,3.12,Delivered
543827,2011-02-15,2011-02-18,Royal Mail,5.38,Delivered
543828,2011-02-14,2011-02-16,UPS,3.88,Delivered
543829,2011-02-14,2011-02-19,Hermes,2.83,Delivered
C543830,2011-02-16,2011-02-20,FedEx,6.38,Delivered
543831,2011-02-16,2011-02-23,DHL,7.92,Delivered
543832,2011-02-14,2011-02-18,Royal Mail,4.56,Delivered
543833,2011-02-14,2011-02-16,UPS,2.76,Delivered
C543834,2011-02-14,2011-02-19,FedEx,5.39,Delivered
C543835,2011-02-15,2011-02-20,Hermes,6.76,Delivered
543836,2011-02-15,2011-02-21,Hermes,8.85,Delivered
C543837,2011-02-15,2011-02-18,Royal Mail,5.57,Delivered
C543838,2011-02-14,2011-02-19,FedEx,4.51,Delivered
543839,2011-02-16,2011-02-20,DHL,8.59,Delivered
C543840,2011-02-16,2011-02-18,FedEx,8.0,Delivered
C543841,2011-02-15,2011-02-21,Royal Mail,1.49,Delivered
543842,2011-02-15,2011-02-16,Hermes,9.54,Delivered
543852,2011-02-16,2011-02-20,DHL,3.99,Delivered
543899,2011-02-16,2011-02-19,Hermes,6.14,Delivered
543900,2011-02-14,2011-02-18,FedEx,5.54,Delivered
543901,2011-02-14,2011-02-20,FedEx,4.64,Delivered
543907,2011-02-15,2011-02-19,UPS,4.17,Delivered
543908,2011-02-16,2011-02-20,Royal Mail,6.36,Delivered
543909,2011-02-15,2011-02-20,Royal Mail,8.77,Delivered
543910,2011-02-16,2011-02-17,Hermes,9.05,Delivered
543911,2011-02-14,2011-02-17,UPS,5.7,Delivered
543912,2011-02-15,2011-02-16,FedEx,7.14,Delivered
543913,2011-02-16,2011-02-20,FedEx,3.39,Delivered
543914,2011-02-15,2011-02-19,FedEx,6.78,Delivered
543915,2011-02-14,2011-02-17,FedEx,2.81,Delivered
543916,2011-02-15,2011-02-16,UPS,4.25,Delivered
C543917,2011-02-16,2011-02-17,FedEx,7.74,Delivered
C543918,2011-02-14,2011-02-21,DHL,1.75,Delivered
543919,2011-02-14,2011-02-16,Royal Mail,5.32,Delivered
543920,2011-02-16,2011-02-23,DHL,5.66,Delivered
543921,2011-02-14,2011-02-21,Royal Mail,5.33,Delivered
543922,2011-02-15,2011-02-22,Hermes,5.02,Delivered
543923,2011-02-14,2011-02-16,Hermes,2.16,Delivered
543924,2011-02-15,2011-02-21,FedEx,2.12,Delivered
543934,2011-02-16,2011-02-17,Hermes,7.25,Delivered
543935,2011-02-14,2011-02-20,Royal Mail,7.16,Delivered
543973,2011-02-14,2011-02-15,Royal Mail,8.54,Delivered
C543972,2011-02-14,2011-02-16,Royal Mail,5.09,Delivered
C543974,2011-02-16,2011-02-17,UPS,3.95,Delivered
543975,2011-02-15,2011-02-22,DHL,7.22,Delivered
543976,2011-02-16,2011-02-20,Hermes,4.39,Delivered
543977,2011-02-16,2011-02-22,Hermes,2.83,Delivered
543978,2011-02-14,2011-02-18,DHL,4.19,Delivered
543979,2011-02-14,2011-02-17,DHL,4.96,Delivered
C543980,2011-02-16,2011-02-21,DHL,4.04,Delivered
543981,2011-02-15,2011-02-17,DHL,2.04,Delivered
543982,2011-02-16,2011-02-23,DHL,6.49,Delivered
543983,2011-02-17,2011-02-20,Hermes,7.42,Delivered
543984,2011-02-16,2011-02-21,FedEx,5.3,Delivered
543985,2011-02-16,2011-02-22,DHL,6.49,Delivered
543986,2011-02-17,2011-02-18,FedEx,4.77,Delivered
543987,2011-02-15,2011-02-16,UPS,6.16,Delivered
543988,2011-02-16,2011-02-22,Royal Mail,2.31,Delivered
543989,2011-02-15,2011-02-21,UPS,2.48,Delivered
543990,2011-02-15,2011-02-21,Royal Mail,3.57,Delivered
543991,2011-02-16,2011-02-22,Hermes,8.12,Delivered
C543992,2011-02-17,2011-02-18,Hermes,4.7,Delivered
543993,2011-02-16,2011-02-19,UPS,8.82,Delivered
543994,2011-02-16,2011-02-20,FedEx,5.15,Delivered
543995,2011-02-17,2011-02-19,DHL,3.27,Delivered
543996,2011-02-17,2011-02-19,Royal Mail,4.25,Delivered
543997,2011-02-16,2011-02-19,UPS,3.09,Delivered
543998,2011-02-16,2011-02-23,UPS,3.94,Delivered
C544034,2011-02-16,2011-02-20,Royal Mail,5.33,Delivered
544035,2011-02-15,2011-02-22,FedEx,2.03,Delivered
544036,2011-02-15,2011-02-19,FedEx,7.74,Delivered
544037,2011-02-15,2011-02-19,DHL,7.82,Delivered
C544038,2011-02-15,2011-02-16,Royal Mail,8.93,Delivered
544039,2011-02-16,2011-02-20,DHL,4.83,Delivered
544040,2011-02-16,2011-02-20,DHL,6.32,Delivered
544041,2011-02-16,2011-02-23,Hermes,4.78,Delivered
544042,2011-02-17,2011-02-23,UPS,6.28,Delivered
544043,2011-02-16,2011-02-20,DHL,2.05,Delivered
544044,2011-02-16,2011-02-17,Royal Mail,5.24,Delivered
544045,2011-02-16,2011-02-22,UPS,4.14,Delivered
544046,2011-02-17,2011-02-21,DHL,4.31,Delivered
C544047,2011-02-16,2011-02-20,Royal Mail,7.72,Delivered
C544049,2011-02-16,2011-02-22,FedEx,4.24,Delivered
544051,2011-02-17,2011-02-22,UPS,2.93,Delivered
C544054,2011-02-17,2011-02-20,FedEx,3.26,Delivered
544055,2011-02-17,2011-02-20,DHL,1.38,Delivered
544056,2011-02-15,2011-02-16,UPS,8.88,Delivered
C544057,2011-02-16,2011-02-20,DHL,5.45,Delivered
544058,2011-02-15,2011-02-22,FedEx,6.72,Delivered
544059,2011-02-17,2011-02-21,FedEx,2.53,Delivered
544060,2011-02-16,2011-02-22,DHL,4.11,Delivered
544061,2011-02-15,2011-02-18,Hermes,6.42,Delivered
544062,2011-02-17,2011-02-22,DHL,4.74,Delivered
544063,2011-02-15,2011-02-19,Hermes,4.61,Delivered
544064,2011-02-17,2011-02-18,UPS,5.07,Delivered
544065,2011-02-15,2011-02-20,FedEx,7.03,Delivered
544066,2011-02-17,2011-02-23,FedEx,6.14,Delivered
544067,2011-02-15,2011-02-19,UPS,5.61,Delivered
544068,2011-02-16,2011-02-22,DHL,1.51,Delivered
544069,2011-02-16,2011-02-23,Royal Mail,3.6,Delivered
544070,2011-02-15,2011-02-18,FedEx,5.23,Delivered
544071,2011-02-17,2011-02-21,Hermes,5.97,Delivered
544072,2011-02-16,2011-02-20,FedEx,6.27,Delivered
544073,2011-02-17,2011-02-22,DHL,6.29,Delivered
544074,2011-02-17,2011-02-22,Royal Mail,2.43,Delivered
544075,2011-02-16,2011-02-22,Royal Mail,4.88,Delivered
544076,2011-02-17,2011-02-20,DHL,3.69,Delivered
544077,2011-02-16,2011-02-20,Royal Mail,4.6,Delivered
544078,2011-02-16,2011-02-17,Royal Mail,6.29,Delivered
544079,2011-02-17,2011-02-23,UPS,6.97,Delivered
C544080,2011-02-15,2011-02-19,UPS,6.06,Delivered
544081,2011-02-17,2011-02-19,Hermes,3.37,Delivered
544082,2011-02-16,2011-02-20,FedEx,5.6,Delivered
544083,2011-02-15,2011-02-21,Hermes,3.86,Delivered
544084,2011-02-15,2011-02-18,Royal Mail,5.34,Delivered
544085,2011-02-15,2011-02-16,FedEx,3.19,Delivered
544086,2011-02-16,2011-02-23,UPS,4.38,Delivered
544087,2011-02-17,2011-02-18,UPS,3.78,Delivered
544088,2011-02-16,2011-02-21,Royal Mail,3.4,Delivered
544089,2011-02-17,2011-02-20,FedEx,2.62,Delivered
544090,2011-02-18,2011-02-19,DHL,3.96,Delivered
544091,2011-02-17,2011-02-18,Royal Mail,5.59,Delivered
544092,2011-02-16,2011-02-22,DHL,5.72,Delivered
544093,2011-02-16,2011-02-23,FedEx,6.79,Delivered
544094,2011-02-17,2011-02-20,Royal Mail,4.69,Delivered
544095,2011-02-17,2011-02-21,Hermes,6.92,Delivered
544096,2011-02-17,2011-02-23,DHL,5.79,Delivered
544097,2011-02-18,2011-02-25,Royal Mail,5.86,Delivered
544098,2011-02-16,2011-02-23,FedEx,2.99,Delivered
C544099,2011-02-16,2011-02-18,Royal Mail,3.43,Delivered
544100,2011-02-16,2011-02-22,DHL,2.98,Delivered
544101,2011-02-17,2011-02-18,Royal Mail,5.28,Delivered
544102,2011-02-16,2011-02-23,DHL,6.43,Delivered
544103,2011-02-18,2011-02-21,FedEx,2.84,Delivered
544104,2011-02-17,2011-02-18,Hermes,6.84,Delivered
544105,2011-02-17,2011-02-21,Royal Mail,3.5,Delivered
544106,2011-02-18,2011-02-19,Royal Mail,2.29,Delivered
544107,2011-02-16,2011-02-21,Royal Mail,5.68,Delivered
544109,2011-02-16,2011-02-19,Royal Mail,7.56,Delivered
544110,2011-02-18,2011-02-21,Hermes,5.96,Delivered
544111,2011-02-16,2011-02-18,Hermes,4.29,Delivered
544112,2011-02-16,2011-02-22,Hermes,4.5,Delivered
544115,2011-02-18,2011-02-22,DHL,7.5,Delivered
C544117,2011-02-16,2011-02-23,Hermes,4.95,Delivered
C544118,2011-02-17,2011-02-21,Royal Mail,6.32,Delivered
544125,2011-02-18,2011-02-21,UPS,7.68,Delivered
544129,2011-02-18,2011-02-24,Hermes,5.49,Delivered
544143,2011-02-17,2011-02-19,DHL,6.5,Delivered
544147,2011-02-16,2011-02-22,DHL,6.29,Delivered
544150,2011-02-16,2011-02-23,Hermes,4.85,Delivered
544151,2011-02-18,2011-02-24,DHL,3.32,Delivered
544152,2011-02-18,2011-02-25,FedEx,4.57,Delivered
544153,2011-02-18,2011-02-20,Hermes,5.51,Delivered
544154,2011-02-17,2011-02-19,Hermes,5.31,Delivered
544155,2011-02-16,2011-02-23,FedEx,5.05,Delivered
544156,2011-02-16,2011-02-20,UPS,4.58,Delivered
544157,2011-02-17,2011-02-22,DHL,2.83,Delivered
544158,2011-02-17,2011-02-21,Hermes,2.08,Delivered
544159,2011-02-18,2011-02-25,DHL,2.97,Delivered
544160,2011-02-16,2011-02-21,Royal Mail,7.93,Delivered
544161,2011-02-18,2011-02-19,Royal Mail,2.4,Delivered
544162,2011-02-17,2011-02-18,FedEx,1.96,Delivered
544163,2011-02-16,2011-02-17,Royal Mail,6.09,Delivered
544164,2011-02-17,2011-02-19,DHL,8.24,Delivered
544165,2011-02-17,2011-02-18,FedEx,4.4,Delivered
544166,2011-02-17,2011-02-23,Royal Mail,4.84,Delivered
544167,2011-02-16,2011-02-19,DHL,5.51,Delivered
544168,2011-02-17,2011-02-21,DHL,7.07,Delivered
544169,2011-02-18,2011-02-25,Royal Mail,6.95,Delivered
544170,2011-02-17,2011-02-19,Royal Mail,7.44,Delivered
C544171,2011-02-17,2011-02-24,Hermes,7.09,Delivered
C544174,2011-02-18,2011-02-23,FedEx,4.61,Delivered
544176,2011-02-17,2011-02-18,DHL,8.09,Delivered
544177,2011-02-16,2011-02-17,UPS,4.78,Delivered
544178,2011-02-17,2011-02-21,UPS,4.56,Delivered
544179,2011-02-17,2011-02-19,Royal Mail,4.47,Delivered
544180,2011-02-16,2011-02-23,FedEx,4.72,Delivered
544181,2011-02-18,2011-02-21,UPS,5.46,Delivered
544182,2011-02-18,2011-02-21,DHL,6.51,Delivered
544183,2011-02-16,2011-02-22,UPS,7.45,Delivered
C544184,2011-02-16,2011-02-23,Hermes,0.0,Delivered
544185,2011-02-17,2011-02-22,UPS,5.83,Delivered
544186,2011-02-18,2011-02-19,FedEx,1.94,Delivered
544186,2011-02-17,2011-02-18,Hermes,2.51,Delivered
544187,2011-02-18,2011-02-20,FedEx,7.75,Delivered
544189,2011-02-18,2011-02-21,Hermes,3.3,Delivered
544190,2011-02-18,2011-02-21,UPS,4.55,Delivered
544191,2011-02-16,2011-02-21,UPS,1.02,Delivered
544192,2011-02-17,2011-02-19,UPS,9.13,Delivered
544193,2011-02-19,2011-02-24,UPS,3.64,Delivered
544194,2011-02-19,2011-02-22,DHL,6.64,Delivered
544195,2011-02-18,2011-02-21,UPS,2.63,Delivered
544196,2011-02-19,2011-02-21,Royal Mail,5.76,Delivered
544197,2011-02-18,2011-02-23,DHL,2.97,Delivered
544198,2011-02-19,2011-02-21,Hermes,3.55,Delivered
544199,2011-02-17,2011-02-24,DHL,5.91,Delivered
544200,2011-02-18,2011-02-19,Hermes,3.21,Delivered
544201,2011-02-19,2011-02-20,Hermes,5.14,Delivered
544202,2011-02-19,2011-02-25,DHL,5.11,Delivered
544203,2011-02-19,2011-02-21,FedEx,3.23,Delivered
544204,2011-02-18,2011-02-23,UPS,5.12,Delivered
544205,2011-02-19,2011-02-25,UPS,5.36,Delivered
544206,2011-02-18,2011-02-24,Royal Mail,6.83,Delivered
544207,2011-02-17,2011-02-23,UPS,6.72,Delivered
544208,2011-02-17,2011-02-23,Royal Mail,7.55,Delivered
544209,2011-02-19,2011-02-26,Royal Mail,0.55,Delivered
544210,2011-02-19,2011-02-22,DHL,5.13,Delivered
544211,2011-02-18,2011-02-21,DHL,4.13,Delivered
544214,2011-02-17,2011-02-18,Royal Mail,4.77,Delivered
544271,2011-02-17,2011-02-20,Royal Mail,6.0,Delivered
544277,2011-02-19,2011-02-20,Royal Mail,8.61,Delivered
544278,2011-02-18,2011-02-22,Royal Mail,3.34,Delivered
C544279,2011-02-18,2011-02-19,Hermes,5.89,Delivered
544280,2011-02-18,2011-02-21,UPS,3.8,Delivered
544281,2011-02-19,2011-02-24,UPS,6.2,Delivered
544282,2011-02-19,2011-02-24,Hermes,7.25,Delivered
544283,2011-02-17,2011-02-21,FedEx,5.6,Delivered
544286,2011-02-18,2011-02-19,FedEx,3.79,Delivered
544292,2011-02-18,2011-02-25,Hermes,1.22,Delivered
544293,2011-02-17,2011-02-21,Hermes,3.65,Delivered
544294,2011-02-19,2011-02-23,Royal Mail,3.72,Delivered
544295,2011-02-18,2011-02-19,UPS,5.05,Delivered
544296,2011-02-18,2011-02-23,Royal Mail,4.15,Delivered
544297,2011-02-17,2011-02-19,Royal Mail,1.81,Delivered
544298,2011-02-17,2011-02-22,UPS,5.93,Delivered
544299,2011-02-17,2011-02-20,FedEx,2.05,Delivered
C544300,2011-02-18,2011-02-20,Hermes,3.99,Delivered
544301,2011-02-18,2011-02-19,Royal Mail,3.92,Delivered
544302,2011-02-19,2011-02-26,Royal Mail,2.55,Delivered
544303,2011-02-19,2011-02-23,Royal Mail,2.77,Delivered
544304,2011-02-19,2011-02-24,UPS,4.97,Delivered
544305,2011-02-19,2011-02-25,Royal Mail,4.98,Delivered
544306,2011-02-19,2011-02-23,DHL,6.0,Delivered
544307,2011-02-18,2011-02-21,DHL,7.63,Delivered
544308,2011-02-18,2011-02-19,DHL,5.67,Delivered
544309,2011-02-17,2011-02-19,UPS,4.79,Delivered
544311,2011-02-19,2011-02-26,DHL,5.02,Delivered
C544310,2011-02-18,2011-02-19,FedEx,5.75,Delivered
544312,2011-02-19,2011-02-24,UPS,6.66,Delivered
544313,2011-02-17,2011-02-23,UPS,6.75,Delivered
544314,2011-02-17,2011-02-18,DHL,0.46,Delivered
544315,2011-02-17,2011-02-19,Hermes,3.02,Delivered
544316,2011-02-18,2011-02-25,UPS,4.17,Delivered
544317,2011-02-17,2011-02-23,Hermes,6.53,Delivered
C544318,2011-02-19,2011-02-20,UPS,3.85,Delivered
544319,2011-02-18,2011-02-19,FedEx,2.13,Delivered
544320,2011-02-17,2011-02-18,Royal Mail,6.21,Delivered
544321,2011-02-18,2011-02-24,FedEx,2.65,Delivered
544322,2011-02-17,2011-02-19,Royal Mail,5.38,Delivered
544323,2011-02-17,2011-02-19,Royal Mail,2.33,Delivered
544324,2011-02-18,2011-02-24,Hermes,3.73,Delivered
544325,2011-02-18,2011-02-23,FedEx,0.0,Delivered
544326,2011-02-19,2011-02-21,Hermes,5.74,Delivered
544328,2011-02-18,2011-02-19,Hermes,6.3,Delivered
544329,2011-02-18,2011-02-20,UPS,5.33,Delivered
544330,2011-02-17,2011-02-20,Royal Mail,4.69,Delivered
544331,2011-02-19,2011-02-25,FedEx,4.98,Delivered
544332,2011-02-19,2011-02-24,Royal Mail,3.8,Delivered
544333,2011-02-18,2011-02-20,UPS,8.45,Delivered
544334,2011-02-17,2011-02-19,UPS,3.62,Delivered
544335,2011-02-17,2011-02-21,Hermes,5.19,Delivered
544336,2011-02-19,2011-02-25,Hermes,5.48,Delivered
544337,2011-02-20,2011-02-22,Hermes,4.4,Delivered
544338,2011-02-18,2011-02-25,Royal Mail,0.0,Delivered
544339,2011-02-18,2011-02-23,DHL,5.85,Delivered
544340,2011-02-18,2011-02-24,UPS,6.01,Delivered
544341,2011-02-18,2011-02-25,FedEx,3.4,Delivered
544342,2011-02-19,2011-02-20,UPS,6.69,Delivered
544343,2011-02-19,2011-02-20,DHL,5.47,Delivered
544344,2011-02-20,2011-02-26,FedEx,2.89,Delivered
544345,2011-02-18,2011-02-24,DHL,6.73,Delivered
544346,2011-02-19,2011-02-24,Hermes,7.21,Delivered
544347,2011-02-20,2011-02-22,DHL,3.15,Delivered
544348,2011-02-20,2011-02-25,FedEx,4.21,Delivered
544349,2011-02-20,2011-02-21,UPS,5.01,Delivered
544350,2011-02-18,2011-02-23,Royal Mail,4.02,Delivered
544351,2011-02-20,2011-02-21,FedEx,1.68,Delivered
544352,2011-02-19,2011-02-23,FedEx,1.46,Delivered
544353,2011-02-19,2011-02-22,Hermes,5.8,Delivered
544354,2011-02-20,2011-02-23,FedEx,6.39,Delivered
544355,2011-02-19,2011-02-23,Hermes,3.22,Delivered
544356,2011-02-20,2011-02-25,Hermes,2.15,Delivered
544368,2011-02-18,2011-02-22,FedEx,2.95,Delivered
544390,2011-02-18,2011-02-24,UPS,7.44,Delivered
544391,2011-02-20,2011-02-26,Royal Mail,4.62,Delivered
544392,2011-02-19,2011-02-25,FedEx,8.73,Delivered
544393,2011-02-20,2011-02-25,DHL,3.36,Delivered
544394,2011-02-19,2011-02-22,DHL,3.31,Delivered
544395,2011-02-19,2011-02-21,FedEx,4.25,Delivered
544396,2011-02-20,2011-02-26,UPS,4.52,Delivered
C544397,2011-02-20,2011-02-26,DHL,7.66,Delivered
544398,2011-02-20,2011-02-27,DHL,5.98,Delivered
544399,2011-02-18,2011-02-24,FedEx,2.11,Delivered
544400,2011-02-20,2011-02-25,Hermes,3.45,Delivered
544404,2011-02-20,2011-02-25,DHL,8.23,Delivered
544405,2011-02-18,2011-02-24,FedEx,4.13,Delivered
544406,2011-02-20,2011-02-27,FedEx,3.96,Delivered
544407,2011-02-18,2011-02-24,UPS,3.59,Delivered
544408,2011-02-20,2011-02-23,Hermes,6.41,Delivered
544409,2011-02-19,2011-02-24,FedEx,6.65,Delivered
544410,2011-02-19,2011-02-20,UPS,7.17,Delivered
544411,2011-02-20,2011-02-24,Royal Mail,8.34,Delivered
544412,2011-02-19,2011-02-23,UPS,6.48,Delivered
C544413,2011-02-20,2011-02-25,FedEx,2.92,Delivered
C544414,2011-02-19,2011-02-20,UPS,4.85,Delivered
C544415,2011-02-20,2011-02-24,Hermes,6.67,Delivered
C544416,2011-02-19,2011-02-20,DHL,6.35,Delivered
C544417,2011-02-18,2011-02-19,FedEx,5.41,Delivered
544418,2011-02-18,2011-02-25,Royal Mail,0.0,Delivered
C544419,2011-02-19,2011-02-20,Hermes,3.98,Delivered
C544420,2011-02-18,2011-02-24,UPS,4.77,Delivered
544421,2011-02-18,2011-02-19,Hermes,5.9,Delivered
C544422,2011-02-20,2011-02-26,FedEx,5.36,Delivered
544423,2011-02-19,2011-02-23,DHL,5.34,Delivered
C544424,2011-02-20,2011-02-27,FedEx,7.75,Delivered
C544425,2011-02-20,2011-02-23,DHL,6.47,Delivered
544426,2011-02-19,2011-02-26,DHL,7.07,Delivered
C544427,2011-02-18,2011-02-25,UPS,5.8,Delivered
C544428,2011-02-18,2011-02-19,Hermes,7.65,Delivered
544430,2011-02-20,2011-02-25,FedEx,5.38,Delivered
C544429,2011-02-18,2011-02-25,UPS,4.04,Delivered
544431,2011-02-18,2011-02-20,UPS,1.74,Delivered
C544432,2011-02-18,2011-02-21,Royal Mail,2.32,Delivered
C544433,2011-02-18,2011-02-20,FedEx,1.35,Delivered
544434,2011-02-19,2011-02-23,DHL,6.57,Delivered
C544435,2011-02-18,2011-02-19,Royal Mail,3.18,Delivered
C544436,2011-02-18,2011-02-24,UPS,6.18,Delivered
C544437,2011-02-20,2011-02-27,UPS,8.37,Delivered
544438,2011-02-18,2011-02-24,UPS,5.49,Delivered
544439,2011-02-21,2011-02-28,Hermes,4.78,Delivered
544440,2011-02-22,2011-02-27,UPS,5.34,Delivered
544441,2011-02-21,2011-02-26,DHL,2.82,Delivered
C544442,2011-02-22,2011-03-01,UPS,7.23,Delivered
544443,2011-02-20,2011-02-27,UPS,5.46,Delivered
544444,2011-02-21,2011-02-24,DHL,6.67,Delivered
544445,2011-02-22,2011-02-25,DHL,2.02,Delivered
544446,2011-02-20,2011-02-26,Hermes,7.82,Delivered
544447,2011-02-20,2011-02-26,Royal Mail,1.57,Delivered
544448,2011-02-21,2011-02-26,FedEx,6.06,Delivered
544449,2011-02-21,2011-02-25,Royal Mail,1.8,Delivered
544450,2011-02-21,2011-02-22,UPS,5.18,Delivered
C544451,2011-02-21,2011-02-24,DHL,4.47,Delivered
544452,2011-02-21,2011-02-25,DHL,9.37,Delivered
544453,2011-02-20,2011-02-22,Hermes,3.34,Delivered
544454,2011-02-20,2011-02-27,Royal Mail,2.86,Delivered
544455,2011-02-21,2011-02-24,Royal Mail,5.06,Delivered
544456,2011-02-20,2011-02-21,Hermes,4.13,Delivered
544457,2011-02-22,2011-02-27,Royal Mail,4.99,Delivered
C544458,2011-02-21,2011-02-25,DHL,7.44,Delivered
544459,2011-02-21,2011-02-23,UPS,4.21,Delivered
544460,2011-02-20,2011-02-24,FedEx,9.38,Delivered
544461,2011-02-20,2011-02-25,Royal Mail,5.1,Delivered
544462,2011-02-20,2011-02-25,DHL,5.87,Delivered
544463,2011-02-21,2011-02-26,UPS,8.97,Delivered
544464,2011-02-20,2011-02-21,DHL,3.49,Delivered
544465,2011-02-22,2011-02-28,Royal Mail,5.84,Delivered
544466,2011-02-20,2011-02-25,Royal Mail,5.38,Delivered
544467,2011-02-21,2011-02-26,FedEx,4.81,Delivered
544468,2011-02-21,2011-02-23,Royal Mail,3.86,Delivered
544469,2011-02-22,2011-03-01,DHL,5.25,Delivered
544470,2011-02-21,2011-02-26,Hermes,2.61,Delivered
544471,2011-02-21,2011-02-25,DHL,6.12,Delivered
544472,2011-02-21,2011-02-23,Hermes,6.95,Delivered
544473,2011-02-22,2011-02-27,FedEx,2.86,Delivered
544474,2011-02-23,2011-02-24,DHL,5.52,Delivered
544475,2011-02-21,2011-02-27,Hermes,5.02,Delivered
544476,2011-02-22,2011-02-24,Royal Mail,4.26,Delivered
544477,2011-02-22,2011-02-26,Hermes,5.91,Delivered
544478,2011-02-22,2011-02-27,Hermes,2.13,Delivered
544479,2011-02-23,2011-02-27,Hermes,2.18,Delivered
544480,2011-02-23,2011-02-26,Hermes,5.6,Delivered
544481,2011-02-23,2011-03-01,UPS,5.02,Delivered
544482,2011-02-22,2011-02-24,Hermes,2.57,Delivered
544483,2011-02-22,2011-02-24,Royal Mail,5.72,Delivered
544484,2011-02-22,2011-03-01,FedEx,7.61,Delivered
544485,2011-02-21,2011-02-26,UPS,3.75,Delivered
544495,2011-02-21,2011-02-24,UPS,6.14,Delivered
C544507,2011-02-21,2011-02-28,Royal Mail,5.74,Delivered
C544553,2011-02-21,2011-02-25,Hermes,8.37,Delivered
544554,2011-02-23,2011-02-25,FedEx,4.12,Delivered
544556,2011-02-21,2011-02-25,FedEx,5.67,Delivered
C544557,2011-02-22,2011-02-26,UPS,4.55,Delivered
C544558,2011-02-21,2011-02-25,DHL,3.12,Delivered
C544559,2011-02-22,2011-02-23,DHL,9.04,Delivered
C544560,2011-02-21,2011-02-24,FedEx,3.62,Delivered
C544561,2011-02-21,2011-02-24,UPS,8.52,Delivered
544565,2011-02-22,2011-02-23,Hermes,2.75,Delivered
544568,2011-02-22,2011-02-25,Hermes,4.45,Delivered
544569,2011-02-22,2011-02-23,FedEx,4.82,Delivered
C544570,2011-02-22,2011-02-24,FedEx,6.06,Delivered
544571,2011-02-21,2011-02-23,Hermes,4.43,Delivered
544572,2011-02-22,2011-02-23,Royal Mail,2.18,Delivered
544573,2011-02-22,2011-02-23,UPS,4.83,Delivered
544574,2011-02-22,2011-02-25,Hermes,2.3,Delivered
C544575,2011-02-22,2011-02-25,Royal Mail,5.69,Delivered
C544576,2011-02-23,2011-02-28,Royal Mail,7.51,Delivered
C544577,2011-02-22,2011-03-01,Hermes,2.75,Delivered
544578,2011-02-21,2011-02-27,Hermes,4.65,Delivered
544579,2011-02-21,2011-02-23,UPS,2.44,Delivered
C544580,2011-02-22,2011-02-28,UPS,4.67,Delivered
C544581,2011-02-21,2011-02-23,DHL,2.18,Delivered
544582,2011-02-21,2011-02-26,UPS,4.77,Delivered
C544583,2011-02-21,2011-02-24,Royal Mail,6.39,Delivered
C544584,2011-02-21,2011-02-23,UPS,3.11,Delivered
544585,2011-02-21,2011-02-25,Hermes,4.12,Delivered
544586,2011-02-23,2011-02-26,DHL,5.74,Delivered
C544587,2011-02-21,2011-02-24,UPS,5.0,Delivered
C544589,2011-02-21,2011-02-23,UPS,6.04,Delivered
C544590,2011-02-23,2011-02-27,Royal Mail,4.39,Delivered
544591,2011-02-21,2011-02-27,UPS,5.69,Delivered
544592,2011-02-23,2011-02-26,UPS,3.3,Delivered
C544594,2011-02-22,2011-02-27,Hermes,0.89,Delivered
544595,2011-02-23,2011-02-26,FedEx,3.72,Delivered
544596,2011-02-23,2011-02-25,Hermes,3.4,Delivered
544597,2011-02-23,2011-03-02,DHL,4.8,Delivered
544598,2011-02-21,2011-02-28,Royal Mail,3.54,Delivered
544599,2011-02-23,2011-02-26,UPS,5.64,Delivered
544600,2011-02-24,2011-02-28,Royal Mail,6.61,Delivered
544601,2011-02-23,2011-02-24,DHL,4.5,Delivered
544602,2011-02-24,2011-02-26,DHL,6.11,Delivered
544603,2011-02-22,2011-02-23,Hermes,3.97,Delivered
544604,2011-02-24,2011-02-27,UPS,4.9,Delivered
544605,2011-02-23,2011-02-26,Royal Mail,2.92,Delivered
544606,2011-02-22,2011-02-24,Hermes,0.44,Delivered
544607,2011-02-22,2011-03-01,FedEx,5.54,Delivered
C544608,2011-02-22,2011-02-26,UPS,5.46,Delivered
C544609,2011-02-23,2011-02-24,FedEx,3.94,Delivered
544610,2011-02-23,2011-02-24,FedEx,5.37,Delivered
544611,2011-02-23,2011-02-27,Hermes,9.09,Delivered
544612,2011-02-22,2011-02-26,UPS,5.96,Delivered
544633,2011-02-24,2011-03-03,DHL,3.67,Delivered
544634,2011-02-23,2011-02-25,Hermes,4.09,Delivered
C544635,2011-02-22,2011-02-23,Royal Mail,6.72,Delivered
544636,2011-02-22,2011-03-01,Royal Mail,6.24,Delivered
544637,2011-02-22,2011-03-01,DHL,6.71,Delivered
544638,2011-02-22,2011-02-23,UPS,5.47,Delivered
544642,2011-02-23,2011-03-01,FedEx,5.96,Delivered
544643,2011-02-24,2011-03-01,Royal Mail,9.09,Delivered
544644,2011-02-23,2011-02-24,Royal Mail,6.06,Delivered
544645,2011-02-24,2011-02-25,Royal Mail,2.21,Delivered
544646,2011-02-22,2011-03-01,DHL,2.56,Delivered
544647,2011-02-23,2011-03-02,UPS,7.09,Delivered
544648,2011-02-24,2011-03-03,Hermes,6.68,Delivered
544649,2011-02-22,2011-03-01,Hermes,4.84,Delivered
544650,2011-02-24,2011-03-03,FedEx,5.72,Delivered
544651,2011-02-22,2011-02-28,Hermes,7.25,Delivered
544652,2011-02-24,2011-02-27,Royal Mail,6.55,Delivered
C544653,2011-02-23,2011-03-02,FedEx,3.43,Delivered
544654,2011-02-23,2011-02-26,Hermes,2.35,Delivered
C544655,2011-02-23,2011-02-26,UPS,0.98,Delivered
544656,2011-02-23,2011-03-01,FedEx,7.28,Delivered
544657,2011-02-22,2011-02-24,UPS,5.69,Delivered
544658,2011-02-22,2011-02-23,Hermes,5.93,Delivered
544659,2011-02-22,2011-02-24,Royal Mail,6.04,Delivered
544660,2011-02-24,2011-02-25,FedEx,4.99,Delivered
544661,2011-02-23,2011-03-01,FedEx,2.2,Delivered
544662,2011-02-23,2011-02-27,Royal Mail,3.48,Delivered
544663,2011-02-24,2011-03-02,Hermes,4.78,Delivered
544664,2011-02-24,2011-02-26,UPS,3.32,Delivered
C544665,2011-02-24,2011-02-25,FedEx,5.72,Delivered
544666,2011-02-22,2011-02-23,Royal Mail,6.09,Delivered
544667,2011-02-23,2011-02-27,DHL,5.85,Delivered
544667,2011-02-23,2011-03-02,FedEx,2.94,Delivered
544668,2011-02-23,2011-02-25,FedEx,4.91,Delivered
544670,2011-02-24,2011-02-27,Hermes,1.87,Delivered
C544669,2011-02-24,2011-02-26,Royal Mail,5.82,Delivered
544672,2011-02-23,2011-02-27,Royal Mail,4.12,Delivered
C544671,2011-02-23,2011-02-26,DHL,6.06,Delivered
544673,2011-02-24,2011-03-01,UPS,5.29,Delivered
C544674,2011-02-23,2011-02-25,DHL,2.01,Delivered
544675,2011-02-24,2011-02-27,FedEx,6.69,Delivered
544676,2011-02-24,2011-02-27,FedEx,7.3,Delivered
544677,2011-02-24,2011-02-26,DHL,5.04,Delivered
544678,2011-02-22,2011-02-25,Hermes,4.71,Delivered
C544679,2011-02-24,2011-03-01,Hermes,6.97,Delivered
544680,2011-02-24,2011-02-26,UPS,5.4,Delivered
544681,2011-02-22,2011-02-26,Hermes,1.78,Delivered
C544682,2011-02-24,2011-02-27,Hermes,7.21,Delivered
544684,2011-02-23,2011-02-26,Royal Mail,4.96,Delivered
544685,2011-02-23,2011-02-28,Royal Mail,0.95,Delivered
544686,2011-02-23,2011-02-28,Hermes,5.65,Delivered
544687,2011-02-22,2011-02-25,Hermes,5.27,Delivered
544688,2011-02-25,2011-03-04,Royal Mail,6.55,Delivered
544689,2011-02-23,2011-03-01,Hermes,4.96,Delivered
544690,2011-02-25,2011-02-27,Royal Mail,6.57,Delivered
544691,2011-02-23,2011-03-02,UPS,5.01,Delivered
544692,2011-02-23,2011-02-24,FedEx,5.13,Delivered
544693,2011-02-25,2011-03-04,Hermes,5.34,Delivered
544694,2011-02-25,2011-03-04,FedEx,4.87,Delivered
544695,2011-02-25,2011-03-03,Royal Mail,2.37,Delivered
C544696,2011-02-25,2011-03-03,Hermes,5.06,Delivered
544697,2011-02-24,2011-03-03,Royal Mail,7.8,Delivered
544698,2011-02-24,2011-03-01,FedEx,1.4,Delivered
544699,2011-02-23,2011-02-28,DHL,7.11,Delivered
544700,2011-02-24,2011-03-02,DHL,5.19,Delivered
544701,2011-02-24,2011-02-25,Royal Mail,7.28,Delivered
544702,2011-02-24,2011-02-26,FedEx,7.42,Delivered
544703,2011-02-25,2011-02-28,UPS,6.11,Delivered
544717,2011-02-25,2011-02-27,FedEx,6.79,Delivered
544724,2011-02-23,2011-03-02,FedEx,4.09,Delivered
544749,2011-02-25,2011-03-03,Royal Mail,7.33,Delivered
544754,2011-02-23,2011-02-25,Royal Mail,5.1,Delivered
544766,2011-02-23,2011-02-24,FedEx,4.87,Delivered
544767,2011-02-23,2011-02-24,UPS,3.77,Delivered
544768,2011-02-25,2011-03-01,Hermes,7.01,Delivered
544769,2011-02-23,2011-02-27,Hermes,4.85,Delivered
544770,2011-02-23,2011-02-26,DHL,5.82,Delivered
544771,2011-02-24,2011-03-03,DHL,3.54,Delivered
544772,2011-02-23,2011-02-28,Royal Mail,4.57,Delivered
544773,2011-02-23,2011-02-25,DHL,3.67,Delivered
544774,2011-02-25,2011-03-02,DHL,7.03,Delivered
C544775,2011-02-24,2011-03-03,FedEx,8.85,Delivered
544776,2011-02-24,2011-02-25,Hermes,5.73,Delivered
544777,2011-02-24,2011-02-26,DHL,6.05,Delivered
544778,2011-02-25,2011-03-03,Royal Mail,7.65,Delivered
544779,2011-02-25,2011-02-27,UPS,2.93,Delivered
C544780,2011-02-24,2011-03-02,FedEx,4.22,Delivered
544788,2011-02-23,2011-02-24,Royal Mail,4.83,Delivered
544789,2011-02-24,2011-02-25,FedEx,5.05,Delivered
544790,2011-02-25,2011-02-28,UPS,5.0,Delivered
544791,2011-02-24,2011-03-03,UPS,4.76,Delivered
544792,2011-02-23,2011-02-25,Royal Mail,2.87,Delivered
544793,2011-02-23,2011-02-28,DHL,3.56,Delivered
544794,2011-02-24,2011-02-28,Hermes,8.22,Delivered
544795,2011-02-24,2011-02-25,Hermes,4.92,Delivered
544796,2011-02-23,2011-03-02,FedEx,5.06,Delivered
544797,2011-02-24,2011-02-27,Royal Mail,7.48,Delivered
544798,2011-02-23,2011-02-24,FedEx,1.34,Delivered
544799,2011-02-25,2011-02-28,UPS,0.0,Delivered
544800,2011-02-23,2011-02-26,FedEx,8.31,Delivered
544801,2011-02-25,2011-02-28,Royal Mail,0.43,Delivered
544802,2011-02-24,2011-02-27,FedEx,4.62,Delivered
544803,2011-02-24,2011-02-27,DHL,5.25,Delivered
544804,2011-02-25,2011-02-26,DHL,7.47,Delivered
544805,2011-02-23,2011-02-26,Royal Mail,3.86,Delivered
544806,2011-02-23,2011-02-26,FedEx,4.57,Delivered
544807,2011-02-25,2011-02-27,Hermes,5.93,Delivered
544808,2011-02-23,2011-02-25,Royal Mail,4.36,Delivered
544809,2011-02-25,2011-03-04,Hermes,8.79,Delivered
544810,2011-02-23,2011-03-02,Hermes,8.71,Delivered
544811,2011-02-25,2011-02-28,Hermes,3.4,Delivered
544812,2011-02-25,2011-02-28,Royal Mail,7.64,Delivered
544813,2011-02-23,2011-02-26,UPS,2.96,Delivered
C544814,2011-02-23,2011-03-01,FedEx,4.92,Delivered
544815,2011-02-23,2011-02-24,Hermes,5.65,Delivered
544816,2011-02-23,2011-02-24,UPS,8.51,Delivered
544817,2011-02-24,2011-03-01,Royal Mail,5.96,Delivered
544818,2011-02-24,2011-02-26,Hermes,8.94,Delivered
544819,2011-02-23,2011-02-24,FedEx,3.43,Delivered
544820,2011-02-23,2011-02-25,Hermes,4.71,Delivered
544821,2011-02-24,2011-02-28,DHL,4.11,Delivered
544822,2011-02-26,2011-03-04,DHL,7.44,Delivered
544823,2011-02-26,2011-03-03,DHL,9.39,Delivered
544824,2011-02-25,2011-02-26,Hermes,6.86,Delivered
544825,2011-02-26,2011-03-05,DHL,3.15,Delivered
544826,2011-02-25,2011-03-02,DHL,6.28,Delivered
C544827,2011-02-26,2011-03-02,DHL,5.5,Delivered
C544828,2011-02-26,2011-03-01,FedEx,8.54,Delivered
C544829,2011-02-25,2011-03-02,FedEx,9.07,Delivered
C544830,2011-02-25,2011-02-27,Hermes,5.64,Delivered
C544831,2011-02-25,2011-02-28,Hermes,4.19,Delivered
544832,2011-02-25,2011-02-26,Royal Mail,3.92,Delivered
544833,2011-02-25,2011-03-03,DHL,5.73,Delivered
544834,2011-02-26,2011-02-28,Hermes,7.17,Delivered
544835,2011-02-24,2011-03-02,Royal Mail,7.04,Delivered
544836,2011-02-24,2011-02-26,Royal Mail,4.64,Delivered
544837,2011-02-24,2011-02-26,FedEx,1.98,Delivered
544838,2011-02-24,2011-03-01,Royal Mail,3.16,Delivered
544839,2011-02-26,2011-02-27,UPS,2.41,Delivered
C544840,2011-02-24,2011-02-27,DHL,3.93,Delivered
544846,2011-02-26,2011-03-05,Royal Mail,5.37,Delivered
544847,2011-02-25,2011-02-28,UPS,3.25,Delivered
544885,2011-02-25,2011-03-01,DHL,6.67,Delivered
544886,2011-02-26,2011-02-28,DHL,4.01,Delivered
544887,2011-02-26,2011-03-05,DHL,5.83,Delivered
544888,2011-02-25,2011-03-01,FedEx,3.59,Delivered
544892,2011-02-25,2011-03-01,DHL,5.58,Delivered
544893,2011-02-24,2011-03-03,Royal Mail,4.97,Delivered
544894,2011-02-24,2011-02-28,Royal Mail,2.56,Delivered
544895,2011-02-25,2011-02-27,FedEx,4.61,Delivered
544896,2011-02-24,2011-02-28,Hermes,7.07,Delivered
544898,2011-02-24,2011-03-01,UPS,3.34,Delivered
C544897,2011-02-25,2011-02-27,FedEx,7.35,Delivered
544899,2011-02-25,2011-03-01,FedEx,5.75,Delivered
544900,2011-02-24,2011-02-25,DHL,6.19,Delivered
C544901,2011-02-26,2011-03-02,UPS,5.95,Delivered
C544902,2011-02-26,2011-03-04,DHL,9.78,Delivered
544903,2011-02-24,2011-02-27,FedEx,1.97,Delivered
544904,2011-02-25,2011-03-04,Hermes,4.58,Delivered
544905,2011-02-25,2011-03-03,UPS,7.57,Delivered
544906,2011-02-24,2011-02-26,FedEx,5.33,Delivered
544907,2011-02-25,2011-03-04,DHL,5.14,Delivered
544908,2011-02-26,2011-03-05,Hermes,2.03,Delivered
544909,2011-02-26,2011-03-05,Hermes,7.48,Delivered
544910,2011-02-26,2011-02-27,DHL,3.67,Delivered
544911,2011-02-24,2011-02-27,Hermes,3.4,Delivered
544912,2011-02-25,2011-02-27,DHL,5.88,Delivered
544913,2011-02-24,2011-03-02,FedEx,4.62,Delivered
544914,2011-02-26,2011-03-05,FedEx,2.93,Delivered
544915,2011-02-26,2011-02-28,UPS,2.54,Delivered
544916,2011-02-26,2011-03-03,FedEx,0.54,Delivered
544917,2011-02-24,2011-02-28,UPS,2.02,Delivered
544918,2011-02-25,2011-02-26,FedEx,2.03,Delivered
544919,2011-02-25,2011-03-01,DHL,2.72,Delivered
544920,2011-02-25,2011-03-02,Royal Mail,4.53,Delivered
544921,2011-02-26,2011-02-27,Royal Mail,4.0,Delivered
544922,2011-02-25,2011-03-04,Royal Mail,4.57,Delivered
544923,2011-02-24,2011-02-28,UPS,1.8,Delivered
544924,2011-02-24,2011-03-02,Hermes,4.29,Delivered
544925,2011-02-25,2011-03-03,DHL,5.25,Delivered
544926,2011-02-25,2011-02-26,Royal Mail,6.37,Delivered
544926,2011-02-25,2011-02-26,Hermes,0.0,Delivered
544927,2011-02-26,2011-03-03,UPS,8.33,Delivered
544928,2011-02-24,2011-02-25,FedEx,7.44,Delivered
544929,2011-02-24,2011-03-03,FedEx,3.73,Delivered
544930,2011-02-26,2011-03-03,DHL,7.94,Delivered
544931,2011-02-26,2011-02-28,Royal Mail,5.84,Delivered
544932,2011-02-26,2011-03-05,DHL,6.18,Delivered
544933,2011-02-25,2011-02-26,Hermes,0.99,Delivered
544934,2011-02-27,2011-03-01,Hermes,4.63,Delivered
544935,2011-02-26,2011-03-01,UPS,7.08,Delivered
544936,2011-02-27,2011-03-05,DHL,5.89,Delivered
544937,2011-02-27,2011-03-04,Royal Mail,5.15,Delivered
544938,2011-02-27,2011-03-02,DHL,5.55,Delivered
544939,2011-02-27,2011-02-28,DHL,6.03,Delivered
544940,2011-02-25,2011-03-04,DHL,5.54,Delivered
544941,2011-02-25,2011-03-03,UPS,6.58,Delivered
544942,2011-02-25,2011-03-02,DHL,8.15,Delivered
544943,2011-02-27,2011-03-01,FedEx,5.63,Delivered
544944,2011-02-27,2011-03-06,FedEx,6.08,Delivered
544945,2011-02-27,2011-02-28,DHL,3.17,Delivered
544968,2011-02-26,2011-03-02,Royal Mail,5.25,Delivered
544969,2011-02-25,2011-03-03,UPS,5.47,Delivered
544970,2011-02-25,2011-02-26,DHL,5.27,Delivered
544996,2011-02-25,2011-03-01,DHL,6.12,Delivered
544998,2011-02-27,2011-03-06,DHL,4.75,Delivered
544999,2011-02-27,2011-03-05,Hermes,7.41,Delivered
545000,2011-02-27,2011-03-04,FedEx,5.88,Delivered
545001,2011-02-27,2011-03-04,Hermes,4.23,Delivered
545002,2011-02-25,2011-03-01,UPS,6.79,Delivered
C545003,2011-02-26,2011-03-01,FedEx,8.36,Delivered
545004,2011-02-26,2011-03-03,DHL,8.2,Delivered
545011,2011-02-25,2011-02-27,UPS,3.4,Delivered
545012,2011-02-26,2011-03-02,Hermes,4.15,Delivered
545013,2011-02-27,2011-02-28,DHL,5.19,Delivered
545014,2011-02-25,2011-02-27,Hermes,5.93,Delivered
545015,2011-02-26,2011-03-02,Hermes,4.69,Delivered
545016,2011-02-27,2011-03-05,DHL,6.19,Delivered
545017,2011-02-25,2011-03-04,DHL,5.41,Delivered
545018,2011-02-25,2011-02-26,Hermes,6.58,Delivered
545019,2011-02-25,2011-02-27,Hermes,3.05,Delivered
545020,2011-02-27,2011-02-28,FedEx,4.12,Delivered
545021,2011-02-26,2011-03-01,Hermes,4.86,Delivered
545022,2011-02-25,2011-03-04,DHL,7.23,Delivered
545023,2011-02-25,2011-02-27,DHL,5.63,Delivered
545024,2011-02-27,2011-03-05,Royal Mail,2.22,Delivered
545025,2011-02-25,2011-03-01,Hermes,4.68,Delivered
545026,2011-02-25,2011-03-03,FedEx,2.07,Delivered
545027,2011-02-26,2011-02-27,Royal Mail,5.74,Delivered
545028,2011-02-25,2011-03-04,Royal Mail,5.49,Delivered
545029,2011-02-27,2011-02-28,Royal Mail,1.97,Delivered
545030,2011-02-26,2011-02-28,Hermes,7.66,Delivered
545031,2011-02-26,2011-03-05,Royal Mail,6.49,Delivered
545032,2011-02-26,2011-03-05,Hermes,4.59,Delivered
C545033,2011-02-27,2011-03-05,Hermes,4.45,Delivered
545034,2011-02-25,2011-03-03,DHL,6.73,Delivered
545035,2011-02-27,2011-02-28,Hermes,4.87,Delivered
545036,2011-02-27,2011-03-02,FedEx,4.94,Delivered
545037,2011-02-27,2011-03-04,Hermes,5.84,Delivered
545038,2011-03-01,2011-03-05,FedEx,0.62,Delivered
545039,2011-02-27,2011-03-01,DHL,5.24,Delivered
C545040,2011-02-28,2011-03-05,Hermes,5.41,Delivered
545041,2011-02-28,2011-03-01,Hermes,3.31,Delivered
545042,2011-02-28,2011-03-04,Royal Mail,5.61,Delivered
545043,2011-03-01,2011-03-04,DHL,5.17,Delivered
545044,2011-02-28,2011-03-03,FedEx,7.72,Delivered
545045,2011-02-28,2011-03-05,DHL,6.7,Delivered
545046,2011-02-28,2011-03-04,Hermes,6.48,Delivered
545047,2011-02-28,2011-03-05,DHL,6.44,Delivered
545048,2011-02-28,2011-03-03,Royal Mail,2.52,Delivered
545049,2011-03-01,2011-03-05,Royal Mail,7.77,Delivered
545050,2011-03-01,2011-03-07,Royal Mail,4.53,Delivered
545051,2011-02-27,2011-03-01,UPS,4.53,Delivered
545052,2011-03-01,2011-03-08,Hermes,2.41,Delivered
545053,2011-02-27,2011-03-06,Hermes,4.01,Delivered
545054,2011-03-01,2011-03-08,Hermes,5.29,Delivered
545055,2011-02-28,2011-03-07,Royal Mail,5.67,Delivered
545056,2011-02-27,2011-03-06,UPS,4.96,Delivered
545057,2011-03-01,2011-03-06,Royal Mail,7.45,Delivered
545058,2011-02-28,2011-03-06,FedEx,7.79,Delivered
545059,2011-03-01,2011-03-05,UPS,4.32,Delivered
545060,2011-02-27,2011-03-04,DHL,2.55,Delivered
545061,2011-03-01,2011-03-07,Royal Mail,7.36,Delivered
545062,2011-02-28,2011-03-03,DHL,5.41,Delivered
545063,2011-03-01,2011-03-05,Hermes,5.61,Delivered
545064,2011-03-01,2011-03-04,DHL,2.15,Delivered
545065,2011-03-01,2011-03-07,FedEx,4.61,Delivered
545066,2011-02-28,2011-03-03,DHL,9.08,Delivered
545067,2011-03-01,2011-03-03,FedEx,5.53,Delivered
C545068,2011-03-01,2011-03-07,Hermes,4.15,Delivered
545069,2011-02-28,2011-03-01,UPS,5.39,Delivered
545070,2011-02-27,2011-03-06,UPS,3.53,Delivered
545071,2011-02-28,2011-03-02,FedEx,10.48,Delivered
545072,2011-03-01,2011-03-08,FedEx,5.39,Delivered
545073,2011-03-01,2011-03-08,DHL,4.56,Delivered
545074,2011-03-02,2011-03-08,FedEx,3.38,Delivered
545075,2011-03-01,2011-03-03,Royal Mail,7.56,Delivered
545076,2011-03-02,2011-03-03,UPS,3.52,Delivered
545077,2011-03-01,2011-03-08,FedEx,6.43,Delivered
545078,2011-03-02,2011-03-07,Hermes,0.53,Delivered
545079,2011-02-28,2011-03-06,Royal Mail,4.85,Delivered
545080,2011-03-01,2011-03-03,Hermes,4.22,Delivered
545081,2011-03-01,2011-03-04,DHL,2.71,Delivered
545082,2011-03-01,2011-03-06,Royal Mail,4.16,Delivered
545083,2011-03-01,2011-03-07,Royal Mail,3.38,Delivered
545084,2011-03-01,2011-03-03,DHL,6.19,Delivered
545085,2011-03-01,2011-03-03,Hermes,4.31,Delivered
545086,2011-03-01,2011-03-06,FedEx,5.76,Delivered
545087,2011-03-02,2011-03-04,DHL,4.32,Delivered
545103,2011-02-28,2011-03-01,Royal Mail,4.47,Delivered
545105,2011-03-01,2011-03-07,Royal Mail,2.86,Delivered
545127,2011-03-02,2011-03-03,Hermes,6.47,Delivered
545135,2011-02-28,2011-03-06,DHL,4.77,Delivered
545140,2011-03-01,2011-03-03,DHL,3.54,Delivered
545148,2011-02-28,2011-03-01,UPS,5.99,Delivered
545149,2011-02-28,2011-03-06,Royal Mail,9.31,Delivered
545150,2011-03-02,2011-03-09,Hermes,3.78,Delivered
545151,2011-03-01,2011-03-08,FedEx,5.89,Delivered
545152,2011-03-02,2011-03-09,UPS,4.95,Delivered
545153,2011-03-02,2011-03-08,Hermes,5.23,Delivered
545154,2011-02-28,2011-03-02,Royal Mail,4.82,Delivered
545155,2011-02-28,2011-03-05,Royal Mail,3.95,Delivered
545156,2011-03-02,2011-03-04,Hermes,6.79,Delivered
545157,2011-03-02,2011-03-03,DHL,4.32,Delivered
545158,2011-03-02,2011-03-08,UPS,3.33,Delivered
545159,2011-03-01,2011-03-07,FedEx,6.19,Delivered
545160,2011-03-02,2011-03-06,Royal Mail,2.59,Delivered
545161,2011-03-02,2011-03-08,DHL,2.87,Delivered
545162,2011-03-01,2011-03-03,Royal Mail,6.73,Delivered
545163,2011-02-28,2011-03-03,Hermes,5.93,Delivered
545164,2011-03-02,2011-03-08,Hermes,5.44,Delivered
545165,2011-03-01,2011-03-02,Hermes,4.62,Delivered
545166,2011-03-02,2011-03-06,FedEx,6.4,Delivered
545170,2011-02-28,2011-03-05,DHL,5.08,Delivered
545176,2011-02-28,2011-03-07,DHL,2.96,Delivered
545180,2011-02-28,2011-03-05,Hermes,4.22,Delivered
545181,2011-03-01,2011-03-04,FedEx,4.97,Delivered
545182,2011-03-01,2011-03-05,Royal Mail,8.9,Delivered
545183,2011-03-02,2011-03-08,FedEx,7.55,Delivered
545184,2011-02-28,2011-03-05,Hermes,2.23,Delivered
545185,2011-03-01,2011-03-07,Royal Mail,6.83,Delivered
545186,2011-03-01,2011-03-03,UPS,6.95,Delivered
545187,2011-03-02,2011-03-03,Hermes,4.17,Delivered
545188,2011-03-02,2011-03-03,Royal Mail,4.95,Delivered
C545189,2011-02-28,2011-03-01,DHL,2.89,Delivered
545190,2011-02-28,2011-03-05,DHL,3.7,Delivered
545191,2011-03-02,2011-03-03,Royal Mail,6.54,Delivered
545213,2011-03-01,2011-03-03,UPS,9.26,Delivered
545214,2011-02-28,2011-03-01,DHL,7.09,Delivered
545215,2011-02-28,2011-03-03,FedEx,2.72,Delivered
545216,2011-03-02,2011-03-07,DHL,7.9,Delivered
545217,2011-03-01,2011-03-06,Royal Mail,1.14,Delivered
545218,2011-03-01,2011-03-08,Hermes,5.36,Delivered
545219,2011-03-02,2011-03-04,Hermes,5.59,Delivered
545220,2011-03-02,2011-03-05,Royal Mail,7.37,Delivered
545221,2011-03-01,2011-03-03,FedEx,5.16,Delivered
545222,2011-03-03,2011-03-07,DHL,4.88,Delivered
545223,2011-03-02,2011-03-05,DHL,2.06,Delivered
545224,2011-03-03,2011-03-09,Hermes,5.43,Delivered
545225,2011-03-01,2011-03-05,Royal Mail,5.68,Delivered
545226,2011-03-03,2011-03-09,Royal Mail,7.8,Delivered
545227,2011-03-01,2011-03-02,FedEx,2.06,Delivered
545228,2011-03-03,2011-03-10,Royal Mail,5.92,Delivered
545229,2011-03-03,2011-03-06,Hermes,4.36,Delivered
545230,2011-03-02,2011-03-05,Hermes,4.64,Delivered
545231,2011-03-01,2011-03-02,UPS,7.64,Delivered
545232,2011-03-01,2011-03-05,Hermes,4.87,Delivered
545233,2011-03-03,2011-03-08,Hermes,6.96,Delivered
545234,2011-03-03,2011-03-08,UPS,4.26,Delivered
545235,2011-03-03,2011-03-06,Hermes,2.88,Delivered
545236,2011-03-03,2011-03-09,UPS,2.37,Delivered
545237,2011-03-01,2011-03-06,FedEx,7.14,Delivered
545238,2011-03-03,2011-03-07,Hermes,7.77,Delivered
545276,2011-03-01,2011-03-03,FedEx,3.47,Delivered
C545277,2011-03-03,2011-03-06,Hermes,4.33,Delivered
545279,2011-03-03,2011-03-10,DHL,9.03,Delivered
545287,2011-03-01,2011-03-03,DHL,3.78,Delivered
545288,2011-03-02,2011-03-09,DHL,5.35,Delivered
545289,2011-03-03,2011-03-08,Royal Mail,2.91,Delivered
545290,2011-03-02,2011-03-07,Royal Mail,7.26,Delivered
545294,2011-03-02,2011-03-08,Royal Mail,4.86,Delivered
545295,2011-03-02,2011-03-09,UPS,5.49,Delivered
545299,2011-03-02,2011-03-04,DHL,4.91,Delivered
545300,2011-03-02,2011-03-07,DHL,3.6,Delivered
545301,2011-03-03,2011-03-09,Hermes,4.82,Delivered
545302,2011-03-02,2011-03-08,DHL,6.95,Delivered
545303,2011-03-03,2011-03-08,Royal Mail,3.56,Delivered
545304,2011-03-02,2011-03-09,Royal Mail,9.05,Delivered
545305,2011-03-03,2011-03-04,DHL,1.95,Delivered
545306,2011-03-03,2011-03-08,Hermes,4.55,Delivered
C545307,2011-03-01,2011-03-05,Hermes,5.2,Delivered
545308,2011-03-02,2011-03-07,DHL,3.56,Delivered
545309,2011-03-03,2011-03-07,Hermes,5.63,Delivered
545310,2011-03-02,2011-03-05,UPS,1.9,Delivered
545311,2011-03-01,2011-03-02,Hermes,1.69,Delivered
545312,2011-03-02,2011-03-09,UPS,8.07,Delivered
545313,2011-03-01,2011-03-08,DHL,7.18,Delivered
545314,2011-03-03,2011-03-06,Hermes,2.64,Delivered
545315,2011-03-01,2011-03-04,DHL,8.88,Delivered
545316,2011-03-02,2011-03-06,Hermes,6.58,Delivered
545317,2011-03-02,2011-03-09,Hermes,7.14,Delivered
545318,2011-03-02,2011-03-08,Royal Mail,7.31,Delivered
545319,2011-03-01,2011-03-05,DHL,2.01,Delivered
545320,2011-03-01,2011-03-02,Hermes,3.18,Delivered
545321,2011-03-02,2011-03-03,Royal Mail,5.8,Delivered
545322,2011-03-01,2011-03-08,UPS,4.21,Delivered
545323,2011-03-03,2011-03-05,Hermes,4.98,Delivered
545324,2011-03-02,2011-03-09,Royal Mail,5.71,Delivered
545325,2011-03-03,2011-03-04,Hermes,5.22,Delivered
545326,2011-03-03,2011-03-06,Royal Mail,4.27,Delivered
545327,2011-03-03,2011-03-06,Royal Mail,7.63,Delivered
545328,2011-03-02,2011-03-06,DHL,6.58,Delivered
C545329,2011-03-03,2011-03-07,UPS,3.16,Delivered
545331,2011-03-03,2011-03-05,Royal Mail,4.82,Delivered
C545330,2011-03-02,2011-03-05,Royal Mail,3.6,Delivered
545332,2011-03-02,2011-03-06,UPS,3.38,Delivered
545333,2011-03-01,2011-03-07,UPS,3.84,Delivered
545334,2011-03-01,2011-03-07,UPS,5.17,Delivered
545336,2011-03-01,2011-03-06,DHL,2.95,Delivered
545337,2011-03-02,2011-03-03,Hermes,6.0,Delivered
545338,2011-03-02,2011-03-08,UPS,1.84,Delivered
545339,2011-03-03,2011-03-04,DHL,0.74,Delivered
545340,2011-03-02,2011-03-09,FedEx,3.14,Delivered
545341,2011-03-02,2011-03-06,Hermes,4.29,Delivered
545342,2011-03-02,2011-03-04,DHL,3.61,Delivered
545343,2011-03-03,2011-03-05,Royal Mail,9.59,Delivered
545344,2011-03-03,2011-03-06,DHL,3.09,Delivered
545345,2011-03-02,2011-03-05,UPS,6.95,Delivered
545346,2011-03-02,2011-03-06,Royal Mail,6.58,Delivered
545347,2011-03-02,2011-03-09,DHL,4.65,Delivered
545348,2011-03-02,2011-03-03,UPS,4.27,Delivered
545349,2011-03-02,2011-03-04,UPS,5.18,Delivered
545377,2011-03-04,2011-03-07,DHL,7.39,Delivered
545398,2011-03-03,2011-03-07,Hermes,3.35,Delivered
545399,2011-03-02,2011-03-04,DHL,4.18,Delivered
545400,2011-03-03,2011-03-04,Hermes,4.55,Delivered
545401,2011-03-02,2011-03-08,DHL,6.5,Delivered
545402,2011-03-04,2011-03-07,Royal Mail,6.27,Delivered
545408,2011-03-04,2011-03-05,Royal Mail,6.55,Delivered
545410,2011-03-03,2011-03-06,FedEx,6.47,Delivered
545411,2011-03-02,2011-03-08,FedEx,4.95,Delivered
545412,2011-03-02,2011-03-06,UPS,0.52,Delivered
545413,2011-03-03,2011-03-09,UPS,4.02,Delivered
545414,2011-03-04,2011-03-09,DHL,5.68,Delivered
545415,2011-03-02,2011-03-08,Royal Mail,4.6,Delivered
545416,2011-03-03,2011-03-10,Hermes,3.76,Delivered
545417,2011-03-04,2011-03-06,FedEx,4.71,Delivered
