Date,Country,PageViews,UniqueVisitors,AvgSessionDuration
2010-12-01,United Kingdom,1823,1026,1.38
2010-12-01,United Kingdom,1610,1224,1.13
2010-12-01,United Kingdom,799,591,1.56
2010-12-01,United Kingdom,1337,715,2.17
2010-12-01,France,1501,862,1.31
2010-12-01,United Kingdom,1546,987,1.24
2010-12-01,United Kingdom,1151,877,1.32
2010-12-01,United Kingdom,2299,1050,3.77
2010-12-01,United Kingdom,3244,2041,1.93
2010-12-01,United Kingdom,1734,1274,3.69
2010-12-01,United Kingdom,702,338,3.13
2010-12-01,United Kingdom,2697,1647,3.83
2010-12-01,United Kingdom,1178,833,2.79
2010-12-01,United Kingdom,2239,1508,3.23
2010-12-01,United Kingdom,659,391,3.34
2010-12-01,United Kingdom,100,54,1.11
2010-12-01,United Kingdom,1513,1101,4.2
2010-12-01,United Kingdom,993,658,1.6
2010-12-01,United Kingdom,1086,466,2.6
2010-12-01,United Kingdom,2181,1372,2.18
2010-12-01,Australia,1628,1060,1.04
2010-12-01,United Kingdom,1818,983,1.8
2010-12-01,United Kingdom,242,184,3.24
2010-12-01,United Kingdom,1243,990,4.37
2010-12-01,United Kingdom,1100,652,1.62
2010-12-01,United Kingdom,1074,855,2.56
2010-12-01,United Kingdom,1502,681,1.68
2010-12-01,United Kingdom,1259,632,2.23
2010-12-01,United Kingdom,1382,785,1.38
2010-12-01,United Kingdom,2345,996,2.24
2010-12-01,United Kingdom,2223,896,2.88
2010-12-01,United Kingdom,1951,837,3.43
2010-12-01,Netherlands,100,50,2.65
2010-12-01,United Kingdom,2816,1972,2.17
2010-12-01,United Kingdom,838,660,4.09
2010-12-01,United Kingdom,2430,1379,3.51
2010-12-01,United Kingdom,1167,576,1.27
2010-12-01,United Kingdom,803,603,1.2
2010-12-01,United Kingdom,513,235,3.3
2010-12-01,United Kingdom,1383,1059,3.72
2010-12-01,United Kingdom,1180,932,2.81
2010-12-01,United Kingdom,1766,1151,3.81
2010-12-01,United Kingdom,1283,583,3.34
2010-12-01,United Kingdom,1687,910,4.05
2010-12-01,United Kingdom,1361,908,2.06
2010-12-01,United Kingdom,100,71,1.1
2010-12-01,United Kingdom,100,60,1.48
2010-12-01,United Kingdom,1280,768,2.91
2010-12-01,United Kingdom,348,186,1.95
2010-12-01,United Kingdom,2741,1651,1.71
2010-12-01,United Kingdom,1147,889,1.28
2010-12-01,United Kingdom,2224,1064,1.7
2010-12-01,United Kingdom,3182,1519,2.98
2010-12-01,United Kingdom,1449,628,2.11
2010-12-01,United Kingdom,961,741,3.83
2010-12-01,United Kingdom,2335,1432,3.75
2010-12-01,United Kingdom,210,149,1.9
2010-12-01,United Kingdom,1630,1194,3.02
2010-12-01,United Kingdom,699,342,2.75
2010-12-01,United Kingdom,1569,706,3.22
2010-12-01,United Kingdom,2635,1696,2.73
2010-12-01,United Kingdom,656,444,1.43
2010-12-01,Germany,3005,1636,3.34
2010-12-01,United Kingdom,2014,1144,2.26
2010-12-01,United Kingdom,1593,1117,3.87
2010-12-01,United Kingdom,772,364,4.42
2010-12-01,United Kingdom,2265,1359,3.9
2010-12-01,Norway,1816,853,2.96
2010-12-01,United Kingdom,276,123,1.93
2010-12-01,United Kingdom,2827,2057,2.13
2010-12-01,United Kingdom,1744,968,1.38
2010-12-01,United Kingdom,1410,887,4.37
2010-12-01,United Kingdom,977,494,2.54
2010-12-01,United Kingdom,2529,1589,1.87
2010-12-01,United Kingdom,1155,880,1.96
2010-12-01,EIRE,621,485,1.64
2010-12-01,United Kingdom,2666,1848,2.67
2010-12-01,United Kingdom,1646,686,4.49
2010-12-01,United Kingdom,2518,1905,1.77
2010-12-01,United Kingdom,2756,2054,2.62
2010-12-01,Germany,2850,2022,2.01
2010-12-01,United Kingdom,513,324,4.43
2010-12-01,United Kingdom,1160,783,1.22
2010-12-01,United Kingdom,2214,1109,1.59
2010-12-01,United Kingdom,772,496,2.74
2010-12-01,United Kingdom,1923,895,1.16
2010-12-01,United Kingdom,157,121,3.94
2010-12-01,United Kingdom,1289,671,4.03
2010-12-01,United Kingdom,861,376,2.55
2010-12-01,United Kingdom,1632,1008,1.98
2010-12-01,United Kingdom,2141,914,4.29
2010-12-01,United Kingdom,3291,1851,3.77
2010-12-01,United Kingdom,2296,1617,2.53
2010-12-01,United Kingdom,2167,1175,2.73
2010-12-01,United Kingdom,1688,838,1.13
2010-12-01,United Kingdom,2018,1541,1.26
2010-12-01,United Kingdom,1606,1063,2.91
2010-12-01,United Kingdom,1447,603,4.3
2010-12-01,United Kingdom,1301,747,2.02
2010-12-01,United Kingdom,100,47,1.39
2010-12-01,United Kingdom,791,383,1.09
2010-12-01,United Kingdom,193,105,1.54
2010-12-01,United Kingdom,1588,1055,2.52
2010-12-01,United Kingdom,2059,1285,2.37
2010-12-01,United Kingdom,2432,1014,1.49
2010-12-01,United Kingdom,1403,971,4.19
2010-12-01,United Kingdom,2124,1582,2.93
2010-12-01,United Kingdom,2131,867,2.82
2010-12-01,United Kingdom,1366,1058,1.37
2010-12-01,United Kingdom,2037,1490,3.64
2010-12-01,United Kingdom,908,393,3.34
2010-12-01,United Kingdom,1109,869,1.63
2010-12-01,United Kingdom,2137,1582,1.02
2010-12-01,United Kingdom,2146,1535,1.3
2010-12-01,United Kingdom,1940,1131,4.28
2010-12-01,United Kingdom,1590,1056,1.21
2010-12-01,United Kingdom,2015,878,3.34
2010-12-01,United Kingdom,2225,1209,4.35
2010-12-01,United Kingdom,2125,1049,2.51
2010-12-01,United Kingdom,164,109,1.31
2010-12-01,United Kingdom,2211,1238,3.75
2010-12-01,United Kingdom,1542,1119,1.2
2010-12-01,United Kingdom,3171,1633,1.44
2010-12-02,United Kingdom,2218,1590,3.75
2010-12-02,United Kingdom,418,310,3.99
2010-12-02,United Kingdom,664,335,2.47
2010-12-02,United Kingdom,2262,1471,3.96
2010-12-02,United Kingdom,1425,1069,3.11
2010-12-02,United Kingdom,780,313,2.23
2010-12-02,United Kingdom,2491,1752,3.26
2010-12-02,United Kingdom,2618,1686,2.56
2010-12-02,United Kingdom,2113,933,3.09
2010-12-02,United Kingdom,1485,971,1.25
2010-12-02,United Kingdom,967,466,2.25
2010-12-02,United Kingdom,1614,1220,4.44
2010-12-02,United Kingdom,857,398,1.09
2010-12-02,United Kingdom,1318,1002,3.35
2010-12-02,United Kingdom,151,107,2.28
2010-12-02,United Kingdom,4288,2752,1.95
2010-12-02,United Kingdom,3548,2686,1.26
2010-12-02,United Kingdom,2074,937,2.44
2010-12-02,United Kingdom,1714,1111,2.82
2010-12-02,United Kingdom,1119,687,4.41
2010-12-02,United Kingdom,1366,726,3.8
2010-12-02,Germany,622,412,2.54
2010-12-02,United Kingdom,466,230,1.33
2010-12-02,United Kingdom,1779,1257,3.93
2010-12-02,United Kingdom,1740,1265,4.1
2010-12-02,United Kingdom,743,540,1.46
2010-12-02,United Kingdom,2428,971,1.73
2010-12-02,United Kingdom,2753,1243,3.97
2010-12-02,United Kingdom,766,359,1.93
2010-12-02,United Kingdom,2316,1693,1.23
2010-12-02,United Kingdom,2945,1206,3.77
2010-12-02,United Kingdom,685,448,2.9
2010-12-02,United Kingdom,2142,1017,2.09
2010-12-02,United Kingdom,353,188,1.08
2010-12-02,United Kingdom,694,317,2.0
2010-12-02,United Kingdom,2319,1389,2.48
2010-12-02,United Kingdom,1296,967,3.8
2010-12-02,United Kingdom,2172,1346,4.14
2010-12-02,United Kingdom,2475,1052,3.02
2010-12-02,United Kingdom,1883,1368,2.52
2010-12-02,United Kingdom,2465,1513,2.28
2010-12-02,United Kingdom,2998,1306,1.15
2010-12-02,United Kingdom,958,588,2.09
2010-12-02,United Kingdom,2676,1237,3.25
2010-12-02,United Kingdom,1733,761,3.5
2010-12-02,United Kingdom,2246,1691,3.15
2010-12-02,United Kingdom,281,149,1.64
2010-12-02,United Kingdom,315,208,1.36
2010-12-02,United Kingdom,100,41,1.53
2010-12-02,United Kingdom,1641,1119,3.04
2010-12-02,United Kingdom,1091,595,2.47
2010-12-02,United Kingdom,1431,677,2.85
2010-12-02,United Kingdom,2320,1541,2.92
2010-12-02,United Kingdom,3318,2508,3.11
2010-12-02,United Kingdom,1400,640,3.66
2010-12-02,United Kingdom,2516,1463,3.29
2010-12-02,United Kingdom,1123,730,3.9
2010-12-02,United Kingdom,735,531,2.63
2010-12-02,United Kingdom,1599,1053,1.99
2010-12-02,United Kingdom,501,317,3.75
2010-12-02,United Kingdom,1253,670,1.59
2010-12-02,United Kingdom,749,446,2.3
2010-12-02,United Kingdom,2251,1279,1.62
2010-12-02,United Kingdom,2426,1041,3.01
2010-12-02,United Kingdom,2215,1750,2.77
2010-12-02,United Kingdom,1185,705,2.84
2010-12-02,United Kingdom,178,87,3.19
2010-12-02,United Kingdom,786,609,3.21
2010-12-02,United Kingdom,1385,784,4.16
2010-12-02,United Kingdom,1678,897,2.68
2010-12-02,United Kingdom,100,49,3.55
2010-12-02,United Kingdom,2160,1478,1.5
2010-12-02,United Kingdom,467,361,1.49
2010-12-02,United Kingdom,1670,1126,3.61
2010-12-02,United Kingdom,1046,493,2.95
2010-12-02,United Kingdom,1512,715,4.44
2010-12-02,United Kingdom,3476,2085,1.02
2010-12-02,United Kingdom,1914,1283,3.23
2010-12-02,United Kingdom,2116,1036,2.49
2010-12-02,United Kingdom,2025,1068,3.23
2010-12-02,United Kingdom,763,569,3.44
2010-12-02,United Kingdom,2359,957,1.13
2010-12-02,United Kingdom,1393,1098,2.28
2010-12-02,United Kingdom,1876,1161,3.36
2010-12-02,United Kingdom,100,62,3.55
2010-12-02,United Kingdom,2040,1359,1.11
2010-12-02,United Kingdom,391,176,2.57
2010-12-02,United Kingdom,2110,1205,3.93
2010-12-02,United Kingdom,105,56,3.27
2010-12-02,United Kingdom,2905,1576,2.09
2010-12-02,United Kingdom,2906,1245,1.72
2010-12-02,United Kingdom,2478,1959,1.04
2010-12-02,United Kingdom,1797,1068,2.47
2010-12-02,United Kingdom,1417,673,2.22
2010-12-02,United Kingdom,1220,648,2.45
2010-12-02,United Kingdom,698,379,4.28
2010-12-02,United Kingdom,1558,687,1.9
2010-12-02,United Kingdom,1228,584,4.03
2010-12-02,United Kingdom,782,444,3.26
2010-12-02,United Kingdom,3120,1793,2.57
2010-12-02,United Kingdom,628,261,1.18
2010-12-02,United Kingdom,3283,1828,3.92
2010-12-02,United Kingdom,743,514,2.29
2010-12-02,United Kingdom,2506,1123,2.56
2010-12-02,United Kingdom,1921,1152,1.12
2010-12-02,United Kingdom,1685,1147,1.53
2010-12-02,United Kingdom,2131,1368,2.26
2010-12-02,United Kingdom,100,64,3.93
2010-12-02,United Kingdom,1156,558,1.84
2010-12-02,EIRE,940,493,3.72
2010-12-02,United Kingdom,1585,758,2.69
2010-12-02,United Kingdom,954,558,4.19
2010-12-02,United Kingdom,2481,1425,4.2
2010-12-02,United Kingdom,2202,1291,1.34
2010-12-02,United Kingdom,1882,1408,3.96
2010-12-02,United Kingdom,736,450,1.82
2010-12-02,United Kingdom,2192,927,3.44
2010-12-02,United Kingdom,1715,1104,3.13
2010-12-02,United Kingdom,660,469,1.61
2010-12-02,United Kingdom,100,56,3.58
2010-12-02,United Kingdom,1277,553,2.35
2010-12-02,United Kingdom,2326,1519,1.47
2010-12-02,United Kingdom,1846,862,3.45
2010-12-02,EIRE,2931,2108,2.46
2010-12-02,United Kingdom,2993,1389,1.94
2010-12-02,United Kingdom,1666,864,3.06
2010-12-02,United Kingdom,2963,1243,4.04
2010-12-02,United Kingdom,2735,1762,1.09
2010-12-02,United Kingdom,913,423,2.17
2010-12-02,United Kingdom,1260,523,1.85
2010-12-02,United Kingdom,1090,587,1.29
2010-12-02,United Kingdom,2229,975,2.95
2010-12-02,United Kingdom,1054,442,3.3
2010-12-02,United Kingdom,1032,477,3.35
2010-12-02,United Kingdom,817,382,3.68
2010-12-02,United Kingdom,360,281,3.15
2010-12-02,United Kingdom,855,448,2.51
2010-12-02,United Kingdom,100,45,1.8
2010-12-02,United Kingdom,448,312,3.77
2010-12-02,United Kingdom,100,63,4.3
2010-12-02,United Kingdom,1412,676,2.85
2010-12-02,United Kingdom,1687,754,2.06
2010-12-02,United Kingdom,3192,1503,1.06
2010-12-02,United Kingdom,1282,855,1.81
2010-12-02,United Kingdom,397,260,1.81
2010-12-02,United Kingdom,193,154,1.27
2010-12-02,Germany,266,134,2.97
2010-12-02,United Kingdom,1291,835,4.44
2010-12-02,United Kingdom,3564,1438,3.49
2010-12-02,United Kingdom,2308,1825,1.25
2010-12-02,United Kingdom,2016,1181,2.77
2010-12-02,United Kingdom,865,609,3.23
2010-12-02,United Kingdom,1769,807,2.17
2010-12-03,United Kingdom,260,152,2.06
2010-12-03,United Kingdom,1981,1344,2.68
2010-12-03,United Kingdom,575,283,2.25
2010-12-03,United Kingdom,2758,2124,1.89
2010-12-03,United Kingdom,1185,478,3.5
2010-12-03,France,1341,737,2.58
2010-12-03,United Kingdom,1118,527,3.36
2010-12-03,United Kingdom,1825,881,2.59
2010-12-03,United Kingdom,2360,1461,3.58
2010-12-03,United Kingdom,2589,1479,2.32
2010-12-03,United Kingdom,1445,1061,4.4
2010-12-03,Switzerland,2542,1418,3.46
2010-12-03,United Kingdom,1467,1127,4.44
2010-12-03,Germany,1421,696,3.09
2010-12-03,United Kingdom,2109,1218,3.5
2010-12-03,United Kingdom,2393,1263,3.49
2010-12-03,United Kingdom,1083,858,1.19
2010-12-03,United Kingdom,906,370,1.47
2010-12-03,United Kingdom,1378,920,3.29
2010-12-03,United Kingdom,2422,1123,2.86
2010-12-03,United Kingdom,1799,1008,2.66
2010-12-03,United Kingdom,2069,1143,2.47
2010-12-03,EIRE,2714,1438,1.47
2010-12-03,EIRE,1297,639,3.69
2010-12-03,United Kingdom,2178,951,2.28
2010-12-03,United Kingdom,1498,1177,1.97
2010-12-03,United Kingdom,1598,946,1.14
2010-12-03,United Kingdom,503,249,2.63
2010-12-03,Spain,1164,695,4.18
2010-12-03,United Kingdom,1662,1077,3.18
2010-12-03,United Kingdom,1981,896,1.68
2010-12-03,United Kingdom,100,40,4.36
2010-12-03,United Kingdom,2392,1416,3.19
2010-12-03,United Kingdom,1936,999,4.26
2010-12-03,United Kingdom,1140,742,1.7
2010-12-03,Germany,2213,1435,3.89
2010-12-03,United Kingdom,2674,2012,3.19
2010-12-03,United Kingdom,1761,915,4.01
2010-12-03,United Kingdom,1271,707,1.44
2010-12-03,Poland,2468,1137,4.32
2010-12-03,United Kingdom,161,71,2.53
2010-12-03,United Kingdom,100,42,3.63
2010-12-03,France,578,361,3.27
2010-12-03,EIRE,2482,1380,3.54
2010-12-03,United Kingdom,1495,700,1.69
2010-12-03,United Kingdom,331,234,4.01
2010-12-03,United Kingdom,1229,709,3.19
2010-12-03,United Kingdom,2278,1095,2.16
2010-12-03,United Kingdom,2435,1720,1.89
2010-12-03,Germany,1004,653,2.29
2010-12-03,United Kingdom,1094,655,1.23
2010-12-03,United Kingdom,1262,571,3.24
2010-12-03,United Kingdom,1428,795,2.73
2010-12-03,United Kingdom,316,153,2.15
2010-12-03,United Kingdom,1644,1231,1.44
2010-12-03,Portugal,2057,1026,1.48
2010-12-03,United Kingdom,817,571,4.22
2010-12-03,United Kingdom,1111,472,4.4
2010-12-03,United Kingdom,454,344,4.35
2010-12-03,United Kingdom,812,541,1.86
2010-12-03,United Kingdom,1976,951,2.37
2010-12-03,United Kingdom,945,590,4.18
2010-12-03,United Kingdom,828,587,4.43
2010-12-03,United Kingdom,1338,906,3.94
2010-12-03,United Kingdom,868,471,3.53
2010-12-03,United Kingdom,1829,1158,1.13
2010-12-03,United Kingdom,1563,1111,4.44
2010-12-03,United Kingdom,359,246,1.06
2010-12-03,United Kingdom,3354,1418,1.22
2010-12-03,United Kingdom,1715,1177,1.33
2010-12-03,United Kingdom,1233,619,1.66
2010-12-03,United Kingdom,1946,970,1.08
2010-12-03,United Kingdom,2006,1066,1.48
2010-12-03,Italy,1738,809,4.34
2010-12-03,United Kingdom,1446,966,1.83
2010-12-03,United Kingdom,446,253,2.61
2010-12-03,Belgium,1101,823,4.06
2010-12-03,United Kingdom,871,398,2.58
2010-12-03,United Kingdom,100,45,1.78
2010-12-03,United Kingdom,1190,554,4.05
2010-12-03,United Kingdom,1389,608,1.82
2010-12-03,United Kingdom,2613,1757,2.3
2010-12-03,United Kingdom,430,213,4.21
2010-12-03,United Kingdom,2747,1114,1.22
2010-12-03,United Kingdom,1452,1029,3.42
2010-12-05,United Kingdom,853,563,2.81
2010-12-05,United Kingdom,1546,1183,4.01
2010-12-05,United Kingdom,3060,1480,2.53
2010-12-05,United Kingdom,2855,1204,1.38
2010-12-05,United Kingdom,1836,1395,2.37
2010-12-05,United Kingdom,272,186,1.04
2010-12-05,United Kingdom,1318,816,3.32
2010-12-05,United Kingdom,2753,1269,4.34
2010-12-05,United Kingdom,1194,886,2.98
2010-12-05,United Kingdom,746,506,3.99
2010-12-05,United Kingdom,764,324,4.28
2010-12-05,United Kingdom,100,50,2.75
2010-12-05,United Kingdom,2024,1021,3.33
2010-12-05,United Kingdom,1780,799,2.63
2010-12-05,United Kingdom,652,296,4.47
2010-12-05,United Kingdom,782,498,2.08
2010-12-05,United Kingdom,813,566,4.16
2010-12-05,United Kingdom,2344,1753,3.01
2010-12-05,United Kingdom,745,384,1.69
2010-12-05,United Kingdom,1686,886,1.33
2010-12-05,United Kingdom,2640,1980,1.87
2010-12-05,United Kingdom,519,271,2.88
2010-12-05,France,2259,1728,3.47
2010-12-05,United Kingdom,1181,751,3.57
2010-12-05,United Kingdom,3109,2145,1.38
2010-12-05,Lithuania,1321,996,1.49
2010-12-05,Lithuania,1100,735,2.61
2010-12-05,Lithuania,3031,1544,3.81
2010-12-05,United Kingdom,1076,467,3.14
2010-12-05,United Kingdom,2481,1327,2.11
2010-12-05,United Kingdom,100,67,2.03
2010-12-05,United Kingdom,1542,966,1.19
2010-12-05,United Kingdom,3711,2262,2.3
2010-12-05,United Kingdom,1657,836,3.96
2010-12-05,United Kingdom,381,197,3.35
2010-12-05,United Kingdom,1566,762,3.38
2010-12-05,United Kingdom,1800,1088,3.4
2010-12-05,United Kingdom,1846,798,2.25
2010-12-05,United Kingdom,1875,926,4.33
2010-12-05,United Kingdom,2025,816,2.76
2010-12-05,United Kingdom,271,109,3.51
2010-12-05,United Kingdom,1046,542,2.05
2010-12-05,United Kingdom,1685,1317,1.2
2010-12-05,United Kingdom,3247,2446,1.79
2010-12-05,United Kingdom,137,101,2.27
2010-12-05,United Kingdom,1742,1383,4.13
2010-12-05,United Kingdom,1128,787,3.91
2010-12-05,United Kingdom,1031,601,1.59
2010-12-05,United Kingdom,1263,915,1.52
2010-12-05,United Kingdom,2754,1711,2.92
2010-12-05,United Kingdom,3122,1915,2.81
2010-12-05,United Kingdom,1823,1068,2.68
2010-12-05,United Kingdom,1626,1184,4.39
2010-12-05,United Kingdom,2002,946,2.48
2010-12-05,United Kingdom,684,406,1.09
2010-12-05,United Kingdom,660,332,4.12
2010-12-05,United Kingdom,100,55,3.21
2010-12-05,United Kingdom,1456,894,1.61
2010-12-05,United Kingdom,452,344,3.75
2010-12-05,Germany,688,313,3.13
2010-12-05,Germany,1502,1072,4.13
2010-12-05,United Kingdom,868,396,1.39
2010-12-05,United Kingdom,1662,814,3.05
2010-12-05,Germany,1009,762,2.3
2010-12-05,United Kingdom,100,68,1.71
2010-12-05,United Kingdom,100,56,3.68
2010-12-05,United Kingdom,1500,1053,3.87
2010-12-05,United Kingdom,405,316,2.59
2010-12-05,United Kingdom,730,352,2.34
2010-12-05,United Kingdom,510,274,3.29
2010-12-05,United Kingdom,1050,503,1.77
2010-12-05,United Kingdom,1707,1235,2.86
2010-12-05,United Kingdom,372,259,1.61
2010-12-05,Germany,357,249,1.65
2010-12-05,United Kingdom,2201,971,2.09
2010-12-05,United Kingdom,1421,576,3.33
2010-12-05,United Kingdom,2681,1508,3.87
2010-12-05,United Kingdom,577,361,4.35
2010-12-05,Japan,231,183,4.35
2010-12-05,United Kingdom,100,71,4.3
2010-12-05,United Kingdom,2838,2176,3.35
2010-12-05,United Kingdom,377,158,3.98
2010-12-05,United Kingdom,2805,1127,2.42
2010-12-05,United Kingdom,2036,1574,1.78
2010-12-05,United Kingdom,2531,1683,3.06
2010-12-05,United Kingdom,1452,892,2.82
2010-12-06,United Kingdom,1973,1576,2.92
2010-12-06,United Kingdom,1293,532,1.22
2010-12-06,United Kingdom,2120,898,3.55
2010-12-06,United Kingdom,3133,1931,1.15
2010-12-06,United Kingdom,890,699,4.48
2010-12-06,United Kingdom,401,243,1.45
2010-12-06,Italy,1444,730,2.18
2010-12-06,United Kingdom,535,333,4.13
2010-12-06,United Kingdom,2067,1004,3.02
2010-12-06,United Kingdom,2094,979,1.95
2010-12-06,United Kingdom,1409,911,1.18
2010-12-06,United Kingdom,990,408,2.68
2010-12-06,United Kingdom,2323,1760,2.28
2010-12-06,United Kingdom,1063,659,2.27
2010-12-06,United Kingdom,2056,1314,3.57
2010-12-06,United Kingdom,2392,1822,1.62
2010-12-06,United Kingdom,2295,1814,1.89
2010-12-06,United Kingdom,779,519,3.32
2010-12-06,United Kingdom,1444,850,3.48
2010-12-06,Portugal,1500,942,4.05
2010-12-06,United Kingdom,473,250,2.73
2010-12-06,United Kingdom,295,168,2.24
2010-12-06,United Kingdom,455,271,3.99
2010-12-06,Germany,514,390,2.94
2010-12-06,United Kingdom,905,554,2.02
2010-12-06,United Kingdom,2308,1176,1.41
2010-12-06,United Kingdom,1033,486,2.73
2010-12-06,United Kingdom,2237,1218,1.24
2010-12-06,United Kingdom,2443,1753,3.99
2010-12-06,United Kingdom,968,760,3.33
2010-12-06,United Kingdom,2173,1244,3.47
2010-12-06,United Kingdom,1976,1509,1.84
2010-12-06,United Kingdom,1368,1089,2.83
2010-12-06,United Kingdom,1993,800,4.33
2010-12-06,United Kingdom,2540,2020,3.72
2010-12-06,United Kingdom,1505,1040,4.15
2010-12-06,United Kingdom,1717,1015,2.33
2010-12-06,United Kingdom,1600,914,1.83
2010-12-06,Germany,1728,1049,3.85
2010-12-06,United Kingdom,1275,833,2.88
2010-12-06,United Kingdom,1311,533,3.56
2010-12-06,United Kingdom,1893,1425,3.48
2010-12-06,United Kingdom,1744,1269,2.43
2010-12-06,United Kingdom,2042,1330,1.06
2010-12-06,United Kingdom,1692,940,3.94
2010-12-06,United Kingdom,1859,1385,1.29
2010-12-06,United Kingdom,2396,1242,1.19
2010-12-06,United Kingdom,523,305,2.09
2010-12-06,United Kingdom,1696,740,2.47
2010-12-06,United Kingdom,1478,945,2.48
2010-12-06,EIRE,915,549,2.33
2010-12-06,United Kingdom,1052,690,3.64
2010-12-06,United Kingdom,2098,1532,2.34
2010-12-06,United Kingdom,2340,1439,2.11
2010-12-06,United Kingdom,1980,1180,2.98
2010-12-06,United Kingdom,2151,886,2.45
2010-12-06,United Kingdom,1838,1278,2.32
2010-12-06,United Kingdom,879,620,2.3
2010-12-06,EIRE,1698,1233,2.69
2010-12-06,United Kingdom,1637,1086,1.28
2010-12-06,United Kingdom,2390,1257,1.71
2010-12-06,United Kingdom,1990,1235,3.01
2010-12-06,United Kingdom,1753,1314,3.46
2010-12-06,United Kingdom,2389,1411,1.65
2010-12-06,EIRE,574,442,1.22
2010-12-06,United Kingdom,843,471,1.48
2010-12-06,United Kingdom,1699,804,1.98
2010-12-06,United Kingdom,2553,1127,4.13
2010-12-06,United Kingdom,984,751,1.25
2010-12-06,United Kingdom,2203,1701,3.13
2010-12-06,United Kingdom,1363,751,4.44
2010-12-06,United Kingdom,1299,564,3.96
2010-12-06,United Kingdom,2015,919,3.72
2010-12-06,United Kingdom,1294,1033,1.17
2010-12-06,United Kingdom,2984,1339,3.17
2010-12-06,United Kingdom,1594,1129,1.45
2010-12-06,United Kingdom,1253,827,3.27
2010-12-06,United Kingdom,2835,1619,2.01
2010-12-06,United Kingdom,2077,840,3.39
2010-12-06,United Kingdom,1752,1345,1.95
2010-12-06,United Kingdom,2188,1201,3.02
2010-12-06,United Kingdom,712,432,1.06
2010-12-06,United Kingdom,1926,1096,1.17
2010-12-06,United Kingdom,1201,557,2.2
2010-12-06,United Kingdom,966,437,1.49
2010-12-06,United Kingdom,989,783,2.45
2010-12-06,United Kingdom,1038,634,3.86
2010-12-06,United Kingdom,100,60,2.25
2010-12-06,United Kingdom,970,722,3.63
2010-12-06,United Kingdom,1384,964,4.37
2010-12-06,United Kingdom,916,614,1.61
2010-12-06,United Kingdom,1590,1045,1.24
2010-12-06,United Kingdom,1278,575,1.78
2010-12-06,United Kingdom,1156,888,1.81
2010-12-06,United Kingdom,1600,1207,1.14
2010-12-06,United Kingdom,727,328,3.35
2010-12-06,United Kingdom,922,514,3.07
2010-12-06,United Kingdom,787,580,4.13
2010-12-06,United Kingdom,891,525,2.29
2010-12-06,United Kingdom,1663,1127,3.32
2010-12-06,United Kingdom,928,651,3.9
2010-12-06,United Kingdom,763,323,1.06
2010-12-06,United Kingdom,2318,1743,4.19
2010-12-06,United Kingdom,100,59,1.12
2010-12-06,United Kingdom,808,477,3.1
2010-12-06,United Kingdom,305,211,2.11
2010-12-06,United Kingdom,1257,623,1.91
2010-12-06,United Kingdom,1220,687,1.07
2010-12-06,United Kingdom,1807,848,4.04
2010-12-06,United Kingdom,2820,1642,2.8
2010-12-06,United Kingdom,1576,1213,1.58
2010-12-06,United Kingdom,959,723,2.28
2010-12-06,United Kingdom,910,587,4.01
2010-12-07,United Kingdom,757,404,3.5
2010-12-07,United Kingdom,1340,693,2.85
2010-12-07,United Kingdom,1184,603,3.66
2010-12-07,United Kingdom,2126,1174,1.69
2010-12-07,United Kingdom,509,209,4.44
2010-12-07,United Kingdom,1082,836,3.87
2010-12-07,United Kingdom,2041,1464,3.48
2010-12-07,United Kingdom,222,177,4.43
2010-12-07,United Kingdom,1085,478,3.16
2010-12-07,United Kingdom,2815,2101,3.67
2010-12-07,United Kingdom,1360,802,4.44
2010-12-07,United Kingdom,2240,1390,4.38
2010-12-07,United Kingdom,2003,845,1.14
2010-12-07,United Kingdom,2147,1628,2.46
2010-12-07,United Kingdom,2457,1934,1.57
2010-12-07,United Kingdom,2077,942,1.71
2010-12-07,France,1493,810,1.06
2010-12-07,United Kingdom,1833,735,3.17
2010-12-07,United Kingdom,1113,643,1.75
2010-12-07,United Kingdom,1524,807,1.84
2010-12-07,United Kingdom,3186,2033,2.52
2010-12-07,France,2295,1811,1.8
2010-12-07,United Kingdom,1312,788,1.93
2010-12-07,United Kingdom,1180,755,4.41
2010-12-07,United Kingdom,1352,612,3.45
2010-12-07,United Kingdom,2183,1695,1.51
2010-12-07,United Kingdom,2260,1346,3.25
2010-12-07,United Kingdom,1781,1243,1.86
2010-12-07,United Kingdom,1192,567,2.99
2010-12-07,United Kingdom,1556,838,1.25
2010-12-07,United Kingdom,1899,1128,3.03
2010-12-07,United Kingdom,2792,2103,2.73
2010-12-07,United Kingdom,1783,1264,2.27
2010-12-07,United Kingdom,3009,1779,3.58
2010-12-07,United Kingdom,940,643,3.25
2010-12-07,United Kingdom,1568,921,2.74
2010-12-07,United Kingdom,2189,1407,2.01
2010-12-07,United Kingdom,942,680,2.99
2010-12-07,United Kingdom,1346,857,1.13
2010-12-07,Germany,1764,722,3.42
2010-12-07,United Kingdom,1305,962,1.51
2010-12-07,United Kingdom,2001,1536,1.19
2010-12-07,United Kingdom,1745,1210,3.21
2010-12-07,United Kingdom,185,108,4.05
2010-12-07,United Kingdom,2255,1299,1.61
2010-12-07,United Kingdom,100,43,4.15
2010-12-07,United Kingdom,2209,1034,1.02
2010-12-07,United Kingdom,1657,1230,1.41
2010-12-07,United Kingdom,1240,987,1.33
2010-12-07,United Kingdom,2114,1027,3.11
2010-12-07,United Kingdom,1547,997,4.47
2010-12-07,United Kingdom,698,334,1.29
2010-12-07,United Kingdom,1943,953,1.26
2010-12-07,United Kingdom,1887,1234,1.15
2010-12-07,United Kingdom,515,376,4.08
2010-12-07,United Kingdom,2479,1422,2.3
2010-12-07,United Kingdom,618,437,1.65
2010-12-07,United Kingdom,907,638,2.35
2010-12-07,United Kingdom,1216,676,2.3
2010-12-07,United Kingdom,2162,1623,1.95
2010-12-07,United Kingdom,1424,859,1.57
2010-12-07,United Kingdom,2907,1298,2.36
2010-12-07,United Kingdom,2449,1144,2.19
2010-12-07,United Kingdom,1776,872,2.19
2010-12-07,United Kingdom,928,658,4.05
2010-12-07,United Kingdom,1511,808,3.82
2010-12-07,United Kingdom,1513,766,3.94
2010-12-07,United Kingdom,100,44,3.01
2010-12-07,Iceland,1659,696,3.66
2010-12-07,United Kingdom,2564,1984,1.8
2010-12-07,United Kingdom,361,244,1.04
2010-12-07,United Kingdom,2109,1523,2.88
2010-12-07,United Kingdom,1364,621,3.53
2010-12-07,United Kingdom,800,494,1.17
2010-12-07,United Kingdom,1216,828,2.44
2010-12-07,United Kingdom,2028,1323,2.31
2010-12-07,United Kingdom,449,229,3.15
2010-12-07,United Kingdom,1520,695,1.89
2010-12-07,United Kingdom,2206,1743,2.86
2010-12-07,United Kingdom,2086,1447,2.1
2010-12-07,United Kingdom,871,427,4.15
2010-12-07,United Kingdom,684,403,3.67
2010-12-07,United Kingdom,2648,2068,4.4
2010-12-07,United Kingdom,1599,1074,1.76
2010-12-07,United Kingdom,733,301,2.55
2010-12-07,United Kingdom,1068,708,1.46
2010-12-07,United Kingdom,742,459,2.14
2010-12-07,United Kingdom,100,68,1.86
2010-12-07,United Kingdom,2707,1237,4.35
2010-12-07,United Kingdom,1474,749,4.27
2010-12-07,United Kingdom,2798,1478,4.34
2010-12-07,United Kingdom,749,317,2.66
2010-12-07,United Kingdom,1497,636,1.3
2010-12-07,United Kingdom,1633,767,3.32
2010-12-07,United Kingdom,1370,767,3.13
2010-12-07,United Kingdom,100,77,2.27
2010-12-07,United Kingdom,1066,764,3.83
2010-12-07,United Kingdom,2395,1584,1.49
2010-12-07,United Kingdom,2272,1629,4.02
2010-12-08,United Kingdom,100,73,1.46
2010-12-08,United Kingdom,1891,1205,3.79
2010-12-08,United Kingdom,861,678,3.7
2010-12-08,United Kingdom,400,221,3.68
2010-12-08,United Kingdom,1382,1008,1.12
2010-12-08,United Kingdom,839,668,3.77
2010-12-08,Germany,1204,688,4.39
2010-12-08,United Kingdom,1388,932,2.36
2010-12-08,United Kingdom,1507,991,1.79
2010-12-08,Australia,1531,1090,1.64
2010-12-08,United Kingdom,633,402,3.82
2010-12-08,United Kingdom,734,525,1.91
2010-12-08,United Kingdom,604,478,1.08
2010-12-08,United Kingdom,1470,1003,1.72
2010-12-08,United Kingdom,1145,862,1.1
2010-12-08,United Kingdom,564,344,2.51
2010-12-08,United Kingdom,472,223,1.16
2010-12-08,United Kingdom,1875,1291,1.55
2010-12-08,United Kingdom,1923,1164,3.28
2010-12-08,United Kingdom,1891,1198,1.82
2010-12-08,United Kingdom,1917,1242,3.84
2010-12-08,United Kingdom,2875,1896,1.18
2010-12-08,United Kingdom,185,89,2.68
2010-12-08,United Kingdom,2789,1792,4.47
2010-12-08,France,1370,962,1.93
2010-12-08,United Kingdom,1779,1030,2.68
2010-12-08,United Kingdom,1997,1233,1.34
2010-12-08,United Kingdom,735,464,1.38
2010-12-08,United Kingdom,1586,1140,1.88
2010-12-08,United Kingdom,1057,640,4.01
2010-12-08,United Kingdom,100,40,4.16
2010-12-08,United Kingdom,1533,763,1.55
2010-12-08,United Kingdom,100,60,3.77
2010-12-08,United Kingdom,437,235,1.42
2010-12-08,United Kingdom,2172,1161,1.34
2010-12-08,United Kingdom,2054,1484,1.46
2010-12-08,United Kingdom,1068,830,3.78
2010-12-08,United Kingdom,832,642,3.59
2010-12-08,United Kingdom,282,161,1.08
2010-12-08,United Kingdom,304,187,2.68
2010-12-08,United Kingdom,1949,1408,1.23
2010-12-08,United Kingdom,648,502,1.43
2010-12-08,United Kingdom,1698,953,2.96
2010-12-08,United Kingdom,1446,870,1.52
2010-12-08,United Kingdom,1204,766,2.66
2010-12-08,United Kingdom,607,401,1.73
2010-12-08,United Kingdom,1121,548,4.49
2010-12-08,United Kingdom,1575,817,3.0
2010-12-08,United Kingdom,2452,1115,1.62
2010-12-08,United Kingdom,1630,702,2.57
2010-12-08,United Kingdom,1939,1502,2.76
2010-12-08,United Kingdom,569,271,2.88
2010-12-08,United Kingdom,2099,1443,4.21
2010-12-08,United Kingdom,1682,922,2.26
2010-12-08,United Kingdom,1574,1088,1.48
2010-12-08,United Kingdom,1399,662,1.19
2010-12-08,United Kingdom,196,103,4.29
2010-12-08,United Kingdom,1991,1530,4.3
2010-12-08,United Kingdom,2215,1561,2.31
2010-12-08,United Kingdom,1397,848,2.76
2010-12-08,United Kingdom,1431,1110,3.9
2010-12-08,United Kingdom,452,207,2.2
2010-12-08,United Kingdom,2503,1842,1.2
2010-12-08,United Kingdom,1256,822,2.09
2010-12-08,United Kingdom,852,610,2.92
2010-12-08,United Kingdom,1708,1072,4.35
2010-12-08,United Kingdom,1506,1105,1.38
2010-12-08,United Kingdom,100,43,3.03
2010-12-08,United Kingdom,3090,1877,1.51
2010-12-08,United Kingdom,1716,834,3.62
2010-12-08,United Kingdom,1366,863,3.94
2010-12-08,Germany,391,309,2.73
2010-12-08,United Kingdom,1950,829,1.49
2010-12-08,United Kingdom,2334,1079,3.36
2010-12-08,United Kingdom,2115,1074,1.32
2010-12-08,Portugal,3037,2279,1.97
2010-12-08,United Kingdom,1391,624,3.66
2010-12-08,United Kingdom,2128,1008,2.66
2010-12-08,United Kingdom,983,700,3.93
2010-12-08,United Kingdom,2069,1174,2.34
2010-12-08,United Kingdom,1876,1036,3.09
2010-12-08,United Kingdom,1521,853,2.81
2010-12-08,United Kingdom,798,585,1.68
2010-12-08,United Kingdom,3375,1781,1.18
2010-12-08,Lithuania,2271,1609,2.67
2010-12-08,United Kingdom,856,479,2.83
2010-12-08,United Kingdom,1906,996,3.11
2010-12-08,United Kingdom,2613,1220,3.0
2010-12-08,United Kingdom,757,472,3.98
2010-12-08,United Kingdom,2973,1550,2.4
2010-12-08,United Kingdom,1803,945,1.05
2010-12-08,United Kingdom,1623,974,3.59
2010-12-08,United Kingdom,2966,1723,3.78
2010-12-08,United Kingdom,442,339,1.94
2010-12-08,United Kingdom,1208,785,4.16
2010-12-08,United Kingdom,2576,1766,4.34
2010-12-08,United Kingdom,1820,762,3.41
2010-12-08,United Kingdom,1798,819,4.25
2010-12-08,United Kingdom,1558,1171,2.19
2010-12-08,United Kingdom,2114,1590,1.96
2010-12-08,United Kingdom,2116,1216,2.06
2010-12-08,United Kingdom,1098,471,1.01
2010-12-08,United Kingdom,2486,1718,2.81
2010-12-08,United Kingdom,1041,461,4.44
2010-12-08,United Kingdom,407,198,1.3
2010-12-08,United Kingdom,1048,586,1.41
2010-12-08,United Kingdom,1826,965,2.5
2010-12-08,United Kingdom,1883,905,4.05
2010-12-08,United Kingdom,2581,1199,3.12
2010-12-08,United Kingdom,1666,1269,3.44
2010-12-08,United Kingdom,1487,1118,3.83
2010-12-08,United Kingdom,2618,2055,1.13
2010-12-08,United Kingdom,2109,950,4.05
2010-12-08,United Kingdom,1227,936,2.9
2010-12-08,United Kingdom,1008,622,4.17
2010-12-08,United Kingdom,1172,544,4.31
2010-12-08,United Kingdom,2634,1638,2.27
2010-12-08,United Kingdom,2262,1158,1.13
2010-12-08,United Kingdom,714,439,3.39
2010-12-08,United Kingdom,2617,1654,1.88
2010-12-08,United Kingdom,1990,1525,2.36
2010-12-08,Norway,1411,938,2.52
2010-12-08,United Kingdom,1212,524,1.64
2010-12-08,United Kingdom,1125,462,1.07
2010-12-08,United Kingdom,1845,776,1.42
2010-12-08,United Kingdom,1292,526,2.66
2010-12-08,United Kingdom,3366,2451,4.26
2010-12-09,United Kingdom,1533,1017,1.68
2010-12-09,United Kingdom,1363,594,2.49
2010-12-09,United Kingdom,1989,1053,1.83
2010-12-09,United Kingdom,680,362,3.76
2010-12-09,United Kingdom,528,391,1.16
2010-12-09,United Kingdom,2273,923,3.55
2010-12-09,United Kingdom,1378,934,2.4
2010-12-09,United Kingdom,1445,815,1.58
2010-12-09,United Kingdom,1704,759,3.6
2010-12-09,United Kingdom,1319,920,1.07
2010-12-09,United Kingdom,1605,795,2.41
2010-12-09,Germany,1593,806,4.4
2010-12-09,France,1078,733,3.72
2010-12-09,Germany,100,61,3.45
2010-12-09,United Kingdom,816,541,4.02
2010-12-09,United Kingdom,1868,1196,1.03
2010-12-09,France,589,298,3.78
2010-12-09,United Kingdom,2268,1434,3.44
2010-12-09,Japan,100,41,1.16
2010-12-09,United Kingdom,246,118,3.22
2010-12-09,United Kingdom,458,242,1.67
2010-12-09,Portugal,247,146,3.92
2010-12-09,United Kingdom,4001,2916,2.45
2010-12-09,United Kingdom,3170,2530,2.98
2010-12-09,France,1766,882,1.13
2010-12-09,United Kingdom,611,304,4.25
2010-12-09,Germany,1241,804,2.44
2010-12-09,United Kingdom,1050,657,2.63
2010-12-09,United Kingdom,2413,1334,1.94
2010-12-09,United Kingdom,2078,1241,2.29
2010-12-09,Channel Islands,367,189,2.63
2010-12-09,Denmark,1505,793,1.44
2010-12-09,United Kingdom,3145,1847,4.0
2010-12-09,United Kingdom,1652,849,2.61
2010-12-09,United Kingdom,4202,2071,1.24
2010-12-09,United Kingdom,1262,884,1.94
2010-12-09,France,2389,1346,2.03
2010-12-09,EIRE,3215,1985,2.13
2010-12-09,United Kingdom,1410,1069,3.94
2010-12-09,United Kingdom,527,376,2.17
2010-12-09,United Kingdom,381,287,2.74
2010-12-09,United Kingdom,2174,1679,1.62
2010-12-09,United Kingdom,741,333,3.77
2010-12-09,United Kingdom,100,54,1.94
2010-12-09,United Kingdom,2398,1000,2.43
2010-12-09,United Kingdom,3350,1458,3.73
2010-12-09,United Kingdom,302,156,1.73
2010-12-09,United Kingdom,590,255,1.37
2010-12-09,United Kingdom,2283,1517,3.83
2010-12-09,United Kingdom,1441,1096,3.44
2010-12-09,United Kingdom,2516,1094,3.72
2010-12-09,United Kingdom,749,426,2.01
2010-12-09,United Kingdom,1046,437,2.75
2010-12-09,United Kingdom,175,123,4.23
2010-12-09,United Kingdom,1454,1019,4.18
2010-12-09,United Kingdom,2560,1229,2.65
2010-12-09,United Kingdom,3062,1790,3.1
2010-12-09,United Kingdom,2264,1311,1.54
2010-12-09,United Kingdom,2215,1526,2.29
2010-12-09,United Kingdom,1179,726,2.47
2010-12-09,United Kingdom,1135,746,2.17
2010-12-09,United Kingdom,1581,746,1.15
2010-12-09,United Kingdom,100,49,3.03
2010-12-09,United Kingdom,2530,1331,4.43
2010-12-09,United Kingdom,1396,850,1.65
2010-12-09,United Kingdom,1124,857,1.41
2010-12-09,United Kingdom,2116,1395,2.43
2010-12-09,United Kingdom,327,145,1.13
2010-12-09,United Kingdom,2172,1165,4.1
2010-12-09,United Kingdom,2842,1970,2.34
2010-12-09,United Kingdom,2448,1041,2.46
2010-12-09,United Kingdom,2175,1720,2.61
2010-12-09,United Kingdom,1467,863,2.24
2010-12-09,United Kingdom,2422,1493,2.88
2010-12-09,United Kingdom,2532,1327,1.06
2010-12-09,United Kingdom,844,536,3.22
2010-12-09,United Kingdom,2501,1574,2.94
2010-12-09,United Kingdom,100,64,2.59
2010-12-09,United Kingdom,531,417,3.45
2010-12-09,United Kingdom,1087,651,1.01
2010-12-09,United Kingdom,100,48,3.06
2010-12-09,United Kingdom,2000,1470,1.26
2010-12-09,Germany,3370,1793,1.66
2010-12-09,United Kingdom,1638,704,4.46
2010-12-09,United Kingdom,2224,1220,2.92
2010-12-09,United Kingdom,1560,1058,1.77
2010-12-09,United Kingdom,1036,501,3.05
2010-12-09,United Kingdom,1103,645,3.37
2010-12-09,United Kingdom,1928,1382,3.58
2010-12-09,France,1364,947,1.25
2010-12-09,United Kingdom,621,333,1.82
2010-12-09,Spain,2272,1069,2.07
2010-12-09,United Kingdom,802,474,3.62
2010-12-09,United Kingdom,2182,1691,4.39
2010-12-09,United Kingdom,823,333,3.49
2010-12-09,United Kingdom,893,574,2.5
2010-12-09,United Kingdom,2342,1792,1.86
2010-12-09,United Kingdom,1578,810,1.73
2010-12-09,United Kingdom,1281,556,2.1
2010-12-09,United Kingdom,1634,1087,2.86
2010-12-09,United Kingdom,474,246,3.9
2010-12-09,United Kingdom,1632,949,2.32
2010-12-09,United Kingdom,2869,1423,2.29
2010-12-09,United Kingdom,1337,892,2.97
2010-12-09,United Kingdom,1105,443,1.06
2010-12-09,United Kingdom,634,447,1.63
2010-12-09,United Kingdom,1736,1127,2.22
2010-12-09,United Kingdom,2495,1567,1.7
2010-12-09,United Kingdom,1604,1097,1.9
2010-12-09,United Kingdom,1643,1302,2.96
2010-12-09,United Kingdom,432,190,3.91
2010-12-09,United Kingdom,1867,1060,3.81
2010-12-09,United Kingdom,100,79,3.37
2010-12-09,United Kingdom,1597,712,1.37
2010-12-09,Germany,2110,1554,1.67
2010-12-09,United Kingdom,1238,840,1.81
2010-12-09,United Kingdom,1672,1283,1.81
2010-12-09,United Kingdom,2143,1441,2.89
2010-12-09,United Kingdom,550,242,3.1
2010-12-09,United Kingdom,1927,918,2.9
2010-12-09,United Kingdom,2376,1453,1.05
2010-12-09,United Kingdom,2989,2045,1.84
2010-12-09,United Kingdom,1222,839,2.54
2010-12-09,United Kingdom,1603,985,1.45
2010-12-09,United Kingdom,792,410,2.18
2010-12-09,United Kingdom,2418,1061,3.65
2010-12-09,United Kingdom,1503,1181,1.43
2010-12-09,United Kingdom,1091,745,2.66
2010-12-09,United Kingdom,1183,605,2.74
2010-12-09,United Kingdom,1396,835,1.74
2010-12-09,United Kingdom,2825,2101,1.59
2010-12-09,United Kingdom,500,220,2.03
2010-12-09,United Kingdom,1505,873,2.47
2010-12-09,United Kingdom,904,403,1.76
2010-12-09,United Kingdom,2397,1110,1.21
2010-12-09,United Kingdom,1479,856,3.68
2010-12-09,United Kingdom,953,507,3.79
2010-12-09,United Kingdom,2990,1526,3.46
2010-12-09,United Kingdom,1127,786,1.59
2010-12-09,United Kingdom,1712,1122,2.31
2010-12-09,United Kingdom,2810,2177,3.03
2010-12-09,United Kingdom,1699,735,2.88
2010-12-09,United Kingdom,2761,1601,3.4
2010-12-09,United Kingdom,1791,811,3.68
2010-12-09,United Kingdom,2211,1014,4.47
2010-12-09,United Kingdom,2304,1058,1.41
2010-12-09,United Kingdom,684,420,2.61
2010-12-10,United Kingdom,100,72,4.37
2010-12-10,United Kingdom,1149,882,3.94
2010-12-10,Germany,1510,1057,2.73
2010-12-10,Germany,459,189,3.42
2010-12-10,United Kingdom,1882,938,2.15
2010-12-10,United Kingdom,443,182,3.42
2010-12-10,United Kingdom,1451,1124,2.72
2010-12-10,United Kingdom,1265,967,2.62
2010-12-10,United Kingdom,2155,1217,2.94
2010-12-10,United Kingdom,989,713,2.55
2010-12-10,United Kingdom,2949,2333,1.5
2010-12-10,United Kingdom,1870,1149,1.94
2010-12-10,United Kingdom,598,456,3.13
2010-12-10,United Kingdom,815,552,4.36
2010-12-10,United Kingdom,2959,1745,2.21
2010-12-10,United Kingdom,823,457,3.11
2010-12-10,United Kingdom,1536,1216,1.25
2010-12-10,United Kingdom,1290,956,2.94
2010-12-10,United Kingdom,1025,574,3.77
2010-12-10,United Kingdom,2964,2293,1.44
2010-12-10,United Kingdom,1729,1222,3.64
2010-12-10,France,2219,1311,3.49
2010-12-10,United Kingdom,1163,654,2.89
2010-12-10,United Kingdom,1350,1014,4.03
2010-12-10,United Kingdom,1280,785,1.83
2010-12-10,United Kingdom,1674,926,2.89
2010-12-10,United Kingdom,2345,1551,3.81
2010-12-10,United Kingdom,1077,726,2.56
2010-12-10,United Kingdom,228,94,2.42
2010-12-10,United Kingdom,1767,739,3.02
2010-12-10,United Kingdom,766,406,1.21
2010-12-10,United Kingdom,2401,1752,3.96
2010-12-10,United Kingdom,984,523,2.46
2010-12-10,United Kingdom,1062,744,3.28
2010-12-10,United Kingdom,1063,545,1.57
2010-12-10,United Kingdom,2980,1268,1.7
2010-12-10,United Kingdom,1707,701,1.96
2010-12-10,United Kingdom,1296,573,4.04
2010-12-10,United Kingdom,889,511,1.87
2010-12-10,United Kingdom,1438,874,1.9
2010-12-10,United Kingdom,1044,685,1.29
2010-12-10,United Kingdom,3144,1997,4.1
2010-12-10,United Kingdom,1592,1038,1.22
2010-12-10,United Kingdom,2987,2002,3.28
2010-12-10,EIRE,535,339,3.14
2010-12-10,United Kingdom,3710,2854,2.0
2010-12-10,United Kingdom,1181,908,1.86
2010-12-10,United Kingdom,1547,713,1.62
2010-12-10,United Kingdom,1161,480,3.54
2010-12-10,United Kingdom,567,252,1.34
2010-12-10,United Kingdom,2738,1670,3.67
2010-12-10,United Kingdom,2018,934,3.9
2010-12-10,United Kingdom,2076,1350,1.58
2010-12-10,United Kingdom,2498,1627,4.01
2010-12-10,United Kingdom,1642,1287,4.22
2010-12-10,United Kingdom,1746,1012,3.47
2010-12-10,United Kingdom,2548,1450,2.29
2010-12-10,United Kingdom,2229,1672,1.72
2010-12-10,Portugal,2022,927,2.34
2010-12-10,United Kingdom,696,555,4.02
2010-12-10,United Kingdom,1200,662,3.9
2010-12-10,United Kingdom,1537,1107,2.48
2010-12-10,United Kingdom,2383,1189,1.7
2010-12-10,United Kingdom,1425,938,1.23
2010-12-10,United Kingdom,1588,651,2.51
2010-12-10,United Kingdom,2036,1380,3.74
2010-12-10,United Kingdom,1288,620,4.44
2010-12-10,United Kingdom,543,238,2.66
2010-12-10,United Kingdom,1472,969,1.03
2010-12-10,United Kingdom,2296,1156,3.89
2010-12-10,United Kingdom,524,240,1.05
2010-12-10,United Kingdom,1244,984,1.09
2010-12-10,United Kingdom,1757,961,3.5
2010-12-10,United Kingdom,630,336,3.7
2010-12-10,United Kingdom,1032,725,3.86
2010-12-10,United Kingdom,2377,1660,2.19
2010-12-10,United Kingdom,100,66,1.12
2010-12-10,United Kingdom,1323,796,1.86
2010-12-10,United Kingdom,974,773,1.42
2010-12-10,United Kingdom,2206,1519,2.5
2010-12-10,United Kingdom,1835,942,3.77
2010-12-10,United Kingdom,109,86,1.38
2010-12-10,United Kingdom,3000,1672,1.7
2010-12-10,United Kingdom,780,451,2.2
2010-12-10,United Kingdom,2222,1599,2.37
2010-12-12,United Kingdom,2221,1521,2.48
2010-12-12,United Kingdom,627,324,2.13
2010-12-12,United Kingdom,867,506,4.24
2010-12-12,United Kingdom,2229,1016,2.68
2010-12-12,United Kingdom,1650,1290,1.89
2010-12-12,United Kingdom,2688,1993,4.15
2010-12-12,United Kingdom,1783,944,2.53
2010-12-12,United Kingdom,1270,851,2.96
2010-12-12,United Kingdom,100,57,3.72
2010-12-12,United Kingdom,2766,1774,1.73
2010-12-12,United Kingdom,2775,1932,3.33
2010-12-12,United Kingdom,1009,540,2.65
2010-12-12,United Kingdom,1660,749,4.11
2010-12-12,United Kingdom,791,341,1.74
2010-12-12,Japan,2799,1759,1.67
2010-12-12,United Kingdom,1820,1206,2.02
2010-12-12,United Kingdom,2656,1077,3.56
2010-12-12,United Kingdom,1958,890,3.24
2010-12-12,United Kingdom,2378,1894,4.09
2010-12-12,United Kingdom,2378,1660,1.0
2010-12-12,United Kingdom,190,151,4.32
2010-12-12,United Kingdom,1964,865,2.08
2010-12-12,United Kingdom,705,525,2.74
2010-12-12,United Kingdom,2904,1935,3.79
2010-12-12,United Kingdom,2652,1568,3.54
2010-12-12,United Kingdom,1183,904,3.34
2010-12-12,United Kingdom,2057,844,2.89
2010-12-12,United Kingdom,307,153,4.11
2010-12-12,United Kingdom,1758,1212,3.81
2010-12-12,United Kingdom,1427,714,2.94
2010-12-12,United Kingdom,2416,1341,2.91
2010-12-12,United Kingdom,2351,1798,1.44
2010-12-12,United Kingdom,3913,2018,1.36
2010-12-12,United Kingdom,633,489,3.13
2010-12-12,United Kingdom,2288,1349,2.31
2010-12-12,United Kingdom,1668,855,3.73
2010-12-12,United Kingdom,100,79,3.13
2010-12-12,United Kingdom,2034,1243,3.02
2010-12-12,United Kingdom,2336,1693,4.38
2010-12-12,United Kingdom,2450,1659,1.24
2010-12-12,United Kingdom,1336,981,4.21
2010-12-12,United Kingdom,959,708,2.52
2010-12-12,United Kingdom,1555,912,3.07
2010-12-12,United Kingdom,1974,1103,1.98
2010-12-12,United Kingdom,1273,773,3.97
2010-12-12,United Kingdom,1553,1130,3.0
2010-12-12,United Kingdom,357,266,1.76
2010-12-12,United Kingdom,117,60,1.24
2010-12-13,United Kingdom,795,422,1.62
2010-12-13,United Kingdom,1009,763,3.95
2010-12-13,United Kingdom,2466,1919,1.18
2010-12-13,United Kingdom,1003,700,3.75
2010-12-13,Spain,808,633,1.93
2010-12-13,United Kingdom,1361,1085,4.19
2010-12-13,United Kingdom,1112,588,4.13
2010-12-13,United Kingdom,100,74,1.55
2010-12-13,United Kingdom,1529,1222,3.69
2010-12-13,United Kingdom,1558,1075,2.02
2010-12-13,United Kingdom,2471,998,2.3
2010-12-13,United Kingdom,1208,643,1.73
2010-12-13,United Kingdom,679,292,3.44
2010-12-13,United Kingdom,1718,1046,4.02
2010-12-13,United Kingdom,2288,944,2.77
2010-12-13,United Kingdom,569,316,1.25
2010-12-13,United Kingdom,1828,1059,2.08
2010-12-13,United Kingdom,3590,1732,3.46
2010-12-13,United Kingdom,525,375,2.55
2010-12-13,United Kingdom,3640,1727,2.36
2010-12-13,United Kingdom,1922,1040,3.01
2010-12-13,United Kingdom,725,540,1.68
2010-12-13,United Kingdom,2478,1728,1.95
2010-12-13,United Kingdom,1200,880,3.77
2010-12-13,United Kingdom,1927,1033,2.38
2010-12-13,United Kingdom,897,394,1.56
2010-12-13,United Kingdom,660,405,4.35
2010-12-13,United Kingdom,2536,1953,1.39
2010-12-13,United Kingdom,2424,1191,4.35
2010-12-13,United Kingdom,2134,905,2.08
2010-12-13,United Kingdom,2665,1956,1.8
2010-12-13,United Kingdom,687,511,4.15
2010-12-13,United Kingdom,100,50,3.36
2010-12-13,United Kingdom,1935,970,4.18
2010-12-13,United Kingdom,2442,1664,1.6
2010-12-13,United Kingdom,3314,1420,4.01
2010-12-13,United Kingdom,1027,732,1.14
2010-12-13,United Kingdom,2373,1169,2.46
2010-12-13,United Kingdom,1098,440,1.9
2010-12-13,United Kingdom,1147,558,1.45
2010-12-13,United Kingdom,1911,781,1.89
2010-12-13,United Kingdom,1464,724,4.38
2010-12-13,United Kingdom,270,145,2.94
2010-12-13,United Kingdom,876,351,1.0
2010-12-13,Germany,772,542,4.18
2010-12-13,Germany,1239,844,3.37
2010-12-13,Germany,1936,1529,2.91
2010-12-13,United Kingdom,2618,1760,1.18
2010-12-13,United Kingdom,2409,1225,3.25
2010-12-13,United Kingdom,1572,704,2.37
2010-12-13,United Kingdom,1588,1011,3.82
2010-12-13,United Kingdom,2023,891,1.32
2010-12-13,United Kingdom,1245,803,4.04
2010-12-13,United Kingdom,2067,1232,1.55
2010-12-13,United Kingdom,2477,1878,3.68
2010-12-13,United Kingdom,2036,1416,1.28
2010-12-13,United Kingdom,349,191,1.94
2010-12-13,United Kingdom,733,542,4.21
2010-12-13,United Kingdom,2059,1211,2.03
2010-12-13,United Kingdom,1520,766,4.09
2010-12-13,United Kingdom,1570,655,2.26
2010-12-13,United Kingdom,2323,1584,1.08
2010-12-13,United Kingdom,944,613,3.11
2010-12-13,United Kingdom,3023,2171,1.55
2010-12-13,United Kingdom,2812,1296,3.55
2010-12-13,United Kingdom,2552,1036,3.47
2010-12-13,United Kingdom,2052,1007,1.43
2010-12-13,United Kingdom,1573,804,3.94
2010-12-13,United Kingdom,2185,908,1.99
2010-12-13,United Kingdom,853,609,4.28
2010-12-13,United Kingdom,1507,696,1.13
2010-12-13,United Kingdom,2471,1597,3.95
2010-12-13,United Kingdom,1877,1240,1.67
2010-12-13,United Kingdom,959,605,2.2
2010-12-13,United Kingdom,2561,1349,3.4
2010-12-13,United Kingdom,2857,1914,2.77
2010-12-13,United Kingdom,1729,1221,2.62
2010-12-13,United Kingdom,2932,1337,4.38
2010-12-14,United Kingdom,851,596,3.2
2010-12-14,United Kingdom,2627,1075,1.88
2010-12-14,United Kingdom,1618,877,1.74
2010-12-14,United Kingdom,1770,1228,3.36
2010-12-14,United Kingdom,1217,667,4.47
2010-12-14,United Kingdom,1186,547,2.06
2010-12-14,United Kingdom,1685,1183,3.18
2010-12-14,United Kingdom,387,192,2.05
2010-12-14,United Kingdom,744,416,2.69
2010-12-14,United Kingdom,276,126,2.54
2010-12-14,United Kingdom,1117,460,3.46
2010-12-14,United Kingdom,1804,1368,1.96
2010-12-14,United Kingdom,1956,1429,2.88
2010-12-14,United Kingdom,515,335,2.89
2010-12-14,United Kingdom,150,60,3.5
2010-12-14,United Kingdom,1802,1258,1.49
2010-12-14,United Kingdom,2358,1736,3.33
2010-12-14,United Kingdom,406,309,2.32
2010-12-14,United Kingdom,374,211,2.26
2010-12-14,United Kingdom,889,589,3.56
2010-12-14,United Kingdom,903,399,1.19
2010-12-14,United Kingdom,1487,885,2.0
2010-12-14,United Kingdom,1333,705,3.64
2010-12-14,United Kingdom,861,587,2.61
2010-12-14,United Kingdom,1058,831,3.31
2010-12-14,United Kingdom,1922,946,3.47
2010-12-14,United Kingdom,825,431,3.07
2010-12-14,United Kingdom,1113,461,1.19
2010-12-14,United Kingdom,1165,688,4.4
2010-12-14,United Kingdom,2528,1484,3.19
2010-12-14,United Kingdom,2070,831,3.12
2010-12-14,United Kingdom,765,356,2.92
2010-12-14,United Kingdom,361,258,1.68
2010-12-14,United Kingdom,1913,1423,3.86
2010-12-14,United Kingdom,1703,781,1.75
2010-12-14,Australia,672,336,1.8
2010-12-14,United Kingdom,2399,1807,1.53
2010-12-14,United Kingdom,1257,983,3.55
2010-12-14,United Kingdom,2193,1273,3.0
2010-12-14,United Kingdom,1192,661,3.97
2010-12-14,United Kingdom,919,593,1.96
2010-12-14,United Kingdom,1277,863,1.72
2010-12-14,United Kingdom,975,591,3.61
2010-12-14,United Kingdom,1260,831,2.88
2010-12-14,United Kingdom,1688,1235,2.86
2010-12-14,United Kingdom,1416,587,3.39
2010-12-14,United Kingdom,3074,2041,3.26
2010-12-14,United Kingdom,1883,885,4.02
2010-12-14,United Kingdom,924,544,3.55
2010-12-14,United Kingdom,2042,881,3.62
2010-12-14,United Kingdom,299,142,4.24
2010-12-14,United Kingdom,874,617,2.59
2010-12-14,United Kingdom,1733,1099,4.37
2010-12-14,United Kingdom,605,425,3.83
2010-12-14,United Kingdom,1341,583,2.1
2010-12-14,United Kingdom,3824,2977,2.63
2010-12-14,United Kingdom,2053,1091,1.33
2010-12-14,United Kingdom,316,133,1.35
2010-12-14,United Kingdom,795,321,2.54
2010-12-14,United Kingdom,3165,1800,2.39
2010-12-14,United Kingdom,2444,1601,1.56
2010-12-14,United Kingdom,100,45,3.9
2010-12-14,United Kingdom,1029,489,3.14
2010-12-14,United Kingdom,2755,1605,3.67
2010-12-14,United Kingdom,1938,1059,2.35
2010-12-14,United Kingdom,2151,1249,1.38
2010-12-14,United Kingdom,2095,1204,2.44
2010-12-14,United Kingdom,2762,1148,3.22
2010-12-14,United Kingdom,844,662,3.55
2010-12-14,United Kingdom,2118,1680,1.9
2010-12-14,United Kingdom,522,254,1.19
2010-12-14,United Kingdom,2297,1106,2.62
2010-12-14,Cyprus,2500,1586,3.63
2010-12-14,United Kingdom,373,251,2.01
2010-12-14,United Kingdom,949,427,4.29
2010-12-14,United Kingdom,1447,1010,3.06
2010-12-14,United Kingdom,2701,2090,3.34
2010-12-14,United Kingdom,2328,1762,4.0
2010-12-14,United Kingdom,2378,978,1.0
2010-12-14,United Kingdom,100,72,3.33
2010-12-14,United Kingdom,2180,1679,1.46
2010-12-14,United Kingdom,2300,1558,2.95
2010-12-14,United Kingdom,2247,1598,4.32
2010-12-14,United Kingdom,1007,637,3.11
2010-12-14,United Kingdom,1064,778,3.22
2010-12-14,United Kingdom,2662,1459,3.22
2010-12-14,Sweden,2487,1557,2.99
2010-12-14,Sweden,1241,602,3.0
2010-12-14,United Kingdom,919,685,1.95
2010-12-14,United Kingdom,2731,1892,4.11
2010-12-14,United Kingdom,992,540,2.9
2010-12-14,United Kingdom,1465,1059,4.27
2010-12-14,United Kingdom,222,128,3.8
2010-12-14,United Kingdom,1771,828,2.41
2010-12-14,United Kingdom,1595,1084,2.56
2010-12-14,United Kingdom,1032,692,2.96
2010-12-14,United Kingdom,732,535,2.42
2010-12-14,United Kingdom,2655,1767,2.66
2010-12-14,United Kingdom,1266,584,2.51
2010-12-14,United Kingdom,100,79,3.59
2010-12-14,United Kingdom,1027,535,3.77
2010-12-14,United Kingdom,100,58,3.42
2010-12-14,United Kingdom,1350,629,2.42
2010-12-14,United Kingdom,2034,1358,2.49
2010-12-14,United Kingdom,1465,959,1.2
2010-12-14,United Kingdom,100,48,3.91
2010-12-14,United Kingdom,1991,1530,1.25
2010-12-14,United Kingdom,1158,624,3.87
2010-12-14,United Kingdom,2065,983,4.37
2010-12-14,United Kingdom,100,65,1.99
2010-12-14,United Kingdom,240,175,1.49
2010-12-14,United Kingdom,714,532,1.54
2010-12-14,United Kingdom,1803,1223,1.82
2010-12-14,United Kingdom,1696,1267,2.32
2010-12-14,United Kingdom,1143,514,4.27
2010-12-14,United Kingdom,2634,1224,3.66
2010-12-14,United Kingdom,100,50,1.46
2010-12-14,United Kingdom,3083,1624,3.37
2010-12-14,United Kingdom,1716,907,2.08
2010-12-14,Portugal,1172,641,2.93
2010-12-14,United Kingdom,1554,743,4.3
2010-12-14,United Kingdom,1008,592,4.06
2010-12-14,United Kingdom,1914,1363,4.34
2010-12-14,United Kingdom,100,67,3.83
2010-12-14,Portugal,2321,1261,3.68
2010-12-14,United Kingdom,2551,1814,3.51
2010-12-14,United Kingdom,1621,984,1.54
2010-12-14,United Kingdom,1079,552,2.68
2010-12-15,United Kingdom,351,249,2.86
2010-12-15,United Kingdom,1514,1176,1.02
2010-12-15,United Kingdom,1139,837,2.95
2010-12-15,United Kingdom,1591,644,1.2
2010-12-15,United Kingdom,1520,1135,3.13
2010-12-15,United Kingdom,662,469,4.47
2010-12-15,United Kingdom,1086,447,1.96
2010-12-15,United Kingdom,1529,976,3.4
2010-12-15,United Kingdom,1732,897,2.19
2010-12-15,United Kingdom,535,214,2.18
2010-12-15,United Kingdom,2597,1657,3.58
2010-12-15,United Kingdom,1302,877,4.34
2010-12-15,United Kingdom,100,58,2.07
2010-12-15,United Kingdom,407,210,4.17
2010-12-15,United Kingdom,1571,1191,1.24
2010-12-15,United Kingdom,2090,1225,2.04
2010-12-15,United Kingdom,2269,1790,3.34
2010-12-15,United Kingdom,2641,1819,2.59
2010-12-15,United Kingdom,2342,1123,2.58
2010-12-15,United Kingdom,2347,1549,1.78
2010-12-15,United Kingdom,1295,599,3.47
2010-12-15,United Kingdom,1796,1145,3.07
2010-12-15,United Kingdom,1204,865,3.0
2010-12-15,United Kingdom,1910,1037,1.85
2010-12-15,Austria,2760,1412,4.39
2010-12-15,United Kingdom,1031,538,4.41
2010-12-15,United Kingdom,708,398,1.61
2010-12-15,United Kingdom,1947,1507,3.36
2010-12-15,United Kingdom,1341,750,1.69
2010-12-15,United Kingdom,1152,831,3.74
2010-12-15,United Kingdom,1890,976,2.41
2010-12-15,United Kingdom,2441,1877,1.7
2010-12-15,United Kingdom,2095,1434,1.68
2010-12-15,United Kingdom,1867,899,1.21
2010-12-15,United Kingdom,1279,522,3.48
2010-12-15,United Kingdom,1110,589,2.45
2010-12-15,United Kingdom,1757,1104,2.66
2010-12-15,United Kingdom,1325,674,3.42
2010-12-15,United Kingdom,1340,1070,2.71
2010-12-15,United Kingdom,1860,1108,2.75
2010-12-15,United Kingdom,210,142,2.48
2010-12-15,United Kingdom,308,185,1.97
2010-12-15,United Kingdom,2667,1454,3.97
2010-12-15,United Kingdom,1194,539,2.51
2010-12-15,United Kingdom,369,247,1.73
2010-12-15,United Kingdom,2426,1924,2.59
2010-12-15,United Kingdom,2007,859,3.87
2010-12-15,United Kingdom,296,142,1.65
2010-12-15,United Kingdom,2378,1337,1.67
2010-12-15,United Kingdom,1386,927,3.11
2010-12-15,United Kingdom,1471,665,4.31
2010-12-15,United Kingdom,313,133,3.72
2010-12-15,Germany,1967,1301,1.5
2010-12-15,United Kingdom,2415,1675,2.25
2010-12-15,United Kingdom,100,76,3.13
2010-12-15,United Kingdom,947,746,2.32
2010-12-15,United Kingdom,1971,1556,2.47
2010-12-15,United Kingdom,872,659,1.28
2010-12-15,United Kingdom,3061,2066,3.83
2010-12-15,United Kingdom,1662,989,3.61
2010-12-15,United Kingdom,1456,1023,1.06
2010-12-15,United Kingdom,1391,746,3.15
2010-12-15,United Kingdom,2189,1602,2.77
2010-12-15,United Kingdom,541,396,2.39
2010-12-15,United Kingdom,1362,689,3.8
2010-12-15,United Kingdom,1509,630,2.36
2010-12-15,United Kingdom,1370,871,2.78
2010-12-15,United Kingdom,1863,966,4.44
2010-12-15,United Kingdom,1157,750,3.44
2010-12-15,France,826,474,2.77
2010-12-15,United Kingdom,589,370,2.28
2010-12-15,United Kingdom,1512,789,1.28
2010-12-15,United Kingdom,1305,839,1.83
2010-12-15,United Kingdom,1463,704,3.99
2010-12-15,United Kingdom,2316,1642,4.01
2010-12-15,United Kingdom,2913,2057,3.98
2010-12-15,United Kingdom,900,620,4.47
2010-12-15,United Kingdom,2142,1097,4.29
2010-12-15,United Kingdom,416,216,2.69
2010-12-15,United Kingdom,327,213,1.64
2010-12-15,United Kingdom,1258,679,3.81
2010-12-15,United Kingdom,1477,1015,2.83
2010-12-15,United Kingdom,345,140,3.87
2010-12-15,United Kingdom,1393,1036,2.03
2010-12-15,United Kingdom,1760,1235,3.35
2010-12-15,United Kingdom,1475,958,1.42
2010-12-15,United Kingdom,1423,991,1.96
2010-12-15,United Kingdom,2059,1486,3.99
2010-12-15,United Kingdom,1341,605,3.44
2010-12-15,United Kingdom,1968,1094,1.62
2010-12-15,United Kingdom,156,94,3.88
2010-12-16,United Kingdom,3110,2086,2.52
2010-12-16,United Kingdom,202,108,2.72
2010-12-16,United Kingdom,2368,952,3.26
2010-12-16,United Kingdom,2927,1805,2.39
2010-12-16,United Kingdom,2083,1603,2.2
2010-12-16,United Kingdom,841,402,3.07
2010-12-16,United Kingdom,100,65,1.36
2010-12-16,United Kingdom,1839,1374,2.97
2010-12-16,United Kingdom,2223,1638,4.35
2010-12-16,United Kingdom,2066,1450,1.55
2010-12-16,United Kingdom,1531,724,4.19
2010-12-16,United Kingdom,1326,987,1.97
2010-12-16,United Kingdom,1309,565,3.47
2010-12-16,United Kingdom,2026,831,3.3
2010-12-16,United Kingdom,1203,863,2.95
2010-12-16,United Kingdom,1907,854,2.2
2010-12-16,United Kingdom,158,98,2.84
2010-12-16,United Kingdom,2827,1987,3.57
2010-12-16,United Kingdom,1739,1187,2.99
2010-12-16,United Kingdom,1007,616,4.16
2010-12-16,United Kingdom,1139,552,1.48
2010-12-16,Germany,1131,770,4.3
2010-12-16,United Kingdom,1983,1249,1.49
2010-12-16,United Kingdom,870,471,3.5
2010-12-16,United Kingdom,767,381,3.26
2010-12-16,United Kingdom,1053,470,2.77
2010-12-16,France,1934,1314,3.81
2010-12-16,United Kingdom,2458,1891,2.77
2010-12-16,United Kingdom,296,179,2.99
2010-12-16,United Kingdom,2326,1519,3.05
2010-12-16,United Kingdom,1094,510,2.6
2010-12-16,United Kingdom,1200,864,2.28
2010-12-16,United Kingdom,2357,1552,3.09
2010-12-16,United Kingdom,3184,2445,2.78
2010-12-16,United Kingdom,1229,561,4.16
2010-12-16,France,1894,1185,3.1
2010-12-16,United Kingdom,1521,1031,1.48
2010-12-16,United Kingdom,1164,904,3.92
2010-12-16,United Kingdom,2969,1631,1.54
2010-12-16,United Kingdom,985,687,1.9
2010-12-16,United Kingdom,224,178,4.25
2010-12-16,United Kingdom,1757,1378,2.26
2010-12-16,United Kingdom,1939,1212,4.0
2010-12-16,United Kingdom,1254,930,2.74
2010-12-16,United Kingdom,100,43,1.92
2010-12-16,United Kingdom,2196,1514,1.09
2010-12-16,United Kingdom,1263,554,3.44
2010-12-16,United Kingdom,2257,1612,3.78
2010-12-16,United Kingdom,1513,934,3.59
2010-12-16,United Kingdom,1610,1006,1.62
2010-12-16,United Kingdom,100,68,3.21
2010-12-16,United Kingdom,1661,736,2.8
2010-12-16,United Kingdom,2066,1535,4.35
2010-12-16,United Kingdom,2996,1288,3.85
2010-12-16,United Kingdom,2531,1095,2.71
2010-12-16,EIRE,1497,1087,4.19
2010-12-16,United Kingdom,1565,1145,4.01
2010-12-16,United Kingdom,1463,996,1.6
2010-12-16,United Kingdom,744,375,2.66
2010-12-16,United Kingdom,2679,1178,1.2
2010-12-16,United Kingdom,1694,1029,3.65
2010-12-16,United Kingdom,3098,2440,3.36
2010-12-16,United Kingdom,2380,1547,1.05
2010-12-16,United Kingdom,3008,2292,2.68
2010-12-16,United Kingdom,1719,833,3.83
2010-12-16,United Kingdom,1931,1410,1.95
2010-12-16,United Kingdom,1052,599,3.91
2010-12-16,United Kingdom,1744,962,1.56
2010-12-16,United Kingdom,1681,1331,4.22
2010-12-16,United Kingdom,1005,606,4.48
2010-12-16,United Kingdom,1296,994,1.38
2010-12-16,United Kingdom,2159,1018,2.51
2010-12-16,United Kingdom,3014,1939,2.83
2010-12-16,United Kingdom,711,456,2.26
2010-12-16,United Kingdom,971,409,3.06
2010-12-16,United Kingdom,1691,997,1.08
2010-12-16,United Kingdom,2540,1447,3.73
2010-12-16,United Kingdom,100,54,1.9
2010-12-16,United Kingdom,2707,1493,4.18
2010-12-16,United Kingdom,401,272,2.13
2010-12-16,United Kingdom,409,184,3.49
2010-12-16,United Kingdom,1505,1198,1.65
2010-12-16,United Kingdom,913,374,1.85
2010-12-16,United Kingdom,1776,1259,3.13
2010-12-16,United Kingdom,1156,500,4.15
2010-12-16,United Kingdom,3497,2227,3.76
2010-12-16,United Kingdom,1328,570,3.65
2010-12-16,United Kingdom,1753,851,2.88
2010-12-16,United Kingdom,2993,1247,1.45
2010-12-16,United Kingdom,2019,1441,4.35
2010-12-16,United Kingdom,2148,1046,3.21
2010-12-16,United Kingdom,2204,991,1.19
2010-12-16,United Kingdom,1045,679,3.0
2010-12-16,United Kingdom,2713,1298,4.0
2010-12-16,United Kingdom,1069,682,2.83
2010-12-16,United Kingdom,2696,1852,3.63
2010-12-16,United Kingdom,807,631,4.13
2010-12-16,United Kingdom,3067,2122,1.72
2010-12-16,United Kingdom,906,656,3.45
2010-12-16,United Kingdom,2306,1259,1.64
2010-12-16,United Kingdom,360,159,2.43
2010-12-16,United Kingdom,2552,2024,1.55
2010-12-16,United Kingdom,1028,414,1.09
2010-12-16,United Kingdom,1993,1398,2.71
2010-12-16,United Kingdom,100,44,3.85
2010-12-16,United Kingdom,625,329,1.52
2010-12-16,United Kingdom,2187,1700,3.53
2010-12-16,United Kingdom,2083,1456,1.51
2010-12-16,United Kingdom,955,510,3.48
2010-12-16,United Kingdom,875,467,3.03
2010-12-16,United Kingdom,1479,808,3.62
2010-12-16,United Kingdom,978,453,3.55
2010-12-16,United Kingdom,2104,859,3.42
2010-12-16,United Kingdom,675,287,3.39
2010-12-16,United Kingdom,2820,2230,2.89
2010-12-16,United Kingdom,1603,1252,3.54
2010-12-16,United Kingdom,3416,1732,1.88
2010-12-16,United Kingdom,594,331,3.67
2010-12-16,United Kingdom,502,373,3.19
2010-12-16,United Kingdom,285,133,3.03
2010-12-16,United Kingdom,1280,572,4.13
2010-12-16,United Kingdom,772,381,4.14
2010-12-16,United Kingdom,2390,1055,2.27
2010-12-16,United Kingdom,2225,1417,2.69
2010-12-16,United Kingdom,1424,856,3.83
2010-12-16,United Kingdom,1081,658,2.68
2010-12-16,United Kingdom,2276,1051,3.48
2010-12-16,Finland,1191,766,3.39
2010-12-16,United Kingdom,720,347,1.24
2010-12-16,EIRE,1307,530,4.14
2010-12-16,United Kingdom,864,416,1.93
2010-12-16,United Kingdom,2145,1661,2.46
2010-12-16,United Kingdom,439,272,4.29
2010-12-16,United Kingdom,2112,1489,1.72
2010-12-17,United Kingdom,1006,426,1.37
2010-12-17,United Kingdom,1209,599,3.84
2010-12-17,Germany,630,316,2.9
2010-12-17,United Kingdom,775,434,3.22
2010-12-17,Austria,1774,1180,2.65
2010-12-17,United Kingdom,3137,2110,2.76
2010-12-17,United Kingdom,1256,641,4.43
2010-12-17,United Kingdom,1743,1063,2.99
2010-12-17,United Kingdom,2111,1099,2.57
2010-12-17,United Kingdom,1597,1103,1.58
2010-12-17,United Kingdom,2597,2075,2.04
2010-12-17,EIRE,1917,1291,1.02
2010-12-17,Sweden,1060,827,4.48
2010-12-17,Spain,2566,1182,2.82
2010-12-17,Portugal,1307,967,3.06
2010-12-17,United Kingdom,1133,492,1.33
2010-12-17,United Kingdom,2157,1618,4.05
2010-12-17,Belgium,746,319,3.01
2010-12-17,Germany,618,466,2.47
2010-12-17,Germany,1406,697,1.13
2010-12-17,United Kingdom,269,203,1.12
2010-12-17,Germany,2307,1716,2.63
2010-12-17,United Kingdom,1018,642,4.34
2010-12-17,Germany,914,421,1.28
2010-12-17,United Kingdom,1623,723,3.57
2010-12-17,Germany,1804,1411,3.34
2010-12-17,United Kingdom,2618,1832,1.11
2010-12-17,France,1917,800,1.7
2010-12-17,Germany,2093,1215,3.77
2010-12-17,Germany,1878,850,1.9
2010-12-17,United Kingdom,156,116,2.05
2010-12-17,United Kingdom,1207,709,3.12
2010-12-17,United Kingdom,2913,2191,4.07
2010-12-17,United Kingdom,1292,595,1.42
2010-12-17,United Kingdom,959,599,1.86
2010-12-17,United Kingdom,1281,990,2.7
2010-12-17,United Kingdom,1625,933,2.83
2010-12-17,United Kingdom,1454,960,1.25
2010-12-17,United Kingdom,2039,1616,3.43
2010-12-17,Australia,1776,889,2.8
2010-12-17,United Kingdom,771,518,3.61
2010-12-17,EIRE,2626,2052,1.52
2010-12-17,United Kingdom,2652,1805,4.41
2010-12-17,United Kingdom,446,208,3.17
2010-12-17,United Kingdom,1198,628,2.54
2010-12-17,France,1622,1198,2.8
2010-12-17,United Kingdom,2288,1131,2.09
2010-12-17,United Kingdom,2191,1204,3.02
2010-12-17,United Kingdom,2546,1907,2.71
2010-12-17,United Kingdom,2291,1811,1.15
2010-12-17,United Kingdom,1712,1359,1.54
2010-12-17,United Kingdom,1292,991,4.02
2010-12-17,United Kingdom,1985,1528,2.43
2010-12-17,United Kingdom,1679,741,1.37
2010-12-17,United Kingdom,100,58,1.82
2010-12-17,Germany,1149,904,3.96
2010-12-17,Belgium,1715,910,3.63
2010-12-17,United Kingdom,1680,1028,3.48
2010-12-17,United Kingdom,100,50,1.81
2010-12-17,United Kingdom,100,74,1.19
2010-12-17,United Kingdom,1646,803,3.93
2010-12-17,United Kingdom,1578,752,3.3
2010-12-17,United Kingdom,369,237,4.15
2010-12-17,United Kingdom,136,90,3.06
2010-12-17,United Kingdom,211,151,2.06
2010-12-17,United Kingdom,2142,1409,1.48
2010-12-17,United Kingdom,100,66,1.6
2010-12-17,United Kingdom,2675,1490,3.69
2010-12-17,United Kingdom,1030,414,3.65
2010-12-17,United Kingdom,593,305,3.5
2010-12-19,United Kingdom,2229,1097,1.33
2010-12-19,United Kingdom,1095,588,3.85
2010-12-19,United Kingdom,936,392,2.65
2010-12-19,United Kingdom,1450,618,3.84
2010-12-19,Germany,744,321,2.87
2010-12-19,United Kingdom,2249,1085,2.77
2010-12-19,United Kingdom,100,45,2.99
2010-12-19,United Kingdom,2995,1732,3.89
2010-12-19,United Kingdom,3488,2667,3.25
2010-12-19,United Kingdom,2169,892,2.9
2010-12-19,United Kingdom,1547,989,1.85
2010-12-19,EIRE,800,413,4.31
2010-12-19,United Kingdom,1190,783,3.79
2010-12-19,United Kingdom,100,48,1.91
2010-12-19,United Kingdom,1343,614,1.97
2010-12-19,United Kingdom,2288,1664,1.73
2010-12-19,United Kingdom,1116,805,3.47
2010-12-19,United Kingdom,1520,1091,4.12
2010-12-19,United Kingdom,368,272,3.08
2010-12-19,United Kingdom,1533,709,1.57
2010-12-19,United Kingdom,1218,505,3.34
2010-12-19,United Kingdom,2710,1911,1.84
2010-12-19,United Kingdom,1379,675,2.75
2010-12-19,United Kingdom,987,509,2.87
2010-12-20,United Kingdom,2754,1581,3.7
2010-12-20,United Kingdom,2672,1089,2.33
2010-12-20,Switzerland,1552,910,3.74
2010-12-20,United Kingdom,1280,652,1.65
2010-12-20,United Kingdom,2226,1130,3.47
2010-12-20,Netherlands,1397,674,1.34
2010-12-20,United Kingdom,101,72,2.97
2010-12-20,United Kingdom,482,372,3.5
2010-12-20,United Kingdom,1390,652,1.65
2010-12-20,United Kingdom,1109,566,1.74
2010-12-20,United Kingdom,1935,1443,4.24
2010-12-20,United Kingdom,1304,613,4.05
2010-12-20,United Kingdom,496,263,4.32
2010-12-20,United Kingdom,2813,1379,2.29
2010-12-20,Bahrain,2019,1285,2.64
2010-12-20,United Kingdom,2118,1101,1.91
2010-12-20,United Kingdom,2460,1249,2.38
2010-12-20,France,2770,1653,3.12
2010-12-20,United Kingdom,2138,946,3.07
2010-12-20,United Kingdom,1888,1157,3.69
2010-12-20,United Kingdom,2482,1688,2.07
2010-12-20,United Kingdom,100,45,1.33
2010-12-20,United Kingdom,1404,955,4.02
2010-12-20,United Kingdom,1901,1376,2.71
2010-12-20,United Kingdom,1016,504,3.3
2010-12-20,United Kingdom,1148,488,1.06
2010-12-20,United Kingdom,2396,1800,2.46
2010-12-20,United Kingdom,1399,937,1.01
2010-12-20,United Kingdom,1632,1262,1.89
2010-12-20,EIRE,1909,1313,3.68
2010-12-20,United Kingdom,997,723,2.12
2010-12-20,United Kingdom,1608,1142,1.11
2010-12-20,United Kingdom,2323,1461,1.75
2010-12-20,United Kingdom,779,458,3.02
2010-12-20,United Kingdom,678,271,2.39
2010-12-20,United Kingdom,566,297,3.87
2010-12-20,United Kingdom,1969,1515,3.12
2010-12-20,United Kingdom,692,487,2.67
2010-12-20,United Kingdom,100,69,2.09
2010-12-20,United Kingdom,896,383,2.71
2010-12-20,United Kingdom,2270,1323,3.8
2010-12-20,United Kingdom,1020,748,2.11
2010-12-20,United Kingdom,1143,593,3.27
2010-12-20,United Kingdom,1125,894,3.58
2010-12-20,United Kingdom,1152,723,1.3
2010-12-20,United Kingdom,2862,1472,1.1
2010-12-20,United Kingdom,1905,1310,2.23
2010-12-20,United Kingdom,1499,671,3.46
2010-12-20,United Kingdom,2847,1741,3.1
2010-12-20,United Kingdom,988,621,3.03
2010-12-20,United Kingdom,3081,1404,1.82
2010-12-20,EIRE,1482,896,1.85
2010-12-20,United Kingdom,2045,889,4.44
2010-12-20,United Kingdom,823,623,3.82
2010-12-20,United Kingdom,2787,1973,2.41
2010-12-20,France,1917,1441,3.66
2010-12-20,United Kingdom,1892,925,4.36
2010-12-20,United Kingdom,1829,882,3.69
2010-12-20,United Kingdom,100,76,4.07
2010-12-20,United Kingdom,2434,1536,4.36
2010-12-20,United Kingdom,1566,1154,4.43
2010-12-20,United Kingdom,1957,904,1.97
2010-12-20,United Kingdom,527,306,3.49
2010-12-20,United Kingdom,2015,1094,2.63
2010-12-20,United Kingdom,2431,1017,3.03
2010-12-20,United Kingdom,2949,1669,1.42
2010-12-20,United Kingdom,832,420,1.72
2010-12-20,Germany,1089,454,2.0
2010-12-20,United Kingdom,2911,1265,3.54
2010-12-20,United Kingdom,1788,1379,3.74
2010-12-20,United Kingdom,810,324,2.24
2010-12-20,United Kingdom,1239,939,2.1
2010-12-20,United Kingdom,1651,1081,3.52
2010-12-20,United Kingdom,500,227,1.04
2010-12-20,United Kingdom,277,220,2.76
2010-12-20,Germany,100,64,3.01
2010-12-20,United Kingdom,2981,1754,3.69
2010-12-20,United Kingdom,1513,1082,1.6
2010-12-20,United Kingdom,1440,646,2.04
2010-12-20,United Kingdom,2376,1147,3.43
2010-12-20,United Kingdom,740,409,4.05
2010-12-20,United Kingdom,868,588,4.28
2010-12-20,United Kingdom,625,290,3.41
2010-12-20,United Kingdom,2959,1407,1.11
2010-12-20,United Kingdom,430,295,2.14
2010-12-20,United Kingdom,735,411,1.74
2010-12-20,United Kingdom,1595,1155,1.36
2010-12-21,United Kingdom,826,385,2.19
2010-12-21,United Kingdom,3892,2049,3.87
2010-12-21,United Kingdom,396,234,1.15
2010-12-21,United Kingdom,1560,900,4.09
2010-12-21,United Kingdom,902,593,1.46
2010-12-21,United Kingdom,100,72,3.2
2010-12-21,United Kingdom,2175,1431,1.64
2010-12-21,United Kingdom,2102,1301,3.43
2010-12-21,United Kingdom,1170,909,1.45
2010-12-21,United Kingdom,1416,1132,2.26
2010-12-21,United Kingdom,1187,910,3.42
2010-12-21,Belgium,1530,974,1.75
2010-12-21,France,2170,932,1.46
2010-12-21,United Kingdom,278,203,1.07
2010-12-21,United Kingdom,1527,869,3.99
2010-12-21,United Kingdom,1500,1053,2.96
2010-12-21,United Kingdom,667,297,1.17
2010-12-21,United Kingdom,2135,1198,4.28
2010-12-21,United Kingdom,1340,899,3.98
2010-12-21,United Kingdom,1784,953,1.81
2010-12-21,United Kingdom,2272,1477,3.37
2010-12-21,United Kingdom,1033,567,1.68
2010-12-21,United Kingdom,2927,1942,3.38
2010-12-21,United Kingdom,520,214,1.31
2010-12-21,United Kingdom,2271,1407,1.38
2010-12-21,United Kingdom,535,308,2.32
2010-12-21,United Kingdom,1687,1257,1.87
2010-12-21,United Kingdom,426,257,3.33
2010-12-21,EIRE,133,82,1.38
2010-12-21,United Kingdom,1656,1020,1.78
2010-12-21,United Kingdom,1998,1106,3.01
2010-12-21,United Kingdom,1918,1193,1.63
2010-12-21,United Kingdom,927,402,3.51
2010-12-21,France,699,412,3.94
2010-12-21,United Kingdom,1622,1224,1.23
2010-12-21,United Kingdom,3458,2446,3.59
2010-12-21,United Kingdom,324,144,1.15
2010-12-21,Netherlands,4404,2357,3.0
2010-12-21,United Kingdom,895,648,3.1
2010-12-21,United Kingdom,229,128,3.64
2010-12-21,United Kingdom,1953,1086,1.99
2010-12-21,United Kingdom,2508,1985,2.97
2010-12-21,United Kingdom,2965,2146,3.69
2010-12-21,United Kingdom,2154,1555,3.49
2010-12-21,United Kingdom,989,609,2.1
2010-12-21,United Kingdom,950,584,4.41
2010-12-21,United Kingdom,1962,1287,2.57
2010-12-21,United Kingdom,455,350,1.66
2010-12-21,United Kingdom,1412,949,3.62
2010-12-21,United Kingdom,1357,892,3.73
2010-12-21,United Kingdom,547,370,1.3
2010-12-21,Italy,161,90,2.98
2010-12-21,United Kingdom,2481,1788,2.57
2010-12-21,United Kingdom,100,50,3.47
2010-12-21,United Kingdom,1624,698,2.28
2010-12-21,United Kingdom,1488,1089,1.01
2010-12-21,United Kingdom,1833,1123,2.08
2010-12-21,United Kingdom,1435,1107,3.85
2010-12-21,United Kingdom,1495,823,2.69
2010-12-22,United Kingdom,100,58,2.38
2010-12-22,United Kingdom,100,42,1.5
2010-12-22,United Kingdom,1497,645,3.26
2010-12-22,United Kingdom,1121,782,3.15
2010-12-22,United Kingdom,1263,800,3.19
2010-12-22,United Kingdom,2029,1565,1.14
2010-12-22,United Kingdom,1826,962,4.06
2010-12-22,France,1338,671,4.2
2010-12-22,United Kingdom,100,46,4.4
2010-12-22,United Kingdom,1381,943,2.4
2010-12-22,United Kingdom,414,196,2.98
2010-12-22,United Kingdom,755,422,2.67
2010-12-22,United Kingdom,1993,1076,4.38
2010-12-22,United Kingdom,3072,2331,3.6
2010-12-22,United Kingdom,1939,942,4.39
2010-12-22,United Kingdom,2084,1316,1.65
2010-12-22,Belgium,2788,1457,4.18
2010-12-22,United Kingdom,1040,458,4.2
2010-12-22,United Kingdom,469,353,3.94
2010-12-22,United Kingdom,2557,1430,1.89
2010-12-22,United Kingdom,1370,602,1.01
2010-12-23,United Kingdom,3028,2390,3.97
2010-12-23,United Kingdom,294,127,3.39
2010-12-23,Germany,954,707,4.24
2010-12-23,United Kingdom,1200,798,4.02
2010-12-23,United Kingdom,1130,769,1.79
2010-12-23,United Kingdom,1865,1070,2.62
2010-12-23,United Kingdom,684,492,3.7
2010-12-23,United Kingdom,816,445,2.41
2010-12-23,United Kingdom,2240,1311,3.56
2010-12-23,United Kingdom,201,136,2.08
2010-12-23,Germany,1984,903,4.13
2010-12-23,United Kingdom,2152,1533,2.54
2010-12-23,EIRE,2869,1986,3.73
2010-12-23,United Kingdom,970,498,4.05
2010-12-23,United Kingdom,1991,1485,3.58
2010-12-23,United Kingdom,2149,1377,2.76
2010-12-23,United Kingdom,755,563,3.02
2010-12-23,United Kingdom,244,99,1.43
2010-12-23,United Kingdom,1844,1174,2.37
2010-12-23,United Kingdom,1560,1213,3.79
2010-12-23,United Kingdom,2050,1250,1.22
2010-12-23,Germany,1606,702,3.98
2010-12-23,United Kingdom,812,540,3.85
2010-12-23,United Kingdom,815,439,2.64
2010-12-23,United Kingdom,372,257,1.56
2010-12-23,United Kingdom,2959,1778,2.36
2010-12-23,United Kingdom,2180,1164,1.4
2010-12-23,United Kingdom,2438,1072,1.92
2010-12-23,United Kingdom,2152,1256,1.36
2010-12-23,EIRE,1626,951,3.37
2010-12-23,United Kingdom,1114,790,3.92
2010-12-23,United Kingdom,624,317,4.41
2010-12-23,United Kingdom,2370,1747,1.05
2010-12-23,United Kingdom,1422,1101,2.12
2010-12-23,United Kingdom,1638,708,3.42
2010-12-23,United Kingdom,1357,736,4.41
2010-12-23,United Kingdom,2364,1158,4.09
2010-12-23,United Kingdom,1938,1276,3.21
2011-01-04,United Kingdom,2684,1129,3.74
2011-01-04,United Kingdom,2843,1443,2.86
2011-01-04,United Kingdom,2407,1163,3.83
2011-01-04,United Kingdom,2850,1535,1.21
2011-01-04,United Kingdom,128,72,1.16
2011-01-04,United Kingdom,264,206,1.87
2011-01-04,United Kingdom,1244,623,4.18
2011-01-04,United Kingdom,996,665,1.43
2011-01-04,United Kingdom,2205,1290,3.3
2011-01-04,United Kingdom,2047,1268,4.41
2011-01-04,United Kingdom,1979,1294,1.03
2011-01-04,United Kingdom,100,64,4.49
2011-01-04,United Kingdom,1923,1360,3.79
2011-01-04,United Kingdom,1173,863,1.91
2011-01-04,United Kingdom,1285,841,4.07
2011-01-04,United Kingdom,2139,941,3.28
2011-01-04,United Kingdom,2940,2330,1.44
2011-01-04,United Kingdom,2535,1232,2.51
2011-01-04,United Kingdom,1549,692,2.66
2011-01-04,United Kingdom,1628,834,2.93
2011-01-04,United Kingdom,1961,1022,1.91
2011-01-04,United Kingdom,1430,1006,4.41
2011-01-04,United Kingdom,1054,556,3.1
2011-01-04,United Kingdom,1780,1150,1.93
2011-01-04,United Kingdom,1339,581,1.31
2011-01-04,United Kingdom,464,252,2.69
2011-01-04,United Kingdom,2291,1617,3.3
2011-01-04,United Kingdom,1359,899,1.88
2011-01-04,United Kingdom,1157,572,1.01
2011-01-04,United Kingdom,2238,1105,3.61
2011-01-04,United Kingdom,100,58,3.43
2011-01-04,United Kingdom,1642,1190,1.45
2011-01-04,United Kingdom,1560,1037,2.07
2011-01-04,United Kingdom,1408,639,4.13
2011-01-04,Sweden,1124,496,2.36
2011-01-04,United Kingdom,2466,1833,2.84
2011-01-04,Sweden,1364,617,2.74
2011-01-04,United Kingdom,2245,1311,3.41
2011-01-04,United Kingdom,1187,812,2.47
2011-01-04,United Kingdom,2494,1496,1.09
2011-01-04,United Kingdom,2209,1402,1.32
2011-01-04,United Kingdom,1329,728,1.41
2011-01-04,United Kingdom,694,519,2.34
2011-01-04,United Kingdom,102,66,1.07
2011-01-04,United Kingdom,726,291,3.48
2011-01-04,United Kingdom,561,281,2.64
2011-01-04,United Kingdom,1659,1235,1.06
2011-01-04,United Kingdom,1969,1549,1.85
2011-01-04,United Kingdom,1962,1261,3.0
2011-01-04,United Kingdom,1709,824,1.05
2011-01-05,United Kingdom,2389,1017,1.85
2011-01-05,United Kingdom,2174,1563,3.21
2011-01-05,United Kingdom,1276,657,3.4
2011-01-05,United Kingdom,575,417,3.61
2011-01-05,United Kingdom,2871,1807,1.23
2011-01-05,United Kingdom,1038,588,3.62
2011-01-05,United Kingdom,1297,825,2.44
2011-01-05,United Kingdom,2754,2049,3.63
2011-01-05,United Kingdom,1350,668,4.0
2011-01-05,United Kingdom,1906,1126,2.55
2011-01-05,United Kingdom,1330,765,3.26
2011-01-05,United Kingdom,1561,708,2.09
2011-01-05,Italy,999,721,1.52
2011-01-05,Portugal,1180,687,1.78
2011-01-05,United Kingdom,832,642,2.94
2011-01-05,United Kingdom,1728,1170,4.39
2011-01-05,United Kingdom,230,129,2.44
2011-01-05,United Kingdom,2529,1478,2.23
2011-01-05,France,1896,798,2.85
2011-01-05,Belgium,1279,802,2.97
2011-01-05,United Kingdom,2639,1397,1.93
2011-01-05,United Kingdom,2263,1347,3.03
2011-01-05,Bahrain,1658,1124,3.44
2011-01-05,France,2191,1392,2.95
2011-01-05,United Kingdom,1147,856,1.58
2011-01-05,Germany,868,679,4.04
2011-01-05,United Kingdom,3131,2323,4.41
2011-01-05,United Kingdom,1140,784,3.99
2011-01-05,United Kingdom,574,367,3.36
2011-01-05,EIRE,3169,1704,1.83
2011-01-05,United Kingdom,131,52,2.52
2011-01-05,United Kingdom,1852,1424,1.96
2011-01-05,United Kingdom,971,533,1.03
2011-01-05,United Kingdom,3281,2328,3.2
2011-01-05,United Kingdom,1852,1048,3.45
2011-01-05,United Kingdom,1646,814,1.86
2011-01-05,United Kingdom,1551,834,2.98
2011-01-05,United Kingdom,1124,704,1.73
2011-01-05,United Kingdom,1629,1064,2.48
2011-01-05,United Kingdom,1506,685,2.38
2011-01-05,United Kingdom,3435,2383,3.22
2011-01-05,United Kingdom,100,41,1.35
2011-01-05,France,1233,811,2.6
2011-01-05,United Kingdom,600,372,3.0
2011-01-05,United Kingdom,2144,1412,2.84
2011-01-05,United Kingdom,1750,986,2.31
2011-01-05,United Kingdom,2259,1352,2.21
2011-01-05,United Kingdom,2506,1347,1.35
2011-01-05,United Kingdom,1565,763,3.58
2011-01-05,United Kingdom,3215,2033,2.0
2011-01-05,United Kingdom,2569,1494,1.73
2011-01-05,United Kingdom,1423,1004,1.71
2011-01-05,United Kingdom,1170,746,3.6
2011-01-05,United Kingdom,1925,1423,2.47
2011-01-05,United Kingdom,1955,1413,2.85
2011-01-05,United Kingdom,2335,1295,3.86
2011-01-05,France,3174,2495,1.27
2011-01-05,United Kingdom,100,76,1.23
2011-01-05,United Kingdom,932,664,2.2
2011-01-05,United Kingdom,697,466,2.79
2011-01-05,Germany,1927,1114,3.39
2011-01-05,United Kingdom,890,623,3.67
2011-01-05,United Kingdom,2291,1284,4.16
2011-01-05,United Kingdom,513,385,1.59
2011-01-05,United Kingdom,1230,745,4.24
2011-01-05,United Kingdom,2564,1722,1.95
2011-01-05,United Kingdom,1890,1334,1.33
2011-01-05,United Kingdom,1660,1006,4.06
2011-01-05,United Kingdom,100,72,3.91
2011-01-05,United Kingdom,1206,819,1.19
2011-01-05,United Kingdom,963,391,1.81
2011-01-05,United Kingdom,1926,917,2.28
2011-01-05,United Kingdom,1835,1362,2.05
2011-01-05,United Kingdom,1793,733,3.48
2011-01-06,United Kingdom,939,638,2.93
2011-01-06,United Kingdom,1715,1183,1.9
2011-01-06,United Kingdom,2194,1628,2.82
2011-01-06,United Kingdom,1859,949,3.9
2011-01-06,United Kingdom,756,485,3.11
2011-01-06,United Kingdom,2277,1308,1.9
2011-01-06,United Kingdom,1101,456,3.19
2011-01-06,United Kingdom,1949,1470,2.99
2011-01-06,United Kingdom,4077,1653,2.68
2011-01-06,Australia,1600,803,1.27
2011-01-06,United Kingdom,1254,576,3.84
2011-01-06,United Kingdom,3110,1354,4.41
2011-01-06,United Kingdom,1112,876,3.54
2011-01-06,Spain,2236,1107,3.21
2011-01-06,United Kingdom,1510,1077,4.22
2011-01-06,United Kingdom,1932,1100,2.67
2011-01-06,United Kingdom,2950,1797,3.09
2011-01-06,United Kingdom,100,79,2.39
2011-01-06,United Kingdom,1568,986,3.8
2011-01-06,United Kingdom,1716,1093,2.78
2011-01-06,United Kingdom,2349,1544,1.06
2011-01-06,Australia,2085,1492,3.5
2011-01-06,United Kingdom,4010,2020,3.73
2011-01-06,United Kingdom,613,474,3.42
2011-01-06,United Kingdom,1937,794,4.04
2011-01-06,United Kingdom,2535,1544,2.61
2011-01-06,Germany,1291,722,1.26
2011-01-06,United Kingdom,1493,1023,4.01
2011-01-06,United Kingdom,952,644,2.05
2011-01-06,United Kingdom,626,392,3.1
2011-01-06,France,2123,1066,4.21
2011-01-06,United Kingdom,1486,927,1.77
2011-01-06,United Kingdom,1919,1515,2.23
2011-01-06,United Kingdom,2195,1287,3.53
2011-01-06,United Kingdom,1471,813,3.43
2011-01-06,United Kingdom,2551,1255,2.97
2011-01-06,United Kingdom,2260,1246,3.1
2011-01-06,United Kingdom,1298,970,2.68
2011-01-06,United Kingdom,1884,1110,2.08
2011-01-06,United Kingdom,100,49,1.84
2011-01-06,United Kingdom,373,231,2.01
2011-01-06,United Kingdom,2105,954,3.95
2011-01-06,United Kingdom,415,237,2.02
2011-01-06,United Kingdom,3480,2320,2.48
2011-01-06,France,673,448,1.33
2011-01-06,United Kingdom,2130,1503,1.12
2011-01-06,France,2278,1798,2.14
2011-01-06,United Kingdom,780,422,1.98
2011-01-06,United Kingdom,1448,864,3.2
2011-01-06,United Kingdom,1020,734,2.83
2011-01-06,United Kingdom,3100,2095,3.31
2011-01-06,United Kingdom,1202,709,3.23
2011-01-06,United Kingdom,2372,1401,2.57
2011-01-06,United Kingdom,2114,1209,4.06
2011-01-06,United Kingdom,1244,667,2.15
2011-01-06,United Kingdom,1514,740,2.24
2011-01-06,United Kingdom,874,648,1.48
2011-01-06,United Kingdom,1289,761,1.85
2011-01-06,United Kingdom,1140,730,1.7
2011-01-06,United Kingdom,2615,1936,3.69
2011-01-06,United Kingdom,1538,890,4.07
2011-01-06,United Kingdom,1564,1250,4.14
2011-01-06,United Kingdom,1973,963,1.91
2011-01-06,United Kingdom,1395,652,2.36
2011-01-06,Belgium,100,53,3.91
2011-01-06,United Kingdom,2234,1446,1.75
2011-01-06,United Kingdom,1783,908,3.73
2011-01-06,United Kingdom,1754,1159,2.73
2011-01-06,United Kingdom,1444,1092,2.62
2011-01-06,United Kingdom,538,328,3.78
2011-01-06,Japan,2456,1854,2.57
2011-01-06,United Kingdom,1178,803,3.81
2011-01-06,United Kingdom,474,193,1.54
2011-01-06,United Kingdom,914,598,2.51
2011-01-06,United Kingdom,2881,1606,4.44
2011-01-06,United Kingdom,826,360,3.56
2011-01-07,United Kingdom,1697,945,4.08
2011-01-07,United Kingdom,2624,1616,4.46
2011-01-07,United Kingdom,890,515,2.52
2011-01-07,United Kingdom,2200,1340,3.39
2011-01-07,United Kingdom,1513,954,2.77
2011-01-07,United Kingdom,1377,817,2.84
2011-01-07,United Kingdom,1124,708,1.49
2011-01-07,United Kingdom,1375,634,3.65
2011-01-07,United Kingdom,653,277,2.42
2011-01-07,United Kingdom,1676,1292,2.5
2011-01-07,Germany,1289,823,3.35
2011-01-07,United Kingdom,834,549,3.03
2011-01-07,United Kingdom,713,541,1.8
2011-01-07,United Kingdom,2279,1400,4.03
2011-01-07,Germany,2310,1442,1.43
2011-01-07,United Kingdom,810,466,1.16
2011-01-07,United Kingdom,2986,2248,3.2
2011-01-07,United Kingdom,1222,757,2.2
2011-01-07,United Kingdom,2798,1904,1.59
2011-01-07,United Kingdom,2780,1816,3.89
2011-01-07,United Kingdom,2462,1886,4.02
2011-01-07,United Kingdom,1012,451,2.9
2011-01-07,United Kingdom,1272,676,1.97
2011-01-07,France,1774,891,3.15
2011-01-07,United Kingdom,2854,1701,3.31
2011-01-07,United Kingdom,2177,1437,3.27
2011-01-07,Germany,2198,1163,2.22
2011-01-07,United Kingdom,709,296,3.62
2011-01-07,United Kingdom,1270,605,3.64
2011-01-07,United Kingdom,1159,494,2.77
2011-01-07,France,3372,1491,4.35
2011-01-07,United Kingdom,480,344,3.39
2011-01-07,United Kingdom,224,171,3.49
2011-01-07,United Kingdom,304,148,3.5
2011-01-07,United Kingdom,1215,489,3.75
2011-01-07,United Kingdom,1560,690,1.78
2011-01-07,Spain,2370,1465,1.62
2011-01-07,United Kingdom,1721,969,3.42
2011-01-07,United Kingdom,750,581,2.5
2011-01-07,United Kingdom,504,269,2.39
2011-01-07,United Kingdom,1076,468,2.28
2011-01-07,United Kingdom,2182,1032,3.01
2011-01-07,United Kingdom,551,323,3.35
2011-01-07,United Kingdom,2225,1315,3.12
2011-01-07,United Kingdom,1343,578,3.96
2011-01-07,United Kingdom,1806,1113,3.47
2011-01-07,United Kingdom,2246,1448,4.34
2011-01-07,Germany,994,760,2.2
2011-01-07,United Kingdom,1858,1021,3.91
2011-01-07,United Kingdom,1939,791,4.11
2011-01-07,United Kingdom,532,233,3.88
2011-01-07,United Kingdom,1545,663,3.77
2011-01-07,United Kingdom,1485,653,1.42
2011-01-07,United Kingdom,2466,1390,4.06
2011-01-09,United Kingdom,1094,513,1.46
2011-01-09,United Kingdom,1695,1344,4.42
2011-01-09,United Kingdom,1275,600,2.36
2011-01-09,United Kingdom,2245,1383,1.6
2011-01-09,United Kingdom,2499,1323,1.68
2011-01-09,United Kingdom,1382,916,3.33
2011-01-09,United Kingdom,742,482,1.77
2011-01-09,United Kingdom,2623,1731,3.2
2011-01-09,United Kingdom,788,610,1.81
2011-01-09,United Kingdom,1057,710,4.2
2011-01-09,United Kingdom,1778,1054,1.47
2011-01-09,United Kingdom,2282,1456,1.68
2011-01-09,United Kingdom,1816,774,1.72
2011-01-09,United Kingdom,298,137,1.12
2011-01-09,United Kingdom,1254,947,2.6
2011-01-09,United Kingdom,2651,1879,1.77
2011-01-09,United Kingdom,2264,1097,4.35
2011-01-09,United Kingdom,2018,1575,4.14
2011-01-09,United Kingdom,2123,1376,1.87
2011-01-09,United Kingdom,2118,859,2.74
2011-01-09,Portugal,410,248,3.58
2011-01-09,United Kingdom,458,191,3.75
2011-01-09,France,1924,1014,1.93
2011-01-09,United Kingdom,992,411,3.35
2011-01-09,United Kingdom,1690,762,2.12
2011-01-09,United Kingdom,100,40,1.05
2011-01-09,United Kingdom,952,619,2.13
2011-01-09,United Kingdom,762,375,3.72
2011-01-09,United Kingdom,2836,1214,1.67
2011-01-09,United Kingdom,1941,1023,3.31
2011-01-09,United Kingdom,2048,1061,2.15
2011-01-09,United Kingdom,2883,2180,4.19
2011-01-09,United Kingdom,1847,1386,3.01
2011-01-09,United Kingdom,708,464,1.4
2011-01-09,United Kingdom,897,414,1.95
2011-01-09,United Kingdom,3289,2005,4.02
2011-01-09,United Kingdom,1923,1343,3.52
2011-01-09,United Kingdom,100,79,1.26
2011-01-09,United Kingdom,2059,1336,3.4
2011-01-09,United Kingdom,1896,1399,1.57
2011-01-09,United Kingdom,885,464,1.69
2011-01-09,United Kingdom,233,176,2.09
2011-01-09,United Kingdom,1572,1201,1.13
2011-01-09,United Kingdom,1864,1362,2.02
2011-01-09,United Kingdom,669,393,2.56
2011-01-09,Portugal,1961,1459,2.05
2011-01-09,EIRE,100,41,4.33
2011-01-09,United Kingdom,1068,785,3.45
2011-01-10,United Kingdom,1638,1037,1.83
2011-01-10,Spain,290,175,3.41
2011-01-10,United Kingdom,2631,1086,2.01
2011-01-10,United Kingdom,1256,752,4.11
2011-01-10,Germany,2100,1519,2.62
2011-01-10,United Kingdom,1008,508,3.29
2011-01-10,United Kingdom,1448,768,2.95
2011-01-10,Australia,2071,1072,4.26
2011-01-10,United Kingdom,1271,825,3.33
2011-01-10,EIRE,1395,957,3.22
2011-01-10,United Kingdom,1628,694,2.01
2011-01-10,United Kingdom,1980,934,2.57
2011-01-10,Germany,1125,522,1.39
2011-01-10,United Kingdom,2256,1489,2.97
2011-01-10,United Kingdom,100,44,3.54
2011-01-10,United Kingdom,1147,551,1.03
2011-01-10,United Kingdom,1577,806,1.85
2011-01-10,United Kingdom,2288,1216,4.38
2011-01-10,United Kingdom,910,536,4.1
2011-01-10,United Kingdom,1973,1417,3.13
2011-01-10,United Kingdom,267,163,3.0
2011-01-10,United Kingdom,1244,958,1.15
2011-01-10,United Kingdom,204,137,2.26
2011-01-10,United Kingdom,2025,1098,1.67
2011-01-10,United Kingdom,339,138,1.74
2011-01-10,United Kingdom,977,631,1.35
2011-01-10,United Kingdom,743,358,4.07
2011-01-10,United Kingdom,2177,1485,2.56
2011-01-10,United Kingdom,1298,563,1.4
2011-01-10,United Kingdom,100,79,3.22
2011-01-10,France,2451,1785,1.98
2011-01-10,Germany,1773,1330,3.86
2011-01-10,United Kingdom,325,224,4.37
2011-01-10,United Kingdom,815,582,1.59
2011-01-10,United Kingdom,2168,1263,3.58
2011-01-10,United Kingdom,1684,1164,3.64
2011-01-10,United Kingdom,1516,1151,3.96
2011-01-10,United Kingdom,411,257,1.68
2011-01-10,United Kingdom,437,184,3.92
2011-01-10,United Kingdom,1802,1089,1.04
2011-01-10,United Kingdom,139,62,3.51
2011-01-10,United Kingdom,1975,1297,1.13
2011-01-10,United Kingdom,1163,726,3.72
2011-01-10,United Kingdom,1174,743,3.24
2011-01-10,United Kingdom,958,445,1.51
2011-01-10,United Kingdom,1402,994,2.26
2011-01-10,United Kingdom,2204,1445,1.37
2011-01-10,United Kingdom,1985,1503,3.73
2011-01-10,United Kingdom,1983,1275,3.26
2011-01-10,United Kingdom,2130,1545,3.51
2011-01-10,United Kingdom,2222,1593,3.62
2011-01-10,United Kingdom,1166,872,3.92
2011-01-10,United Kingdom,1005,417,2.97
2011-01-10,United Kingdom,2230,1701,1.99
2011-01-10,United Kingdom,389,197,3.5
2011-01-10,United Kingdom,2180,949,3.25
2011-01-11,France,964,478,4.13
2011-01-11,United Kingdom,2036,964,3.25
2011-01-11,United Kingdom,1940,1177,1.78
2011-01-11,United Kingdom,945,715,2.91
2011-01-11,United Kingdom,910,693,2.61
2011-01-11,United Kingdom,3852,2809,2.48
2011-01-11,United Kingdom,1100,658,1.09
2011-01-11,United Kingdom,787,514,3.37
2011-01-11,United Kingdom,1109,658,4.16
2011-01-11,United Kingdom,2729,1980,3.1
2011-01-11,Australia,2310,1496,3.07
2011-01-11,United Kingdom,1391,671,4.39
2011-01-11,United Kingdom,1173,768,1.01
2011-01-11,United Kingdom,1356,772,2.0
2011-01-11,United Kingdom,699,374,3.32
2011-01-11,United Kingdom,100,75,3.11
2011-01-11,United Kingdom,1947,970,2.03
2011-01-11,United Kingdom,2718,1324,2.09
2011-01-11,Germany,2016,1400,1.96
2011-01-11,United Kingdom,1691,1122,3.15
2011-01-11,United Kingdom,592,385,3.84
2011-01-11,United Kingdom,1513,1110,1.7
2011-01-11,United Kingdom,3547,2266,2.08
2011-01-11,United Kingdom,1992,1557,2.04
2011-01-11,United Kingdom,997,645,4.36
2011-01-11,United Kingdom,1119,644,1.42
2011-01-11,Spain,1002,737,4.47
2011-01-11,United Kingdom,1991,1393,3.07
2011-01-11,United Kingdom,3262,1700,2.21
2011-01-11,United Kingdom,1770,1201,2.01
2011-01-11,United Kingdom,1055,598,3.38
2011-01-11,France,1226,508,1.08
2011-01-11,United Kingdom,2181,1131,3.48
2011-01-11,United Kingdom,2644,1590,3.6
2011-01-11,United Kingdom,1253,679,4.38
2011-01-11,United Kingdom,1693,1295,3.42
2011-01-11,United Kingdom,1060,626,2.67
2011-01-11,United Kingdom,1361,844,1.13
2011-01-11,United Kingdom,1629,1109,1.23
2011-01-11,United Kingdom,1778,851,2.81
2011-01-11,United Kingdom,2257,1230,2.35
2011-01-11,United Kingdom,1999,1020,1.57
2011-01-11,United Kingdom,863,512,2.61
2011-01-11,Spain,1599,815,3.28
2011-01-11,United Kingdom,209,131,3.33
2011-01-11,United Kingdom,1800,1152,4.33
2011-01-11,United Kingdom,2455,1515,2.89
2011-01-11,United Kingdom,1095,663,3.76
2011-01-11,United Kingdom,1271,961,1.41
2011-01-11,United Kingdom,1353,553,3.92
2011-01-11,United Kingdom,1412,862,2.39
2011-01-11,United Kingdom,100,57,1.85
2011-01-11,United Kingdom,307,132,3.88
2011-01-11,United Kingdom,804,469,3.88
2011-01-11,United Kingdom,2740,1206,1.79
2011-01-11,United Kingdom,2423,1628,4.2
2011-01-11,United Kingdom,703,452,1.75
2011-01-11,France,1772,1045,2.56
2011-01-11,United Kingdom,1314,866,2.14
2011-01-11,United Kingdom,1682,1338,3.81
2011-01-11,United Kingdom,1042,631,3.67
2011-01-11,United Kingdom,931,598,3.57
2011-01-11,United Kingdom,2481,1104,1.08
2011-01-11,United Kingdom,2329,1331,3.18
2011-01-11,United Kingdom,687,468,3.26
2011-01-11,United Kingdom,2967,1324,1.41
2011-01-11,France,451,342,2.51
2011-01-11,United Kingdom,1778,1222,4.49
2011-01-11,United Kingdom,2459,1789,3.25
2011-01-11,United Kingdom,752,564,1.63
2011-01-11,United Kingdom,1892,912,2.96
2011-01-11,United Kingdom,417,193,3.77
2011-01-11,United Kingdom,2595,1805,2.87
2011-01-11,United Kingdom,3335,2214,3.75
2011-01-11,United Kingdom,318,206,4.02
2011-01-11,United Kingdom,1695,943,3.12
2011-01-11,United Kingdom,2256,981,2.41
2011-01-11,United Kingdom,100,77,1.08
2011-01-12,United Kingdom,3741,2275,1.23
2011-01-12,United Kingdom,204,121,1.74
2011-01-12,Germany,155,105,3.12
2011-01-12,France,478,214,3.58
2011-01-12,United Kingdom,2353,1455,2.55
2011-01-12,France,646,468,1.22
2011-01-12,United Kingdom,1110,825,4.14
2011-01-12,United Kingdom,896,499,1.06
2011-01-12,United Kingdom,1459,1119,2.92
2011-01-12,United Kingdom,1363,717,4.06
2011-01-12,United Kingdom,1303,786,3.28
2011-01-12,United Kingdom,3492,1926,1.5
2011-01-12,United Kingdom,629,469,4.17
2011-01-12,United Kingdom,1685,1101,3.52
2011-01-12,United Kingdom,2213,1135,1.42
2011-01-12,United Kingdom,2056,1353,2.36
2011-01-12,Germany,1464,1160,3.79
2011-01-12,United Kingdom,190,136,3.12
2011-01-12,United Kingdom,668,384,1.35
2011-01-12,United Kingdom,1751,1368,4.03
2011-01-12,United Kingdom,2301,1407,4.4
2011-01-12,United Kingdom,2436,1795,4.1
2011-01-12,United Kingdom,2369,1784,1.47
2011-01-12,United Kingdom,693,287,3.94
2011-01-12,United Kingdom,1798,1219,2.6
2011-01-12,United Kingdom,1025,528,3.15
2011-01-12,United Kingdom,806,361,3.62
2011-01-12,United Kingdom,2368,1850,1.25
2011-01-12,Cyprus,1065,442,3.65
2011-01-12,United Kingdom,972,761,2.65
2011-01-12,United Kingdom,1442,814,2.66
2011-01-12,United Kingdom,1489,1024,3.53
2011-01-12,United Kingdom,1577,652,2.9
2011-01-12,United Kingdom,1161,485,2.11
2011-01-12,United Kingdom,1898,1156,2.71
2011-01-12,United Kingdom,1081,580,4.02
2011-01-12,United Kingdom,138,61,3.56
2011-01-12,United Kingdom,1244,885,2.9
2011-01-12,United Kingdom,2479,1906,3.19
2011-01-12,United Kingdom,2975,2257,2.89
2011-01-12,United Kingdom,1770,959,1.01
2011-01-12,Belgium,1168,652,2.27
2011-01-12,France,1262,693,3.17
2011-01-12,United Kingdom,1214,565,2.87
2011-01-12,United Kingdom,1404,829,2.21
2011-01-12,United Kingdom,1751,1036,3.97
2011-01-12,France,1152,627,2.8
2011-01-12,United Kingdom,916,721,1.49
2011-01-12,United Kingdom,759,423,2.2
2011-01-12,United Kingdom,574,255,2.56
2011-01-12,United Kingdom,1394,1008,3.5
2011-01-12,United Kingdom,1191,502,2.85
2011-01-12,United Kingdom,1791,957,3.02
2011-01-12,United Kingdom,1826,1097,2.04
2011-01-12,United Kingdom,1480,1088,2.17
2011-01-12,United Kingdom,2063,1000,1.34
2011-01-12,United Kingdom,1751,903,2.65
2011-01-12,United Kingdom,2460,1050,2.27
2011-01-12,United Kingdom,1978,1029,3.73
2011-01-12,United Kingdom,1834,810,1.78
2011-01-12,United Kingdom,1808,842,3.05
2011-01-13,United Kingdom,746,309,1.48
2011-01-13,United Kingdom,2492,1794,4.12
2011-01-13,United Kingdom,1331,633,2.27
2011-01-13,United Kingdom,839,352,3.16
2011-01-13,United Kingdom,243,167,2.81
2011-01-13,United Kingdom,1386,622,4.06
2011-01-13,United Kingdom,1590,1029,1.83
2011-01-13,United Kingdom,2147,1326,3.3
2011-01-13,United Kingdom,2578,1610,4.21
2011-01-13,United Kingdom,2881,1626,2.9
2011-01-13,United Kingdom,1094,547,4.45
2011-01-13,United Kingdom,3743,2196,1.13
2011-01-13,United Kingdom,1755,747,1.64
2011-01-13,United Kingdom,2163,1107,2.9
2011-01-13,United Kingdom,701,358,1.58
2011-01-13,United Kingdom,1700,699,2.62
2011-01-13,United Kingdom,1812,915,4.17
2011-01-13,United Kingdom,1162,517,1.08
2011-01-13,United Kingdom,1891,899,3.79
2011-01-13,United Kingdom,1788,722,2.01
2011-01-13,United Kingdom,420,301,4.02
2011-01-13,United Kingdom,776,585,2.44
2011-01-13,United Kingdom,3325,2156,2.22
2011-01-13,United Kingdom,1776,1232,4.49
2011-01-13,United Kingdom,3338,1640,4.31
2011-01-13,United Kingdom,2272,1707,4.11
2011-01-13,United Kingdom,1746,988,3.81
2011-01-13,United Kingdom,1110,799,1.15
2011-01-13,United Kingdom,1293,987,3.3
2011-01-13,Germany,1141,880,4.38
2011-01-13,United Kingdom,1304,564,1.23
2011-01-13,United Kingdom,1399,956,3.99
2011-01-13,United Kingdom,912,622,4.07
2011-01-13,United Kingdom,2806,1794,3.26
2011-01-13,United Kingdom,1549,1145,2.98
2011-01-13,United Kingdom,914,507,1.06
2011-01-13,United Kingdom,1508,933,1.22
2011-01-13,United Kingdom,2358,1366,3.94
2011-01-13,United Kingdom,324,135,2.23
2011-01-13,United Kingdom,3459,1449,3.55
2011-01-13,United Kingdom,1207,621,2.87
2011-01-13,United Kingdom,2323,1118,2.55
2011-01-13,United Kingdom,100,52,4.45
2011-01-13,Italy,3441,1789,1.3
2011-01-13,United Kingdom,666,434,1.81
2011-01-13,United Kingdom,1132,808,4.49
2011-01-14,United Kingdom,669,535,3.71
2011-01-14,France,1791,987,1.18
2011-01-14,France,2134,888,3.24
2011-01-14,Germany,2030,1011,2.98
2011-01-14,United Kingdom,1597,1073,2.79
2011-01-14,United Kingdom,435,334,2.15
2011-01-14,Germany,461,196,2.47
2011-01-14,United Kingdom,938,497,2.46
2011-01-14,United Kingdom,1539,858,4.44
2011-01-14,United Kingdom,1619,1196,2.33
2011-01-14,United Kingdom,251,159,1.14
2011-01-14,United Kingdom,2644,1178,1.49
2011-01-14,United Kingdom,2680,2142,3.4
2011-01-14,United Kingdom,981,773,3.45
2011-01-14,United Kingdom,790,446,3.27
2011-01-14,United Kingdom,1446,926,1.36
2011-01-14,United Kingdom,453,211,2.33
2011-01-14,France,804,424,2.17
2011-01-14,United Kingdom,146,114,1.96
2011-01-14,Australia,698,430,3.97
2011-01-14,United Kingdom,2451,1612,4.4
2011-01-14,United Kingdom,708,524,1.63
2011-01-14,United Kingdom,1573,1059,3.15
2011-01-14,United Kingdom,100,43,3.46
2011-01-14,United Kingdom,2906,1555,3.36
2011-01-14,United Kingdom,643,496,3.91
2011-01-14,United Kingdom,2480,1276,4.5
2011-01-14,Netherlands,621,320,1.06
2011-01-14,United Kingdom,1032,418,3.26
2011-01-14,United Kingdom,741,545,3.37
2011-01-14,United Kingdom,2780,1520,2.76
2011-01-14,United Kingdom,1453,974,3.17
2011-01-14,United Kingdom,2806,1177,3.84
2011-01-14,United Kingdom,889,535,2.68
2011-01-14,United Kingdom,100,79,3.84
2011-01-14,United Kingdom,595,432,2.05
2011-01-14,United Kingdom,1780,740,3.61
2011-01-14,EIRE,772,322,4.46
2011-01-14,United Kingdom,1442,1119,3.55
2011-01-14,United Kingdom,979,613,1.88
2011-01-14,United Kingdom,1608,901,2.59
2011-01-14,Germany,1802,1413,1.63
2011-01-14,United Kingdom,506,296,2.29
2011-01-14,United Kingdom,551,227,3.47
2011-01-14,United Kingdom,1213,574,1.35
2011-01-14,United Kingdom,2258,1637,4.21
2011-01-14,United Kingdom,1125,678,1.77
2011-01-14,United Kingdom,1262,652,1.33
2011-01-14,United Kingdom,1840,1140,2.93
2011-01-14,United Kingdom,2921,1311,3.59
2011-01-14,United Kingdom,1208,767,3.86
2011-01-14,United Kingdom,1461,726,3.4
2011-01-14,United Kingdom,2977,1643,3.11
2011-01-14,United Kingdom,1071,667,4.3
2011-01-16,United Kingdom,1110,555,3.87
2011-01-16,United Kingdom,1993,1198,2.93
2011-01-16,United Kingdom,100,58,4.14
2011-01-16,United Kingdom,595,284,2.82
2011-01-16,United Kingdom,630,339,1.59
2011-01-16,United Kingdom,2356,1320,3.53
2011-01-16,United Kingdom,1775,759,1.31
2011-01-16,United Kingdom,1001,418,4.28
2011-01-16,United Kingdom,1642,1106,1.13
2011-01-16,United Kingdom,100,73,1.36
2011-01-16,United Kingdom,3017,1210,3.14
2011-01-16,United Kingdom,1777,998,1.27
2011-01-16,United Kingdom,1506,669,1.55
2011-01-16,United Kingdom,1114,599,2.51
2011-01-16,United Kingdom,2333,1465,4.45
2011-01-16,United Kingdom,2236,1532,3.06
2011-01-16,United Kingdom,1717,1355,1.28
2011-01-16,United Kingdom,100,59,2.03
2011-01-16,United Kingdom,1950,902,3.03
2011-01-16,United Kingdom,2539,1202,2.79
2011-01-16,United Kingdom,980,738,2.67
2011-01-16,United Kingdom,1692,1105,2.88
2011-01-16,United Kingdom,100,41,1.72
2011-01-16,United Kingdom,2531,1601,1.07
2011-01-16,United Kingdom,1817,1183,2.16
2011-01-16,United Kingdom,344,263,2.84
2011-01-16,United Kingdom,100,73,3.57
2011-01-16,United Kingdom,1662,1020,4.42
2011-01-17,Poland,1486,1125,1.02
2011-01-17,United Kingdom,1374,1082,3.34
2011-01-17,Germany,2756,1512,4.41
2011-01-17,United Kingdom,1533,660,2.98
2011-01-17,Australia,1136,730,3.25
2011-01-17,United Kingdom,1210,504,1.65
2011-01-17,United Kingdom,1918,980,2.24
2011-01-17,United Kingdom,972,429,1.98
2011-01-17,United Kingdom,2370,1013,2.63
2011-01-17,United Kingdom,880,646,3.88
2011-01-17,Germany,1389,702,4.05
2011-01-17,United Kingdom,2135,1059,2.53
2011-01-17,United Kingdom,1095,850,1.34
2011-01-17,United Kingdom,900,643,3.37
2011-01-17,United Kingdom,2086,1458,2.98
2011-01-17,United Kingdom,721,325,2.68
2011-01-17,United Kingdom,1034,638,2.16
2011-01-17,United Kingdom,749,304,1.07
2011-01-17,United Kingdom,1837,1228,2.21
2011-01-17,United Kingdom,1703,1234,3.5
2011-01-17,United Kingdom,1747,930,3.98
2011-01-17,United Kingdom,868,551,3.39
2011-01-17,United Kingdom,1450,1029,4.45
2011-01-17,United Kingdom,1451,693,4.5
2011-01-17,United Kingdom,1223,900,3.04
2011-01-17,United Kingdom,2045,922,2.13
2011-01-17,United Kingdom,1059,636,3.35
2011-01-17,United Kingdom,1041,558,3.15
2011-01-17,United Kingdom,2597,1660,2.11
2011-01-17,United Kingdom,2080,939,4.25
2011-01-17,United Kingdom,778,593,4.23
2011-01-17,United Kingdom,1128,487,4.34
2011-01-17,United Kingdom,2344,976,2.48
2011-01-17,France,1950,831,3.51
2011-01-17,United Kingdom,1943,1469,3.93
2011-01-17,United Kingdom,2980,2076,2.65
2011-01-17,United Kingdom,3232,1322,4.38
2011-01-17,United Kingdom,2486,1422,1.94
2011-01-17,United Kingdom,2424,1337,1.52
2011-01-17,United Kingdom,305,159,3.54
2011-01-17,United Kingdom,932,678,3.16
2011-01-17,United Kingdom,2341,1756,3.18
2011-01-17,United Kingdom,1073,651,1.18
2011-01-17,United Kingdom,2684,1657,3.93
2011-01-17,United Kingdom,1361,569,3.78
2011-01-17,United Kingdom,1590,1247,1.75
2011-01-17,United Kingdom,1760,923,2.85
2011-01-17,United Kingdom,1621,988,1.84
2011-01-17,United Kingdom,2568,1268,3.65
2011-01-17,United Kingdom,100,49,1.34
2011-01-18,United Kingdom,1598,936,1.22
2011-01-18,United Kingdom,1599,776,2.66
2011-01-18,United Kingdom,1856,1455,3.24
2011-01-18,United Kingdom,408,250,3.6
2011-01-18,United Kingdom,2457,1914,4.44
2011-01-18,Portugal,1778,1294,2.52
2011-01-18,United Kingdom,2098,920,3.71
2011-01-18,United Kingdom,654,307,1.81
2011-01-18,United Kingdom,851,615,1.61
2011-01-18,EIRE,3164,2457,1.34
2011-01-18,United Kingdom,1915,1196,2.38
2011-01-18,United Kingdom,3094,1570,3.35
2011-01-18,United Kingdom,1202,840,2.98
2011-01-18,United Kingdom,1052,610,4.29
2011-01-18,United Kingdom,1607,1231,3.54
2011-01-18,United Kingdom,2503,1722,3.94
2011-01-18,Germany,1876,1064,3.04
2011-01-18,United Kingdom,910,684,4.05
2011-01-18,United Kingdom,794,319,4.35
2011-01-18,United Kingdom,1275,573,2.06
2011-01-18,United Kingdom,494,212,3.92
2011-01-18,United Kingdom,2757,2127,1.32
2011-01-18,United Kingdom,923,463,2.46
2011-01-18,United Kingdom,1876,939,1.48
2011-01-18,United Kingdom,100,68,2.19
2011-01-18,United Kingdom,1336,774,1.11
2011-01-18,United Kingdom,422,274,3.85
2011-01-18,Spain,2553,1786,2.14
2011-01-18,United Kingdom,2248,933,4.31
2011-01-18,United Kingdom,929,403,1.72
2011-01-18,United Kingdom,1179,934,3.49
2011-01-18,United Kingdom,2346,1566,1.36
2011-01-18,United Kingdom,448,318,3.39
2011-01-18,United Kingdom,851,608,1.82
2011-01-18,United Kingdom,1820,827,2.97
2011-01-18,United Kingdom,1410,648,1.78
2011-01-18,United Kingdom,1596,1210,4.02
2011-01-18,United Kingdom,1264,783,2.25
2011-01-18,United Kingdom,1594,710,2.21
2011-01-18,United Kingdom,1438,657,4.32
2011-01-18,United Kingdom,426,310,1.95
2011-01-18,United Kingdom,1337,800,1.89
2011-01-18,United Kingdom,1027,645,3.77
2011-01-18,United Kingdom,736,318,2.53
2011-01-18,United Kingdom,2602,1131,2.01
2011-01-18,United Kingdom,961,554,3.05
2011-01-18,United Kingdom,1579,917,1.48
2011-01-18,United Kingdom,978,578,2.09
2011-01-18,United Kingdom,1538,784,3.29
2011-01-19,Germany,278,173,2.77
2011-01-19,Switzerland,454,222,2.25
2011-01-19,United Kingdom,2165,1236,1.73
2011-01-19,Australia,1156,568,1.06
2011-01-19,United Kingdom,1540,842,2.41
2011-01-19,United Kingdom,1375,610,2.19
2011-01-19,United Kingdom,337,197,3.9
2011-01-19,United Kingdom,1978,1101,4.34
2011-01-19,United Kingdom,2083,999,4.01
2011-01-19,United Kingdom,1340,1050,3.23
2011-01-19,United Kingdom,2346,1039,1.03
2011-01-19,United Kingdom,1742,774,1.01
2011-01-19,United Kingdom,1330,1032,3.13
2011-01-19,United Kingdom,1649,1268,1.3
2011-01-19,France,1058,619,3.0
2011-01-19,United Kingdom,1143,855,1.37
2011-01-19,Switzerland,1388,701,4.43
2011-01-19,Netherlands,240,101,4.43
2011-01-19,United Kingdom,1545,1047,2.01
2011-01-19,United Kingdom,681,457,1.29
2011-01-19,United Kingdom,2673,1618,1.26
2011-01-19,United Kingdom,1763,1361,1.77
2011-01-19,United Kingdom,215,97,4.25
2011-01-19,Spain,285,122,1.28
2011-01-19,United Kingdom,633,326,2.68
2011-01-19,United Kingdom,1153,699,1.18
2011-01-19,Belgium,820,536,3.15
2011-01-19,United Kingdom,1652,677,4.09
2011-01-19,United Kingdom,1126,563,3.82
2011-01-19,United Kingdom,1860,1354,2.74
2011-01-19,United Kingdom,1181,685,3.24
2011-01-19,United Kingdom,1866,1126,3.6
2011-01-19,United Kingdom,600,285,3.71
2011-01-19,United Kingdom,1542,744,2.7
2011-01-19,United Kingdom,1954,1539,1.66
2011-01-19,United Kingdom,1260,924,1.01
2011-01-19,United Kingdom,3647,1511,3.45
2011-01-19,United Kingdom,1614,948,2.17
2011-01-19,United Kingdom,1761,975,3.43
2011-01-19,United Kingdom,2240,984,1.81
2011-01-19,United Kingdom,784,468,4.22
2011-01-19,United Kingdom,2008,950,3.13
2011-01-20,United Kingdom,743,331,3.99
2011-01-20,United Kingdom,1479,646,4.41
2011-01-20,United Kingdom,1441,1121,4.19
2011-01-20,Netherlands,725,558,1.06
2011-01-20,United Kingdom,440,344,3.75
2011-01-20,United Kingdom,1369,621,1.11
2011-01-20,United Kingdom,780,505,3.24
2011-01-20,France,1750,1203,2.18
2011-01-20,France,592,324,4.42
2011-01-20,United Kingdom,1547,708,3.47
2011-01-20,United Kingdom,1378,893,4.2
2011-01-20,United Kingdom,734,521,3.98
2011-01-20,United Kingdom,483,350,2.85
2011-01-20,United Kingdom,2069,1275,2.88
2011-01-20,United Kingdom,2165,1438,2.62
2011-01-20,United Kingdom,1176,654,3.42
2011-01-20,Spain,186,115,4.24
2011-01-20,United Kingdom,1840,941,1.48
2011-01-20,United Kingdom,1353,762,1.83
2011-01-20,Australia,2294,994,4.12
2011-01-20,United Kingdom,1078,536,4.16
2011-01-20,United Kingdom,446,354,3.94
2011-01-20,United Kingdom,4284,2667,3.02
2011-01-20,United Kingdom,1155,768,2.14
2011-01-20,EIRE,1606,905,2.4
2011-01-20,United Kingdom,510,299,4.1
2011-01-20,United Kingdom,1555,702,2.95
2011-01-20,United Kingdom,1577,1002,2.37
2011-01-20,Belgium,345,143,1.06
2011-01-20,United Kingdom,2167,1656,1.98
2011-01-20,United Kingdom,1088,544,4.09
2011-01-20,United Kingdom,1977,1418,4.21
2011-01-20,United Kingdom,2884,1543,3.98
2011-01-20,United Kingdom,317,151,4.47
2011-01-20,United Kingdom,941,608,3.07
2011-01-20,United Kingdom,406,269,4.45
2011-01-20,United Kingdom,1632,1040,4.07
2011-01-20,United Kingdom,1374,1036,3.39
2011-01-20,United Kingdom,966,681,3.83
2011-01-20,France,2620,2003,4.31
2011-01-20,United Kingdom,1776,1290,4.27
2011-01-20,United Kingdom,1366,1026,1.49
2011-01-20,United Kingdom,1211,774,1.73
2011-01-20,United Kingdom,1012,503,4.27
2011-01-20,United Kingdom,1593,1002,2.17
2011-01-20,United Kingdom,643,506,2.4
2011-01-20,United Kingdom,2285,1054,3.02
2011-01-20,United Kingdom,1331,822,3.87
2011-01-20,United Kingdom,2238,1545,1.25
2011-01-20,United Kingdom,1416,1120,1.23
2011-01-21,United Kingdom,1504,777,3.99
2011-01-21,United Kingdom,2098,1207,3.29
2011-01-21,United Kingdom,2415,1577,2.1
2011-01-21,United Kingdom,1626,657,1.45
2011-01-21,Italy,1388,1034,4.27
2011-01-21,United Kingdom,742,383,4.5
2011-01-21,United Kingdom,707,360,1.33
2011-01-21,United Kingdom,669,492,2.93
2011-01-21,United Kingdom,2575,1234,1.16
2011-01-21,United Kingdom,2199,1147,4.48
2011-01-21,United Kingdom,1964,1532,3.4
2011-01-21,United Kingdom,1723,1237,4.32
2011-01-21,Netherlands,2488,1305,4.2
2011-01-21,United Kingdom,1563,976,2.21
2011-01-21,United Kingdom,1641,1144,3.69
2011-01-21,Germany,730,334,3.18
2011-01-21,Finland,2319,1283,3.03
2011-01-21,United Kingdom,1340,964,1.5
2011-01-21,United Kingdom,1656,1199,1.62
2011-01-21,United Kingdom,1640,1211,2.72
2011-01-21,United Kingdom,2407,1572,2.35
2011-01-21,United Kingdom,503,377,1.27
2011-01-21,United Kingdom,3279,2566,2.11
2011-01-21,United Kingdom,738,394,3.41
2011-01-21,United Kingdom,981,741,3.8
2011-01-21,United Kingdom,1775,711,3.58
2011-01-21,United Kingdom,2388,1631,3.53
2011-01-21,United Kingdom,3014,2319,4.29
2011-01-21,United Kingdom,2217,1372,3.97
2011-01-21,United Kingdom,878,601,2.09
2011-01-21,United Kingdom,556,302,3.82
2011-01-21,United Kingdom,1114,445,1.48
2011-01-21,United Kingdom,2875,1159,2.83
2011-01-21,United Kingdom,1896,988,4.04
2011-01-21,United Kingdom,1634,1005,4.23
2011-01-21,United Kingdom,1122,750,4.0
2011-01-21,United Kingdom,598,355,1.09
2011-01-21,United Kingdom,923,476,3.2
2011-01-21,United Kingdom,1697,840,4.24
2011-01-21,United Kingdom,1419,607,4.07
2011-01-21,United Kingdom,1454,778,1.86
2011-01-21,United Kingdom,396,273,3.68
2011-01-21,United Kingdom,100,64,4.3
2011-01-21,United Kingdom,1762,1338,4.17
2011-01-21,United Kingdom,1824,758,2.52
2011-01-21,United Kingdom,641,424,3.1
2011-01-21,United Kingdom,2203,1030,3.1
2011-01-21,United Kingdom,878,433,2.67
2011-01-21,United Kingdom,1259,816,2.14
2011-01-21,United Kingdom,1630,1110,3.76
2011-01-21,United Kingdom,1788,872,4.39
2011-01-21,United Kingdom,1078,735,2.6
2011-01-21,United Kingdom,617,436,2.21
2011-01-21,France,1397,722,4.41
2011-01-21,United Kingdom,1332,830,1.57
2011-01-21,United Kingdom,1736,846,3.43
2011-01-21,United Kingdom,100,60,1.02
2011-01-21,United Kingdom,1755,1274,1.02
2011-01-21,United Kingdom,836,345,2.54
2011-01-21,United Kingdom,419,247,1.86
2011-01-21,United Kingdom,842,414,3.4
2011-01-21,United Kingdom,1795,1176,3.46
2011-01-21,United Kingdom,1797,1110,4.5
2011-01-23,United Kingdom,1221,579,2.45
2011-01-23,United Kingdom,100,55,4.14
2011-01-23,United Kingdom,1645,1158,3.78
2011-01-23,United Kingdom,2368,1031,2.31
2011-01-23,United Kingdom,1865,856,2.72
2011-01-23,United Kingdom,100,61,1.43
2011-01-23,United Kingdom,3316,1435,3.95
2011-01-23,United Kingdom,1749,1054,2.9
2011-01-23,United Kingdom,2659,1608,3.02
2011-01-23,United Kingdom,1385,1004,2.61
2011-01-23,United Kingdom,1123,490,3.43
2011-01-23,United Kingdom,2474,1286,3.54
2011-01-23,United Kingdom,2594,1757,1.47
2011-01-23,United Kingdom,2663,1647,3.35
2011-01-23,United Kingdom,1841,1465,3.38
2011-01-23,United Kingdom,1547,698,3.34
2011-01-23,United Kingdom,2835,1793,4.44
2011-01-23,United Kingdom,2189,1442,1.19
2011-01-23,United Kingdom,2325,1455,2.73
2011-01-23,United Kingdom,2608,1043,4.09
2011-01-23,United Kingdom,1429,856,1.57
2011-01-23,United Kingdom,1804,995,2.11
2011-01-23,United Kingdom,2428,1921,2.4
2011-01-23,France,1447,977,1.98
2011-01-23,United Kingdom,1028,483,3.72
2011-01-23,United Kingdom,858,461,3.4
2011-01-23,United Kingdom,100,61,4.24
2011-01-23,United Kingdom,1099,497,4.37
2011-01-23,United Kingdom,1096,825,4.0
2011-01-23,United Kingdom,819,538,2.9
2011-01-24,United Kingdom,2781,1189,1.93
2011-01-24,United Kingdom,2377,1697,4.14
2011-01-24,United Kingdom,2318,1099,2.32
2011-01-24,United Kingdom,1019,585,3.84
2011-01-24,United Kingdom,2258,1378,1.38
2011-01-24,United Kingdom,1462,657,4.48
2011-01-24,United Kingdom,401,290,2.41
2011-01-24,United Kingdom,1925,1376,2.81
2011-01-24,United Kingdom,530,303,3.96
2011-01-24,United Kingdom,735,434,2.93
2011-01-24,Germany,2599,2068,3.33
2011-01-24,United Kingdom,1611,1113,4.45
2011-01-24,United Kingdom,2005,1025,2.52
2011-01-24,United Kingdom,2664,1357,1.63
2011-01-24,United Kingdom,298,120,1.12
2011-01-24,United Kingdom,2131,1236,3.48
2011-01-24,United Kingdom,2556,1521,2.65
2011-01-24,United Kingdom,1945,1367,3.35
2011-01-24,United Kingdom,2390,1432,2.53
2011-01-24,United Kingdom,2990,2307,2.37
2011-01-24,United Kingdom,2015,812,1.49
2011-01-24,United Kingdom,759,362,4.33
2011-01-24,United Kingdom,1938,1012,3.72
2011-01-24,United Kingdom,2121,1498,4.21
2011-01-24,Greece,2337,1572,3.1
2011-01-24,United Kingdom,1296,958,1.83
2011-01-24,United Kingdom,1508,678,4.4
2011-01-24,United Kingdom,1118,593,1.08
2011-01-24,United Kingdom,2614,1797,1.34
2011-01-24,United Kingdom,1093,853,2.33
2011-01-24,United Kingdom,346,184,4.39
2011-01-24,United Kingdom,1479,947,1.69
2011-01-24,Germany,2635,1165,3.85
2011-01-24,United Kingdom,2054,1039,4.12
2011-01-24,United Kingdom,1688,1329,2.5
2011-01-24,United Kingdom,736,553,2.38
2011-01-24,Germany,100,59,2.05
2011-01-24,United Kingdom,1841,1446,4.3
2011-01-24,United Kingdom,1062,514,1.66
2011-01-24,United Kingdom,2085,1241,3.2
2011-01-24,United Kingdom,1009,717,1.41
2011-01-24,United Kingdom,1754,1037,1.35
2011-01-24,United Kingdom,746,354,3.1
2011-01-24,United Kingdom,1390,972,1.89
2011-01-24,Hong Kong,1566,760,2.74
2011-01-24,United Kingdom,1794,995,4.31
2011-01-24,United Kingdom,100,77,1.97
2011-01-24,United Kingdom,1493,607,1.69
2011-01-24,EIRE,1416,640,1.58
2011-01-24,Spain,1689,711,2.92
2011-01-24,France,1099,584,2.68
2011-01-24,United Kingdom,1150,796,2.56
2011-01-24,United Kingdom,1723,1143,2.57
2011-01-24,United Kingdom,1813,866,2.3
2011-01-24,United Kingdom,1987,919,4.13
2011-01-24,United Kingdom,2857,1252,3.74
2011-01-24,United Kingdom,1176,474,1.46
2011-01-25,United Kingdom,1944,1085,2.74
2011-01-25,United Kingdom,838,394,2.65
2011-01-25,United Kingdom,1452,694,4.18
2011-01-25,Belgium,100,73,4.2
2011-01-25,United Kingdom,1482,1107,2.93
2011-01-25,United Kingdom,2762,1386,2.89
2011-01-25,United Kingdom,1475,804,2.43
2011-01-25,United Kingdom,2196,962,4.2
2011-01-25,United Kingdom,844,343,1.82
2011-01-25,United Kingdom,1103,477,2.57
2011-01-25,Finland,2493,1396,2.69
2011-01-25,United Kingdom,1337,938,1.67
2011-01-25,United Kingdom,1730,1272,1.57
2011-01-25,United Kingdom,767,327,4.49
2011-01-25,United Kingdom,1908,1144,1.26
2011-01-25,United Kingdom,1295,888,3.82
2011-01-25,United Kingdom,1816,732,4.32
2011-01-25,United Kingdom,1340,847,1.4
2011-01-25,United Kingdom,1592,645,2.01
2011-01-25,United Kingdom,3238,1395,4.26
2011-01-25,United Kingdom,1903,917,1.38
2011-01-25,United Kingdom,2452,1878,2.06
2011-01-25,United Kingdom,501,225,3.95
2011-01-25,United Kingdom,1383,953,1.92
2011-01-25,United Kingdom,817,426,3.83
2011-01-25,United Kingdom,929,495,3.1
2011-01-25,United Kingdom,2837,2026,4.17
2011-01-25,United Kingdom,1929,1502,2.59
2011-01-25,Germany,1772,1291,4.39
2011-01-25,United Kingdom,698,284,1.23
2011-01-25,United Kingdom,2084,1666,4.06
2011-01-25,United Kingdom,1324,979,3.92
2011-01-25,United Kingdom,1864,997,4.3
2011-01-25,United Kingdom,2225,1173,3.48
2011-01-25,United Kingdom,1197,613,4.08
2011-01-25,United Kingdom,1131,868,1.28
2011-01-25,France,278,182,2.89
2011-01-25,United Kingdom,398,254,3.42
2011-01-25,France,2281,1361,3.91
2011-01-25,United Kingdom,1332,1020,3.61
2011-01-25,United Kingdom,841,526,3.95
2011-01-25,United Kingdom,2891,1375,1.13
2011-01-25,United Kingdom,2171,1394,3.83
2011-01-25,United Kingdom,2183,1403,3.98
2011-01-25,United Kingdom,1696,715,3.06
2011-01-25,United Kingdom,751,585,3.74
2011-01-25,United Kingdom,1621,660,3.95
2011-01-25,United Kingdom,100,66,3.8
2011-01-25,Germany,830,520,1.35
2011-01-25,Singapore,657,325,2.54
2011-01-25,United Kingdom,113,67,1.64
2011-01-25,United Kingdom,2838,1742,1.17
2011-01-25,Germany,1308,632,1.55
2011-01-25,United Kingdom,2137,1072,2.8
2011-01-25,United Kingdom,1424,645,1.11
2011-01-25,United Kingdom,1247,527,2.45
2011-01-25,United Kingdom,676,289,2.21
2011-01-25,United Kingdom,529,270,3.95
2011-01-25,United Kingdom,1004,517,3.71
2011-01-25,United Kingdom,815,463,2.55
2011-01-25,United Kingdom,2593,1148,1.57
2011-01-25,United Kingdom,2268,1113,2.03
2011-01-25,United Kingdom,2374,1131,2.14
2011-01-25,United Kingdom,465,353,1.85
2011-01-25,United Kingdom,1183,619,4.07
2011-01-25,United Kingdom,735,460,2.75
2011-01-25,United Kingdom,1805,729,4.27
2011-01-25,Germany,1789,1360,3.91
2011-01-25,United Kingdom,2026,1253,3.26
2011-01-25,United Kingdom,786,316,2.93
2011-01-25,United Kingdom,1283,533,1.95
2011-01-25,France,2457,1113,1.5
2011-01-25,United Kingdom,861,467,1.77
2011-01-25,United Kingdom,2178,1294,3.02
2011-01-25,United Kingdom,2799,2129,2.08
2011-01-25,United Kingdom,561,377,2.54
2011-01-25,United Kingdom,1717,751,1.82
2011-01-25,United Kingdom,2216,1041,1.73
2011-01-25,United Kingdom,1098,856,2.31
2011-01-25,United Kingdom,2168,1181,1.23
2011-01-26,United Kingdom,1116,788,1.39
2011-01-26,United Kingdom,224,170,1.07
2011-01-26,United Kingdom,352,252,1.92
2011-01-26,United Kingdom,976,527,3.72
2011-01-26,United Kingdom,1391,787,2.17
2011-01-26,Portugal,2528,1939,3.71
2011-01-26,United Kingdom,100,62,2.3
2011-01-26,United Kingdom,2385,1686,4.21
2011-01-26,United Kingdom,566,246,1.5
2011-01-26,United Kingdom,1810,763,4.1
2011-01-26,United Kingdom,1805,876,2.81
2011-01-26,United Kingdom,1910,1139,1.35
2011-01-26,United Kingdom,1547,824,1.91
2011-01-26,United Kingdom,1499,985,2.73
2011-01-26,United Kingdom,2070,945,2.29
2011-01-26,United Kingdom,1932,981,3.98
2011-01-26,United Kingdom,831,613,1.28
2011-01-26,United Kingdom,1161,924,3.83
2011-01-26,United Kingdom,1258,599,2.8
2011-01-26,United Kingdom,1518,1008,3.62
2011-01-26,Germany,1560,705,3.64
2011-01-26,EIRE,3167,1543,1.58
2011-01-26,United Kingdom,445,254,2.38
2011-01-26,United Kingdom,307,142,1.55
2011-01-26,United Kingdom,2208,1696,4.18
2011-01-26,United Kingdom,1599,933,2.96
2011-01-26,United Kingdom,2062,973,4.06
2011-01-26,United Kingdom,1554,1241,3.12
2011-01-26,United Kingdom,2160,955,2.4
2011-01-26,United Kingdom,1505,825,2.54
2011-01-26,United Kingdom,1438,937,1.6
2011-01-26,United Kingdom,584,458,1.15
2011-01-26,United Kingdom,184,124,1.72
2011-01-26,Germany,967,641,2.26
2011-01-26,United Kingdom,1531,789,3.86
2011-01-26,United Kingdom,1301,536,2.87
2011-01-26,United Kingdom,1961,966,3.38
2011-01-26,United Kingdom,409,193,1.6
2011-01-26,United Kingdom,1469,599,4.28
2011-01-26,United Kingdom,2200,1635,1.6
2011-01-26,Iceland,1462,845,1.43
2011-01-26,Italy,1236,832,1.11
2011-01-26,United Kingdom,2693,1812,2.83
2011-01-26,United Kingdom,434,178,1.71
2011-01-26,United Kingdom,429,238,3.69
2011-01-26,United Kingdom,3285,2519,2.8
2011-01-26,United Kingdom,100,78,4.32
2011-01-26,United Kingdom,1491,820,1.59
2011-01-26,United Kingdom,480,229,3.0
2011-01-26,United Kingdom,1780,971,1.33
2011-01-26,United Kingdom,777,363,3.1
2011-01-26,United Kingdom,561,246,1.53
2011-01-26,United Kingdom,2299,995,4.41
2011-01-26,United Kingdom,661,323,3.55
2011-01-26,United Kingdom,880,698,2.41
2011-01-26,United Kingdom,2367,957,4.11
2011-01-26,United Kingdom,1554,686,2.58
2011-01-26,United Kingdom,2065,1096,1.79
2011-01-26,United Kingdom,1455,813,2.89
2011-01-26,United Kingdom,1211,702,2.38
2011-01-26,United Kingdom,688,285,2.84
2011-01-26,United Kingdom,1108,865,3.99
2011-01-26,United Kingdom,1063,742,2.12
2011-01-26,United Kingdom,1368,982,1.78
2011-01-26,United Kingdom,1139,743,2.06
2011-01-26,United Kingdom,3119,2173,2.41
2011-01-26,United Kingdom,625,461,1.06
2011-01-27,United Kingdom,688,407,3.91
2011-01-27,Channel Islands,608,319,2.22
2011-01-27,United Kingdom,351,269,1.72
2011-01-27,France,1274,746,2.47
2011-01-27,United Kingdom,1540,1013,4.26
2011-01-27,Italy,1198,920,4.02
2011-01-27,United Kingdom,758,357,2.59
2011-01-27,United Kingdom,748,433,1.76
2011-01-27,Lebanon,2538,1542,4.3
2011-01-27,United Kingdom,610,338,2.57
2011-01-27,EIRE,1778,823,2.79
2011-01-27,United Kingdom,1499,812,2.38
2011-01-27,Spain,100,54,1.65
2011-01-27,United Kingdom,1553,717,3.06
2011-01-27,United Kingdom,3155,1929,4.38
2011-01-27,United Kingdom,835,521,4.33
2011-01-27,Germany,100,40,2.81
2011-01-27,United Kingdom,276,144,1.36
2011-01-27,Spain,3216,1527,1.26
2011-01-27,United Kingdom,1956,1406,3.24
2011-01-27,United Kingdom,2377,1128,1.86
2011-01-27,United Kingdom,3850,2186,1.11
2011-01-27,United Kingdom,1794,1322,4.23
2011-01-27,United Kingdom,967,708,3.29
2011-01-27,United Kingdom,1343,781,1.31
2011-01-27,United Kingdom,969,749,1.06
2011-01-27,United Kingdom,383,203,1.62
2011-01-27,United Kingdom,1852,1364,2.96
2011-01-27,United Kingdom,2650,2058,2.31
2011-01-27,United Kingdom,1239,774,4.27
2011-01-27,United Kingdom,1519,722,4.28
2011-01-27,United Kingdom,1617,1195,2.47
2011-01-27,United Kingdom,2459,1951,1.86
2011-01-27,Germany,352,195,2.47
2011-01-27,United Kingdom,242,107,4.17
2011-01-27,Germany,1659,1183,1.65
2011-01-27,United Kingdom,2938,2049,1.44
2011-01-27,United Kingdom,2131,1152,4.15
2011-01-27,United Kingdom,2279,1170,1.13
2011-01-27,Germany,1323,832,3.89
2011-01-27,United Kingdom,2213,1335,2.87
2011-01-27,United Kingdom,1657,901,1.26
2011-01-27,United Kingdom,2259,1341,3.77
2011-01-27,United Kingdom,1126,893,1.87
2011-01-27,United Kingdom,212,159,2.44
2011-01-27,United Kingdom,1287,809,3.89
2011-01-27,United Kingdom,1262,824,1.83
2011-01-27,United Kingdom,1682,1012,1.87
2011-01-27,United Kingdom,2379,1671,4.23
2011-01-27,United Kingdom,100,64,3.66
2011-01-27,United Kingdom,1590,640,2.74
2011-01-27,United Kingdom,798,363,2.07
2011-01-27,United Kingdom,229,177,1.45
2011-01-27,United Kingdom,2066,1370,3.44
2011-01-27,United Kingdom,1317,840,2.17
2011-01-27,United Kingdom,1606,1079,3.06
2011-01-27,United Kingdom,1715,1261,1.98
2011-01-27,United Kingdom,1894,801,3.34
2011-01-27,United Kingdom,2025,1332,1.05
2011-01-27,United Kingdom,197,94,1.33
2011-01-27,United Kingdom,1288,631,2.67
2011-01-27,United Kingdom,2084,1178,3.02
2011-01-27,United Kingdom,1122,807,1.13
2011-01-27,United Kingdom,100,41,1.18
2011-01-27,United Kingdom,100,60,3.2
2011-01-27,United Kingdom,1194,683,1.85
2011-01-27,United Kingdom,1669,1195,2.28
2011-01-27,United Kingdom,3103,2292,2.26
2011-01-27,United Kingdom,3933,2847,3.15
2011-01-27,United Kingdom,2183,1546,1.79
2011-01-27,United Kingdom,2602,1667,3.53
2011-01-27,United Kingdom,1225,916,1.63
2011-01-27,United Kingdom,876,404,2.24
2011-01-27,United Kingdom,2473,1417,2.03
2011-01-27,United Kingdom,2052,1010,2.32
2011-01-27,United Kingdom,913,484,3.69
2011-01-27,United Kingdom,1949,1344,1.03
2011-01-27,United Kingdom,1151,774,4.08
2011-01-27,United Kingdom,1704,1356,4.26
2011-01-27,United Kingdom,2613,2053,2.46
2011-01-27,United Kingdom,1439,1034,2.92
2011-01-27,United Kingdom,866,373,2.3
2011-01-27,United Kingdom,2557,1895,1.68
2011-01-27,United Kingdom,1740,951,3.58
2011-01-28,United Kingdom,1608,1218,1.08
2011-01-28,United Kingdom,1473,858,3.75
2011-01-28,France,2029,1093,1.11
2011-01-28,United Kingdom,671,535,4.24
2011-01-28,United Kingdom,1726,858,3.87
2011-01-28,Sweden,832,615,1.08
2011-01-28,United Kingdom,1942,1061,1.51
2011-01-28,United Kingdom,1944,1143,3.4
2011-01-28,United Kingdom,764,519,3.26
2011-01-28,United Kingdom,185,130,3.6
2011-01-28,France,1902,1456,3.54
2011-01-28,United Kingdom,3043,2415,3.73
2011-01-28,United Kingdom,246,140,1.26
2011-01-28,United Kingdom,2478,1911,2.76
2011-01-28,United Kingdom,1342,614,1.08
2011-01-28,United Kingdom,1800,997,2.23
2011-01-28,United Kingdom,2108,1085,3.43
2011-01-28,United Kingdom,1008,783,1.57
2011-01-28,United Kingdom,1951,1446,3.73
2011-01-28,United Kingdom,2525,1132,3.6
2011-01-28,United Kingdom,3109,1383,2.82
2011-01-28,United Kingdom,2075,997,2.02
2011-01-28,United Kingdom,1121,622,3.3
2011-01-28,United Kingdom,1850,1170,1.47
2011-01-28,United Kingdom,1178,702,1.08
2011-01-28,United Kingdom,602,416,1.78
2011-01-28,United Kingdom,1288,579,2.67
2011-01-28,United Kingdom,3087,2258,1.05
2011-01-28,United Kingdom,205,95,2.34
2011-01-28,United Kingdom,1251,587,3.36
2011-01-28,United Kingdom,4203,2437,1.64
2011-01-28,France,100,68,4.29
2011-01-28,United Kingdom,100,72,1.29
2011-01-28,United Kingdom,720,313,3.3
2011-01-28,Germany,2508,1649,1.85
2011-01-28,United Kingdom,890,356,1.92
2011-01-28,United Kingdom,1372,588,2.31
2011-01-28,United Kingdom,1240,977,3.35
2011-01-28,Australia,1510,1074,1.01
2011-01-28,United Kingdom,3208,2564,2.6
2011-01-28,United Kingdom,1615,831,2.37
2011-01-28,United Kingdom,1238,868,4.27
2011-01-28,United Kingdom,869,480,1.61
2011-01-28,United Kingdom,1981,1384,2.99
2011-01-28,United Kingdom,1367,849,4.0
2011-01-28,United Kingdom,2292,1499,2.11
2011-01-28,United Kingdom,1518,887,4.27
2011-01-28,United Kingdom,2761,1784,4.18
2011-01-28,United Kingdom,834,395,1.97
2011-01-28,United Kingdom,1510,1091,2.65
2011-01-28,United Kingdom,2572,1599,2.11
2011-01-28,United Kingdom,365,250,3.69
2011-01-28,United Kingdom,632,476,1.58
2011-01-28,United Kingdom,470,199,1.12
2011-01-28,United Kingdom,494,362,2.08
2011-01-28,United Kingdom,1490,738,1.53
2011-01-28,United Kingdom,2062,1629,1.1
2011-01-28,United Kingdom,112,65,2.54
2011-01-28,United Kingdom,1606,857,1.23
2011-01-28,Switzerland,1957,1496,2.99
2011-01-28,United Kingdom,1061,739,3.71
2011-01-28,United Kingdom,1022,736,1.38
2011-01-28,United Kingdom,1662,1204,2.99
2011-01-28,United Kingdom,828,522,3.64
2011-01-28,United Kingdom,1417,599,3.79
2011-01-28,United Kingdom,1730,831,2.92
2011-01-28,United Kingdom,465,365,1.13
2011-01-30,United Kingdom,2071,1370,1.49
2011-01-30,United Kingdom,1413,1022,1.16
2011-01-30,United Kingdom,100,69,3.66
2011-01-30,United Kingdom,1478,721,3.29
2011-01-30,United Kingdom,3126,1268,3.63
2011-01-30,United Kingdom,2288,1246,4.03
2011-01-30,United Kingdom,1453,738,2.08
2011-01-30,United Kingdom,2320,1706,2.71
2011-01-30,United Kingdom,2182,1021,3.41
2011-01-30,United Kingdom,1420,743,4.3
2011-01-30,United Kingdom,1657,850,2.7
2011-01-30,United Kingdom,532,242,1.45
2011-01-30,United Kingdom,1632,962,4.04
2011-01-30,United Kingdom,3351,2027,2.63
2011-01-30,United Kingdom,2893,1596,3.07
2011-01-30,United Kingdom,280,155,4.13
2011-01-30,United Kingdom,1986,1297,4.16
2011-01-30,United Kingdom,815,564,1.19
2011-01-30,United Kingdom,1344,821,4.29
2011-01-30,United Kingdom,2594,1897,2.53
2011-01-30,United Kingdom,1922,1125,3.74
2011-01-30,United Kingdom,1325,579,3.54
2011-01-30,United Kingdom,1323,985,3.11
2011-01-30,United Kingdom,2142,1267,4.12
2011-01-31,United Kingdom,1078,473,3.68
2011-01-31,Germany,2549,1244,4.1
2011-01-31,United Kingdom,100,48,1.88
2011-01-31,United Kingdom,762,429,1.65
2011-01-31,United Kingdom,1580,885,1.92
2011-01-31,United Kingdom,2469,1392,1.02
2011-01-31,Germany,1290,858,1.92
2011-01-31,United Kingdom,1856,1035,4.3
2011-01-31,United Kingdom,1817,1353,2.9
2011-01-31,France,1567,1167,2.12
2011-01-31,United Kingdom,1522,945,3.66
2011-01-31,United Kingdom,2289,1501,2.82
2011-01-31,United Kingdom,1640,878,2.65
2011-01-31,United Kingdom,1260,965,2.99
2011-01-31,United Kingdom,1212,546,3.41
2011-01-31,United Kingdom,1909,1022,1.82
2011-01-31,United Kingdom,1654,1165,3.99
2011-01-31,United Kingdom,987,417,3.73
2011-01-31,United Kingdom,1465,966,1.72
2011-01-31,United Kingdom,100,54,2.89
2011-01-31,United Kingdom,333,212,1.62
2011-01-31,United Kingdom,121,72,3.26
2011-01-31,United Kingdom,100,48,2.39
2011-01-31,United Kingdom,2019,1233,2.49
2011-01-31,United Kingdom,859,497,2.57
2011-01-31,United Kingdom,2102,925,2.76
2011-01-31,United Kingdom,787,397,3.2
2011-01-31,Germany,1588,1029,1.49
2011-01-31,United Kingdom,100,41,3.03
2011-01-31,United Kingdom,1641,1191,2.08
2011-01-31,United Kingdom,830,591,3.78
2011-01-31,United Kingdom,1285,948,3.32
2011-01-31,United Kingdom,3001,1655,3.62
2011-01-31,United Kingdom,2505,1974,2.94
2011-01-31,United Kingdom,1970,1048,2.77
2011-01-31,United Kingdom,1436,584,1.83
2011-01-31,United Kingdom,2052,857,3.62
2011-01-31,United Kingdom,2347,1508,3.03
2011-01-31,United Kingdom,1702,779,4.02
2011-01-31,United Kingdom,1962,1166,4.43
2011-01-31,United Kingdom,714,361,3.25
2011-01-31,United Kingdom,1005,537,1.64
2011-01-31,United Kingdom,1866,1405,4.04
2011-01-31,United Kingdom,100,40,2.39
2011-01-31,United Kingdom,2260,1627,2.83
2011-01-31,Germany,1068,473,2.01
2011-01-31,France,100,75,1.93
2011-01-31,United Kingdom,1680,855,1.1
2011-01-31,United Kingdom,657,474,3.45
2011-01-31,United Kingdom,2099,915,3.43
2011-01-31,United Kingdom,1917,974,2.38
2011-01-31,United Kingdom,2245,963,1.54
2011-01-31,Netherlands,2541,1415,3.0
2011-01-31,United Kingdom,3447,2743,1.09
2011-01-31,United Kingdom,703,303,3.05
2011-01-31,United Kingdom,1066,469,2.05
2011-01-31,United Kingdom,1214,707,2.31
2011-01-31,United Kingdom,1284,1009,4.07
2011-01-31,United Kingdom,1502,877,3.66
2011-01-31,United Kingdom,2085,1354,3.71
2011-01-31,United Kingdom,972,394,1.21
2011-01-31,United Kingdom,1041,511,1.07
2011-01-31,United Kingdom,1956,1479,4.29
2011-01-31,United Kingdom,2761,1136,3.8
2011-01-31,United Kingdom,1165,538,3.64
2011-01-31,France,1479,805,1.66
2011-01-31,Channel Islands,2616,1289,2.1
2011-01-31,United Kingdom,2578,1676,2.73
2011-01-31,United Kingdom,1471,1006,2.03
2011-01-31,United Kingdom,100,53,4.29
2011-01-31,United Kingdom,1197,538,4.36
2011-01-31,United Kingdom,2342,969,3.93
2011-01-31,United Kingdom,2232,1761,4.43
2011-01-31,United Kingdom,1996,1240,4.36
2011-01-31,United Kingdom,1661,749,1.71
2011-01-31,United Kingdom,1707,692,1.99
2011-01-31,United Kingdom,727,325,1.4
2011-01-31,United Kingdom,1708,732,1.75
2011-01-31,United Kingdom,1718,1134,1.97
2011-01-31,United Kingdom,1479,807,4.26
2011-02-01,United Kingdom,284,213,2.16
2011-02-01,EIRE,967,628,2.12
2011-02-01,United Kingdom,1183,894,3.44
2011-02-01,United Kingdom,1487,806,4.16
2011-02-01,United Kingdom,1454,673,2.53
2011-02-01,Germany,1060,463,1.41
2011-02-01,Germany,2048,997,2.1
2011-02-01,United Kingdom,1069,497,3.12
2011-02-01,United Kingdom,1444,802,4.45
2011-02-01,United Kingdom,3150,2413,1.43
2011-02-01,United Kingdom,2406,1320,3.38
2011-02-01,United Kingdom,177,111,4.31
2011-02-01,United Kingdom,542,331,3.49
2011-02-01,United Kingdom,942,737,4.38
2011-02-01,United Kingdom,3084,1606,3.7
2011-02-01,United Kingdom,2011,1293,3.93
2011-02-01,United Kingdom,1182,904,1.49
2011-02-01,United Kingdom,2117,1400,1.21
2011-02-01,United Kingdom,1778,1259,3.55
2011-02-01,United Kingdom,1161,879,3.51
2011-02-01,United Kingdom,2211,937,1.79
2011-02-01,Germany,401,254,1.96
2011-02-01,United Kingdom,1754,1130,1.51
2011-02-01,United Kingdom,1729,1087,3.41
2011-02-01,United Kingdom,1495,804,3.84
2011-02-01,United Kingdom,1461,758,1.24
2011-02-01,United Kingdom,1233,676,1.21
2011-02-01,United Kingdom,2798,2063,2.87
2011-02-01,United Kingdom,1289,897,2.16
2011-02-01,United Kingdom,2266,1373,3.99
2011-02-01,United Kingdom,1552,913,4.12
2011-02-01,United Kingdom,100,77,2.8
2011-02-01,United Kingdom,2076,1397,3.01
2011-02-01,United Kingdom,968,524,4.34
2011-02-01,United Kingdom,1884,1216,2.72
2011-02-01,United Kingdom,2804,1980,4.12
2011-02-01,United Kingdom,2273,1328,2.59
2011-02-01,United Kingdom,2245,1450,4.03
2011-02-01,United Kingdom,1972,905,3.2
2011-02-01,United Kingdom,1568,1026,1.13
2011-02-01,United Kingdom,293,141,3.22
2011-02-01,United Kingdom,956,413,1.25
2011-02-01,United Kingdom,1462,770,3.73
2011-02-01,United Kingdom,952,556,1.31
2011-02-01,United Kingdom,2543,1587,3.83
2011-02-01,United Kingdom,1668,969,4.11
2011-02-01,United Kingdom,100,60,1.93
2011-02-01,United Kingdom,3365,1973,3.58
2011-02-01,United Kingdom,1514,921,4.1
2011-02-01,United Kingdom,2326,1454,2.06
2011-02-01,United Kingdom,1171,471,3.56
2011-02-01,United Kingdom,1524,831,2.33
2011-02-01,United Kingdom,2120,1397,2.36
2011-02-01,Austria,100,74,2.95
2011-02-01,United Kingdom,807,547,3.17
2011-02-01,United Kingdom,1808,902,4.42
2011-02-01,United Kingdom,2256,1159,4.12
2011-02-01,United Kingdom,1116,836,1.43
2011-02-01,United Kingdom,122,56,3.52
2011-02-01,United Kingdom,1535,1118,4.33
2011-02-01,Netherlands,1520,641,2.47
2011-02-01,United Kingdom,274,217,2.86
2011-02-01,United Kingdom,778,535,2.27
2011-02-01,United Kingdom,1878,1412,1.71
2011-02-01,United Kingdom,411,208,1.99
2011-02-01,United Kingdom,1747,1077,2.1
2011-02-01,United Kingdom,1162,676,3.65
2011-02-01,United Kingdom,1299,608,1.46
2011-02-01,United Kingdom,100,45,2.53
2011-02-01,United Kingdom,1005,496,1.37
2011-02-01,France,1776,1269,1.53
2011-02-01,Spain,1433,1026,3.92
2011-02-01,United Kingdom,910,504,3.89
2011-02-01,United Kingdom,779,358,3.72
2011-02-01,United Kingdom,1037,705,2.7
2011-02-01,United Kingdom,1063,603,2.84
2011-02-01,United Kingdom,2005,942,4.07
2011-02-01,Sweden,1576,1116,3.64
2011-02-01,United Kingdom,1554,639,1.39
2011-02-01,United Kingdom,1902,1366,1.31
2011-02-01,United Kingdom,2686,2051,2.27
2011-02-01,United Kingdom,512,388,2.44
2011-02-01,United Kingdom,1711,923,2.83
2011-02-01,United Kingdom,1266,748,3.94
2011-02-02,United Kingdom,1052,622,2.5
2011-02-02,United Kingdom,3022,1560,4.12
2011-02-02,France,1777,1413,4.4
2011-02-02,United Kingdom,731,363,4.12
2011-02-02,United Kingdom,536,280,1.24
2011-02-02,Germany,1370,901,1.96
2011-02-02,Germany,1467,755,1.48
2011-02-02,United Kingdom,2280,1509,1.14
2011-02-02,United Kingdom,962,541,3.17
2011-02-02,United Kingdom,1709,932,2.66
2011-02-02,United Kingdom,2242,1622,1.69
2011-02-02,United Kingdom,518,309,3.68
2011-02-02,United Kingdom,1202,586,3.84
2011-02-02,United Kingdom,572,383,1.92
2011-02-02,United Kingdom,1770,728,4.4
2011-02-02,United Kingdom,1425,1092,3.7
2011-02-02,United Kingdom,1795,834,1.98
2011-02-02,United Kingdom,2825,1377,3.4
2011-02-02,United Kingdom,1673,976,4.33
2011-02-02,United Kingdom,2731,2103,2.49
2011-02-02,United Kingdom,1158,801,2.33
2011-02-02,United Kingdom,1926,1357,1.82
2011-02-02,United Kingdom,743,522,3.26
2011-02-02,United Kingdom,1298,1008,2.25
2011-02-02,United Kingdom,2221,1011,4.43
2011-02-02,United Kingdom,2046,971,1.95
2011-02-02,United Kingdom,493,242,1.43
2011-02-02,United Kingdom,937,703,2.81
2011-02-02,United Kingdom,2348,1607,2.65
2011-02-02,United Kingdom,846,464,1.38
2011-02-02,United Kingdom,657,408,1.64
2011-02-02,United Kingdom,1144,697,2.14
2011-02-02,United Kingdom,1030,458,3.03
2011-02-02,United Kingdom,1982,1141,2.29
2011-02-02,United Kingdom,100,45,1.09
2011-02-02,United Kingdom,2256,1321,1.2
2011-02-02,United Kingdom,874,494,1.08
2011-02-02,United Kingdom,434,218,1.28
2011-02-02,United Kingdom,255,133,1.23
2011-02-02,United Kingdom,1688,917,4.09
2011-02-02,United Kingdom,430,330,2.9
2011-02-02,United Kingdom,500,341,4.21
2011-02-02,United Kingdom,1118,894,3.96
2011-02-02,United Kingdom,1191,584,2.36
2011-02-02,United Kingdom,1372,577,3.95
2011-02-02,United Kingdom,979,595,3.46
2011-02-02,EIRE,847,588,3.65
2011-02-02,United Kingdom,1382,692,1.25
2011-02-02,United Kingdom,1990,1197,1.97
2011-02-02,United Kingdom,809,551,2.95
2011-02-02,United Kingdom,2520,1377,3.67
2011-02-02,United Kingdom,929,504,1.8
2011-02-02,United Kingdom,2213,1567,3.15
2011-02-02,United Kingdom,962,609,2.34
2011-02-02,United Kingdom,1470,1007,3.43
2011-02-02,Austria,913,712,4.45
2011-02-02,United Kingdom,1005,684,1.24
2011-02-02,United Kingdom,389,297,2.96
2011-02-02,France,1603,945,3.17
2011-02-02,United Kingdom,2040,1521,3.99
2011-02-02,United Kingdom,2495,1226,3.42
2011-02-02,United Kingdom,2253,1106,3.93
2011-02-02,United Kingdom,1506,1086,3.33
2011-02-02,United Kingdom,1217,746,3.6
2011-02-02,United Kingdom,1520,1089,3.79
2011-02-02,Norway,2487,1264,1.04
2011-02-02,United Kingdom,2124,989,3.04
2011-02-02,United Kingdom,1994,1189,2.03
2011-02-02,United Kingdom,2429,1891,2.73
2011-02-02,United Kingdom,1611,1003,2.85
2011-02-02,United Kingdom,1721,901,3.4
2011-02-02,United Kingdom,1644,1263,3.48
2011-02-03,United Kingdom,2534,1160,2.94
2011-02-03,United Kingdom,802,544,1.6
2011-02-03,United Kingdom,100,53,4.37
2011-02-03,United Kingdom,1332,716,1.97
2011-02-03,Germany,949,422,2.54
2011-02-03,United Kingdom,1757,1397,1.04
2011-02-03,Germany,2541,1617,1.98
2011-02-03,United Kingdom,1632,898,2.7
2011-02-03,United Kingdom,1147,535,4.33
2011-02-03,United Kingdom,2094,1340,3.61
2011-02-03,United Kingdom,1720,752,1.12
2011-02-03,Spain,100,49,3.41
2011-02-03,Germany,1603,730,4.2
2011-02-03,United Kingdom,121,62,3.53
2011-02-03,United Kingdom,2326,1642,2.28
2011-02-03,United Kingdom,595,322,1.02
2011-02-03,United Kingdom,1443,969,2.32
2011-02-03,United Kingdom,100,66,2.61
2011-02-03,United Kingdom,2849,1901,3.77
2011-02-03,United Kingdom,2857,1799,3.2
2011-02-03,United Kingdom,2131,1661,3.09
2011-02-03,United Kingdom,2036,1514,1.69
2011-02-03,United Kingdom,141,75,4.23
2011-02-03,Netherlands,1172,563,1.09
2011-02-03,United Kingdom,1705,725,2.45
2011-02-03,United Kingdom,2140,1308,3.7
2011-02-03,United Kingdom,1642,938,2.26
2011-02-03,EIRE,2378,1858,4.36
2011-02-03,United Kingdom,2280,1632,1.3
2011-02-03,United Kingdom,1896,1418,3.75
2011-02-03,Belgium,2627,1328,1.97
2011-02-03,United Kingdom,2106,865,1.68
2011-02-03,United Kingdom,3770,2596,3.23
2011-02-03,Germany,1160,653,2.15
2011-02-03,United Kingdom,1435,968,3.25
2011-02-03,United Kingdom,2654,1161,3.47
2011-02-03,United Kingdom,1780,806,2.98
2011-02-03,United Kingdom,2716,1317,1.63
2011-02-03,United Kingdom,2420,1785,2.67
2011-02-03,United Kingdom,2198,1476,1.56
2011-02-03,United Kingdom,1939,1041,1.37
2011-02-03,United Kingdom,2060,1010,1.21
2011-02-03,United Kingdom,1986,913,1.85
2011-02-03,United Kingdom,1203,955,4.17
2011-02-03,United Kingdom,2051,1387,2.22
2011-02-03,United Kingdom,2276,1367,4.43
2011-02-03,United Kingdom,2115,1392,1.97
2011-02-03,United Kingdom,1671,1191,2.83
2011-02-03,United Kingdom,1459,967,1.75
2011-02-03,United Kingdom,664,467,1.39
2011-02-04,United Kingdom,1416,1077,1.31
2011-02-04,United Kingdom,1111,539,4.41
2011-02-04,United Kingdom,1774,1394,1.22
2011-02-04,United Kingdom,1178,550,2.34
2011-02-04,United Kingdom,1255,795,2.15
2011-02-04,United Kingdom,1254,522,3.19
2011-02-04,United Kingdom,1861,769,3.84
2011-02-04,United Kingdom,1928,1325,2.84
2011-02-04,United Kingdom,1901,1444,2.98
2011-02-04,Germany,1448,951,2.2
2011-02-04,United Kingdom,1396,722,4.49
2011-02-04,United Kingdom,809,354,3.57
2011-02-04,EIRE,1731,883,4.23
2011-02-04,Japan,2644,1403,1.71
2011-02-04,Japan,1685,1024,1.05
2011-02-04,Switzerland,1828,954,2.14
2011-02-04,Switzerland,1971,1320,1.91
2011-02-04,United Kingdom,550,415,4.12
2011-02-04,United Kingdom,2272,1039,1.47
2011-02-04,United Kingdom,668,390,2.97
2011-02-04,United Kingdom,193,96,2.43
2011-02-04,United Kingdom,2114,1672,4.18
2011-02-04,United Kingdom,1682,1286,3.83
2011-02-04,United Kingdom,2083,1648,2.64
2011-02-04,France,1670,757,2.92
2011-02-04,United Kingdom,1714,1023,4.39
2011-02-04,United Kingdom,461,259,2.31
2011-02-04,United Kingdom,1331,750,1.24
2011-02-04,United Kingdom,2358,1596,4.25
2011-02-04,United Kingdom,954,478,4.49
2011-02-04,United Kingdom,1672,867,4.09
2011-02-04,United Kingdom,1569,805,2.99
2011-02-04,United Kingdom,1927,1204,1.72
2011-02-04,United Kingdom,658,520,1.56
2011-02-04,United Kingdom,2518,2002,3.4
2011-02-04,United Kingdom,1638,998,2.72
2011-02-04,United Kingdom,100,78,1.04
2011-02-04,Poland,1571,1189,1.87
2011-02-04,United Kingdom,1697,1084,2.66
2011-02-04,United Kingdom,1935,1136,2.28
2011-02-04,United Kingdom,965,711,1.7
2011-02-04,United Kingdom,145,66,1.39
2011-02-04,United Kingdom,1688,778,1.17
2011-02-04,United Kingdom,2377,1478,2.3
2011-02-04,United Kingdom,1800,1179,3.65
2011-02-04,United Kingdom,1966,1200,1.39
2011-02-04,United Kingdom,2233,1225,3.48
2011-02-04,United Kingdom,1215,535,3.37
2011-02-04,United Kingdom,1557,995,3.65
2011-02-04,United Kingdom,1453,1094,3.96
2011-02-04,United Kingdom,1319,939,4.21
2011-02-04,United Kingdom,1438,1022,2.98
2011-02-04,United Kingdom,1252,600,4.24
2011-02-04,United Kingdom,1664,988,4.04
2011-02-04,United Kingdom,2527,1416,1.57
2011-02-04,United Kingdom,1075,584,1.44
2011-02-04,United Kingdom,2828,1884,1.38
2011-02-04,United Kingdom,100,64,2.95
2011-02-04,United Kingdom,270,159,1.75
2011-02-04,United Kingdom,952,613,2.6
2011-02-04,United Kingdom,3167,1419,3.58
2011-02-04,United Kingdom,714,394,1.03
2011-02-04,United Kingdom,2492,1693,2.24
2011-02-04,United Kingdom,1615,789,1.18
2011-02-04,United Kingdom,100,57,3.85
2011-02-04,United Kingdom,1763,1136,2.43
2011-02-04,United Kingdom,1438,678,2.02
2011-02-04,United Kingdom,1077,594,4.43
2011-02-06,United Kingdom,2260,1558,1.43
2011-02-06,United Kingdom,2919,1229,3.34
2011-02-06,United Kingdom,2546,1200,1.42
2011-02-06,United Kingdom,1128,888,2.22
2011-02-06,United Kingdom,788,418,3.7
2011-02-06,United Kingdom,802,456,1.49
2011-02-06,United Kingdom,1224,974,1.5
2011-02-06,United Kingdom,1233,694,2.8
2011-02-06,United Kingdom,2645,1821,3.95
2011-02-06,United Kingdom,1711,900,3.69
2011-02-06,United Kingdom,2255,1564,3.35
2011-02-07,United Kingdom,924,699,1.05
2011-02-07,United Kingdom,803,530,3.2
2011-02-07,United Kingdom,100,47,2.26
2011-02-07,United Kingdom,1294,694,2.29
2011-02-07,United Kingdom,2515,1478,4.26
2011-02-07,United Kingdom,1801,875,3.46
2011-02-07,United Kingdom,692,428,3.14
2011-02-07,United Kingdom,307,237,2.63
2011-02-07,United Kingdom,2954,1831,1.82
2011-02-07,United Kingdom,1028,665,2.84
2011-02-07,United Kingdom,1569,920,3.74
2011-02-07,United Kingdom,1353,909,2.73
2011-02-07,United Kingdom,705,355,3.88
2011-02-07,United Kingdom,654,517,2.83
2011-02-07,United Kingdom,1689,785,4.47
2011-02-07,United Kingdom,1698,1050,4.22
2011-02-07,United Kingdom,1948,968,2.99
2011-02-07,United Kingdom,2348,1740,1.44
2011-02-07,United Kingdom,1782,910,3.13
2011-02-07,United Kingdom,972,684,3.04
2011-02-07,United Kingdom,979,719,2.23
2011-02-07,Germany,1077,526,2.09
2011-02-07,United Kingdom,2759,1364,1.34
2011-02-07,United Kingdom,1309,550,4.33
2011-02-07,Cyprus,1189,785,3.35
2011-02-07,United Kingdom,308,170,1.16
2011-02-07,United Kingdom,2585,1332,3.42
2011-02-07,United Kingdom,100,70,4.46
2011-02-07,United Kingdom,1878,1126,2.52
2011-02-07,United Kingdom,1496,873,1.55
2011-02-07,Australia,1833,736,3.47
2011-02-07,United Kingdom,2652,1115,2.23
2011-02-07,United Kingdom,2274,1046,2.61
2011-02-07,United Kingdom,888,431,1.36
2011-02-07,United Kingdom,3060,2035,4.32
2011-02-07,United Kingdom,617,345,2.13
2011-02-07,Cyprus,1238,527,1.83
2011-02-07,United Kingdom,987,729,2.3
2011-02-07,Australia,913,557,3.16
2011-02-07,United Kingdom,1653,822,2.88
2011-02-07,United Kingdom,962,559,2.02
2011-02-07,Australia,1622,954,1.14
2011-02-07,Australia,1921,1226,3.17
2011-02-07,United Kingdom,473,249,4.37
2011-02-07,United Kingdom,1574,905,3.02
2011-02-07,United Kingdom,1445,836,1.67
2011-02-07,United Kingdom,1211,853,3.44
2011-02-07,United Kingdom,577,406,3.57
2011-02-07,United Kingdom,2601,1664,3.75
2011-02-07,United Kingdom,2657,1119,3.47
2011-02-07,United Kingdom,1565,1108,1.19
2011-02-08,United Kingdom,952,653,3.65
2011-02-08,Netherlands,991,511,4.42
2011-02-08,Netherlands,2955,1615,3.48
2011-02-08,United Kingdom,2461,1398,3.28
2011-02-08,United Kingdom,709,290,1.59
2011-02-08,United Kingdom,2339,1622,3.79
2011-02-08,United Kingdom,1574,957,2.5
2011-02-08,United Kingdom,1724,1257,1.46
2011-02-08,United Kingdom,288,209,1.33
2011-02-08,United Kingdom,1799,1059,1.23
2011-02-08,United Kingdom,3405,2170,1.33
2011-02-08,United Kingdom,1379,923,2.02
2011-02-08,United Kingdom,2292,1074,2.99
2011-02-08,Poland,3094,1608,2.4
2011-02-08,United Kingdom,1425,1011,1.59
2011-02-08,United Kingdom,1681,1260,2.67
2011-02-08,Germany,407,323,4.44
2011-02-08,EIRE,1596,700,4.24
2011-02-08,Germany,1586,909,3.11
2011-02-08,United Kingdom,1177,807,1.92
2011-02-08,United Kingdom,1499,932,2.78
2011-02-08,United Kingdom,1362,885,3.1
2011-02-08,United Kingdom,602,477,1.23
2011-02-08,United Kingdom,1178,533,1.99
2011-02-08,United Kingdom,591,327,2.44
2011-02-08,United Kingdom,1704,816,2.54
2011-02-08,United Kingdom,2375,1626,2.2
2011-02-08,United Kingdom,471,353,4.38
2011-02-08,United Kingdom,2111,1664,1.53
2011-02-08,France,337,138,3.34
2011-02-08,United Kingdom,1572,768,2.48
2011-02-08,United Kingdom,1100,778,2.37
2011-02-08,United Kingdom,895,530,1.54
2011-02-08,United Kingdom,1058,494,1.65
2011-02-08,United Kingdom,713,521,3.93
2011-02-08,United Kingdom,100,67,3.45
2011-02-08,United Kingdom,1240,789,1.96
2011-02-08,United Kingdom,1327,672,1.89
2011-02-08,United Kingdom,2232,1486,2.72
2011-02-08,Germany,1901,1186,2.23
2011-02-08,United Kingdom,655,440,3.07
2011-02-08,United Kingdom,1890,1075,1.16
2011-02-08,United Kingdom,1879,1447,3.48
2011-02-08,United Kingdom,1132,655,1.9
2011-02-08,United Kingdom,2031,1184,4.29
2011-02-08,United Kingdom,1275,892,3.99
2011-02-08,United Kingdom,799,402,2.31
2011-02-08,United Kingdom,100,47,2.92
2011-02-08,United Kingdom,1537,651,3.94
2011-02-08,United Kingdom,1594,857,4.08
2011-02-08,United Kingdom,346,159,2.67
2011-02-08,United Kingdom,2120,1515,2.64
2011-02-09,United Kingdom,2209,1282,1.49
2011-02-09,France,1026,506,1.31
2011-02-09,United Kingdom,1158,520,1.93
2011-02-09,United Kingdom,1829,1015,2.21
2011-02-09,United Kingdom,1487,708,3.9
2011-02-09,Germany,2511,1196,3.54
2011-02-09,United Kingdom,959,606,4.33
2011-02-09,Japan,284,206,2.26
2011-02-09,United Kingdom,1175,582,3.29
2011-02-09,United Kingdom,2252,1594,2.41
2011-02-09,United Kingdom,2705,1223,1.09
2011-02-09,United Kingdom,662,340,3.02
2011-02-09,United Kingdom,1815,992,1.03
2011-02-09,United Kingdom,2226,1709,3.14
2011-02-09,United Kingdom,1408,788,2.39
2011-02-09,United Kingdom,1289,979,2.11
2011-02-09,United Kingdom,1685,938,1.83
2011-02-09,United Kingdom,1105,676,1.66
2011-02-09,United Kingdom,1872,1308,4.4
2011-02-09,United Kingdom,1809,784,1.54
2011-02-09,Belgium,352,190,2.26
2011-02-09,United Kingdom,4007,2747,2.32
2011-02-09,United Kingdom,2003,880,1.18
2011-02-09,United Kingdom,3146,2084,2.16
2011-02-09,Spain,1554,1173,1.3
2011-02-09,United Kingdom,1652,739,3.19
2011-02-09,United Kingdom,1160,570,2.81
2011-02-09,United Kingdom,1708,986,4.38
2011-02-09,United Kingdom,615,350,1.87
2011-02-09,United Kingdom,2120,968,1.01
2011-02-09,United Kingdom,1667,1272,1.02
2011-02-10,United Kingdom,1072,842,4.08
2011-02-10,United Kingdom,1009,581,2.47
2011-02-10,Germany,100,60,1.73
2011-02-10,United Kingdom,1409,1126,1.45
2011-02-10,United Kingdom,1736,1156,3.6
2011-02-10,United Kingdom,2056,853,1.47
2011-02-10,United Kingdom,1787,1155,3.06
2011-02-10,United Kingdom,100,40,3.44
2011-02-10,United Kingdom,2561,1969,4.41
2011-02-10,United Kingdom,995,678,4.23
2011-02-10,Germany,3923,2280,1.8
2011-02-10,United Kingdom,1949,966,2.01
2011-02-10,United Kingdom,1312,760,1.4
2011-02-10,United Kingdom,2013,1314,1.11
2011-02-10,United Kingdom,1435,797,3.08
2011-02-10,United Kingdom,2947,1307,1.04
2011-02-10,United Kingdom,1473,811,4.48
2011-02-10,United Kingdom,1279,555,1.28
2011-02-10,United Kingdom,100,62,1.43
2011-02-10,United Kingdom,724,519,1.11
2011-02-10,United Kingdom,1559,768,1.7
2011-02-10,United Kingdom,2289,1503,3.5
2011-02-10,United Kingdom,2623,1631,3.12
2011-02-10,United Kingdom,1173,798,4.36
2011-02-10,United Kingdom,1205,758,3.84
2011-02-10,United Kingdom,1523,792,2.12
2011-02-10,United Kingdom,1560,777,1.22
2011-02-10,United Kingdom,670,288,2.83
2011-02-10,United Kingdom,2423,1278,3.78
2011-02-10,United Kingdom,670,357,4.26
2011-02-10,United Kingdom,1941,1529,2.08
2011-02-10,United Kingdom,615,420,4.39
2011-02-10,United Kingdom,100,68,2.82
2011-02-10,United Kingdom,1378,1080,2.18
2011-02-10,United Kingdom,887,431,1.4
2011-02-10,United Kingdom,1200,483,3.98
2011-02-10,United Kingdom,1739,696,2.88
2011-02-10,United Kingdom,166,104,3.24
2011-02-10,United Kingdom,2625,1222,2.69
2011-02-10,United Kingdom,766,330,4.09
2011-02-10,United Kingdom,1129,552,3.1
2011-02-10,France,518,240,3.97
2011-02-10,United Kingdom,1098,865,1.3
2011-02-10,United Kingdom,2964,2104,3.54
2011-02-10,United Kingdom,1687,710,3.22
2011-02-10,United Kingdom,2372,1492,4.25
2011-02-10,United Kingdom,2430,1634,2.12
2011-02-10,United Kingdom,1897,1089,3.71
2011-02-10,United Kingdom,1316,919,2.62
2011-02-10,United Kingdom,1467,748,1.96
2011-02-10,United Kingdom,861,579,3.83
2011-02-10,United Kingdom,2081,863,2.78
2011-02-10,United Kingdom,2233,1642,1.46
2011-02-10,United Kingdom,1801,1396,2.67
2011-02-10,United Kingdom,2315,1194,2.24
2011-02-10,United Kingdom,898,592,4.03
2011-02-10,United Kingdom,1493,645,3.48
2011-02-10,United Kingdom,1365,1050,4.47
2011-02-10,United Kingdom,3247,1411,4.17
2011-02-10,United Kingdom,1173,528,2.84
2011-02-10,United Kingdom,2445,986,2.35
2011-02-10,United Kingdom,1128,616,3.94
2011-02-10,United Kingdom,1257,772,1.53
2011-02-10,United Kingdom,1282,1019,3.57
2011-02-11,United Kingdom,428,331,3.51
2011-02-11,United Kingdom,342,144,1.53
2011-02-11,United Kingdom,3145,2192,3.81
2011-02-11,United Kingdom,1834,1183,2.84
2011-02-11,United Kingdom,1678,1282,4.05
2011-02-11,United Kingdom,2124,1509,1.3
2011-02-11,United Kingdom,993,630,3.66
2011-02-11,United Kingdom,1490,1184,4.19
2011-02-11,United Kingdom,1645,781,1.8
2011-02-11,United Kingdom,1875,1442,3.57
2011-02-11,Germany,908,623,3.82
2011-02-11,United Kingdom,669,464,1.8
2011-02-11,United Kingdom,840,650,4.45
2011-02-11,United Kingdom,980,727,2.16
2011-02-11,United Kingdom,949,697,3.98
2011-02-11,United Kingdom,1450,667,1.44
2011-02-11,United Kingdom,2358,1061,1.21
2011-02-11,United Kingdom,257,181,2.21
2011-02-11,United Kingdom,1356,935,3.93
2011-02-11,United Kingdom,1478,679,2.6
2011-02-11,United Kingdom,1548,672,1.04
2011-02-11,United Kingdom,1456,718,2.12
2011-02-11,United Kingdom,481,358,1.36
2011-02-11,United Kingdom,1701,897,2.0
2011-02-11,United Kingdom,100,51,3.27
2011-02-11,United Kingdom,1205,862,3.45
2011-02-11,United Kingdom,641,453,1.76
2011-02-11,United Kingdom,1360,596,2.57
2011-02-11,United Kingdom,1722,1193,1.87
2011-02-11,Belgium,2799,1582,2.7
2011-02-11,United Kingdom,2389,1390,1.09
2011-02-11,United Kingdom,1553,951,3.87
2011-02-11,United Kingdom,1823,1212,3.16
2011-02-11,Germany,1778,1177,1.6
2011-02-11,United Kingdom,2286,920,4.13
2011-02-11,United Kingdom,826,657,4.24
2011-02-11,United Kingdom,1934,971,2.57
2011-02-11,United Kingdom,100,77,4.5
2011-02-11,United Kingdom,868,355,3.58
2011-02-11,Italy,793,369,3.57
2011-02-11,United Kingdom,2949,1201,2.43
2011-02-11,United Kingdom,1206,905,2.48
2011-02-11,United Kingdom,1845,1454,3.21
2011-02-11,United Kingdom,2354,1851,2.2
2011-02-11,United Kingdom,961,426,3.64
2011-02-11,United Kingdom,1553,1163,1.27
2011-02-11,United Kingdom,1297,1023,1.73
2011-02-11,United Kingdom,1174,862,2.77
2011-02-11,United Kingdom,960,515,2.62
2011-02-11,United Kingdom,2893,2018,2.53
2011-02-11,United Kingdom,1826,980,2.13
2011-02-11,United Kingdom,2132,1476,3.91
2011-02-11,United Kingdom,817,652,2.51
2011-02-11,United Kingdom,540,350,4.04
2011-02-11,United Kingdom,1975,1493,1.32
2011-02-11,United Kingdom,2004,1155,2.28
2011-02-11,United Kingdom,2161,1122,4.45
2011-02-11,United Kingdom,1683,824,4.21
2011-02-11,United Kingdom,545,365,1.07
2011-02-11,United Kingdom,2022,1223,2.01
2011-02-11,United Kingdom,1149,470,1.85
2011-02-11,United Kingdom,100,57,3.69
2011-02-11,United Kingdom,710,489,1.05
2011-02-11,United Kingdom,1266,800,2.8
2011-02-11,United Kingdom,182,100,3.16
2011-02-11,Switzerland,1453,696,2.83
2011-02-11,United Kingdom,360,229,3.73
2011-02-11,United Kingdom,1864,1407,1.12
2011-02-11,United Kingdom,2091,1628,2.51
2011-02-11,United Kingdom,489,389,4.15
2011-02-11,United Kingdom,100,66,2.66
2011-02-11,United Kingdom,1406,732,2.2
2011-02-11,United Kingdom,1456,815,2.95
2011-02-11,United Kingdom,2499,1832,2.83
2011-02-11,United Kingdom,1427,918,1.96
2011-02-11,United Kingdom,1615,825,1.66
2011-02-11,United Kingdom,993,486,2.66
2011-02-11,United Kingdom,302,135,4.34
2011-02-11,United Kingdom,2463,998,1.81
2011-02-11,United Kingdom,1232,773,1.69
2011-02-11,United Kingdom,1791,1402,1.08
2011-02-11,United Kingdom,1549,1018,2.14
2011-02-11,United Kingdom,794,592,1.1
2011-02-11,United Kingdom,192,118,1.65
2011-02-11,United Kingdom,1820,961,1.49
2011-02-13,United Kingdom,422,198,2.69
2011-02-13,United Kingdom,2177,957,2.83
2011-02-13,United Kingdom,2247,1098,2.25
2011-02-13,United Kingdom,1136,676,1.61
2011-02-13,United Kingdom,2430,1813,1.76
2011-02-13,United Kingdom,1132,821,2.03
2011-02-13,United Kingdom,554,301,1.9
2011-02-13,United Kingdom,1116,517,4.36
2011-02-13,United Kingdom,2712,1314,3.39
2011-02-13,United Kingdom,1505,671,2.61
2011-02-13,United Kingdom,1761,806,2.59
2011-02-13,United Kingdom,100,43,2.68
2011-02-13,United Kingdom,1276,942,2.81
2011-02-13,United Kingdom,1566,786,4.04
2011-02-13,United Kingdom,1402,973,2.61
2011-02-13,United Kingdom,2705,1624,4.48
2011-02-13,United Kingdom,252,101,2.61
2011-02-13,United Kingdom,1945,1498,4.2
2011-02-13,United Kingdom,1572,868,1.87
2011-02-13,United Kingdom,325,159,2.32
2011-02-13,United Kingdom,514,296,2.64
2011-02-13,United Kingdom,239,111,4.24
2011-02-13,United Kingdom,2109,876,3.26
2011-02-13,United Kingdom,2042,1077,2.48
2011-02-14,United Kingdom,1287,753,4.15
2011-02-14,Spain,1033,717,4.27
2011-02-14,United Kingdom,2193,1674,1.04
2011-02-14,United Kingdom,303,238,1.85
2011-02-14,United Kingdom,2287,1039,3.28
2011-02-14,United Kingdom,100,48,2.48
2011-02-14,United Kingdom,1139,585,1.44
2011-02-14,EIRE,2224,938,4.11
2011-02-14,United Kingdom,100,74,2.12
2011-02-14,Germany,1414,818,1.65
2011-02-14,United Kingdom,857,396,3.47
2011-02-14,United Kingdom,2500,1312,2.69
2011-02-14,Germany,722,530,3.64
2011-02-14,France,1532,1059,4.23
2011-02-14,United Kingdom,1283,682,1.41
2011-02-14,United Kingdom,1144,882,2.87
2011-02-14,United Kingdom,3121,1536,4.13
2011-02-14,United Kingdom,827,458,3.23
2011-02-14,United Kingdom,1217,590,3.59
2011-02-14,United Kingdom,1381,562,2.02
2011-02-14,United Kingdom,322,137,3.91
2011-02-14,United Kingdom,2558,1729,3.21
2011-02-14,United Kingdom,1536,674,1.37
2011-02-14,EIRE,1052,557,2.09
2011-02-14,Germany,1011,528,3.8
2011-02-14,United Kingdom,1689,970,1.07
2011-02-14,United Kingdom,1871,1077,1.22
2011-02-14,United Kingdom,2143,1440,4.14
2011-02-14,United Kingdom,1974,962,2.84
2011-02-14,United Kingdom,100,41,1.77
2011-02-14,United Arab Emirates,292,183,3.33
2011-02-14,United Kingdom,100,55,3.15
2011-02-14,United Kingdom,2339,1445,1.53
2011-02-14,United Kingdom,946,463,1.25
2011-02-14,United Kingdom,1530,695,3.49
2011-02-14,United Kingdom,1959,800,4.25
2011-02-14,United Kingdom,1381,876,3.0
2011-02-14,United Kingdom,2664,2014,1.15
2011-02-14,United Kingdom,100,40,3.34
2011-02-14,United Kingdom,1777,788,2.13
2011-02-14,United Kingdom,1899,1048,2.79
2011-02-14,United Kingdom,315,218,3.63
2011-02-14,United Kingdom,2721,1655,2.14
2011-02-14,United Kingdom,1668,829,1.68
2011-02-14,United Kingdom,626,308,3.56
2011-02-14,United Kingdom,753,356,3.56
2011-02-14,United Kingdom,462,233,3.29
2011-02-14,United Kingdom,703,457,4.02
2011-02-14,United Kingdom,2872,1544,4.4
2011-02-14,United Kingdom,799,502,2.69
2011-02-14,United Kingdom,1037,563,3.36
2011-02-14,United Kingdom,2325,1410,3.82
2011-02-15,United Kingdom,1419,843,1.64
2011-02-15,United Kingdom,1730,1279,1.1
2011-02-15,United Kingdom,1093,828,3.06
2011-02-15,United Kingdom,1496,657,1.21
2011-02-15,United Kingdom,908,546,1.88
2011-02-15,United Kingdom,1695,1066,4.36
2011-02-15,United Kingdom,2562,1143,4.3
2011-02-15,United Kingdom,844,643,2.46
2011-02-15,Australia,1917,1242,3.01
2011-02-15,United Kingdom,1450,582,3.58
2011-02-15,United Kingdom,1980,1280,1.29
2011-02-15,France,1153,902,1.61
2011-02-15,United Kingdom,1487,825,1.13
2011-02-15,United Kingdom,1724,1306,1.64
2011-02-15,United Kingdom,2214,1583,4.35
2011-02-15,United Kingdom,1780,916,2.86
2011-02-15,United Kingdom,895,412,1.17
2011-02-15,United Kingdom,656,392,1.46
2011-02-15,United Kingdom,1302,798,3.24
2011-02-15,United Kingdom,1936,1124,2.32
2011-02-15,United Kingdom,2293,1557,1.93
2011-02-15,United Kingdom,2274,1574,2.83
2011-02-15,United Kingdom,1431,575,1.24
2011-02-15,United Kingdom,2172,1239,4.35
2011-02-15,United Kingdom,1106,829,2.51
2011-02-15,United Kingdom,784,574,3.21
2011-02-15,United Kingdom,347,190,3.11
2011-02-15,United Kingdom,1693,887,1.88
2011-02-15,United Kingdom,2291,1151,2.19
2011-02-15,United Kingdom,817,355,2.13
2011-02-15,United Kingdom,1602,1274,1.22
2011-02-15,United Kingdom,2219,1056,2.64
2011-02-15,United Kingdom,2276,1736,4.4
2011-02-15,United Kingdom,1973,996,3.73
2011-02-15,United Kingdom,877,650,3.22
2011-02-15,United Kingdom,970,430,1.87
2011-02-15,United Kingdom,965,422,3.72
2011-02-15,United Kingdom,695,435,1.0
2011-02-15,United Kingdom,1773,1157,2.74
2011-02-15,United Kingdom,447,197,2.92
2011-02-15,United Kingdom,2376,1593,3.49
2011-02-15,United Kingdom,1446,1030,2.71
2011-02-15,United Kingdom,1796,1357,4.18
2011-02-15,United Kingdom,1128,704,2.85
2011-02-15,United Kingdom,1645,1000,2.51
2011-02-15,United Kingdom,1797,1104,4.08
2011-02-15,United Kingdom,1444,763,2.12
2011-02-15,France,1670,736,1.86
2011-02-15,United Kingdom,2310,1692,1.9
2011-02-15,United Kingdom,2006,1079,3.54
2011-02-15,United Kingdom,1299,635,2.03
2011-02-15,Channel Islands,2115,1371,3.4
2011-02-15,EIRE,130,65,1.71
2011-02-15,EIRE,1376,1097,3.16
2011-02-15,United Kingdom,100,74,3.09
2011-02-15,United Kingdom,453,347,1.34
2011-02-15,United Kingdom,1407,685,2.91
2011-02-15,United Kingdom,2351,1300,1.47
2011-02-15,United Kingdom,1094,701,4.02
2011-02-15,United Kingdom,1588,1194,1.5
2011-02-15,United Kingdom,2051,1227,3.63
2011-02-15,United Kingdom,1467,897,3.72
2011-02-15,United Kingdom,1092,503,4.42
2011-02-15,United Kingdom,1516,1084,3.25
2011-02-15,United Kingdom,820,639,2.22
2011-02-15,United Kingdom,3053,2266,1.13
2011-02-15,United Kingdom,1748,1176,3.4
2011-02-16,United Kingdom,1863,882,1.05
2011-02-16,United Kingdom,1021,757,3.97
2011-02-16,United Kingdom,1281,564,1.32
2011-02-16,United Kingdom,1260,823,2.66
2011-02-16,United Kingdom,1090,485,2.9
2011-02-16,United Kingdom,1308,858,1.74
2011-02-16,United Kingdom,2111,1571,1.42
2011-02-16,Cyprus,1288,621,2.11
2011-02-16,United Kingdom,2428,1255,1.53
2011-02-16,United Kingdom,1575,737,2.51
2011-02-16,United Kingdom,1652,1008,3.79
2011-02-16,United Kingdom,1511,923,3.86
2011-02-16,United Kingdom,1804,823,1.77
2011-02-16,United Kingdom,1785,1367,2.77
2011-02-16,United Kingdom,1282,987,4.15
2011-02-16,United Kingdom,1175,609,3.38
2011-02-16,United Kingdom,1287,834,1.6
2011-02-16,United Kingdom,2461,1091,2.21
2011-02-16,United Kingdom,452,202,4.12
2011-02-16,United Kingdom,139,75,3.49
2011-02-16,United Kingdom,2562,1640,1.54
2011-02-16,France,670,360,2.96
2011-02-16,France,1040,700,1.91
2011-02-16,United Kingdom,1225,558,1.2
2011-02-16,United Kingdom,1958,980,1.9
2011-02-16,United Kingdom,1297,706,1.36
2011-02-16,United Kingdom,2294,1108,4.02
2011-02-16,United Kingdom,1440,830,1.38
2011-02-16,United Kingdom,1501,667,3.94
2011-02-16,United Kingdom,1412,828,2.1
2011-02-16,United Kingdom,1631,707,3.58
2011-02-16,United Kingdom,1850,1176,1.6
2011-02-16,United Kingdom,1552,670,4.22
2011-02-16,Norway,879,392,4.17
2011-02-16,Denmark,1640,1243,2.7
2011-02-16,United Kingdom,889,550,2.88
2011-02-16,United Kingdom,3090,2114,2.52
2011-02-16,United Kingdom,2143,1508,3.51
2011-02-16,United Kingdom,937,500,2.03
2011-02-16,United Kingdom,2217,1104,3.06
2011-02-16,United Kingdom,1709,895,3.98
2011-02-16,United Kingdom,1370,814,1.53
2011-02-16,United Kingdom,1999,1362,2.58
2011-02-16,United Kingdom,1404,788,3.37
2011-02-16,United Kingdom,2556,1370,4.39
2011-02-16,United Kingdom,2331,1023,2.58
2011-02-16,United Kingdom,2672,1319,3.42
2011-02-16,United Kingdom,1913,1476,1.71
2011-02-16,United Kingdom,2062,1220,3.14
2011-02-16,United Kingdom,3465,1958,3.77
2011-02-16,United Kingdom,436,287,3.58
2011-02-16,United Kingdom,2279,987,1.81
2011-02-16,United Kingdom,1394,966,2.42
2011-02-16,United Kingdom,1791,1158,2.51
2011-02-16,United Kingdom,694,419,3.68
2011-02-16,United Kingdom,2592,1819,1.58
2011-02-16,United Kingdom,1154,639,3.83
2011-02-16,United Kingdom,1128,869,3.64
2011-02-16,United Kingdom,1862,982,3.38
2011-02-16,United Kingdom,2181,1308,3.05
2011-02-16,United Kingdom,1729,903,1.42
2011-02-16,United Kingdom,3085,1383,1.49
2011-02-16,United Kingdom,352,187,3.0
2011-02-16,United Kingdom,1817,1117,3.27
2011-02-17,Belgium,993,625,1.85
2011-02-17,United Kingdom,1450,1014,1.64
2011-02-17,United Kingdom,745,398,3.62
2011-02-17,United Kingdom,100,50,2.74
2011-02-17,United Kingdom,1838,998,3.41
2011-02-17,United Kingdom,2308,1616,2.85
2011-02-17,United Kingdom,2016,1238,1.94
2011-02-17,France,612,298,4.23
2011-02-17,United Kingdom,1320,776,3.85
2011-02-17,United Kingdom,853,405,3.59
2011-02-17,Belgium,1188,650,4.46
2011-02-17,United Kingdom,677,330,3.81
2011-02-17,United Kingdom,1363,941,1.74
2011-02-17,United Kingdom,100,73,3.53
2011-02-17,United Kingdom,2050,984,2.73
2011-02-17,United Kingdom,1023,765,3.3
2011-02-17,EIRE,1374,784,4.13
2011-02-17,United Kingdom,2591,2069,4.34
2011-02-17,United Kingdom,368,268,4.39
2011-02-17,United Kingdom,602,457,4.26
2011-02-17,United Kingdom,1406,972,3.19
2011-02-17,United Kingdom,1140,783,1.18
2011-02-17,United Kingdom,2170,1263,3.02
2011-02-17,United Kingdom,2395,1068,3.7
2011-02-17,Germany,1290,809,3.54
2011-02-17,United Kingdom,100,54,4.3
2011-02-17,United Kingdom,1968,1013,3.13
2011-02-17,United Kingdom,1573,1195,4.32
2011-02-17,United Kingdom,1335,724,2.31
2011-02-17,United Kingdom,1162,726,4.32
2011-02-17,United Kingdom,1666,920,3.33
2011-02-17,United Kingdom,1575,1145,3.64
2011-02-17,United Kingdom,755,485,3.52
2011-02-17,United Kingdom,2509,1005,2.41
2011-02-17,United Kingdom,1542,1152,2.99
2011-02-17,United Kingdom,1560,1078,3.66
2011-02-17,United Kingdom,1656,762,2.96
2011-02-17,Germany,2021,1526,1.97
2011-02-17,United Kingdom,2759,1791,4.42
2011-02-17,United Kingdom,728,356,2.5
2011-02-17,United Kingdom,1430,727,1.66
2011-02-17,United Kingdom,2014,1249,4.23
2011-02-17,United Kingdom,1940,1424,2.26
2011-02-17,United Kingdom,603,290,3.49
2011-02-17,United Kingdom,746,549,2.36
2011-02-17,United Kingdom,489,252,2.35
2011-02-17,United Kingdom,100,44,2.37
2011-02-17,United Kingdom,1184,864,2.8
2011-02-17,United Kingdom,2658,1596,2.93
2011-02-17,United Kingdom,2687,1552,1.28
2011-02-17,United Kingdom,2330,1655,2.61
2011-02-17,United Kingdom,1525,641,1.03
2011-02-17,United Kingdom,2088,1232,1.5
2011-02-17,United Kingdom,1938,888,3.49
2011-02-17,United Kingdom,1457,771,1.8
2011-02-17,United Kingdom,1931,1386,1.29
2011-02-17,United Kingdom,751,330,1.55
2011-02-17,United Kingdom,2518,1850,1.45
2011-02-17,United Kingdom,100,40,1.52
2011-02-17,United Kingdom,423,327,2.91
2011-02-17,United Kingdom,1735,866,2.21
2011-02-17,United Kingdom,1007,489,2.64
2011-02-17,United Kingdom,2035,1215,3.46
2011-02-17,Cyprus,739,533,2.52
2011-02-17,United Kingdom,1018,527,4.4
2011-02-17,United Kingdom,2401,1549,1.38
2011-02-17,United Kingdom,767,589,2.19
2011-02-17,United Kingdom,947,641,3.48
2011-02-17,United Kingdom,2050,1502,2.87
2011-02-18,United Kingdom,2130,1347,1.45
2011-02-18,United Kingdom,469,200,1.67
2011-02-18,United Kingdom,254,127,3.31
2011-02-18,Germany,891,578,2.15
2011-02-18,United Kingdom,507,374,4.04
2011-02-18,United Kingdom,768,311,1.57
2011-02-18,United Kingdom,647,459,4.32
2011-02-18,United Kingdom,2216,1746,3.2
2011-02-18,United Kingdom,2223,1006,2.21
2011-02-18,United Kingdom,2166,944,2.45
2011-02-18,United Kingdom,820,593,3.06
2011-02-18,United Kingdom,1435,1069,1.29
2011-02-18,United Kingdom,1720,1324,4.15
2011-02-18,United Kingdom,1561,701,2.41
2011-02-18,United Kingdom,1875,813,3.58
2011-02-18,United Kingdom,1271,658,1.87
2011-02-18,United Kingdom,1045,579,1.16
2011-02-18,United Kingdom,1603,849,1.17
2011-02-18,France,1579,835,3.14
2011-02-18,United Kingdom,1452,886,4.26
2011-02-18,United Kingdom,2000,927,2.97
2011-02-18,EIRE,2394,1072,4.43
2011-02-18,United Kingdom,1637,1234,4.03
2011-02-18,United Kingdom,493,339,3.9
2011-02-18,United Kingdom,2627,1231,2.88
2011-02-18,United Kingdom,2042,1018,4.44
2011-02-18,United Kingdom,2023,1588,3.77
2011-02-18,United Kingdom,2024,1221,2.47
2011-02-18,Spain,385,267,2.52
2011-02-18,United Kingdom,1688,1089,1.29
2011-02-18,Italy,708,365,4.39
2011-02-18,United Kingdom,1565,832,4.04
2011-02-18,United Kingdom,797,547,2.85
2011-02-18,United Kingdom,2372,1680,1.4
2011-02-18,United Kingdom,2238,1647,1.62
2011-02-18,United Kingdom,1369,901,3.31
2011-02-18,United Kingdom,104,46,4.25
2011-02-18,United Kingdom,1136,676,2.15
2011-02-18,United Kingdom,1740,1369,3.26
2011-02-18,United Kingdom,1002,444,1.83
2011-02-18,United Kingdom,1372,1043,1.45
2011-02-18,United Kingdom,1652,1216,1.97
2011-02-18,United Kingdom,718,299,2.03
2011-02-18,United Kingdom,2360,1739,1.71
2011-02-18,United Kingdom,1833,869,1.51
2011-02-18,United Kingdom,2145,1386,3.43
2011-02-18,Belgium,2272,1722,3.5
2011-02-18,United Kingdom,2551,1936,3.62
2011-02-18,United Kingdom,2304,1155,2.2
2011-02-18,France,1548,1003,4.34
2011-02-18,France,1456,747,3.77
2011-02-18,United Kingdom,1559,788,1.31
2011-02-18,United Kingdom,2462,1943,2.07
2011-02-18,United Kingdom,2573,1440,2.12
2011-02-18,United Kingdom,3108,1499,1.51
2011-02-18,United Kingdom,2109,1142,1.55
2011-02-18,United Kingdom,1452,1013,1.54
2011-02-18,United Kingdom,1776,941,1.51
2011-02-18,United Kingdom,1826,1044,1.81
2011-02-18,United Kingdom,1615,1206,4.07
2011-02-18,United Kingdom,2133,910,2.26
2011-02-18,United Kingdom,1408,749,4.05
2011-02-18,United Kingdom,754,360,4.43
2011-02-18,United Kingdom,1207,627,2.59
2011-02-18,United Kingdom,1201,496,4.2
2011-02-20,United Kingdom,1198,824,3.41
2011-02-20,United Kingdom,3174,2299,2.36
2011-02-20,United Kingdom,199,112,1.28
2011-02-20,United Kingdom,2782,1696,3.92
2011-02-20,United Kingdom,1526,1090,3.52
2011-02-20,United Kingdom,1208,813,1.39
2011-02-20,United Kingdom,437,238,1.26
2011-02-20,United Kingdom,2592,1740,3.61
2011-02-20,United Kingdom,2448,992,2.24
2011-02-20,United Kingdom,1477,1098,2.0
2011-02-20,United Kingdom,1933,780,3.5
2011-02-20,United Kingdom,2504,1810,3.32
2011-02-20,United Kingdom,1292,895,1.38
2011-02-20,United Kingdom,1702,1032,2.64
2011-02-20,United Kingdom,1640,843,2.34
2011-02-20,United Kingdom,1866,1340,2.34
2011-02-20,United Kingdom,674,471,3.9
2011-02-20,United Kingdom,885,690,4.46
2011-02-20,United Kingdom,100,78,2.06
2011-02-20,United Kingdom,1857,1156,3.46
2011-02-20,United Kingdom,1769,1114,2.68
2011-02-20,United Kingdom,1963,1012,1.53
2011-02-20,United Kingdom,3353,1613,2.88
2011-02-20,United Kingdom,742,400,2.86
2011-02-20,United Kingdom,961,708,3.93
2011-02-20,United Kingdom,499,308,1.28
2011-02-20,United Kingdom,1541,777,3.93
2011-02-20,United Kingdom,1099,572,2.38
2011-02-20,United Kingdom,265,130,1.82
2011-02-21,EIRE,1418,690,4.2
2011-02-21,EIRE,1802,823,3.5
2011-02-21,France,925,469,2.26
2011-02-21,United Kingdom,1146,616,2.32
2011-02-21,United Kingdom,1257,818,4.39
2011-02-21,United Kingdom,1317,588,3.34
2011-02-21,Belgium,2853,2140,2.53
2011-02-21,United Kingdom,1215,742,1.8
2011-02-21,United Kingdom,2265,1576,4.26
2011-02-21,United Kingdom,2107,1489,1.15
2011-02-21,United Kingdom,1313,692,3.89
2011-02-21,Netherlands,590,293,4.33
2011-02-21,Netherlands,2185,1044,3.1
2011-02-21,United Kingdom,687,503,3.58
2011-02-21,United Kingdom,2191,1715,4.24
2011-02-21,Germany,2551,1570,2.3
2011-02-21,United Kingdom,100,48,2.56
2011-02-21,United Kingdom,1384,872,2.13
2011-02-21,Portugal,2388,1468,4.42
2011-02-21,United Kingdom,1960,1305,3.62
2011-02-21,United Kingdom,581,357,2.8
2011-02-21,United Kingdom,1436,1123,3.42
2011-02-21,United Kingdom,2323,1238,4.02
2011-02-21,United Kingdom,1456,623,1.66
2011-02-21,United Kingdom,2197,1185,1.02
2011-02-21,United Kingdom,1970,1387,4.46
2011-02-21,United Kingdom,2580,1144,3.63
2011-02-21,United Kingdom,1904,1341,1.89
2011-02-21,United Kingdom,1812,957,1.67
2011-02-21,United Kingdom,1757,1266,1.23
2011-02-21,United Kingdom,1458,673,1.18
2011-02-21,Germany,1221,788,2.04
2011-02-21,United Kingdom,1721,931,1.38
2011-02-21,United Kingdom,2070,1284,4.14
2011-02-21,Germany,1366,929,4.1
2011-02-21,Cyprus,2114,1217,2.18
2011-02-21,United Kingdom,2303,1083,1.77
2011-02-21,United Kingdom,3042,2364,3.65
2011-02-21,Cyprus,533,301,2.13
2011-02-21,Cyprus,1542,1003,3.27
2011-02-21,United Kingdom,1733,1175,4.28
2011-02-21,United Kingdom,100,42,3.21
2011-02-21,United Kingdom,418,173,3.4
2011-02-21,United Kingdom,1609,864,2.2
2011-02-21,United Kingdom,955,447,2.77
2011-02-21,United Kingdom,953,700,3.49
2011-02-21,France,1991,1181,3.82
2011-02-21,United Kingdom,992,683,2.5
2011-02-21,United Kingdom,1942,1076,2.39
2011-02-21,United Kingdom,987,429,3.52
2011-02-21,United Kingdom,2108,1466,3.16
2011-02-21,United Kingdom,1085,716,2.85
2011-02-21,United Kingdom,361,163,2.92
2011-02-21,United Kingdom,904,536,1.05
2011-02-21,United Kingdom,297,173,4.08
2011-02-21,United Kingdom,1516,722,3.53
2011-02-21,United Kingdom,927,480,4.1
2011-02-21,United Kingdom,2294,1075,1.34
2011-02-21,United Kingdom,2113,1075,1.1
2011-02-22,United Kingdom,2142,1143,1.65
2011-02-22,United Kingdom,2367,1626,2.68
2011-02-22,United Kingdom,1060,819,1.73
2011-02-22,United Kingdom,2990,1527,1.64
2011-02-22,United Kingdom,1654,1110,2.75
2011-02-22,United Kingdom,2319,1453,1.03
2011-02-22,United Kingdom,1467,667,1.32
2011-02-22,United Kingdom,2366,1777,3.29
2011-02-22,France,1854,1258,1.13
2011-02-22,United Kingdom,1033,433,1.09
2011-02-22,United Kingdom,832,444,1.85
2011-02-22,United Kingdom,2271,1275,2.04
2011-02-22,United Kingdom,674,500,2.13
2011-02-22,United Kingdom,1620,1205,1.49
2011-02-22,United Kingdom,757,389,1.37
2011-02-22,United Kingdom,1929,1002,2.85
2011-02-22,United Kingdom,449,346,1.3
2011-02-22,United Kingdom,1335,961,4.37
2011-02-22,United Kingdom,2161,1368,4.15
2011-02-22,United Kingdom,1771,921,1.36
2011-02-22,United Kingdom,928,470,2.55
2011-02-22,United Kingdom,1536,1159,1.12
2011-02-22,United Kingdom,1816,1010,3.5
2011-02-22,United Kingdom,100,62,4.24
2011-02-22,United Kingdom,1404,631,3.27
2011-02-22,United Kingdom,1148,756,2.0
2011-02-22,United Kingdom,1794,1059,3.67
2011-02-22,United Kingdom,2235,977,3.23
2011-02-22,United Kingdom,1739,750,1.93
2011-02-22,United Kingdom,1476,1108,2.53
2011-02-22,United Kingdom,993,673,2.18
2011-02-22,United Kingdom,1914,867,4.06
2011-02-22,United Kingdom,2786,1133,2.78
2011-02-22,United Kingdom,1953,1313,2.55
2011-02-22,United Kingdom,1752,832,4.41
2011-02-22,United Kingdom,728,295,2.46
2011-02-22,United Kingdom,1495,960,4.05
2011-02-22,United Kingdom,1295,678,2.65
2011-02-22,United Kingdom,1621,995,1.95
2011-02-22,United Kingdom,1661,1081,3.64
2011-02-22,United Kingdom,541,228,1.14
2011-02-22,United Kingdom,3078,1700,2.34
2011-02-22,United Kingdom,1799,959,1.53
2011-02-22,United Kingdom,1633,973,2.26
2011-02-22,United Kingdom,1436,922,3.33
2011-02-22,United Kingdom,1966,801,4.21
2011-02-22,Netherlands,1472,990,2.56
2011-02-22,United Kingdom,1792,1425,1.14
2011-02-22,United Kingdom,1013,604,1.33
2011-02-22,United Kingdom,2109,1383,1.58
2011-02-22,United Kingdom,827,480,1.75
2011-02-22,United Kingdom,418,185,3.28
2011-02-22,United Kingdom,100,58,4.34
2011-02-22,United Kingdom,1309,699,4.28
2011-02-22,France,1727,894,1.03
2011-02-22,United Kingdom,2814,1990,4.21
2011-02-22,United Kingdom,518,252,4.26
2011-02-22,United Kingdom,561,393,3.01
2011-02-22,United Kingdom,1589,1177,2.16
2011-02-22,United Kingdom,2242,1391,1.88
2011-02-22,United Kingdom,1890,1307,2.1
2011-02-22,United Kingdom,555,222,1.13
2011-02-23,United Kingdom,2003,1449,1.15
2011-02-23,United Kingdom,736,464,2.75
2011-02-23,EIRE,1585,1184,2.61
2011-02-23,United Kingdom,2384,1034,1.52
2011-02-23,United Kingdom,302,201,3.04
2011-02-23,United Kingdom,2241,1390,3.23
2011-02-23,United Kingdom,100,62,1.86
2011-02-23,United Kingdom,303,238,4.48
2011-02-23,United Kingdom,1509,1181,1.82
2011-02-23,United Kingdom,727,383,2.65
2011-02-23,United Kingdom,2422,1356,4.01
2011-02-23,United Kingdom,1453,703,3.96
2011-02-23,United Kingdom,2540,1462,3.06
2011-02-23,United Kingdom,2013,1274,3.23
2011-02-23,United Kingdom,1307,843,2.38
2011-02-23,United Kingdom,986,604,3.49
2011-02-23,United Kingdom,2658,2012,3.25
2011-02-23,United Kingdom,1274,976,4.11
2011-02-23,United Kingdom,959,648,3.31
2011-02-23,United Kingdom,1892,1268,1.21
2011-02-23,United Kingdom,1876,1037,4.33
2011-02-23,United Kingdom,949,551,1.09
2011-02-23,United Kingdom,652,389,4.49
2011-02-23,United Kingdom,642,508,3.16
2011-02-23,United Kingdom,1338,990,3.99
2011-02-23,United Kingdom,1292,832,2.0
2011-02-23,United Kingdom,979,606,3.64
2011-02-23,United Kingdom,213,140,3.56
2011-02-23,United Kingdom,1689,1268,3.09
2011-02-23,United Kingdom,2359,1727,1.3
2011-02-23,United Kingdom,100,77,1.4
2011-02-23,United Kingdom,897,476,4.39
2011-02-23,United Kingdom,2293,1114,3.41
2011-02-23,United Kingdom,1685,1297,2.1
2011-02-23,United Kingdom,1780,904,3.79
2011-02-23,United Kingdom,2333,1199,3.04
2011-02-23,United Kingdom,100,74,2.99
2011-02-23,United Kingdom,1188,755,3.54
2011-02-23,United Kingdom,1811,1163,1.95
2011-02-23,United Kingdom,1604,648,3.83
2011-02-23,United Kingdom,1065,792,4.35
2011-02-23,United Kingdom,1789,1201,2.19
2011-02-23,United Kingdom,146,68,1.75
2011-02-23,United Kingdom,1796,1236,2.48
2011-02-23,United Kingdom,1952,1179,1.18
2011-02-23,United Kingdom,733,402,2.26
2011-02-23,United Kingdom,2606,1814,3.39
2011-02-23,United Kingdom,2453,1867,3.65
2011-02-23,United Kingdom,940,688,3.06
2011-02-23,United Kingdom,720,366,2.98
2011-02-23,United Kingdom,846,443,3.63
2011-02-23,United Kingdom,686,332,3.61
2011-02-23,Germany,1112,518,3.2
2011-02-23,United Kingdom,1044,479,4.03
2011-02-23,United Kingdom,1460,687,3.9
2011-02-23,United Kingdom,1222,914,3.88
2011-02-23,United Kingdom,1980,915,1.41
2011-02-23,United Kingdom,702,533,1.13
2011-02-23,France,1029,609,1.24
2011-02-23,France,1228,747,2.07
2011-02-23,United Kingdom,1614,707,1.21
2011-02-23,United Kingdom,1727,975,4.37
2011-02-24,United Kingdom,1025,431,2.21
2011-02-24,United Kingdom,2420,1626,2.47
2011-02-24,United Kingdom,367,245,2.21
2011-02-24,United Kingdom,664,492,1.6
2011-02-24,United Kingdom,2162,1611,3.0
2011-02-24,United Kingdom,100,61,3.56
2011-02-24,United Kingdom,798,526,2.24
2011-02-24,United Kingdom,567,444,1.49
2011-02-24,United Kingdom,895,399,3.1
2011-02-24,United Kingdom,2231,1755,3.35
2011-02-24,United Kingdom,521,256,1.28
2011-02-24,United Kingdom,2123,1466,1.79
2011-02-24,United Kingdom,2425,1565,2.89
2011-02-24,United Kingdom,1816,954,1.75
2011-02-24,United Kingdom,1320,778,4.15
2011-02-24,Saudi Arabia,100,51,3.4
2011-02-24,United Kingdom,1089,641,1.02
2011-02-24,United Kingdom,1618,729,3.76
2011-02-24,United Kingdom,855,380,2.68
2011-02-24,United Kingdom,1044,616,3.9
2011-02-24,United Kingdom,2701,1668,2.92
2011-02-24,Finland,2342,1429,2.49
2011-02-24,United Kingdom,253,175,2.92
2011-02-24,United Kingdom,1187,872,1.63
2011-02-24,United Kingdom,2478,1908,3.91
2011-02-24,United Kingdom,924,542,2.46
2011-02-24,United Kingdom,1098,769,1.09
2011-02-24,United Kingdom,100,42,3.13
2011-02-24,United Kingdom,3446,2251,2.0
2011-02-24,United Kingdom,1935,1153,4.05
2011-02-24,United Kingdom,1158,849,1.94
2011-02-24,United Kingdom,1629,955,3.68
2011-02-24,United Kingdom,1209,681,4.1
2011-02-24,Belgium,1304,1004,3.17
2011-02-24,United Kingdom,2267,1712,2.13
2011-02-24,United Kingdom,1335,612,4.38
2011-02-24,United Kingdom,1760,1358,1.95
2011-02-24,United Kingdom,2362,1203,3.93
2011-02-24,United Kingdom,231,113,2.16
2011-02-24,United Kingdom,2097,1563,3.95
2011-02-24,United Kingdom,1172,495,3.46
2011-02-24,United Kingdom,2386,1006,2.68
2011-02-24,United Kingdom,1242,498,1.24
2011-02-24,United Kingdom,873,606,2.93
2011-02-24,United Kingdom,2249,1343,2.83
2011-02-24,United Kingdom,965,764,1.01
2011-02-24,United Kingdom,349,187,4.47
2011-02-24,United Kingdom,977,424,4.42
2011-02-24,United Kingdom,1068,814,4.41
2011-02-24,United Kingdom,2714,1555,2.7
2011-02-24,United Kingdom,1960,1089,3.11
2011-02-24,United Kingdom,3275,2607,1.21
2011-02-24,United Kingdom,920,472,2.03
2011-02-24,United Kingdom,646,372,3.07
2011-02-24,United Kingdom,2106,951,3.98
2011-02-24,United Kingdom,1318,1046,3.37
2011-02-24,United Kingdom,2167,1360,3.74
2011-02-24,United Kingdom,1639,961,1.94
2011-02-24,United Kingdom,2522,1896,3.84
2011-02-24,United Kingdom,2903,1670,1.41
2011-02-24,United Kingdom,1985,1339,4.49
2011-02-24,Switzerland,2412,1194,1.87
2011-02-25,United Kingdom,179,114,3.22
2011-02-25,Germany,2848,2240,3.66
2011-02-25,United Kingdom,531,261,1.91
2011-02-25,United Kingdom,1613,683,1.66
2011-02-25,United Kingdom,2585,1653,4.27
2011-02-25,United Kingdom,1532,1137,4.12
2011-02-25,United Kingdom,985,524,1.83
2011-02-25,United Kingdom,924,410,4.02
2011-02-25,United Kingdom,2080,1213,2.48
2011-02-25,United Kingdom,1817,1315,2.03
2011-02-25,United Kingdom,2482,1938,1.77
2011-02-25,United Kingdom,1211,927,2.02
2011-02-25,United Kingdom,627,266,3.5
2011-02-25,United Kingdom,3281,1859,4.36
2011-02-25,United Kingdom,2020,1236,3.64
2011-02-25,United Kingdom,2258,1416,3.63
2011-02-25,Germany,947,615,1.95
2011-02-25,United Kingdom,1552,754,3.16
2011-02-25,United Kingdom,1165,904,3.27
2011-02-25,United Kingdom,1322,814,2.89
2011-02-25,United Kingdom,2949,1806,2.17
2011-02-25,United Kingdom,1883,1505,3.56
2011-02-25,United Kingdom,756,589,2.59
2011-02-25,United Kingdom,3062,2279,2.26
2011-02-25,United Kingdom,787,550,2.85
2011-02-25,United Kingdom,1504,771,1.4
2011-02-25,United Kingdom,1399,962,1.92
2011-02-25,United Kingdom,2612,1669,1.96
2011-02-25,United Kingdom,884,684,2.52
2011-02-25,United Kingdom,1562,1190,2.55
2011-02-25,Belgium,1539,887,3.29
2011-02-25,United Kingdom,2718,1198,3.7
2011-02-25,United Kingdom,100,68,2.02
2011-02-25,United Kingdom,2387,1206,1.8
2011-02-25,United Kingdom,1315,705,4.2
2011-02-25,United Kingdom,2427,1787,2.98
2011-02-25,United Kingdom,2703,2076,3.19
2011-02-25,United Kingdom,159,85,1.2
2011-02-25,United Kingdom,1867,892,4.3
2011-02-25,United Kingdom,1751,1399,3.02
2011-02-25,United Kingdom,100,42,3.05
2011-02-25,United Kingdom,808,446,2.2
2011-02-25,United Kingdom,837,531,4.23
2011-02-25,United Kingdom,582,257,1.19
2011-02-25,United Kingdom,901,376,3.05
2011-02-25,United Kingdom,2840,1996,1.19
2011-02-25,EIRE,2933,1222,3.36
2011-02-25,Switzerland,2849,2146,1.61
2011-02-25,United Kingdom,2345,1462,3.07
2011-02-25,United Kingdom,2295,1093,2.17
2011-02-27,United Kingdom,824,547,2.99
2011-02-27,United Kingdom,1802,971,2.28
2011-02-27,United Kingdom,1111,448,3.71
2011-02-27,United Kingdom,1510,1075,3.56
2011-02-27,United Kingdom,1665,815,1.55
2011-02-27,United Kingdom,2411,1283,1.75
2011-02-27,United Kingdom,2122,1578,3.58
2011-02-27,United Kingdom,1910,940,3.38
2011-02-27,United Kingdom,929,601,1.44
2011-02-27,United Kingdom,2087,1019,2.02
2011-02-27,United Kingdom,2603,2042,1.58
2011-02-27,United Kingdom,1549,825,2.87
2011-02-27,United Kingdom,965,649,1.4
2011-02-27,France,1909,1389,2.84
2011-02-27,United Kingdom,2996,1233,4.18
2011-02-27,United Kingdom,100,76,1.93
2011-02-27,United Kingdom,751,543,3.56
2011-02-27,United Kingdom,1476,835,2.48
2011-02-27,United Kingdom,3218,1787,2.37
2011-02-27,United Kingdom,1138,783,2.2
2011-02-27,United Kingdom,1808,945,2.82
2011-02-27,United Kingdom,1756,812,2.66
2011-02-27,United Kingdom,2625,1479,2.3
2011-02-27,United Kingdom,2102,1480,1.14
2011-02-27,United Kingdom,2059,835,3.86
2011-02-27,United Kingdom,100,57,3.22
2011-02-27,Australia,2323,1286,2.04
2011-02-27,United Kingdom,3237,1475,3.72
2011-02-27,United Kingdom,3220,2188,3.73
2011-02-27,United Kingdom,100,42,3.61
2011-02-27,United Kingdom,2345,1255,4.27
2011-02-27,United Kingdom,2143,1309,3.89
2011-02-27,United Kingdom,1358,549,2.36
2011-02-28,Czech Republic,1432,714,4.15
2011-02-28,United Kingdom,1283,1000,1.04
2011-02-28,United Kingdom,1349,720,3.51
2011-02-28,United Kingdom,1980,992,3.37
2011-02-28,United Kingdom,935,410,4.36
2011-02-28,United Kingdom,1911,1384,3.15
2011-02-28,United Kingdom,2078,1260,2.25
2011-02-28,United Kingdom,106,71,3.98
2011-02-28,United Kingdom,1579,1073,1.92
2011-02-28,United Kingdom,1553,1181,2.33
2011-02-28,United Kingdom,1193,526,1.77
2011-02-28,United Kingdom,1685,1195,2.07
2011-02-28,Switzerland,2729,1186,3.14
2011-02-28,United Kingdom,1803,868,3.28
2011-02-28,France,884,462,3.2
2011-02-28,United Kingdom,1640,1186,2.21
2011-02-28,United Kingdom,1931,814,3.93
2011-02-28,France,2894,1538,2.42
2011-02-28,United Kingdom,2171,1387,1.69
2011-02-28,United Kingdom,1423,867,3.69
2011-02-28,Belgium,2877,2072,4.2
2011-02-28,United Kingdom,2652,2004,3.65
2011-02-28,United Kingdom,3080,2277,3.01
2011-02-28,United Kingdom,794,381,1.34
2011-02-28,United Kingdom,1860,755,3.35
2011-02-28,United Kingdom,2123,1072,1.21
2011-02-28,United Kingdom,1442,752,3.67
2011-02-28,United Kingdom,1614,1091,1.53
2011-02-28,United Kingdom,1265,719,2.29
2011-02-28,United Kingdom,2590,1293,3.52
2011-02-28,United Kingdom,1216,625,3.91
2011-02-28,United Kingdom,665,529,1.93
2011-02-28,United Kingdom,212,100,2.1
2011-02-28,United Kingdom,912,457,3.86
2011-02-28,United Kingdom,1985,1348,1.98
2011-02-28,United Kingdom,902,437,3.85
2011-02-28,United Kingdom,1380,783,1.47
2011-02-28,United Kingdom,523,289,2.71
2011-02-28,United Kingdom,1308,851,2.34
2011-02-28,United Kingdom,1166,815,2.63
2011-02-28,France,1608,1143,2.64
2011-02-28,France,1824,1384,2.79
2011-02-28,United Kingdom,2676,1095,2.39
2011-02-28,United Kingdom,998,740,1.7
2011-02-28,United Kingdom,1869,1486,1.5
2011-02-28,United Kingdom,1515,626,2.95
2011-02-28,United Kingdom,662,466,4.41
2011-02-28,United Kingdom,1508,836,2.57
2011-02-28,United Kingdom,1014,685,1.33
2011-02-28,United Kingdom,391,291,1.31
2011-02-28,Portugal,1425,1018,1.64
2011-02-28,United Kingdom,1975,1497,2.83
2011-02-28,United Kingdom,759,306,2.91
2011-02-28,United Kingdom,1181,662,1.18
2011-02-28,United Kingdom,758,472,2.65
2011-02-28,United Kingdom,3240,1711,1.78
2011-02-28,United Kingdom,1596,967,1.03
2011-02-28,United Kingdom,909,643,3.85
2011-03-01,United Kingdom,1391,780,1.1
2011-03-01,United Kingdom,1394,1091,2.43
2011-03-01,United Kingdom,890,635,2.82
2011-03-01,United Kingdom,609,345,1.91
2011-03-01,United Kingdom,1226,511,2.74
2011-03-01,United Kingdom,594,371,4.12
2011-03-01,Finland,1758,1135,2.73
2011-03-01,Finland,558,331,4.4
2011-03-01,United Kingdom,1194,497,2.29
2011-03-01,United Kingdom,2051,1361,1.92
2011-03-01,United Kingdom,788,511,3.66
2011-03-01,United Kingdom,1170,719,4.19
2011-03-01,United Kingdom,1514,1028,2.54
2011-03-01,United Kingdom,1038,686,3.91
2011-03-01,United Kingdom,1637,792,3.67
2011-03-01,France,991,493,3.3
2011-03-01,United Kingdom,1166,495,4.16
2011-03-01,United Kingdom,1591,1147,1.85
2011-03-01,United Kingdom,1301,865,3.02
2011-03-01,United Kingdom,2618,1536,3.31
2011-03-01,United Kingdom,1267,508,3.94
2011-03-01,United Kingdom,990,524,2.36
2011-03-01,United Kingdom,1446,664,3.38
2011-03-01,United Kingdom,636,295,3.85
2011-03-01,United Kingdom,2050,1454,3.75
2011-03-01,United Kingdom,1707,1306,2.84
2011-03-01,United Kingdom,384,259,4.47
2011-03-01,Germany,3114,2136,1.36
2011-03-01,United Kingdom,2292,1655,3.57
2011-03-01,United Kingdom,1195,780,4.42
2011-03-01,France,2285,1170,1.73
2011-03-01,United Kingdom,2448,1459,4.24
2011-03-01,United Kingdom,1535,741,3.34
2011-03-01,United Kingdom,659,334,2.95
2011-03-01,United Kingdom,2283,1441,1.95
2011-03-01,United Kingdom,695,467,2.22
2011-03-01,United Kingdom,1110,708,1.26
2011-03-01,United Kingdom,2511,1609,3.84
2011-03-01,United Kingdom,100,58,2.33
2011-03-01,United Kingdom,100,50,3.89
2011-03-01,United Kingdom,1308,563,2.68
2011-03-01,United Kingdom,858,583,2.87
2011-03-01,Belgium,2172,1595,1.12
2011-03-01,United Kingdom,1475,1129,3.79
2011-03-01,United Kingdom,641,373,2.6
2011-03-01,United Kingdom,980,717,3.31
2011-03-01,EIRE,100,47,3.88
2011-03-01,United Kingdom,959,659,1.65
2011-03-01,United Kingdom,2136,1354,1.68
2011-03-01,Norway,2202,1676,2.24
2011-03-01,United Kingdom,247,100,1.77
2011-03-01,United Kingdom,1089,779,1.22
2011-03-01,United Kingdom,1870,1160,1.58
2011-03-01,United Kingdom,1712,1315,3.35
2011-03-01,United Kingdom,1624,1288,2.04
2011-03-01,Norway,1874,1204,4.01
2011-03-01,United Kingdom,2585,1084,1.72
2011-03-01,Norway,1592,681,1.27
2011-03-01,Norway,2809,2159,1.17
2011-03-01,United Kingdom,508,390,3.69
2011-03-01,United Kingdom,956,666,2.8
2011-03-01,Finland,1907,905,2.64
2011-03-01,United Kingdom,947,504,3.33
2011-03-01,United Kingdom,2034,1551,1.9
2011-03-02,United Kingdom,2574,1479,1.06
2011-03-02,United Kingdom,1051,630,1.54
2011-03-02,United Kingdom,842,657,2.27
2011-03-02,United Kingdom,2791,1843,4.15
2011-03-02,United Kingdom,2156,1352,4.27
2011-03-02,United Kingdom,900,506,2.83
2011-03-02,United Kingdom,1720,828,2.86
2011-03-02,United Kingdom,2389,1563,2.73
2011-03-02,United Kingdom,1151,595,1.42
2011-03-02,United Kingdom,100,73,4.33
2011-03-02,United Kingdom,1024,595,1.79
2011-03-02,United Kingdom,2008,1410,4.26
2011-03-02,United Kingdom,1557,1240,2.95
2011-03-02,Channel Islands,458,338,4.01
2011-03-02,United Kingdom,3062,1867,2.03
2011-03-02,United Kingdom,1241,842,1.88
2011-03-02,United Kingdom,375,281,3.2
2011-03-02,United Kingdom,1621,738,2.37
2011-03-02,United Kingdom,1315,769,3.39
2011-03-02,United Kingdom,1737,919,1.06
2011-03-02,United Kingdom,2149,945,1.48
2011-03-02,United Kingdom,1609,1255,1.75
2011-03-02,United Kingdom,1451,1012,1.18
2011-03-02,United Kingdom,100,65,2.76
2011-03-02,United Kingdom,1904,1258,3.13
2011-03-02,United Kingdom,1328,941,2.81
2011-03-02,United Kingdom,1648,1125,4.44
2011-03-02,United Kingdom,100,44,3.03
2011-03-02,United Kingdom,581,333,3.72
2011-03-02,United Kingdom,3232,1670,1.68
2011-03-02,United Kingdom,934,515,4.04
2011-03-02,United Kingdom,1761,883,1.35
2011-03-02,United Kingdom,2380,1670,4.16
2011-03-02,United Kingdom,2801,1896,3.72
2011-03-02,United Kingdom,727,547,2.55
2011-03-02,United Kingdom,2496,1643,1.48
2011-03-02,United Kingdom,1161,840,3.93
2011-03-02,United Kingdom,1415,973,3.42
2011-03-02,United Kingdom,995,416,3.49
2011-03-02,United Kingdom,1901,1130,2.1
2011-03-02,United Kingdom,2614,1504,4.38
2011-03-02,United Kingdom,1917,1457,3.43
2011-03-02,United Kingdom,2076,981,1.69
2011-03-02,United Kingdom,808,397,3.33
2011-03-02,United Kingdom,725,453,3.12
2011-03-02,Japan,2050,1267,3.59
2011-03-02,United Kingdom,1414,1129,3.85
2011-03-02,Japan,2082,1466,2.28
2011-03-02,United Kingdom,742,328,3.17
2011-03-02,United Kingdom,889,482,2.1
2011-03-02,United Kingdom,1893,1300,3.49
2011-03-02,United Kingdom,845,573,4.15
2011-03-02,United Kingdom,642,292,1.08
2011-03-02,United Kingdom,327,162,2.52
2011-03-02,United Kingdom,1178,541,4.41
2011-03-02,United Kingdom,2658,1997,1.67
2011-03-02,United Kingdom,946,707,2.16
2011-03-02,United Kingdom,3651,2059,2.29
2011-03-02,United Kingdom,822,480,1.22
2011-03-02,United Kingdom,2867,1452,4.36
2011-03-02,United Kingdom,504,381,3.79
2011-03-03,United Kingdom,1656,838,1.86
2011-03-03,United Kingdom,1591,1052,3.12
2011-03-03,United Kingdom,1766,1001,4.07
2011-03-03,United Kingdom,131,74,3.82
2011-03-03,United Kingdom,470,345,1.26
2011-03-03,United Kingdom,2198,900,3.5
2011-03-03,United Kingdom,2579,1379,1.08
2011-03-03,United Kingdom,171,101,1.7
2011-03-03,United Kingdom,1549,622,3.54
2011-03-03,United Kingdom,1463,619,1.28
2011-03-03,United Kingdom,1964,836,1.8
2011-03-03,Australia,1756,732,1.6
2011-03-03,United Kingdom,2106,1044,1.43
2011-03-03,United Kingdom,1109,455,1.32
2011-03-03,United Kingdom,2304,1712,3.35
2011-03-03,United Kingdom,836,520,3.45
2011-03-03,United Kingdom,1190,767,1.67
2011-03-03,United Kingdom,2450,1790,2.97
2011-03-03,United Kingdom,1385,932,2.58
2011-03-03,EIRE,1205,732,2.49
2011-03-03,Saudi Arabia,1291,1005,2.99
2011-03-03,United Kingdom,438,304,2.52
2011-03-03,United Kingdom,1787,869,2.29
2011-03-03,United Kingdom,2128,1385,3.61
2011-03-03,United Kingdom,1093,860,3.3
2011-03-03,United Kingdom,1459,1064,1.16
2011-03-03,United Kingdom,511,216,1.08
2011-03-03,United Kingdom,1098,729,2.34
2011-03-03,France,177,71,2.74
2011-03-03,United Kingdom,101,59,3.03
2011-03-03,France,937,503,1.35
2011-03-03,United Kingdom,1252,935,3.89
2011-03-03,United Kingdom,1206,618,3.49
2011-03-03,United Kingdom,2067,1338,1.09
2011-03-03,United Kingdom,1853,799,1.48
2011-03-03,United Kingdom,1487,1170,2.48
2011-03-03,United Kingdom,826,650,1.56
2011-03-03,Australia,397,313,3.48
2011-03-03,United Kingdom,1720,1167,1.52
2011-03-03,United Kingdom,686,302,3.68
2011-03-03,United Kingdom,663,367,3.47
2011-03-03,United Kingdom,267,205,4.45
2011-03-03,Germany,2440,1381,1.83
2011-03-03,United Kingdom,1484,1050,1.52
2011-03-03,United Kingdom,1617,1150,3.71
2011-03-03,Belgium,1830,1356,2.48
2011-03-03,United Kingdom,1481,752,1.12
2011-03-03,United Kingdom,611,417,1.85
2011-03-03,United Kingdom,2686,2141,2.37
2011-03-03,United Kingdom,2087,1560,4.04
2011-03-03,United Kingdom,1807,884,2.17
2011-03-03,United Kingdom,1183,595,1.39
2011-03-03,United Kingdom,100,72,3.95
2011-03-03,United Kingdom,2577,1393,1.87
2011-03-03,United Kingdom,1850,764,2.66
2011-03-03,United Kingdom,1228,681,2.27
2011-03-03,United Kingdom,4125,2078,1.38
2011-03-03,United Kingdom,1392,559,2.02
2011-03-03,Germany,1160,609,3.92
2011-03-03,United Kingdom,346,145,2.92
2011-03-03,United Kingdom,2407,1459,1.07
2011-03-03,United Kingdom,1365,1016,2.49
2011-03-03,United Kingdom,1133,709,3.85
2011-03-03,United Kingdom,637,291,1.11
2011-03-03,United Kingdom,2522,1224,1.01
2011-03-03,United Kingdom,100,46,2.92
2011-03-03,Austria,450,187,1.39
2011-03-03,United Kingdom,1503,714,3.12
2011-03-03,United Kingdom,1905,1381,1.71
2011-03-03,United Kingdom,855,400,1.04
2011-03-03,United Kingdom,1408,642,4.46
2011-03-03,United Kingdom,1184,661,1.38
2011-03-03,United Kingdom,1593,1078,2.91
2011-03-03,United Kingdom,1029,673,2.1
2011-03-04,Greece,3174,1796,2.29
2011-03-04,United Kingdom,1707,1103,4.12
2011-03-04,United Kingdom,1499,1153,2.71
2011-03-04,United Kingdom,1227,911,3.77
2011-03-04,France,615,420,3.89
2011-03-04,United Kingdom,2291,1320,4.29
2011-03-04,Spain,180,127,2.23
2011-03-04,United Kingdom,871,689,4.3
2011-03-04,United Kingdom,100,72,1.13
2011-03-04,United Kingdom,1802,1410,3.96
2011-03-04,United Kingdom,2537,1831,2.43
2011-03-04,United Kingdom,1542,1228,2.01
2011-03-04,United Kingdom,1815,857,4.32
2011-03-04,United Kingdom,1791,1430,3.61
2011-03-04,United Kingdom,691,436,1.89
2011-03-04,United Kingdom,953,436,2.96
2011-03-04,United Kingdom,3000,1847,3.85
2011-03-04,United Kingdom,2123,1667,2.78
2011-03-04,United Kingdom,856,498,3.94
2011-03-04,United Kingdom,2552,1520,3.83
2011-03-04,United Kingdom,1284,774,3.23
2011-03-04,United Kingdom,1394,975,1.8
2011-03-04,United Kingdom,668,400,4.39
2011-03-04,EIRE,2756,1314,3.41
2011-03-04,United Kingdom,2979,1928,1.22
2011-03-04,United Kingdom,2550,1936,2.81
2011-03-04,United Kingdom,2211,1040,3.12
2011-03-04,United Kingdom,3069,2286,3.78
2011-03-04,United Kingdom,2684,2069,4.49
2011-03-04,United Kingdom,1722,872,4.21
2011-03-04,Japan,1566,923,2.36
2011-03-04,United Kingdom,1331,594,4.4
2011-03-04,Spain,683,544,4.22
2011-03-04,United Kingdom,1906,1393,2.03
2011-03-04,United Kingdom,847,565,1.03
2011-03-04,United Kingdom,891,508,3.57
2011-03-04,United Kingdom,1755,1033,1.93
2011-03-04,United Kingdom,715,412,4.25
2011-03-04,United Kingdom,331,174,1.92
2011-03-04,EIRE,1753,1064,2.08
2011-03-04,United Kingdom,1965,1308,3.39
2011-03-04,United Kingdom,1351,709,3.1
2011-03-04,United Kingdom,906,648,1.12
2011-03-04,United Kingdom,1592,804,1.7
2011-03-04,United Kingdom,2215,1550,1.76
2011-03-04,United Kingdom,2421,1129,2.53
2011-03-04,Italy,1056,607,1.95
2011-03-04,United Kingdom,1902,868,2.78
2011-03-04,United Kingdom,2559,1942,1.31
2011-03-04,United Kingdom,1088,805,4.33
2011-03-04,United Kingdom,1988,1172,2.9
2011-03-06,United Kingdom,2450,1043,3.81
2011-03-06,United Kingdom,2414,1231,4.33
2011-03-06,United Kingdom,2103,1149,2.62
2011-03-06,United Kingdom,2800,2219,3.73
2011-03-06,United Kingdom,923,421,4.41
2011-03-06,United Kingdom,2374,1084,3.19
2011-03-06,United Kingdom,2365,1382,4.31
2011-03-06,United Kingdom,862,472,4.4
2011-03-06,United Kingdom,837,484,3.15
2011-03-06,United Kingdom,476,363,3.09
2011-03-06,United Kingdom,1843,1402,2.09
2011-03-06,United Kingdom,858,540,1.66
2011-03-06,United Kingdom,2655,1828,2.58
2011-03-06,United Kingdom,1216,493,3.24
2011-03-06,United Kingdom,1220,959,1.15
2011-03-06,United Kingdom,1849,944,4.22
2011-03-06,United Kingdom,601,377,3.93
2011-03-06,United Kingdom,668,350,2.69
2011-03-06,United Kingdom,2256,1634,4.19
2011-03-06,United Kingdom,2072,1257,2.1
2011-03-06,United Kingdom,2185,909,2.53
2011-03-06,United Kingdom,2107,868,2.45
2011-03-06,United Kingdom,1716,786,2.39
2011-03-06,United Kingdom,1851,1449,2.35
2011-03-06,United Kingdom,965,598,4.06
2011-03-06,United Kingdom,2261,1613,2.22
2011-03-06,United Kingdom,1882,1286,3.31
2011-03-06,United Kingdom,990,532,1.08
2011-03-06,United Kingdom,2100,872,4.02
2011-03-06,United Kingdom,1501,936,3.58
2011-03-06,United Kingdom,1821,1251,1.57
2011-03-06,United Kingdom,100,66,2.91
2011-03-06,United Kingdom,1777,899,3.57
2011-03-06,United Kingdom,470,231,3.95
2011-03-07,United Kingdom,1710,1324,1.9
2011-03-07,United Kingdom,871,432,1.96
2011-03-07,Germany,573,306,2.19
2011-03-07,United Kingdom,2600,1832,1.57
2011-03-07,United Kingdom,2221,1494,2.74
2011-03-07,Germany,1978,1380,3.35
2011-03-07,United Kingdom,1514,1129,3.48
2011-03-07,United Kingdom,1400,1004,3.88
2011-03-07,United Kingdom,1770,989,3.69
2011-03-07,United Kingdom,2442,1840,1.14
2011-03-07,United Kingdom,1861,1446,1.44
2011-03-07,Germany,1632,786,3.44
2011-03-07,United Kingdom,2356,1161,3.76
2011-03-07,United Kingdom,1943,1476,3.54
2011-03-07,United Kingdom,1679,873,1.82
2011-03-07,United Kingdom,1202,686,2.08
2011-03-07,United Kingdom,1165,732,2.06
2011-03-07,United Kingdom,1577,977,3.23
2011-03-07,United Kingdom,376,266,1.5
2011-03-07,Spain,1033,715,3.95
2011-03-07,United Kingdom,913,662,1.84
2011-03-07,Japan,1416,776,3.72
2011-03-07,United Kingdom,2763,2037,3.09
2011-03-07,United Kingdom,100,57,2.76
2011-03-07,United Kingdom,1069,439,3.57
2011-03-07,United Kingdom,2617,1827,4.28
2011-03-07,United Kingdom,1752,1034,3.86
2011-03-07,United Kingdom,3292,1829,3.92
2011-03-07,United Kingdom,2317,1216,3.18
2011-03-07,United Kingdom,132,53,2.01
2011-03-07,United Kingdom,142,69,1.31
2011-03-07,United Kingdom,1360,925,2.39
2011-03-07,United Kingdom,1699,1012,2.3
2011-03-07,United Kingdom,1737,1152,4.33
2011-03-07,United Kingdom,1593,803,1.32
2011-03-07,United Kingdom,411,263,1.98
2011-03-07,United Kingdom,1529,673,4.24
2011-03-07,United Kingdom,2779,2204,1.77
2011-03-07,United Kingdom,711,439,2.93
2011-03-07,United Kingdom,871,359,1.63
2011-03-07,United Kingdom,3275,1601,1.23
2011-03-07,United Kingdom,784,564,1.61
2011-03-07,United Kingdom,2225,1097,2.03
2011-03-07,United Kingdom,268,145,1.14
2011-03-07,United Kingdom,1208,804,1.65
2011-03-07,United Kingdom,317,211,4.47
2011-03-07,United Kingdom,2525,1371,2.68
2011-03-07,United Kingdom,1618,995,2.87
2011-03-07,France,100,69,1.56
2011-03-07,United Kingdom,100,42,3.17
2011-03-07,United Kingdom,1005,758,2.15
2011-03-07,United Kingdom,1146,510,2.67
2011-03-07,United Kingdom,2372,1497,1.63
2011-03-07,Japan,1269,687,4.47
2011-03-07,United Kingdom,1660,788,1.48
2011-03-07,United Kingdom,1143,599,1.08
2011-03-07,United Kingdom,743,416,4.01
2011-03-07,United Kingdom,2089,1314,1.5
2011-03-07,United Kingdom,235,120,3.66
2011-03-07,United Kingdom,1023,774,4.15
2011-03-07,United Kingdom,177,110,4.4
2011-03-07,United Kingdom,3178,2150,1.15
2011-03-07,United Kingdom,2252,1653,1.33
2011-03-07,United Kingdom,1756,965,1.81
2011-03-07,United Kingdom,1047,685,2.48
2011-03-07,United Kingdom,118,86,3.52
2011-03-07,United Kingdom,2307,1409,3.86
2011-03-07,United Kingdom,1694,831,1.04
2011-03-07,United Kingdom,1429,849,3.67
2011-03-07,United Kingdom,2267,1042,2.58
2011-03-07,United Kingdom,1854,858,3.05
2011-03-07,United Kingdom,2690,1352,1.25
2011-03-07,United Kingdom,1102,493,2.09
2011-03-07,United Kingdom,1244,696,1.44
2011-03-07,United Kingdom,1649,1282,4.36
2011-03-07,United Kingdom,1785,1122,4.41
2011-03-07,United Kingdom,1327,602,3.17
2011-03-07,United Kingdom,2287,1688,4.23
2011-03-07,United Kingdom,1047,568,4.37
2011-03-07,United Kingdom,1811,853,1.33
2011-03-07,United Kingdom,2454,1395,1.4
2011-03-07,United Kingdom,1808,951,1.17
2011-03-07,United Kingdom,1802,1173,2.33
2011-03-07,United Kingdom,1186,502,2.59
2011-03-07,Japan,1939,1056,1.31
2011-03-07,Japan,646,259,2.55
2011-03-07,United Kingdom,2223,1042,3.01
2011-03-07,United Kingdom,1472,825,4.46
2011-03-07,United Kingdom,1295,976,3.35
2011-03-07,United Kingdom,2760,1553,4.07
2011-03-07,United Kingdom,2422,1046,3.56
2011-03-07,United Kingdom,1854,1000,2.55
2011-03-07,United Kingdom,2244,1683,2.14
2011-03-07,United Kingdom,2342,1201,2.67
2011-03-07,United Kingdom,1191,787,2.8
2011-03-08,United Kingdom,538,305,1.39
2011-03-08,United Kingdom,486,362,1.08
2011-03-08,United Kingdom,1935,1025,1.67
2011-03-08,United Kingdom,1933,811,4.12
2011-03-08,United Kingdom,598,383,1.07
2011-03-08,United Kingdom,2393,1580,1.98
2011-03-08,United Kingdom,1141,810,3.23
2011-03-08,United Kingdom,100,61,1.68
2011-03-08,United Kingdom,1582,644,2.28
2011-03-08,United Kingdom,764,574,3.23
2011-03-08,United Kingdom,1080,532,1.96
2011-03-08,United Kingdom,1229,567,3.12
2011-03-08,United Kingdom,1565,1250,2.88
2011-03-08,Germany,789,386,3.95
2011-03-08,United Kingdom,1145,654,2.83
2011-03-08,United Kingdom,751,429,4.29
2011-03-08,United Kingdom,1165,898,2.2
2011-03-08,Portugal,2466,1080,3.58
2011-03-08,United Kingdom,100,58,2.53
2011-03-08,United Kingdom,1996,1471,1.29
2011-03-08,United Kingdom,1750,1010,3.19
2011-03-08,United Kingdom,1279,773,3.02
2011-03-08,United Kingdom,100,67,1.77
2011-03-08,Germany,702,383,3.24
2011-03-08,United Kingdom,378,223,1.99
2011-03-08,United Kingdom,665,416,2.67
2011-03-08,United Kingdom,1181,549,4.07
2011-03-08,United Kingdom,1528,638,3.76
2011-03-08,United Kingdom,1227,857,3.95
2011-03-08,Germany,2805,1365,3.58
2011-03-08,United Kingdom,1868,831,3.31
2011-03-08,United Kingdom,2251,1198,3.59
2011-03-08,United Kingdom,1878,1483,3.65
2011-03-08,France,163,114,1.58
2011-03-08,United Kingdom,620,284,2.35
2011-03-08,United Kingdom,2040,830,1.76
2011-03-08,United Kingdom,1853,1080,2.87
2011-03-08,United Kingdom,2271,923,1.56
2011-03-08,United Kingdom,1942,1073,2.1
2011-03-08,United Kingdom,1275,676,2.66
2011-03-08,United Kingdom,1040,478,3.19
2011-03-08,United Kingdom,874,430,1.02
2011-03-08,United Kingdom,1607,1023,3.71
2011-03-08,United Kingdom,2450,1055,3.67
2011-03-08,United Kingdom,2535,1950,2.79
2011-03-08,United Kingdom,960,562,1.56
2011-03-08,United Kingdom,1243,540,3.6
2011-03-08,United Kingdom,1984,1350,4.03
2011-03-08,United Kingdom,679,475,3.87
2011-03-08,United Kingdom,1159,648,1.7
2011-03-08,United Kingdom,974,634,1.86
2011-03-08,United Kingdom,1335,687,1.76
2011-03-08,United Kingdom,538,348,4.14
2011-03-08,United Kingdom,310,229,3.09
2011-03-08,United Kingdom,907,682,3.27
2011-03-08,United Kingdom,2612,1941,3.03
2011-03-08,United Kingdom,2027,1610,1.16
2011-03-08,United Kingdom,1323,542,2.38
2011-03-09,Netherlands,2081,1408,3.89
2011-03-09,United Kingdom,959,672,3.82
2011-03-09,United Kingdom,769,316,3.36
2011-03-09,United Kingdom,2304,1831,4.27
2011-03-09,United Kingdom,1320,873,2.55
2011-03-09,United Kingdom,1854,1291,1.32
2011-03-09,United Kingdom,1602,1192,1.93
2011-03-09,United Kingdom,1585,663,1.85
2011-03-09,United Kingdom,2055,1027,4.43
2011-03-09,United Kingdom,1744,1012,4.02
2011-03-09,United Kingdom,1873,1450,3.8
2011-03-09,United Kingdom,2739,1528,1.93
2011-03-09,United Kingdom,899,632,4.31
2011-03-09,United Kingdom,1781,1389,2.45
2011-03-09,United Kingdom,837,655,2.8
2011-03-09,United Kingdom,2878,1796,3.83
2011-03-09,United Kingdom,2219,1357,1.27
2011-03-09,United Kingdom,660,409,2.95
2011-03-09,United Kingdom,2745,1345,2.77
2011-03-09,United Kingdom,1687,758,1.0
2011-03-09,United Kingdom,946,653,4.41
2011-03-09,United Kingdom,2129,1398,3.85
2011-03-09,Channel Islands,1414,893,1.13
2011-03-09,United Kingdom,1314,1031,1.01
2011-03-09,United Kingdom,2968,1398,4.2
2011-03-09,United Kingdom,1393,879,3.09
2011-03-09,United Kingdom,878,554,3.34
2011-03-09,United Kingdom,1308,651,4.43
2011-03-09,United Kingdom,1775,1211,3.3
2011-03-09,United Kingdom,2495,1801,3.9
2011-03-09,United Kingdom,1729,1132,3.71
2011-03-09,United Kingdom,1595,919,2.67
2011-03-09,United Kingdom,1625,696,3.21
2011-03-09,United Kingdom,881,449,1.57
2011-03-09,United Kingdom,2603,1615,1.31
2011-03-09,United Kingdom,1664,1010,2.35
2011-03-09,United Kingdom,2327,1584,1.48
2011-03-09,United Kingdom,1908,1459,2.89
2011-03-09,United Kingdom,1449,829,1.69
2011-03-09,United Kingdom,984,502,1.42
2011-03-09,United Kingdom,1961,1487,4.47
2011-03-09,United Kingdom,2273,1798,3.07
2011-03-09,United Kingdom,977,706,4.49
2011-03-09,United Kingdom,2410,1114,3.31
2011-03-09,United Kingdom,780,364,1.46
2011-03-09,United Kingdom,716,529,1.37
2011-03-09,United Kingdom,2727,1134,2.9
2011-03-09,United Kingdom,1075,770,3.12
2011-03-09,United Kingdom,1914,826,3.6
2011-03-09,United Kingdom,2024,981,3.49
2011-03-09,United Kingdom,855,484,1.78
2011-03-09,United Kingdom,2194,1632,2.73
2011-03-09,United Kingdom,1986,1520,2.12
2011-03-09,United Kingdom,2196,1296,2.02
2011-03-09,United Kingdom,1921,1272,3.08
2011-03-09,Switzerland,2230,1313,1.18
2011-03-09,Australia,857,638,2.94
2011-03-09,United Kingdom,1542,677,2.39
2011-03-09,United Kingdom,1868,1308,3.14
2011-03-09,United Kingdom,601,286,1.77
2011-03-09,United Kingdom,3036,2024,3.45
2011-03-09,United Kingdom,1399,1083,4.45
2011-03-09,United Kingdom,1398,881,1.19
2011-03-09,United Kingdom,813,478,3.62
2011-03-09,United Kingdom,1402,676,2.09
2011-03-09,United Kingdom,1488,699,3.8
2011-03-09,United Kingdom,2057,1278,3.84
2011-03-09,United Kingdom,1922,1356,2.62
2011-03-09,United Kingdom,1386,821,4.07
2011-03-09,United Kingdom,100,70,3.36
2011-03-09,United Kingdom,2335,1465,1.42
2011-03-10,United Kingdom,687,310,3.36
2011-03-10,United Kingdom,1244,982,3.8
2011-03-10,United Kingdom,3117,1586,3.74
2011-03-10,United Kingdom,1968,1149,1.4
2011-03-10,United Kingdom,1067,775,1.76
2011-03-10,United Kingdom,571,273,3.61
2011-03-10,United Kingdom,1477,1037,1.44
2011-03-10,United Kingdom,1304,679,2.74
2011-03-10,Sweden,1795,747,1.1
2011-03-10,Sweden,993,742,1.56
2011-03-10,United Kingdom,1725,1353,2.88
2011-03-10,United Kingdom,2606,2084,3.34
2011-03-10,United Kingdom,100,49,1.1
2011-03-10,United Kingdom,2477,1807,1.81
2011-03-10,United Kingdom,2513,1339,2.77
2011-03-10,United Kingdom,1361,951,2.79
2011-03-10,United Kingdom,1173,474,2.53
2011-03-10,United Kingdom,2266,1404,2.18
2011-03-10,United Kingdom,1204,741,1.63
2011-03-10,EIRE,1629,738,2.75
2011-03-10,United Kingdom,1917,1012,2.7
2011-03-10,United Kingdom,1969,920,1.64
2011-03-10,United Kingdom,833,475,1.7
2011-03-10,United Kingdom,1160,693,3.86
2011-03-10,United Kingdom,2302,975,1.15
2011-03-10,United Kingdom,2062,934,3.24
2011-03-10,United Kingdom,871,424,2.81
2011-03-10,United Kingdom,1891,800,1.62
2011-03-10,United Kingdom,2062,880,2.06
2011-03-10,Belgium,1661,1246,3.06
2011-03-10,United Kingdom,2567,1291,3.64
2011-03-10,United Kingdom,2034,1500,3.58
2011-03-10,EIRE,1611,986,4.04
2011-03-10,EIRE,2082,1192,4.39
2011-03-10,United Kingdom,1818,855,3.33
2011-03-10,United Kingdom,1886,1279,2.58
2011-03-10,United Kingdom,426,332,3.9
2011-03-10,United Kingdom,2056,959,3.17
2011-03-10,United Kingdom,873,398,2.82
2011-03-10,United Kingdom,2007,1450,3.35
2011-03-10,United Kingdom,1043,556,3.65
2011-03-10,United Kingdom,474,236,1.72
2011-03-10,United Kingdom,1417,1018,3.27
2011-03-10,United Kingdom,1590,853,4.46
2011-03-10,Cyprus,2154,1152,2.89
2011-03-10,United Kingdom,2332,1542,3.35
2011-03-10,United Kingdom,1234,877,4.12
2011-03-10,United Kingdom,2663,2020,4.24
2011-03-10,United Kingdom,583,294,4.06
2011-03-10,United Kingdom,100,50,2.88
2011-03-10,United Kingdom,1487,991,3.45
2011-03-10,United Kingdom,1487,1035,2.16
2011-03-10,United Kingdom,2357,1033,3.78
2011-03-10,United Kingdom,1401,939,3.17
2011-03-10,United Kingdom,245,179,3.36
2011-03-10,United Kingdom,799,594,1.98
2011-03-10,United Kingdom,1462,879,1.3
2011-03-10,United Kingdom,2504,1405,4.5
2011-03-10,United Kingdom,100,53,4.4
2011-03-10,United Kingdom,759,412,3.15
2011-03-10,Channel Islands,100,45,1.42
2011-03-10,United Kingdom,100,58,1.79
2011-03-10,United Kingdom,2094,1330,2.48
2011-03-10,United Kingdom,1837,1403,1.66
2011-03-10,United Kingdom,1358,725,1.36
2011-03-10,EIRE,1050,816,1.45
2011-03-10,United Kingdom,2344,1782,1.86
2011-03-10,United Kingdom,1314,777,4.48
2011-03-10,United Kingdom,1778,898,3.54
2011-03-10,United Kingdom,803,593,2.95
2011-03-10,United Kingdom,1156,538,1.21
2011-03-10,United Kingdom,1575,1165,3.37
2011-03-10,United Kingdom,1022,476,2.08
2011-03-10,United Kingdom,2019,1451,1.22
2011-03-10,United Kingdom,2323,1799,3.93
2011-03-10,United Kingdom,1277,796,1.3
2011-03-10,United Kingdom,2072,1017,1.19
2011-03-10,United Kingdom,1826,1239,3.72
2011-03-10,United Kingdom,1509,909,3.42
2011-03-10,United Kingdom,851,435,2.47
2011-03-10,United Kingdom,3140,1292,1.46
2011-03-10,United Kingdom,1715,966,1.59
2011-03-10,United Kingdom,589,388,3.87
2011-03-10,United Kingdom,1832,1216,1.55
2011-03-11,United Kingdom,1299,835,1.53
2011-03-11,United Kingdom,2321,1816,1.29
2011-03-11,United Kingdom,407,315,4.2
2011-03-11,United Kingdom,734,383,4.09
2011-03-11,United Kingdom,1584,719,1.96
2011-03-11,United Kingdom,1017,503,3.39
2011-03-11,Germany,2127,1566,1.34
2011-03-11,United Kingdom,1305,724,4.21
2011-03-11,United Kingdom,1751,1166,3.0
2011-03-11,United Kingdom,1910,1306,1.36
2011-03-11,United Kingdom,100,79,3.26
2011-03-11,EIRE,2701,1833,1.45
2011-03-11,EIRE,1655,1161,2.19
2011-03-11,EIRE,2096,1418,2.32
2011-03-11,EIRE,1351,818,1.68
2011-03-11,United Kingdom,990,667,2.35
2011-03-11,United Kingdom,1587,786,1.21
2011-03-11,United Kingdom,1589,1166,2.28
2011-03-11,United Kingdom,804,430,3.61
2011-03-11,United Kingdom,1992,1269,1.48
2011-03-11,Germany,2514,1847,1.86
2011-03-11,United Kingdom,2935,1204,3.22
2011-03-11,United Kingdom,2133,1520,1.68
2011-03-11,United Kingdom,1291,605,4.44
2011-03-11,United Kingdom,2287,1526,3.55
2011-03-11,France,1396,846,2.21
2011-03-11,United Kingdom,2296,988,4.01
2011-03-11,United Kingdom,597,270,1.74
2011-03-11,United Kingdom,158,113,3.59
2011-03-11,United Kingdom,1887,1481,3.71
2011-03-11,United Kingdom,2351,1853,1.4
2011-03-11,United Kingdom,1340,907,1.79
2011-03-11,United Kingdom,2203,1009,2.26
2011-03-11,United Kingdom,100,63,2.46
2011-03-11,United Kingdom,1615,772,1.92
2011-03-11,United Kingdom,1288,747,2.1
2011-03-11,United Kingdom,1068,814,3.43
2011-03-11,United Kingdom,2206,1181,4.14
2011-03-11,United Kingdom,1581,1032,4.36
2011-03-11,United Kingdom,893,608,2.67
2011-03-11,United Kingdom,2237,1058,2.38
2011-03-11,United Kingdom,2023,1414,1.64
2011-03-11,United Kingdom,688,489,3.06
2011-03-11,United Kingdom,532,216,2.61
2011-03-11,United Kingdom,744,445,3.99
2011-03-11,United Kingdom,1056,599,3.73
2011-03-11,United Kingdom,512,379,2.47
2011-03-11,United Kingdom,1935,1484,2.3
2011-03-11,United Kingdom,100,78,3.63
2011-03-11,United Kingdom,1184,858,2.53
2011-03-11,United Kingdom,257,115,1.48
2011-03-11,United Kingdom,920,515,3.78
2011-03-11,United Kingdom,1463,1105,2.7
2011-03-11,United Kingdom,1336,549,1.9
2011-03-11,United Kingdom,2729,1442,3.89
2011-03-11,United Kingdom,2928,1225,1.76
2011-03-11,United Kingdom,2863,1249,2.49
2011-03-11,United Kingdom,2105,1026,1.57
2011-03-11,United Kingdom,2148,1063,2.46
2011-03-11,United Kingdom,1888,1419,3.91
2011-03-11,United Kingdom,1568,1204,2.31
2011-03-11,United Kingdom,2963,2180,4.22
2011-03-11,United Kingdom,2823,2097,4.36
2011-03-11,United Kingdom,1088,659,4.17
2011-03-11,United Kingdom,100,43,2.79
2011-03-13,United Kingdom,1923,1181,2.76
2011-03-13,United Kingdom,1304,561,2.33
2011-03-13,United Kingdom,1855,782,2.15
2011-03-13,United Kingdom,449,316,2.38
2011-03-13,United Kingdom,1013,661,4.41
2011-03-13,United Kingdom,961,711,2.39
2011-03-13,United Kingdom,235,129,1.76
2011-03-13,United Kingdom,1090,785,2.73
2011-03-13,United Kingdom,1042,816,1.5
2011-03-13,United Kingdom,2465,1967,2.1
2011-03-13,United Kingdom,1464,773,2.45
2011-03-13,United Kingdom,1899,1040,2.64
2011-03-13,United Kingdom,634,389,1.04
2011-03-13,France,1562,845,3.1
2011-03-13,United Kingdom,2269,1114,1.33
2011-03-13,United Kingdom,1615,859,3.7
2011-03-14,United Kingdom,1703,1306,2.32
2011-03-14,United Kingdom,2017,1499,2.81
2011-03-14,Netherlands,1704,690,2.57
2011-03-14,Belgium,887,376,2.72
2011-03-14,United Kingdom,100,78,3.36
2011-03-14,United Kingdom,1918,916,1.89
2011-03-14,United Kingdom,2320,975,1.3
2011-03-14,United Kingdom,2191,1382,2.83
2011-03-14,United Kingdom,1441,632,2.03
2011-03-14,United Kingdom,146,65,1.6
2011-03-14,United Kingdom,750,569,4.15
2011-03-14,United Kingdom,2363,1058,1.92
2011-03-14,United Kingdom,100,71,3.73
2011-03-14,United Kingdom,882,568,2.24
2011-03-14,United Kingdom,1363,580,2.56
2011-03-14,United Kingdom,1889,879,1.4
2011-03-14,France,1217,490,3.88
2011-03-14,United Kingdom,1714,976,2.88
2011-03-14,United Kingdom,100,55,3.2
2011-03-14,United Kingdom,1712,1171,1.61
2011-03-14,Italy,1760,860,2.98
2011-03-14,United Kingdom,1628,700,1.09
2011-03-14,Germany,851,601,1.6
2011-03-14,United Kingdom,2494,1515,2.41
2011-03-14,EIRE,1961,1254,2.44
2011-03-14,United Kingdom,1646,986,2.45
2011-03-14,United Kingdom,962,704,3.24
2011-03-14,United Kingdom,745,591,2.58
2011-03-14,United Kingdom,1614,734,2.48
2011-03-14,EIRE,2472,1667,3.58
2011-03-14,United Kingdom,1509,710,1.13
2011-03-14,United Kingdom,100,53,1.38
2011-03-14,United Kingdom,2240,991,2.44
2011-03-14,United Kingdom,1832,977,4.35
2011-03-14,United Kingdom,714,514,1.77
2011-03-14,United Kingdom,1529,810,2.57
2011-03-14,United Kingdom,1302,576,1.43
2011-03-14,United Kingdom,1843,941,3.94
2011-03-14,United Kingdom,1067,499,1.5
2011-03-14,Sweden,100,79,3.72
2011-03-14,United Kingdom,1900,859,1.04
2011-03-14,United Kingdom,2687,1416,2.8
2011-03-14,Canada,1212,896,4.39
2011-03-14,United Kingdom,1977,1373,1.87
2011-03-14,United Kingdom,1197,641,1.74
2011-03-14,United Kingdom,2687,1348,4.37
2011-03-14,United Kingdom,446,335,3.46
2011-03-14,United Kingdom,2362,1283,4.14
2011-03-14,United Kingdom,1397,727,1.26
2011-03-14,United Kingdom,896,358,3.32
2011-03-14,EIRE,631,364,2.28
2011-03-14,United Kingdom,1025,785,2.1
2011-03-14,United Kingdom,2526,1783,3.79
2011-03-14,United Kingdom,1546,919,2.74
2011-03-14,United Kingdom,1617,1070,2.63
2011-03-14,United Kingdom,1252,894,1.54
2011-03-14,United Kingdom,3077,1756,1.28
2011-03-14,United Kingdom,2931,1498,3.34
2011-03-14,United Kingdom,2634,1926,4.05
2011-03-15,United Kingdom,2834,1176,2.3
2011-03-15,United Kingdom,464,239,3.13
2011-03-15,United Kingdom,2558,1105,3.0
2011-03-15,United Kingdom,2140,918,1.71
2011-03-15,United Kingdom,3587,2209,4.03
2011-03-15,Hong Kong,2400,1324,2.85
2011-03-15,Hong Kong,1429,649,3.64
2011-03-15,France,376,217,2.16
2011-03-15,United Kingdom,688,416,1.59
2011-03-15,United Kingdom,2860,2198,4.13
2011-03-15,United Kingdom,1855,1405,1.71
2011-03-15,United Kingdom,2497,1373,3.53
2011-03-15,EIRE,2989,1937,3.52
2011-03-15,EIRE,1090,800,4.44
2011-03-15,United Kingdom,1699,835,4.46
2011-03-15,United Kingdom,546,416,3.76
2011-03-15,United Kingdom,2898,2182,2.32
2011-03-15,United Kingdom,2717,1271,1.13
2011-03-15,United Kingdom,1355,966,1.64
2011-03-15,United Kingdom,1811,1132,2.91
2011-03-15,United Kingdom,2083,1333,3.18
2011-03-15,United Kingdom,2262,1783,1.9
2011-03-15,United Kingdom,1310,805,3.37
2011-03-15,United Kingdom,1741,1190,3.53
2011-03-15,United Kingdom,1202,581,2.53
2011-03-15,United Kingdom,100,41,4.24
2011-03-15,United Kingdom,1602,1280,2.86
2011-03-15,United Kingdom,1950,1203,2.68
2011-03-15,United Kingdom,489,249,3.0
2011-03-15,Poland,766,587,4.09
2011-03-15,United Kingdom,1399,658,3.95
2011-03-15,United Kingdom,2601,1368,2.04
2011-03-15,United Kingdom,1847,1172,1.09
2011-03-15,United Kingdom,2357,1592,2.2
2011-03-15,United Kingdom,1381,858,2.93
2011-03-15,United Kingdom,1315,704,2.75
2011-03-15,United Kingdom,2129,1685,2.15
2011-03-15,United Kingdom,2839,2242,2.87
2011-03-15,United Kingdom,1322,901,2.7
2011-03-15,United Kingdom,1419,641,4.22
2011-03-15,United Kingdom,2551,1565,2.64
2011-03-15,United Kingdom,2476,1207,1.29
2011-03-15,EIRE,957,537,1.75
2011-03-15,United Kingdom,2430,1718,1.39
2011-03-15,United Kingdom,1446,1144,3.77
2011-03-15,United Kingdom,100,72,2.63
2011-03-15,United Kingdom,638,265,2.19
2011-03-15,United Kingdom,2242,1380,3.41
2011-03-15,United Kingdom,2043,844,4.29
2011-03-15,United Kingdom,1911,1099,4.4
2011-03-15,United Kingdom,1677,858,2.87
2011-03-15,United Kingdom,904,452,1.96
2011-03-15,United Kingdom,1361,988,3.74
2011-03-15,United Kingdom,1250,732,1.47
2011-03-15,United Kingdom,1881,1130,3.46
2011-03-15,United Kingdom,2770,1415,3.69
2011-03-15,France,945,378,4.04
2011-03-15,United Kingdom,1465,862,2.89
2011-03-15,United Kingdom,1138,810,1.15
2011-03-16,United Kingdom,1329,1011,3.6
2011-03-16,United Kingdom,747,469,1.47
2011-03-16,United Kingdom,1840,1060,4.32
2011-03-16,United Kingdom,1380,974,3.98
2011-03-16,United Kingdom,2128,1031,2.58
2011-03-16,United Kingdom,388,217,4.39
2011-03-16,United Kingdom,100,72,3.89
2011-03-16,United Kingdom,2255,1217,4.43
2011-03-16,United Kingdom,1521,1182,4.22
2011-03-16,United Kingdom,2700,1461,1.18
2011-03-16,United Kingdom,446,210,1.33
2011-03-16,United Kingdom,861,545,4.49
2011-03-16,United Kingdom,331,155,3.77
2011-03-16,United Kingdom,935,570,3.37
2011-03-16,United Kingdom,1339,937,4.12
2011-03-16,United Kingdom,1080,614,1.14
2011-03-16,United Kingdom,2144,1503,2.53
2011-03-16,United Kingdom,100,56,3.93
2011-03-16,United Kingdom,1948,994,2.14
2011-03-16,United Kingdom,1183,512,1.44
2011-03-16,United Kingdom,563,226,4.19
2011-03-16,United Kingdom,2011,872,2.37
2011-03-16,United Kingdom,1444,734,1.73
2011-03-16,United Kingdom,1872,1063,3.66
2011-03-16,United Kingdom,1543,1140,2.3
2011-03-16,United Kingdom,2189,1639,4.16
2011-03-16,United Kingdom,2125,1139,1.66
2011-03-16,United Kingdom,1816,1438,1.15
2011-03-16,United Kingdom,1991,999,2.46
2011-03-16,United Kingdom,1815,758,3.39
2011-03-16,United Kingdom,1326,886,3.08
2011-03-16,Spain,635,382,4.32
2011-03-16,United Kingdom,1773,750,3.04
2011-03-16,United Kingdom,100,65,2.75
2011-03-16,United Kingdom,1198,493,1.06
2011-03-16,Germany,1437,1105,2.2
2011-03-16,Spain,2779,1596,2.79
2011-03-16,United Kingdom,1348,871,1.58
2011-03-16,United Kingdom,1523,817,2.3
2011-03-16,United Kingdom,757,549,3.78
2011-03-16,United Kingdom,1615,698,4.34
2011-03-16,France,1252,516,1.7
2011-03-16,United Kingdom,2148,1473,1.87
2011-03-16,United Kingdom,2665,1247,2.69
2011-03-16,United Kingdom,2119,1488,2.87
2011-03-16,United Kingdom,259,131,3.21
2011-03-16,France,1247,721,4.17
2011-03-16,United Kingdom,1396,603,1.57
2011-03-16,United Kingdom,480,312,1.99
2011-03-16,United Kingdom,2028,977,1.19
2011-03-16,United Kingdom,1451,826,1.09
2011-03-16,United Kingdom,2480,1445,1.37
2011-03-16,United Kingdom,1964,1208,2.19
2011-03-16,United Kingdom,2689,1242,1.14
2011-03-16,United Kingdom,1139,764,3.82
2011-03-16,United Kingdom,709,400,3.78
2011-03-17,Denmark,1513,807,1.46
2011-03-17,United Kingdom,2101,1252,4.18
2011-03-17,United Kingdom,414,211,1.64
2011-03-17,United Kingdom,1420,867,3.03
2011-03-17,United Kingdom,700,384,3.92
2011-03-17,United Kingdom,1791,1098,3.48
2011-03-17,United Kingdom,2447,1446,4.09
2011-03-17,United Kingdom,1496,1184,1.34
2011-03-17,United Kingdom,2274,1291,3.59
2011-03-17,United Kingdom,221,119,2.2
2011-03-17,United Kingdom,2009,998,2.47
2011-03-17,United Kingdom,256,117,2.66
2011-03-17,United Kingdom,100,49,1.7
2011-03-17,United Kingdom,1759,1406,2.68
2011-03-17,United Kingdom,1541,952,3.8
2011-03-17,United Kingdom,1218,516,4.06
2011-03-17,United Kingdom,1176,487,2.21
2011-03-17,United Kingdom,699,282,3.08
2011-03-17,United Kingdom,574,318,3.77
2011-03-17,Germany,1168,865,2.59
2011-03-17,United Kingdom,1713,1174,3.68
2011-03-17,United Kingdom,2243,1315,4.25
2011-03-17,United Kingdom,1012,489,1.33
2011-03-17,United Kingdom,946,649,4.1
2011-03-17,United Kingdom,1409,707,2.46
2011-03-17,Germany,703,354,4.37
2011-03-17,United Kingdom,985,681,4.01
2011-03-17,United Kingdom,1721,917,1.25
2011-03-17,United Kingdom,1849,996,2.93
2011-03-17,United Kingdom,2383,1133,1.83
2011-03-17,United Kingdom,1755,1198,3.89
2011-03-17,United Kingdom,2305,1693,1.54
2011-03-17,United Kingdom,1401,1061,3.53
2011-03-17,United Kingdom,100,49,2.32
2011-03-17,United Kingdom,1119,465,3.9
2011-03-17,EIRE,2570,1578,1.68
2011-03-17,United Kingdom,1257,727,2.76
2011-03-17,United Kingdom,1214,907,4.41
2011-03-17,United Kingdom,2128,1318,3.95
2011-03-17,United Kingdom,3566,1636,4.06
2011-03-17,United Kingdom,493,271,3.26
2011-03-17,United Kingdom,1942,931,4.43
2011-03-17,United Kingdom,1533,874,1.17
2011-03-17,Norway,2312,1103,1.37
2011-03-17,United Kingdom,1584,1264,3.98
2011-03-17,United Kingdom,1546,887,4.39
2011-03-17,United Kingdom,2835,1527,1.66
2011-03-17,United Kingdom,755,445,2.58
2011-03-17,United Kingdom,1894,1274,1.61
2011-03-17,Italy,794,459,1.72
2011-03-17,United Kingdom,1201,853,1.45
2011-03-17,United Kingdom,1848,1148,1.13
2011-03-17,United Kingdom,564,235,3.06
2011-03-17,United Kingdom,1107,444,3.6
2011-03-17,United Kingdom,1782,732,4.34
2011-03-17,United Kingdom,100,57,4.24
2011-03-17,United Kingdom,1757,1116,2.16
2011-03-17,United Kingdom,1520,667,3.02
2011-03-17,United Kingdom,1523,919,1.23
2011-03-17,United Kingdom,1734,930,3.16
2011-03-17,Germany,2119,1630,2.12
2011-03-17,United Kingdom,1796,1002,2.05
2011-03-17,United Kingdom,1756,924,1.44
2011-03-17,United Kingdom,1382,1026,3.47
2011-03-17,United Kingdom,1432,1144,1.7
2011-03-17,United Kingdom,256,193,1.7
2011-03-17,EIRE,2445,1917,1.36
2011-03-17,United Kingdom,2621,1302,3.24
2011-03-17,United Kingdom,2926,1856,1.28
2011-03-17,United Kingdom,2495,1650,3.84
2011-03-17,United Kingdom,763,601,3.84
2011-03-17,United Kingdom,1830,876,3.53
2011-03-17,United Kingdom,100,51,1.73
2011-03-17,United Kingdom,1981,1476,2.52
2011-03-17,United Kingdom,2449,1187,1.99
2011-03-17,United Kingdom,1930,1511,2.29
2011-03-17,United Kingdom,1383,1045,3.83
2011-03-17,United Kingdom,939,750,1.95
2011-03-17,United Kingdom,1065,498,1.77
2011-03-17,United Kingdom,3202,1449,3.34
2011-03-17,United Kingdom,1669,1220,2.07
2011-03-17,United Kingdom,2289,1244,1.76
2011-03-17,United Kingdom,614,379,2.13
2011-03-17,United Kingdom,2102,1352,3.09
2011-03-17,United Kingdom,1436,927,1.56
2011-03-17,United Kingdom,100,41,1.73
2011-03-18,United Kingdom,2264,1543,3.52
2011-03-18,United Kingdom,1364,990,3.65
2011-03-18,United Kingdom,441,179,3.97
2011-03-18,EIRE,1991,842,3.15
2011-03-18,United Kingdom,1832,834,3.78
2011-03-18,Germany,1357,583,3.5
2011-03-18,Germany,1005,654,4.45
2011-03-18,United Kingdom,1753,1064,1.06
2011-03-18,United Kingdom,1492,1158,2.26
2011-03-18,United Kingdom,2568,1192,3.71
2011-03-18,Germany,1095,539,2.52
2011-03-18,United Kingdom,100,43,1.1
2011-03-18,United Kingdom,1179,890,1.93
2011-03-18,United Kingdom,1424,932,1.84
2011-03-18,United Kingdom,1708,1326,1.65
2011-03-18,United Kingdom,2523,1424,1.16
2011-03-18,United Kingdom,1706,1247,2.13
2011-03-18,United Kingdom,2962,2145,1.89
2011-03-18,United Kingdom,2922,2165,4.49
2011-03-18,United Kingdom,963,595,3.32
2011-03-18,United Kingdom,1725,816,3.98
2011-03-18,United Kingdom,1097,685,4.42
2011-03-18,United Kingdom,2440,1626,1.1
2011-03-18,United Kingdom,1166,622,4.46
2011-03-18,United Kingdom,2749,1985,3.38
2011-03-18,United Kingdom,2723,1107,1.23
2011-03-18,United Kingdom,1519,942,3.57
2011-03-18,United Kingdom,2803,1659,2.27
2011-03-18,United Kingdom,1271,705,3.55
2011-03-18,United Kingdom,176,86,3.92
2011-03-18,United Kingdom,2252,1231,3.45
2011-03-18,United Kingdom,2096,1590,1.03
2011-03-18,United Kingdom,2591,1204,2.76
2011-03-18,United Kingdom,739,507,3.58
2011-03-18,United Kingdom,596,238,4.39
2011-03-18,United Kingdom,1215,862,2.11
2011-03-18,United Kingdom,174,119,4.28
2011-03-18,United Kingdom,692,442,3.32
2011-03-18,United Kingdom,1417,796,1.75
2011-03-18,United Kingdom,1521,920,1.37
2011-03-18,United Kingdom,188,94,2.67
2011-03-18,United Kingdom,2161,1545,2.51
2011-03-18,United Kingdom,821,403,1.4
2011-03-18,United Kingdom,1565,881,3.79
2011-03-18,United Kingdom,1675,781,2.73
2011-03-18,United Kingdom,1455,761,3.42
2011-03-18,United Kingdom,1393,592,3.26
2011-03-18,United Kingdom,951,666,2.32
2011-03-18,United Kingdom,2372,1812,4.14
2011-03-18,United Kingdom,1689,1332,4.02
2011-03-18,United Kingdom,2899,2066,3.39
2011-03-18,United Kingdom,2459,1580,4.25
2011-03-18,United Kingdom,1494,681,3.41
2011-03-18,United Kingdom,2259,1084,3.09
2011-03-18,Germany,2104,1212,3.61
2011-03-18,United Kingdom,100,57,3.4
2011-03-18,United Kingdom,938,509,3.28
2011-03-18,United Kingdom,1711,742,1.46
2011-03-18,United Kingdom,952,596,1.26
2011-03-18,United Kingdom,2052,1616,1.83
2011-03-18,United Kingdom,2473,1653,3.66
2011-03-18,United Kingdom,1323,601,2.06
2011-03-18,United Kingdom,176,101,4.31
2011-03-18,United Kingdom,1076,543,4.21
2011-03-18,United Kingdom,2519,1519,2.12
2011-03-18,United Kingdom,126,92,3.42
2011-03-18,United Kingdom,1643,961,2.92
2011-03-18,United Kingdom,1290,1001,3.14
2011-03-18,United Kingdom,215,159,1.43
2011-03-20,United Kingdom,1499,1138,1.91
2011-03-20,United Kingdom,2706,1384,3.95
2011-03-20,United Kingdom,126,50,3.0
2011-03-20,United Kingdom,2186,1210,2.19
2011-03-20,United Kingdom,575,393,3.45
2011-03-20,United Kingdom,2236,1739,1.78
2011-03-20,United Kingdom,206,107,1.53
2011-03-20,United Kingdom,1194,927,1.98
2011-03-20,United Kingdom,1845,1399,3.87
2011-03-20,United Kingdom,2391,1808,1.14
2011-03-20,United Kingdom,2307,1409,1.51
2011-03-20,United Kingdom,2105,1160,1.21
2011-03-20,United Kingdom,2367,1245,4.29
2011-03-20,United Kingdom,1650,1291,2.03
2011-03-20,United Kingdom,784,449,4.18
2011-03-20,United Kingdom,1078,842,2.52
2011-03-20,United Kingdom,1808,1168,3.37
2011-03-20,EIRE,1877,979,3.46
2011-03-20,United Kingdom,2491,1389,4.14
2011-03-20,United Kingdom,3023,1337,3.52
2011-03-20,United Kingdom,1797,1399,4.31
2011-03-20,United Kingdom,544,391,2.88
2011-03-20,United Kingdom,1162,501,2.08
2011-03-20,United Kingdom,2193,1654,3.61
2011-03-20,United Kingdom,3141,1262,2.09
2011-03-20,United Kingdom,1761,1347,4.33
2011-03-20,United Kingdom,100,79,3.13
2011-03-20,United Kingdom,1045,508,1.6
2011-03-20,United Kingdom,2117,1057,2.43
2011-03-20,United Kingdom,2383,1693,4.22
2011-03-20,Belgium,266,160,3.86
2011-03-20,United Kingdom,917,525,4.01
2011-03-20,United Kingdom,2804,1910,2.03
2011-03-20,United Kingdom,2283,957,4.48
2011-03-20,United Kingdom,2846,2057,1.71
2011-03-20,United Kingdom,1428,655,3.25
2011-03-20,United Kingdom,1805,886,3.57
2011-03-20,United Kingdom,841,396,2.57
2011-03-20,United Kingdom,100,44,2.52
2011-03-20,Germany,1549,782,2.24
2011-03-20,United Kingdom,2203,1078,2.54
2011-03-20,United Kingdom,1661,891,1.49
2011-03-20,United Kingdom,100,53,1.41
2011-03-20,United Kingdom,2630,1213,1.87
2011-03-20,United Kingdom,2727,1918,3.89
2011-03-20,United Kingdom,2355,1344,3.33
2011-03-20,United Kingdom,1638,1286,2.98
2011-03-20,United Kingdom,1132,694,4.04
2011-03-20,United Kingdom,2412,1461,3.96
2011-03-20,United Kingdom,1831,1310,3.22
2011-03-20,United Kingdom,1419,979,3.11
2011-03-20,United Kingdom,721,564,3.7
2011-03-20,Germany,1635,756,2.78
2011-03-20,Finland,1692,1261,3.84
2011-03-20,France,2240,1241,3.49
2011-03-20,United Kingdom,1393,572,3.58
2011-03-20,United Kingdom,1469,874,1.03
2011-03-20,United Kingdom,1101,472,2.9
2011-03-20,United Kingdom,648,451,1.56
2011-03-21,United Kingdom,2205,1582,3.75
2011-03-21,United Kingdom,1163,586,2.94
2011-03-21,United Kingdom,100,41,4.44
2011-03-21,United Kingdom,1747,1327,1.41
2011-03-21,United Kingdom,964,567,2.58
2011-03-21,United Kingdom,1230,845,2.65
2011-03-21,United Kingdom,1379,883,2.78
2011-03-21,United Kingdom,1263,870,1.02
2011-03-21,United Kingdom,971,712,2.2
2011-03-21,United Kingdom,579,458,3.75
2011-03-21,United Kingdom,1609,1002,1.04
2011-03-21,United Kingdom,1783,1362,2.01
2011-03-21,United Kingdom,100,73,2.83
2011-03-21,United Kingdom,3278,2070,4.32
2011-03-21,United Kingdom,3205,2523,1.5
2011-03-21,United Kingdom,2554,1444,2.74
2011-03-21,United Kingdom,949,510,2.95
2011-03-21,Belgium,513,381,1.49
2011-03-21,United Kingdom,2014,1493,2.86
2011-03-21,United Kingdom,961,585,1.49
2011-03-21,United Kingdom,953,413,2.3
2011-03-21,United Kingdom,861,523,4.36
2011-03-21,United Kingdom,1908,1473,4.33
2011-03-21,United Kingdom,654,476,2.34
2011-03-21,Poland,1084,479,1.65
2011-03-21,United Kingdom,2129,1445,3.2
2011-03-21,United Kingdom,2517,1317,3.48
2011-03-21,France,712,431,4.27
2011-03-21,United Kingdom,1853,866,3.01
2011-03-21,France,903,574,3.13
2011-03-21,United Kingdom,2818,1394,2.96
2011-03-21,United Kingdom,1702,1120,2.6
2011-03-21,United Kingdom,2146,1543,2.39
2011-03-21,United Kingdom,791,454,2.54
2011-03-21,United Kingdom,2115,1652,3.89
2011-03-21,United Kingdom,1117,730,2.1
2011-03-21,United Kingdom,930,478,2.21
2011-03-21,United Kingdom,1499,642,3.6
2011-03-21,United Kingdom,2319,1717,3.47
2011-03-21,United Kingdom,1736,1277,3.77
2011-03-21,United Kingdom,985,648,1.44
2011-03-21,United Kingdom,2509,1202,3.03
2011-03-21,United Kingdom,2224,1184,3.04
2011-03-21,United Kingdom,875,436,1.82
2011-03-21,United Kingdom,1730,1114,4.36
2011-03-21,United Kingdom,1354,1048,2.21
2011-03-21,United Kingdom,1471,833,1.36
2011-03-21,United Kingdom,1056,642,1.05
2011-03-21,United Kingdom,264,153,4.15
2011-03-21,United Kingdom,1890,1158,2.53
2011-03-21,United Kingdom,2066,1234,2.1
2011-03-21,United Kingdom,1852,1274,2.63
2011-03-21,United Kingdom,850,487,2.08
2011-03-21,United Kingdom,689,303,3.02
2011-03-21,United Kingdom,1437,722,4.37
2011-03-21,United Kingdom,943,598,3.55
2011-03-21,United Kingdom,131,101,3.73
2011-03-21,United Kingdom,972,563,4.16
2011-03-21,Finland,2251,1536,3.34
2011-03-21,United Kingdom,1488,1004,3.74
2011-03-21,United Kingdom,540,426,2.65
2011-03-21,United Kingdom,3525,1915,1.71
2011-03-21,United Kingdom,1656,671,3.94
2011-03-21,United Kingdom,1159,723,3.4
2011-03-21,United Kingdom,1311,628,3.39
2011-03-21,United Kingdom,626,462,2.46
2011-03-21,United Kingdom,3060,1485,2.68
2011-03-22,United Kingdom,100,58,1.58
2011-03-22,United Kingdom,2139,1056,1.66
2011-03-22,United Kingdom,1489,996,2.13
2011-03-22,United Kingdom,2756,1226,2.94
2011-03-22,United Kingdom,100,42,3.82
2011-03-22,United Kingdom,3207,1865,2.59
2011-03-22,United Kingdom,1430,744,2.66
2011-03-22,United Kingdom,100,47,3.49
2011-03-22,United Kingdom,1338,710,3.86
2011-03-22,United Kingdom,1294,893,3.81
2011-03-22,United Kingdom,2098,1152,2.96
2011-03-22,United Kingdom,1340,950,4.2
2011-03-22,France,2214,981,2.2
2011-03-22,United Kingdom,1909,955,2.25
2011-03-22,United Kingdom,532,411,2.48
2011-03-22,United Kingdom,906,684,4.15
2011-03-22,United Kingdom,2304,1821,3.12
2011-03-22,United Kingdom,925,458,2.48
2011-03-22,United Kingdom,623,323,4.28
2011-03-22,United Kingdom,1837,1250,4.2
2011-03-22,United Kingdom,1193,941,2.68
2011-03-22,United Kingdom,821,402,3.69
2011-03-22,United Kingdom,417,298,4.09
2011-03-22,United Kingdom,953,465,3.41
2011-03-22,United Kingdom,2109,1394,1.3
2011-03-22,United Kingdom,1937,1099,4.12
2011-03-22,United Kingdom,1852,1382,1.23
2011-03-22,United Kingdom,2179,1000,1.11
2011-03-22,United Kingdom,477,288,1.8
2011-03-22,United Kingdom,1001,618,3.6
2011-03-22,United Kingdom,1364,858,1.32
2011-03-22,United Kingdom,1652,717,3.43
2011-03-22,United Kingdom,1489,1078,3.17
2011-03-22,United Kingdom,2456,1735,2.0
2011-03-22,United Kingdom,2206,1019,4.33
2011-03-22,United Kingdom,1653,768,3.77
2011-03-22,United Kingdom,2546,2019,1.99
2011-03-22,United Kingdom,1916,1310,2.18
2011-03-22,Netherlands,2300,1514,4.35
2011-03-22,United Kingdom,1813,1406,4.24
2011-03-22,United Kingdom,1461,1060,3.13
2011-03-22,United Kingdom,2074,1249,2.63
2011-03-22,United Kingdom,2140,1557,3.62
2011-03-22,United Kingdom,1055,489,1.55
2011-03-22,United Kingdom,1042,811,2.27
2011-03-22,United Kingdom,2586,1261,2.59
2011-03-22,United Kingdom,841,588,3.43
2011-03-22,United Kingdom,2102,1028,2.27
2011-03-22,United Kingdom,590,312,1.04
2011-03-22,United Kingdom,349,257,4.41
2011-03-22,United Kingdom,258,190,4.12
2011-03-22,United Kingdom,1349,892,2.47
2011-03-22,Germany,1024,713,2.05
2011-03-22,United Kingdom,1691,1027,2.57
2011-03-22,United Kingdom,2809,1340,1.09
2011-03-22,United Kingdom,2240,1787,4.41
2011-03-22,Germany,1797,1231,3.6
2011-03-22,Germany,100,73,3.38
2011-03-22,United Kingdom,1388,1067,3.47
2011-03-22,United Kingdom,1260,692,2.86
2011-03-22,Spain,3157,1623,2.11
2011-03-22,Norway,3001,1745,2.78
2011-03-22,United Kingdom,805,383,3.98
2011-03-22,Norway,2406,1556,1.63
2011-03-22,United Kingdom,1521,687,1.44
2011-03-22,United Kingdom,477,191,3.15
2011-03-22,United Kingdom,1281,584,3.02
2011-03-22,United Kingdom,1348,798,2.73
2011-03-22,United Kingdom,2303,1481,3.73
2011-03-22,United Kingdom,2469,1492,4.49
2011-03-22,United Kingdom,2315,1758,1.91
2011-03-22,United Kingdom,569,366,3.55
2011-03-22,United Kingdom,1565,1202,4.34
2011-03-23,United Kingdom,1219,572,1.41
2011-03-23,United Kingdom,2073,1630,3.21
2011-03-23,United Kingdom,1890,1478,1.3
2011-03-23,United Kingdom,447,219,3.36
2011-03-23,United Kingdom,1349,708,1.24
2011-03-23,United Kingdom,1019,650,4.35
2011-03-23,United Kingdom,1957,910,3.34
2011-03-23,Belgium,1209,595,3.31
2011-03-23,United Kingdom,1197,620,3.05
2011-03-23,United Kingdom,1867,909,3.95
2011-03-23,United Kingdom,2078,1092,2.84
2011-03-23,United Kingdom,2850,2190,2.16
2011-03-23,United Kingdom,1754,1363,3.97
2011-03-23,United Kingdom,1789,842,2.24
2011-03-23,United Kingdom,479,348,4.05
2011-03-23,United Kingdom,1480,797,1.04
2011-03-23,Portugal,1746,856,1.4
2011-03-23,United Kingdom,167,95,3.71
2011-03-23,United Kingdom,1386,1062,1.81
2011-03-23,United Kingdom,1127,719,1.42
2011-03-23,United Kingdom,2162,1033,3.33
2011-03-23,United Kingdom,3212,1702,2.27
2011-03-23,United Kingdom,2344,1641,1.45
2011-03-23,United Kingdom,571,384,4.31
2011-03-23,France,1656,1011,1.75
2011-03-23,Austria,2624,1772,2.21
2011-03-23,United Kingdom,2993,1238,1.47
2011-03-23,United Kingdom,2395,1636,2.83
2011-03-23,United Kingdom,1937,1280,3.5
2011-03-23,United Kingdom,1890,1040,1.14
2011-03-23,United Kingdom,2240,1775,2.15
2011-03-23,United Kingdom,1257,991,1.3
2011-03-23,United Kingdom,586,303,2.45
2011-03-23,United Kingdom,243,178,3.31
2011-03-23,United Kingdom,2145,1089,2.22
2011-03-23,France,2378,1181,1.39
2011-03-23,United Kingdom,2358,1720,2.48
2011-03-23,United Kingdom,2201,954,3.38
2011-03-23,United Kingdom,306,217,4.38
2011-03-23,France,1208,871,2.14
2011-03-23,United Kingdom,473,338,1.63
2011-03-23,United Kingdom,1724,810,3.37
2011-03-23,United Kingdom,1411,1032,2.23
2011-03-23,United Kingdom,2848,1437,2.48
2011-03-23,United Kingdom,1167,505,4.33
2011-03-23,United Kingdom,244,153,3.09
2011-03-23,United Kingdom,2265,1795,2.28
2011-03-23,Belgium,922,536,1.96
2011-03-23,United Kingdom,2934,1710,1.32
2011-03-23,United Kingdom,1654,1239,2.1
2011-03-23,France,2515,1377,2.71
2011-03-23,United Kingdom,1478,985,1.22
2011-03-23,United Kingdom,2110,1348,3.81
2011-03-23,United Kingdom,1964,1032,4.06
2011-03-23,United Kingdom,2342,1338,2.38
2011-03-23,United Kingdom,715,290,3.0
2011-03-23,United Kingdom,936,702,1.39
2011-03-23,United Kingdom,1188,844,2.79
2011-03-23,United Kingdom,2479,1879,4.45
2011-03-23,United Kingdom,2282,1714,2.28
2011-03-23,United Kingdom,346,228,2.82
2011-03-23,United Kingdom,1534,1205,1.32
2011-03-23,United Kingdom,1222,890,2.47
2011-03-23,United Kingdom,2294,1098,3.17
2011-03-23,United Kingdom,2759,1304,4.02
2011-03-23,United Kingdom,1599,857,2.57
2011-03-23,United Kingdom,1924,1068,3.5
2011-03-23,United Kingdom,1489,794,3.83
2011-03-23,United Kingdom,100,68,3.88
2011-03-23,United Kingdom,1659,702,3.99
2011-03-23,United Kingdom,600,393,4.03
2011-03-23,United Kingdom,1829,1267,1.02
2011-03-23,United Kingdom,2569,1356,1.71
2011-03-23,United Kingdom,3283,1542,3.25
2011-03-23,United Kingdom,100,75,1.44
2011-03-23,United Kingdom,1463,857,1.91
2011-03-24,United Kingdom,294,149,3.26
2011-03-24,United Kingdom,1272,925,3.64
2011-03-24,United Kingdom,2256,1434,4.32
2011-03-24,United Kingdom,769,539,3.72
2011-03-24,Portugal,1017,684,1.4
2011-03-24,United Kingdom,2489,1466,1.45
2011-03-24,United Kingdom,2064,1055,3.28
2011-03-24,United Kingdom,1494,1065,4.39
2011-03-24,United Kingdom,2500,1967,3.65
2011-03-24,United Kingdom,1390,764,2.84
2011-03-24,United Kingdom,708,430,3.76
2011-03-24,United Kingdom,3344,1432,2.71
2011-03-24,United Kingdom,3660,2904,2.61
2011-03-24,United Kingdom,2231,985,3.67
2011-03-24,United Kingdom,2859,2100,2.89
2011-03-24,United Kingdom,393,252,1.12
2011-03-24,Germany,100,65,4.13
2011-03-24,Germany,1135,889,1.04
2011-03-24,United Kingdom,2115,1523,1.88
2011-03-24,United Kingdom,2009,1209,4.27
2011-03-24,Germany,1314,776,1.7
2011-03-24,United Kingdom,794,409,3.22
2011-03-24,United Kingdom,100,59,1.19
2011-03-24,United Kingdom,2342,1505,3.7
2011-03-24,United Kingdom,926,730,2.76
2011-03-24,United Kingdom,1474,856,2.97
2011-03-24,United Kingdom,1934,1024,4.15
2011-03-24,United Kingdom,1438,1094,1.3
2011-03-24,United Kingdom,1923,1100,3.4
2011-03-24,United Kingdom,890,533,1.85
2011-03-24,Sweden,1662,845,1.21
2011-03-24,United Kingdom,879,609,3.47
2011-03-24,United Kingdom,983,583,1.18
2011-03-24,United Kingdom,100,73,1.64
2011-03-24,United Kingdom,1126,551,2.2
2011-03-24,United Kingdom,1567,715,1.46
2011-03-24,United Kingdom,1566,950,1.47
2011-03-24,United Kingdom,1091,758,1.02
2011-03-24,United Kingdom,2211,1373,2.18
2011-03-24,United Kingdom,2294,1322,4.13
2011-03-24,United Kingdom,1643,911,1.33
2011-03-24,United Kingdom,130,76,1.72
2011-03-24,United Kingdom,1187,543,4.14
2011-03-24,United Kingdom,186,75,4.41
2011-03-24,Australia,1199,582,3.84
2011-03-24,United Kingdom,1246,624,1.29
2011-03-24,United Kingdom,1713,899,3.68
2011-03-24,United Kingdom,2694,1152,2.97
2011-03-24,United Kingdom,968,611,2.55
2011-03-24,United Kingdom,1235,803,4.49
2011-03-24,United Kingdom,3035,1992,1.36
2011-03-24,United Kingdom,1772,1190,3.73
2011-03-24,United Kingdom,3441,2281,4.42
2011-03-24,United Kingdom,473,341,1.33
2011-03-24,United Kingdom,1473,1099,1.37
2011-03-24,United Kingdom,1107,876,3.11
2011-03-24,United Kingdom,2799,1612,3.63
2011-03-24,United Kingdom,1352,835,4.05
2011-03-24,United Kingdom,939,686,2.49
2011-03-24,United Kingdom,578,317,4.01
2011-03-24,Belgium,2243,1783,1.42
2011-03-24,Belgium,711,397,1.67
2011-03-24,United Kingdom,924,664,1.03
2011-03-24,United Kingdom,1902,1096,1.76
2011-03-24,United Kingdom,2731,1817,2.01
2011-03-24,United Kingdom,1885,1265,2.55
2011-03-24,United Kingdom,212,144,1.97
2011-03-24,United Kingdom,2517,1442,2.08
2011-03-24,United Kingdom,988,589,1.97
2011-03-24,United Kingdom,782,376,1.96
2011-03-24,United Kingdom,1594,893,2.63
2011-03-24,United Kingdom,804,484,3.88
2011-03-24,United Kingdom,1762,1256,4.23
2011-03-24,United Kingdom,1478,606,1.55
2011-03-24,United Kingdom,1793,819,1.97
2011-03-24,United Kingdom,1312,979,2.21
2011-03-24,EIRE,1941,835,3.38
2011-03-24,Spain,1454,667,1.11
2011-03-24,United Kingdom,2151,995,1.5
2011-03-24,United Kingdom,1464,940,1.0
2011-03-24,United Kingdom,2212,1351,1.57
2011-03-24,United Kingdom,1855,1337,1.71
2011-03-24,United Kingdom,1458,599,2.26
2011-03-24,United Kingdom,1775,740,3.47
2011-03-24,United Kingdom,820,543,3.27
2011-03-24,United Kingdom,2403,1274,1.37
2011-03-25,United Kingdom,1464,1110,1.87
2011-03-25,United Kingdom,1577,761,1.51
2011-03-25,Germany,574,250,3.98
2011-03-25,United Kingdom,2078,1272,3.48
2011-03-25,United Kingdom,1685,1299,3.1
2011-03-25,United Kingdom,1660,1102,1.16
2011-03-25,United Kingdom,1247,812,1.37
2011-03-25,United Kingdom,1387,1060,4.14
2011-03-25,United Kingdom,933,672,1.45
2011-03-25,France,2500,1319,1.52
2011-03-25,United Kingdom,100,72,3.99
2011-03-25,United Kingdom,215,141,3.38
2011-03-25,United Kingdom,1161,885,3.34
2011-03-25,United Kingdom,1237,946,3.44
2011-03-25,United Kingdom,380,214,1.62
2011-03-25,United Kingdom,2342,1191,2.32
2011-03-25,United Kingdom,1512,710,3.83
2011-03-25,United Kingdom,558,274,3.8
2011-03-25,United Kingdom,1212,755,2.37
2011-03-25,United Kingdom,177,103,4.06
2011-03-25,United Kingdom,1126,638,4.36
2011-03-25,United Kingdom,2320,1423,3.11
2011-03-25,United Kingdom,106,62,4.2
2011-03-25,United Kingdom,824,364,4.21
2011-03-25,EIRE,1810,1016,1.86
2011-03-25,Spain,2918,1849,2.5
2011-03-25,United Kingdom,1024,615,1.28
2011-03-25,United Kingdom,100,40,3.38
2011-03-25,United Kingdom,1801,1359,3.18
2011-03-25,United Kingdom,1541,710,2.89
2011-03-25,Netherlands,1874,1176,3.93
2011-03-25,United Kingdom,1374,714,2.97
2011-03-25,United Kingdom,2254,1219,1.39
2011-03-25,United Kingdom,1445,860,3.29
2011-03-25,United Kingdom,1910,836,2.87
2011-03-25,United Kingdom,100,42,1.78
2011-03-25,United Kingdom,463,263,2.74
2011-03-25,United Kingdom,1877,897,4.35
2011-03-25,United Kingdom,1854,858,4.14
2011-03-25,United Kingdom,1296,962,3.46
2011-03-25,Germany,1527,919,1.54
2011-03-25,United Kingdom,2210,964,2.82
2011-03-25,United Kingdom,2349,1183,2.34
2011-03-25,United Kingdom,1690,746,2.33
2011-03-25,United Kingdom,898,490,1.68
2011-03-25,United Kingdom,1642,863,1.25
2011-03-25,United Kingdom,1040,663,3.18
2011-03-25,United Kingdom,1314,1011,3.33
2011-03-25,United Kingdom,361,233,3.51
2011-03-25,Switzerland,1787,1162,2.02
2011-03-25,United Kingdom,2535,1074,3.02
2011-03-25,United Kingdom,227,117,1.93
2011-03-25,United Kingdom,934,410,3.47
2011-03-25,United Kingdom,3283,2016,1.69
2011-03-25,United Kingdom,1231,684,3.93
2011-03-25,Germany,2862,1152,4.25
2011-03-25,Germany,2100,1518,1.15
2011-03-25,Netherlands,1925,810,2.71
2011-03-25,United Kingdom,100,76,4.36
2011-03-25,United Kingdom,2660,1651,2.1
2011-03-25,United Kingdom,1042,432,3.74
2011-03-25,United Kingdom,100,43,1.7
2011-03-25,United Kingdom,3107,1554,1.92
2011-03-25,United Kingdom,390,242,4.28
2011-03-25,United Kingdom,100,45,2.45
2011-03-27,United Kingdom,1585,906,3.05
2011-03-27,United Kingdom,1708,825,1.6
2011-03-27,United Kingdom,1807,986,4.2
2011-03-27,United Kingdom,1244,770,2.73
2011-03-27,United Kingdom,2345,1623,2.12
2011-03-27,United Kingdom,1544,789,1.3
2011-03-27,United Kingdom,1367,848,1.04
2011-03-27,United Kingdom,1649,1121,2.97
2011-03-27,United Kingdom,1177,596,1.13
2011-03-27,United Kingdom,1486,823,3.33
2011-03-27,United Kingdom,2149,1068,3.18
2011-03-27,United Kingdom,1147,515,4.37
2011-03-27,United Kingdom,2761,2192,3.91
2011-03-27,United Kingdom,1352,731,3.51
2011-03-27,United Kingdom,989,589,3.94
2011-03-27,United Kingdom,1626,1261,4.31
2011-03-27,Germany,2040,1161,3.49
2011-03-27,United Kingdom,2252,1399,3.69
2011-03-27,United Kingdom,2609,1927,4.25
2011-03-27,United Kingdom,1304,856,2.24
2011-03-27,United Kingdom,892,452,1.08
2011-03-27,United Kingdom,1135,809,3.52
2011-03-27,EIRE,2552,1426,3.76
2011-03-27,United Kingdom,1822,908,4.21
2011-03-27,United Kingdom,2547,1275,1.72
2011-03-27,United Kingdom,1603,1025,1.86
2011-03-27,United Kingdom,100,46,4.06
2011-03-27,France,1442,583,4.28
2011-03-27,United Kingdom,100,56,2.99
2011-03-27,United Kingdom,1190,486,2.02
2011-03-27,United Kingdom,1483,724,2.85
2011-03-27,United Kingdom,617,457,1.5
2011-03-27,United Kingdom,100,45,2.79
2011-03-27,United Kingdom,255,171,1.26
2011-03-27,United Kingdom,2985,1821,2.55
2011-03-27,United Kingdom,1277,596,1.18
2011-03-27,United Kingdom,586,243,4.23
2011-03-27,United Kingdom,1713,960,3.11
2011-03-27,United Kingdom,1763,826,3.38
2011-03-27,United Kingdom,1994,1139,3.12
2011-03-27,United Kingdom,943,709,1.35
2011-03-27,United Kingdom,999,493,1.53
2011-03-27,United Kingdom,2805,2199,3.07
2011-03-27,United Kingdom,2029,1395,3.19
2011-03-28,EIRE,1674,972,2.03
2011-03-28,United Kingdom,1011,604,1.01
2011-03-28,United Kingdom,1669,735,3.85
2011-03-28,United Kingdom,763,458,1.48
2011-03-28,United Kingdom,894,702,4.33
2011-03-28,United Kingdom,2179,1037,2.03
2011-03-28,United Kingdom,572,400,3.99
2011-03-28,United Kingdom,2240,1778,1.29
2011-03-28,United Kingdom,1258,925,3.56
2011-03-28,United Kingdom,630,453,1.37
2011-03-28,France,229,155,2.43
2011-03-28,United Kingdom,2420,1744,1.45
2011-03-28,United Kingdom,1419,927,3.28
2011-03-28,United Kingdom,1881,1435,4.18
2011-03-28,United Kingdom,2213,995,2.05
2011-03-28,Portugal,1549,1229,1.46
2011-03-28,United Kingdom,2118,1220,3.76
2011-03-28,United Kingdom,1246,758,3.41
2011-03-28,United Kingdom,100,40,2.12
2011-03-28,United Kingdom,2409,1126,3.15
2011-03-28,United Kingdom,2538,1997,4.37
2011-03-28,United Kingdom,2270,1562,2.17
2011-03-28,United Kingdom,1924,1013,3.21
2011-03-28,United Kingdom,223,113,2.78
2011-03-28,United Kingdom,670,467,1.94
2011-03-28,United Kingdom,885,542,2.34
2011-03-28,United Kingdom,725,327,3.89
2011-03-28,United Kingdom,1449,641,1.31
2011-03-28,United Kingdom,2087,1060,1.97
2011-03-28,United Kingdom,1321,853,2.21
2011-03-28,Italy,1160,886,2.06
2011-03-28,United Kingdom,100,55,4.45
2011-03-28,United Kingdom,227,101,1.45
2011-03-28,United Kingdom,2581,1517,3.19
2011-03-28,United Kingdom,2127,1453,4.15
2011-03-28,United Kingdom,1488,984,1.83
2011-03-28,United Kingdom,100,68,2.8
2011-03-28,United Kingdom,1014,607,1.67
2011-03-28,United Kingdom,1463,592,2.35
2011-03-28,Germany,1861,1462,2.51
2011-03-28,Germany,3458,2483,4.01
2011-03-28,United Kingdom,1392,1051,1.32
2011-03-28,United Kingdom,2651,1513,4.12
2011-03-28,Italy,749,536,1.61
2011-03-28,Italy,1278,750,3.36
2011-03-28,United Kingdom,2828,1440,1.14
2011-03-28,United Kingdom,1020,565,1.27
2011-03-28,Germany,1435,1089,3.78
2011-03-28,United Kingdom,1162,642,3.94
2011-03-28,United Kingdom,2356,1448,2.83
2011-03-28,United Kingdom,2703,1914,3.74
2011-03-28,United Kingdom,1923,1406,3.38
2011-03-28,United Kingdom,1370,671,2.2
2011-03-28,United Kingdom,856,432,1.64
2011-03-28,United Kingdom,556,292,4.13
2011-03-28,United Kingdom,2783,2126,1.37
2011-03-28,United Kingdom,426,304,3.67
2011-03-28,United Kingdom,1528,918,1.1
2011-03-28,United Kingdom,2944,1314,4.46
2011-03-28,United Kingdom,645,359,3.58
2011-03-28,United Kingdom,1109,608,3.89
2011-03-28,United Kingdom,1885,1034,1.73
2011-03-28,United Kingdom,1611,1058,2.54
2011-03-28,United Kingdom,1608,772,4.45
2011-03-28,United Kingdom,1758,726,1.33
2011-03-28,United Kingdom,439,301,4.31
2011-03-28,United Kingdom,2107,917,2.22
2011-03-28,United Kingdom,475,379,1.01
2011-03-28,United Kingdom,2148,1461,4.05
2011-03-28,United Kingdom,718,546,3.78
2011-03-28,United Kingdom,2644,1888,3.19
2011-03-28,United Kingdom,2204,1070,3.27
2011-03-28,Germany,1568,1066,3.55
2011-03-28,United Kingdom,1262,791,3.99
2011-03-28,United Kingdom,199,104,3.12
2011-03-28,United Kingdom,934,676,2.17
2011-03-28,Spain,1362,656,3.16
2011-03-29,United Kingdom,1216,622,1.64
2011-03-29,United Kingdom,2012,950,1.6
2011-03-29,United Kingdom,1114,843,3.93
2011-03-29,United Kingdom,2753,1618,2.16
2011-03-29,United Kingdom,1577,849,2.45
2011-03-29,United Kingdom,681,537,1.2
2011-03-29,United Kingdom,1014,780,3.2
2011-03-29,United Kingdom,1196,531,2.97
2011-03-29,EIRE,2290,1197,2.92
2011-03-29,United Kingdom,1921,1464,1.74
2011-03-29,United Kingdom,2504,1578,1.8
2011-03-29,United Kingdom,2198,1027,1.93
2011-03-29,United Kingdom,2631,1711,4.29
2011-03-29,United Kingdom,2374,1417,3.05
2011-03-29,United Kingdom,1591,1026,3.15
2011-03-29,United Kingdom,1530,933,1.82
2011-03-29,United Kingdom,2804,1291,3.6
2011-03-29,United Kingdom,2186,1685,3.18
2011-03-29,United Kingdom,1542,970,2.06
2011-03-29,United Kingdom,935,542,2.39
2011-03-29,United Kingdom,854,624,4.36
2011-03-29,United Kingdom,1280,718,2.86
2011-03-29,Netherlands,613,439,2.63
2011-03-29,Netherlands,2157,923,3.34
2011-03-29,United Kingdom,949,519,3.33
2011-03-29,United Kingdom,582,422,4.4
2011-03-29,United Kingdom,1790,1138,2.7
2011-03-29,United Kingdom,1732,717,4.05
2011-03-29,United Kingdom,100,63,1.77
2011-03-29,United Kingdom,1583,1068,3.07
2011-03-29,United Kingdom,3028,1696,4.1
2011-03-29,United Kingdom,1899,853,1.53
2011-03-29,United Kingdom,1417,745,4.44
2011-03-29,United Kingdom,2470,1266,1.6
2011-03-29,United Kingdom,1965,874,2.49
2011-03-29,United Kingdom,500,275,3.33
2011-03-29,United Kingdom,1102,483,1.03
2011-03-29,United Kingdom,1981,902,1.63
2011-03-29,United Kingdom,2701,2159,1.11
2011-03-29,United Kingdom,686,324,2.55
2011-03-29,United Kingdom,751,322,2.26
2011-03-29,United Kingdom,1540,912,1.43
2011-03-29,United Kingdom,964,453,4.11
2011-03-29,United Kingdom,1469,987,4.23
2011-03-29,United Kingdom,1859,800,3.06
2011-03-29,United Kingdom,1686,1167,3.36
2011-03-29,United Kingdom,818,407,1.79
2011-03-29,United Kingdom,1245,706,4.45
2011-03-29,United Kingdom,1719,1179,2.63
2011-03-29,United Kingdom,1674,748,1.02
2011-03-29,United Kingdom,2351,1718,4.03
2011-03-29,United Kingdom,415,281,2.72
2011-03-29,United Kingdom,643,442,1.94
2011-03-29,United Kingdom,2124,1270,1.54
2011-03-29,United Kingdom,2073,978,4.32
2011-03-29,United Kingdom,1486,1169,3.41
2011-03-29,United Kingdom,2102,1112,3.13
2011-03-29,United Kingdom,1025,520,2.33
2011-03-29,United Kingdom,1308,948,4.06
2011-03-29,United Kingdom,2345,1190,4.32
2011-03-29,United Kingdom,1836,900,3.59
2011-03-29,United Kingdom,192,102,2.94
2011-03-29,United Kingdom,1086,462,1.71
2011-03-29,United Kingdom,1981,1447,3.87
2011-03-29,United Kingdom,2552,1482,1.82
2011-03-29,United Kingdom,617,264,1.01
2011-03-29,United Kingdom,709,534,2.34
2011-03-29,United Kingdom,1684,732,1.7
2011-03-29,United Kingdom,1168,707,4.31
2011-03-29,United Kingdom,797,436,1.48
2011-03-29,United Kingdom,1857,1292,2.85
2011-03-29,United Kingdom,2132,1603,2.55
2011-03-29,United Kingdom,1935,925,3.36
2011-03-29,United Kingdom,401,290,1.37
2011-03-29,United Kingdom,2190,1463,4.24
2011-03-29,United Kingdom,2234,1776,2.07
2011-03-29,United Kingdom,974,684,4.4
2011-03-29,United Kingdom,1352,724,3.42
2011-03-29,United Kingdom,2117,1005,4.12
2011-03-29,United Kingdom,1645,992,1.0
2011-03-29,United Kingdom,305,205,2.48
2011-03-29,United Kingdom,1862,1464,4.21
2011-03-29,United Kingdom,1876,939,3.15
2011-03-29,United Kingdom,886,639,2.59
2011-03-29,United Kingdom,1194,526,1.79
2011-03-29,United Kingdom,1219,709,1.82
2011-03-29,United Kingdom,2101,1636,2.69
2011-03-29,United Kingdom,1455,849,1.97
2011-03-29,United Kingdom,2161,1485,2.57
2011-03-30,Netherlands,942,397,3.15
2011-03-30,Switzerland,889,537,4.49
2011-03-30,United Kingdom,888,412,3.3
2011-03-30,United Kingdom,1460,842,1.38
2011-03-30,United Kingdom,183,138,2.71
2011-03-30,United Kingdom,2321,1655,2.43
2011-03-30,United Kingdom,1472,1027,3.6
2011-03-30,United Kingdom,100,72,3.79
2011-03-30,United Kingdom,1205,717,1.55
2011-03-30,United Kingdom,508,347,1.83
2011-03-30,United Kingdom,2248,1212,1.62
2011-03-30,United Kingdom,1211,675,3.55
2011-03-30,United Kingdom,2164,1431,1.87
2011-03-30,United Kingdom,2286,1237,2.91
2011-03-30,United Kingdom,1916,1326,1.96
2011-03-30,United Kingdom,2432,1365,4.16
2011-03-30,United Kingdom,2246,1376,2.89
2011-03-30,United Kingdom,1824,1431,4.41
2011-03-30,United Kingdom,2306,1844,3.73
2011-03-30,United Kingdom,1287,675,2.4
2011-03-30,United Kingdom,2014,1451,2.14
2011-03-30,United Kingdom,846,657,2.67
2011-03-30,United Kingdom,100,46,1.47
2011-03-30,United Kingdom,1362,570,3.5
2011-03-30,United Kingdom,2190,897,3.98
2011-03-30,United Kingdom,1558,1047,2.78
2011-03-30,United Kingdom,1533,717,3.41
2011-03-30,United Kingdom,1280,792,2.53
2011-03-30,United Kingdom,1981,1402,3.17
2011-03-30,United Kingdom,1573,777,1.84
2011-03-30,United Kingdom,954,715,3.45
2011-03-30,United Kingdom,1845,1220,4.26
2011-03-30,United Kingdom,1035,532,2.55
2011-03-30,United Kingdom,100,67,2.33
2011-03-30,United Kingdom,100,77,1.64
2011-03-30,United Kingdom,1592,1034,3.77
2011-03-30,United Kingdom,1844,1394,1.34
2011-03-30,United Kingdom,1699,1277,2.1
2011-03-30,United Kingdom,495,375,1.8
2011-03-30,United Kingdom,508,210,1.85
2011-03-30,United Kingdom,2094,1541,3.61
2011-03-30,United Kingdom,2364,1375,1.45
2011-03-30,United Kingdom,2635,1664,2.6
2011-03-30,Germany,2836,2149,4.34
2011-03-30,United Kingdom,2563,1936,3.95
2011-03-30,United Kingdom,616,394,2.14
2011-03-30,United Kingdom,801,528,2.56
2011-03-30,United Kingdom,2026,1104,2.39
2011-03-30,United Kingdom,623,447,3.67
2011-03-30,United Kingdom,926,632,3.95
2011-03-30,United Kingdom,2059,1417,1.97
2011-03-30,United Kingdom,509,307,2.78
2011-03-30,United Kingdom,921,493,1.59
2011-03-30,United Kingdom,143,65,4.48
2011-03-30,United Kingdom,1629,1266,1.66
2011-03-30,United Kingdom,271,192,1.81
2011-03-30,United Kingdom,2858,1635,2.0
2011-03-30,United Kingdom,1265,515,2.1
2011-03-30,United Kingdom,2325,1416,2.15
2011-03-30,United Kingdom,582,377,1.81
2011-03-30,United Kingdom,2003,1073,4.2
2011-03-30,United Kingdom,1398,1095,2.83
2011-03-30,United Kingdom,1696,1171,1.79
2011-03-30,United Kingdom,841,465,1.11
2011-03-30,United Kingdom,2384,1226,4.49
2011-03-30,United Kingdom,114,47,2.4
2011-03-30,United Kingdom,2638,1295,3.08
2011-03-30,Germany,100,70,4.25
2011-03-30,United Kingdom,2303,1231,1.67
2011-03-30,United Kingdom,2302,941,1.6
2011-03-30,United Kingdom,1355,1029,1.77
2011-03-30,United Kingdom,1328,959,1.59
2011-03-30,United Kingdom,1123,486,1.63
2011-03-30,United Kingdom,1439,1070,1.33
2011-03-30,Finland,574,388,2.53
2011-03-30,United Kingdom,206,129,4.47
2011-03-30,United Kingdom,758,570,2.13
2011-03-30,United Kingdom,1478,784,1.32
2011-03-30,United Kingdom,647,350,3.69
2011-03-30,United Kingdom,1919,941,2.18
2011-03-30,United Kingdom,904,373,1.41
2011-03-30,United Kingdom,352,145,2.93
2011-03-30,United Kingdom,1419,1048,1.05
2011-03-30,United Kingdom,1754,1191,4.11
2011-03-30,United Kingdom,914,627,2.78
2011-03-30,United Kingdom,2794,1644,1.63
2011-03-30,United Kingdom,2644,1463,3.77
2011-03-30,United Kingdom,1543,628,4.1
2011-03-30,United Kingdom,1966,1169,3.79
2011-03-30,United Kingdom,2406,1505,4.13
2011-03-30,United Kingdom,1602,1183,3.55
2011-03-30,United Kingdom,1432,779,4.16
2011-03-30,United Kingdom,2663,2083,1.44
2011-03-30,United Kingdom,1818,1208,1.47
2011-03-30,United Kingdom,1974,1343,1.51
2011-03-30,United Kingdom,612,456,1.99
2011-03-30,United Kingdom,2558,1358,3.41
2011-03-30,United Kingdom,757,365,2.47
2011-03-30,United Kingdom,947,428,1.09
2011-03-30,United Kingdom,2377,1882,2.54
2011-03-30,United Kingdom,1285,686,2.29
2011-03-30,United Kingdom,1038,721,1.42
2011-03-30,United Kingdom,100,55,2.18
2011-03-30,United Kingdom,1804,726,3.9
2011-03-30,United Kingdom,1896,870,1.55
2011-03-30,United Kingdom,128,52,1.85
2011-03-31,United Kingdom,1830,758,1.41
2011-03-31,United Kingdom,823,620,2.77
2011-03-31,United Kingdom,405,308,3.98
2011-03-31,United Kingdom,1221,821,2.26
2011-03-31,United Kingdom,2430,1883,3.62
2011-03-31,United Kingdom,1104,768,3.61
2011-03-31,United Kingdom,1641,986,3.49
2011-03-31,United Kingdom,1520,898,3.38
2011-03-31,France,1513,1112,3.21
2011-03-31,France,1416,1049,1.29
2011-03-31,United Kingdom,1460,1167,4.24
2011-03-31,Germany,801,538,4.48
2011-03-31,United Kingdom,3437,2333,3.11
2011-03-31,United Kingdom,1191,562,1.61
2011-03-31,EIRE,983,668,2.23
2011-03-31,United Kingdom,1238,843,2.88
2011-03-31,United Kingdom,256,107,4.1
2011-03-31,United Kingdom,2097,1011,2.21
2011-03-31,United Kingdom,598,437,1.77
2011-03-31,United Kingdom,2498,1358,3.64
2011-03-31,United Kingdom,2204,1742,1.38
2011-03-31,United Kingdom,1453,727,1.61
2011-03-31,United Kingdom,1968,1534,1.01
2011-03-31,United Kingdom,2015,1086,2.56
2011-03-31,United Kingdom,517,313,4.21
2011-03-31,United Kingdom,942,435,1.92
2011-03-31,United Kingdom,1506,677,4.23
2011-03-31,United Kingdom,1429,627,2.25
2011-03-31,United Kingdom,888,440,2.22
2011-03-31,United Kingdom,2773,2156,3.46
2011-03-31,United Kingdom,791,493,3.49
2011-03-31,United Kingdom,342,223,2.14
2011-03-31,Portugal,184,76,1.44
2011-03-31,United Kingdom,345,254,3.33
2011-03-31,United Kingdom,1191,918,1.44
2011-03-31,United Kingdom,569,427,1.72
2011-03-31,United Kingdom,307,243,2.67
2011-03-31,United Kingdom,544,230,3.27
2011-03-31,United Kingdom,1964,885,1.95
2011-03-31,Germany,1096,829,1.1
2011-03-31,United Kingdom,3442,2740,4.49
2011-03-31,United Kingdom,2000,981,1.27
2011-03-31,United Kingdom,413,265,3.87
2011-03-31,United Kingdom,2099,1421,4.41
2011-03-31,France,100,66,1.65
2011-03-31,United Kingdom,373,264,1.61
2011-03-31,United Kingdom,1530,1106,4.09
2011-03-31,United Kingdom,1408,1121,4.13
2011-03-31,United Kingdom,100,75,2.32
2011-03-31,United Kingdom,2019,1331,1.03
2011-03-31,United Kingdom,2260,1285,1.49
2011-03-31,United Kingdom,1844,1447,1.15
2011-03-31,United Kingdom,525,293,4.44
2011-03-31,United Kingdom,3215,1727,2.41
2011-03-31,United Kingdom,2695,1813,3.56
2011-03-31,United Kingdom,1005,512,3.72
2011-03-31,United Kingdom,899,451,1.81
2011-03-31,United Kingdom,209,151,3.78
2011-03-31,United Kingdom,1993,1453,3.36
2011-03-31,United Kingdom,3091,1644,2.14
2011-03-31,United Kingdom,1914,1109,2.51
2011-03-31,United Kingdom,1767,1402,1.75
2011-03-31,United Kingdom,2886,1915,4.43
2011-03-31,United Kingdom,2054,1559,2.55
2011-03-31,United Kingdom,1231,851,4.29
2011-03-31,United Kingdom,596,351,3.81
2011-03-31,United Kingdom,1956,958,3.0
2011-03-31,United Kingdom,1717,789,2.78
2011-03-31,United Kingdom,2063,1040,1.52
2011-03-31,United Kingdom,1064,572,2.7
2011-03-31,United Kingdom,2736,1268,1.32
2011-03-31,United Kingdom,1373,782,2.75
2011-03-31,United Kingdom,1764,1110,2.9
2011-03-31,United Kingdom,1335,583,1.3
2011-03-31,United Kingdom,1178,875,2.21
2011-03-31,United Kingdom,665,296,2.58
2011-03-31,United Kingdom,2005,1421,1.41
2011-03-31,United Kingdom,942,729,1.45
2011-03-31,United Kingdom,216,134,4.26
2011-03-31,United Kingdom,2422,1573,1.68
2011-03-31,United Kingdom,2326,1594,3.47
2011-03-31,United Kingdom,975,446,3.75
2011-03-31,United Kingdom,1391,852,3.21
2011-03-31,United Kingdom,413,256,2.66
2011-03-31,United Kingdom,1962,1075,3.87
2011-03-31,United Kingdom,659,343,2.15
2011-03-31,United Kingdom,654,495,4.26
2011-03-31,United Kingdom,100,46,1.32
2011-04-01,United Kingdom,2854,1951,1.29
2011-04-01,United Kingdom,1327,812,2.19
2011-04-01,United Kingdom,1734,848,2.55
2011-04-01,France,2568,1358,4.21
2011-04-01,United Kingdom,1831,1404,4.25
2011-04-01,United Kingdom,831,660,4.23
2011-04-01,United Kingdom,694,551,2.23
2011-04-01,United Kingdom,1288,901,3.65
2011-04-01,United Kingdom,518,371,1.62
2011-04-01,United Kingdom,1337,765,4.08
2011-04-01,United Kingdom,1549,1167,2.39
2011-04-01,United Kingdom,826,467,4.32
2011-04-01,United Kingdom,636,309,3.4
2011-04-01,France,1649,678,3.72
2011-04-01,United Kingdom,1761,955,4.05
2011-04-01,United Kingdom,2893,1888,2.56
2011-04-01,United Kingdom,1474,630,4.38
2011-04-01,United Kingdom,1423,861,2.09
2011-04-01,United Kingdom,248,178,2.54
2011-04-01,United Kingdom,2922,1251,3.56
2011-04-01,United Kingdom,560,329,3.04
2011-04-01,United Kingdom,1046,657,1.36
2011-04-01,France,1188,686,2.76
2011-04-01,United Kingdom,1580,1016,1.2
2011-04-01,United Kingdom,1120,721,3.07
2011-04-01,United Kingdom,1449,984,4.3
2011-04-01,United Kingdom,2097,845,1.63
2011-04-01,United Kingdom,2558,1393,4.04
2011-04-01,United Kingdom,1431,692,2.44
2011-04-01,United Kingdom,2232,1549,1.9
2011-04-01,United Kingdom,1428,923,3.78
2011-04-01,United Kingdom,1857,1199,2.62
2011-04-01,United Kingdom,302,223,1.8
2011-04-01,United Kingdom,2257,1333,1.84
2011-04-01,United Kingdom,2796,1623,3.81
2011-04-01,United Kingdom,842,343,4.3
2011-04-01,United Kingdom,1179,863,2.94
2011-04-01,United Kingdom,1225,582,1.0
2011-04-01,United Kingdom,2444,1173,1.04
2011-04-01,United Kingdom,2168,1459,2.44
2011-04-01,United Kingdom,2542,1946,2.92
2011-04-01,United Kingdom,2117,1572,1.53
2011-04-01,United Kingdom,526,227,4.17
2011-04-01,United Kingdom,3797,2614,1.16
2011-04-01,United Kingdom,1674,978,2.24
2011-04-01,United Kingdom,2632,1864,4.19
2011-04-01,United Kingdom,1875,1353,1.34
2011-04-01,United Kingdom,769,576,2.67
2011-04-01,United Kingdom,1279,798,1.36
2011-04-01,United Kingdom,994,503,1.12
2011-04-01,United Kingdom,2319,1245,1.29
2011-04-01,United Kingdom,1785,788,4.34
2011-04-01,United Kingdom,1107,834,1.56
2011-04-01,United Kingdom,1088,769,2.98
2011-04-01,United Kingdom,797,399,1.02
2011-04-01,United Kingdom,1449,800,3.28
2011-04-01,United Kingdom,3055,2153,3.29
2011-04-01,United Kingdom,495,308,4.43
2011-04-01,United Kingdom,1503,717,3.56
2011-04-01,United Kingdom,2475,1914,2.06
2011-04-01,United Kingdom,1664,1273,1.71
2011-04-01,United Kingdom,965,561,3.37
2011-04-01,United Kingdom,100,60,2.33
2011-04-01,United Kingdom,1746,1050,1.15
2011-04-01,Germany,2207,1178,1.06
2011-04-01,United Kingdom,1344,590,3.77
2011-04-01,United Kingdom,1188,741,1.79
2011-04-01,United Kingdom,1183,814,2.23
2011-04-01,United Kingdom,1444,950,2.63
2011-04-01,United Kingdom,573,369,1.92
2011-04-01,Australia,1210,954,4.17
2011-04-01,United Kingdom,1303,885,1.51
2011-04-01,United Kingdom,1692,839,2.54
2011-04-01,EIRE,2785,1321,1.05
2011-04-01,United Kingdom,1454,927,3.09
2011-04-01,United Kingdom,1578,636,2.13
2011-04-01,Czech Republic,2813,1395,1.98
2011-04-01,United Kingdom,1966,1355,2.33
2011-04-01,United Kingdom,2654,1677,3.56
2011-04-01,United Kingdom,1172,923,4.43
2011-04-01,United Kingdom,1463,585,4.19
2011-04-01,United Kingdom,1180,730,1.39
2011-04-01,United Kingdom,3364,1672,1.79
2011-04-01,United Kingdom,2121,1568,3.13
2011-04-01,United Kingdom,1085,477,2.03
2011-04-01,United Kingdom,3168,1928,2.63
2011-04-01,United Kingdom,1792,1024,3.32
2011-04-01,United Kingdom,1590,1029,4.18
2011-04-01,United Kingdom,1123,802,4.4
2011-04-01,United Kingdom,587,411,3.36
2011-04-01,United Kingdom,3886,2326,3.42
2011-04-01,United Kingdom,1421,631,3.52
2011-04-01,United Kingdom,3015,1313,1.26
2011-04-01,United Kingdom,1292,635,2.85
2011-04-01,United Kingdom,2257,1129,2.87
2011-04-01,United Kingdom,1505,755,4.09
2011-04-03,United Kingdom,2419,1841,1.71
2011-04-03,United Kingdom,2408,1825,3.93
2011-04-03,United Kingdom,2139,1247,1.01
2011-04-03,United Kingdom,1022,479,3.44
2011-04-03,United Kingdom,1890,883,4.28
2011-04-03,United Kingdom,1808,1368,1.34
2011-04-03,United Kingdom,150,86,1.2
2011-04-03,United Kingdom,2240,1522,4.36
2011-04-03,United Kingdom,3099,1310,4.24
2011-04-03,United Kingdom,1474,1114,4.41
2011-04-03,United Kingdom,2791,1496,3.64
2011-04-03,United Kingdom,1272,936,1.69
2011-04-03,United Kingdom,443,354,1.92
2011-04-03,United Kingdom,3301,2465,1.31
2011-04-03,United Kingdom,835,612,4.17
2011-04-03,United Kingdom,1345,847,3.37
2011-04-03,United Kingdom,2250,1024,3.98
2011-04-03,United Kingdom,1276,819,4.41
2011-04-03,United Kingdom,1868,947,4.24
2011-04-03,United Kingdom,1784,1266,1.75
2011-04-03,United Kingdom,2137,1481,1.44
2011-04-04,EIRE,1655,793,1.63
2011-04-04,United Kingdom,902,650,1.34
2011-04-04,United Kingdom,1552,1090,2.39
2011-04-04,United Kingdom,801,457,2.36
2011-04-04,United Kingdom,2153,1133,3.41
2011-04-04,United Kingdom,1515,617,4.27
2011-04-04,United Kingdom,1724,1233,4.02
2011-04-04,France,1201,585,2.56
2011-04-04,United Kingdom,1809,900,1.45
2011-04-04,United Kingdom,1608,647,1.71
2011-04-04,United Kingdom,1780,881,1.14
2011-04-04,Australia,1703,1024,3.07
2011-04-04,United Kingdom,1711,689,3.05
2011-04-04,Japan,3253,1537,3.2
2011-04-04,United Kingdom,829,457,3.03
2011-04-04,United Kingdom,1679,856,3.35
2011-04-04,United Kingdom,1912,1370,2.75
2011-04-04,United Kingdom,1504,1157,2.3
2011-04-04,United Kingdom,2133,1535,4.44
2011-04-04,France,142,102,2.47
2011-04-04,United Kingdom,2543,1691,2.68
2011-04-04,United Kingdom,2939,1547,4.0
2011-04-04,United Kingdom,1377,730,3.92
2011-04-04,United Kingdom,1317,971,4.1
2011-04-04,United Kingdom,3075,1372,4.01
2011-04-04,United Kingdom,1906,1507,3.04
2011-04-04,Germany,1750,992,2.43
2011-04-04,Germany,1255,568,3.22
2011-04-04,United Kingdom,1247,612,2.25
2011-04-04,United Kingdom,100,74,3.84
2011-04-04,United Kingdom,740,482,3.44
2011-04-04,United Kingdom,4527,3055,2.08
2011-04-04,United Kingdom,1272,526,3.79
2011-04-04,United Kingdom,2159,1644,3.9
2011-04-04,United Kingdom,1278,841,3.78
2011-04-04,United Kingdom,2735,1834,1.45
2011-04-04,United Kingdom,1028,528,2.48
2011-04-04,United Kingdom,832,356,3.09
2011-04-04,United Kingdom,1880,1359,2.33
2011-04-04,Singapore,2344,1089,2.64
2011-04-04,Singapore,1553,926,3.96
2011-04-04,Singapore,1642,1172,3.02
2011-04-04,Singapore,1733,1305,4.26
2011-04-04,United Kingdom,100,41,3.86
2011-04-04,United Kingdom,531,300,3.19
2011-04-04,United Kingdom,3326,2216,4.09
2011-04-04,EIRE,2409,1906,1.79
2011-04-04,United Kingdom,1420,1046,3.6
2011-04-04,United Kingdom,1651,1035,1.32
2011-04-04,United Kingdom,1699,935,1.05
2011-04-04,United Kingdom,100,60,3.28
2011-04-04,United Kingdom,2788,1405,4.06
2011-04-04,United Kingdom,793,324,1.1
2011-04-04,United Kingdom,2014,1580,4.48
2011-04-04,United Kingdom,2049,1445,2.92
2011-04-04,United Kingdom,1988,1270,3.6
2011-04-04,United Kingdom,2530,1952,3.52
2011-04-04,United Kingdom,1749,1326,2.02
2011-04-04,United Kingdom,2578,1971,1.1
2011-04-04,United Kingdom,2249,1679,3.42
2011-04-04,United Kingdom,1179,792,3.95
2011-04-04,United Kingdom,1525,817,1.32
2011-04-04,United Kingdom,2205,1162,1.4
2011-04-04,United Kingdom,1070,649,1.96
2011-04-04,United Kingdom,1460,869,3.29
2011-04-04,United Kingdom,1975,1083,4.25
2011-04-04,United Kingdom,254,135,4.13
2011-04-04,United Kingdom,920,607,4.23
2011-04-04,United Kingdom,2704,1090,1.91
2011-04-04,United Kingdom,1873,1164,3.93
2011-04-04,United Kingdom,336,259,1.5
2011-04-04,United Kingdom,1939,1008,3.47
2011-04-04,United Kingdom,464,306,2.84
2011-04-04,United Kingdom,487,201,2.89
2011-04-04,United Kingdom,1253,844,3.53
2011-04-04,United Kingdom,2069,1223,3.25
2011-04-05,United Kingdom,2275,1408,3.17
2011-04-05,United Kingdom,1667,725,4.08
2011-04-05,Poland,2460,1828,1.05
2011-04-05,United Kingdom,2255,1459,2.87
2011-04-05,United Kingdom,2274,1708,1.22
2011-04-05,United Kingdom,1477,1087,3.49
2011-04-05,France,1851,851,2.83
2011-04-05,France,265,193,4.39
2011-04-05,Germany,1874,991,1.54
2011-04-05,United Kingdom,100,62,2.24
2011-04-05,United Kingdom,1123,452,2.09
2011-04-05,United Kingdom,2736,1585,2.83
2011-04-05,United Kingdom,1105,588,3.66
2011-04-05,United Kingdom,1125,510,3.85
2011-04-05,United Kingdom,1917,810,3.38
2011-04-05,United Kingdom,2828,1677,2.83
2011-04-05,United Kingdom,1332,1001,3.85
2011-04-05,United Kingdom,100,54,2.39
2011-04-05,Finland,2874,2118,2.2
2011-04-05,Singapore,100,51,1.69
2011-04-05,Netherlands,1956,1000,3.9
2011-04-05,Netherlands,1400,740,1.09
2011-04-05,United Kingdom,2176,873,3.04
2011-04-05,United Kingdom,1764,1049,1.04
2011-04-05,United Kingdom,474,286,2.95
2011-04-05,United Kingdom,326,201,3.4
2011-04-05,United Kingdom,1026,674,2.78
2011-04-05,United Kingdom,1270,773,2.9
2011-04-05,United Kingdom,1613,1078,1.18
2011-04-05,United Kingdom,1482,748,3.62
2011-04-05,United Kingdom,1382,999,3.94
2011-04-05,United Kingdom,773,329,1.57
2011-04-05,United Kingdom,1723,934,3.08
2011-04-05,United Kingdom,1277,871,1.01
2011-04-05,United Kingdom,656,387,3.2
2011-04-05,United Kingdom,1299,999,3.75
2011-04-05,United Kingdom,100,51,1.73
2011-04-05,United Kingdom,2531,1305,4.4
2011-04-05,United Kingdom,1311,627,1.72
2011-04-05,United Kingdom,2353,1651,3.12
2011-04-05,United Kingdom,1104,543,3.48
2011-04-05,United Kingdom,1478,1148,3.18
2011-04-05,Japan,198,150,4.03
2011-04-05,United Kingdom,1670,1045,3.49
2011-04-05,United Kingdom,705,414,3.92
2011-04-05,United Kingdom,1893,759,2.14
2011-04-05,United Kingdom,1186,632,2.6
2011-04-05,United Kingdom,657,326,3.93
2011-04-05,United Kingdom,2167,1341,2.56
2011-04-05,United Kingdom,609,396,1.5
2011-04-05,United Kingdom,2429,1471,2.79
2011-04-05,United Kingdom,1768,829,4.29
2011-04-05,United Kingdom,2103,1128,3.85
2011-04-05,United Kingdom,1853,883,3.28
2011-04-05,United Kingdom,2328,1747,1.05
2011-04-05,United Kingdom,3020,1883,2.31
2011-04-05,United Kingdom,989,664,3.68
2011-04-05,United Kingdom,1367,895,1.45
2011-04-05,United Kingdom,100,62,1.71
2011-04-05,United Kingdom,1102,669,3.51
2011-04-05,Germany,1238,582,1.45
2011-04-05,United Kingdom,1698,1212,3.16
2011-04-05,United Kingdom,1036,663,1.31
2011-04-05,United Kingdom,1253,585,2.49
2011-04-05,United Kingdom,725,464,3.88
2011-04-05,United Kingdom,2737,1477,1.85
2011-04-05,United Kingdom,2829,1531,1.89
2011-04-05,United Kingdom,2292,1058,1.49
2011-04-05,United Kingdom,943,550,2.82
2011-04-05,United Kingdom,1261,762,1.2
2011-04-05,United Kingdom,2618,1795,3.38
2011-04-05,United Kingdom,100,75,3.71
2011-04-05,United Kingdom,1595,940,3.24
2011-04-05,United Kingdom,972,419,1.07
2011-04-05,United Kingdom,1208,913,2.83
2011-04-05,United Kingdom,1163,874,1.08
2011-04-05,United Kingdom,2456,1326,1.38
2011-04-06,United Kingdom,1727,1381,1.49
2011-04-06,United Kingdom,1019,483,1.29
2011-04-06,United Kingdom,516,376,2.94
2011-04-06,United Kingdom,100,74,3.82
2011-04-06,United Kingdom,1303,602,1.68
2011-04-06,United Kingdom,100,48,3.43
2011-04-06,United Kingdom,2361,970,2.17
2011-04-06,United Kingdom,1546,1025,1.1
2011-04-06,United Kingdom,2705,1984,3.66
2011-04-06,United Kingdom,1678,1204,1.58
2011-04-06,United Kingdom,3137,2452,2.12
2011-04-06,United Kingdom,1746,1355,4.39
2011-04-06,Germany,245,107,2.91
2011-04-06,United Kingdom,2583,1694,4.14
2011-04-06,United Kingdom,1584,695,3.79
2011-04-06,United Kingdom,1608,1007,4.19
2011-04-06,United Kingdom,1519,784,2.83
2011-04-06,United Kingdom,1392,986,2.05
2011-04-06,United Kingdom,1141,472,3.12
2011-04-06,United Kingdom,1076,736,2.09
2011-04-06,United Kingdom,1895,1333,3.01
2011-04-06,United Kingdom,2217,1579,1.48
2011-04-06,United Kingdom,2496,1443,1.27
2011-04-06,EIRE,2487,1468,4.27
2011-04-06,United Kingdom,3024,1962,3.5
2011-04-06,United Kingdom,2078,1455,4.47
2011-04-06,United Kingdom,677,406,2.85
2011-04-06,United Kingdom,100,44,3.56
2011-04-06,United Kingdom,1357,558,4.07
2011-04-06,United Kingdom,1667,766,2.61
2011-04-06,United Kingdom,836,498,1.1
2011-04-06,United Kingdom,144,65,3.84
2011-04-06,United Kingdom,1555,1020,3.97
2011-04-06,United Kingdom,2282,1709,3.72
2011-04-06,United Kingdom,3536,1621,2.0
2011-04-06,United Kingdom,220,145,1.2
2011-04-06,United Kingdom,1159,761,2.57
2011-04-06,United Kingdom,1124,512,3.89
2011-04-06,United Kingdom,764,496,1.25
2011-04-06,United Kingdom,2208,1071,1.95
2011-04-06,United Kingdom,751,386,2.6
2011-04-06,United Kingdom,2500,1420,4.38
2011-04-06,United Kingdom,100,57,2.2
2011-04-06,United Kingdom,1482,718,1.1
2011-04-06,United Kingdom,416,279,3.35
2011-04-06,United Kingdom,2209,1557,1.7
2011-04-06,United Kingdom,423,334,2.11
2011-04-06,United Kingdom,821,399,1.76
2011-04-06,United Kingdom,667,377,1.32
2011-04-06,United Kingdom,1729,1116,1.62
2011-04-06,United Kingdom,927,671,4.09
2011-04-06,United Kingdom,2418,1792,2.3
2011-04-06,United Kingdom,885,634,3.73
2011-04-06,United Kingdom,355,221,3.11
2011-04-06,United Kingdom,1553,925,3.13
2011-04-06,United Kingdom,1189,727,1.54
2011-04-06,United Kingdom,1890,1017,3.81
2011-04-06,United Kingdom,2286,1144,2.57
2011-04-06,United Kingdom,1573,656,1.41
2011-04-06,United Kingdom,1036,813,3.93
2011-04-06,United Kingdom,3456,2437,3.5
2011-04-06,United Kingdom,1724,1290,4.5
2011-04-06,United Kingdom,100,42,2.66
2011-04-06,United Kingdom,100,46,2.13
2011-04-06,United Kingdom,2026,1548,3.48
2011-04-06,United Kingdom,1653,973,2.7
2011-04-06,United Kingdom,3691,2603,3.87
2011-04-06,United Kingdom,1584,1144,1.28
2011-04-06,United Kingdom,1848,966,1.87
2011-04-07,United Kingdom,1996,1313,4.32
2011-04-07,United Kingdom,2269,1044,4.49
2011-04-07,United Kingdom,1285,596,3.94
2011-04-07,Finland,2726,1251,1.17
2011-04-07,United Kingdom,2101,1073,1.43
2011-04-07,United Kingdom,1203,787,4.13
2011-04-07,United Kingdom,1663,1233,1.55
2011-04-07,United Kingdom,2376,1678,2.34
2011-04-07,United Kingdom,2203,1432,3.48
2011-04-07,United Kingdom,1346,567,2.02
2011-04-07,United Kingdom,1688,921,3.6
2011-04-07,United Kingdom,2650,1986,3.69
2011-04-07,Germany,1765,1172,2.25
2011-04-07,EIRE,1862,1163,3.32
2011-04-07,United Kingdom,1275,998,1.79
2011-04-07,Iceland,1146,680,1.57
2011-04-07,United Kingdom,2605,1552,4.25
2011-04-07,United Kingdom,866,460,3.0
2011-04-07,Italy,1444,1093,2.0
2011-04-07,United Kingdom,1921,1110,3.73
2011-04-07,United Kingdom,549,412,3.88
2011-04-07,United Kingdom,1053,572,3.46
2011-04-07,United Kingdom,100,66,1.57
2011-04-07,United Kingdom,437,266,2.96
2011-04-07,United Kingdom,201,128,2.24
2011-04-07,EIRE,967,415,3.22
2011-04-07,United Kingdom,1964,1368,4.48
2011-04-07,United Kingdom,491,250,2.69
2011-04-07,United Kingdom,907,451,1.37
2011-04-07,United Kingdom,203,119,3.99
2011-04-07,United Kingdom,254,187,2.2
2011-04-07,United Kingdom,868,501,1.2
2011-04-07,Belgium,1982,1389,1.97
2011-04-07,United Kingdom,1733,1060,2.9
2011-04-07,United Kingdom,1155,823,1.42
2011-04-07,United Kingdom,1748,758,2.13
2011-04-07,Belgium,1198,848,1.75
2011-04-07,United Kingdom,2055,1001,3.61
2011-04-07,United Kingdom,1140,683,1.85
2011-04-07,United Kingdom,869,428,3.16
2011-04-07,United Kingdom,1397,616,2.25
2011-04-07,United Kingdom,1800,735,1.95
2011-04-07,United Kingdom,2070,1416,1.1
2011-04-07,United Kingdom,1058,440,1.68
2011-04-07,United Kingdom,1442,801,3.31
2011-04-07,United Kingdom,3291,1830,3.14
2011-04-07,United Kingdom,1967,1298,2.31
2011-04-07,United Kingdom,1547,1027,1.11
2011-04-07,United Kingdom,1661,949,1.47
2011-04-07,United Kingdom,1757,1230,3.92
2011-04-07,United Kingdom,2555,1154,3.88
2011-04-07,United Kingdom,1109,537,3.96
2011-04-07,United Kingdom,1766,1325,2.54
2011-04-07,France,2277,1641,1.61
2011-04-07,United Kingdom,1339,1014,1.3
2011-04-07,United Kingdom,2906,1640,2.37
2011-04-07,United Kingdom,767,596,2.55
2011-04-07,United Kingdom,3550,2371,4.1
2011-04-07,United Kingdom,1597,1057,2.12
2011-04-07,United Kingdom,3334,2220,2.36
2011-04-07,United Kingdom,2129,1377,4.0
2011-04-07,United Kingdom,1725,1206,1.82
2011-04-07,United Kingdom,1462,782,3.75
2011-04-07,United Kingdom,975,428,3.04
2011-04-07,United Kingdom,2812,1568,3.95
2011-04-07,United Kingdom,2395,1774,3.08
2011-04-07,United Kingdom,100,77,2.54
2011-04-07,United Kingdom,1360,998,3.84
2011-04-07,United Kingdom,615,291,2.07
2011-04-07,United Kingdom,100,66,1.35
2011-04-07,United Kingdom,2880,2050,2.59
2011-04-07,United Kingdom,2074,1331,2.35
2011-04-07,United Kingdom,1483,1094,4.1
2011-04-08,United Kingdom,956,676,3.96
2011-04-08,United Kingdom,1759,1252,3.72
2011-04-08,United Kingdom,3279,1383,3.04
2011-04-08,United Kingdom,100,51,3.07
2011-04-08,United Kingdom,706,513,2.29
2011-04-08,United Kingdom,1390,799,1.95
2011-04-08,United Kingdom,100,65,1.29
2011-04-08,United Kingdom,2312,1231,3.86
2011-04-08,United Kingdom,100,49,1.71
2011-04-08,United Kingdom,1694,790,3.41
2011-04-08,United Kingdom,1398,1088,4.31
2011-04-08,United Kingdom,1446,811,3.32
2011-04-08,United Kingdom,1433,972,1.72
2011-04-08,United Kingdom,100,65,2.53
2011-04-08,United Kingdom,2229,1161,3.56
2011-04-08,United Kingdom,802,376,3.23
2011-04-08,Australia,1885,875,4.43
2011-04-08,United Kingdom,485,328,1.86
2011-04-08,United Kingdom,2203,1471,3.45
2011-04-08,Germany,100,44,1.98
2011-04-08,United Kingdom,1422,736,1.5
2011-04-08,United Kingdom,904,493,1.22
2011-04-08,United Kingdom,965,430,3.59
2011-04-08,United Kingdom,1195,768,1.47
2011-04-08,United Kingdom,1136,775,3.72
2011-04-08,United Kingdom,327,131,2.16
2011-04-08,United Kingdom,1954,1044,4.09
2011-04-08,United Kingdom,1020,424,2.18
2011-04-08,Greece,2602,1391,1.91
2011-04-08,United Kingdom,999,466,1.0
2011-04-08,United Kingdom,2207,1265,1.89
2011-04-08,United Kingdom,791,427,2.15
2011-04-08,United Kingdom,100,77,3.74
2011-04-08,United Kingdom,1690,723,1.5
2011-04-08,United Kingdom,893,686,3.34
2011-04-08,United Kingdom,3095,2456,1.13
2011-04-08,United Kingdom,1960,1274,4.05
2011-04-08,United Kingdom,2543,1556,3.15
2011-04-08,United Kingdom,1941,881,1.24
2011-04-08,United Kingdom,252,171,3.67
2011-04-08,United Kingdom,2295,1429,3.82
2011-04-08,United Kingdom,242,185,1.58
2011-04-08,United Kingdom,1776,749,3.31
2011-04-08,United Kingdom,1795,1158,1.1
2011-04-08,United Kingdom,1205,778,1.47
2011-04-08,United Kingdom,1218,544,2.96
2011-04-08,United Kingdom,2736,1160,1.03
2011-04-08,United Kingdom,1180,924,3.3
2011-04-08,United Kingdom,1396,872,3.79
2011-04-08,United Kingdom,2870,2293,3.48
2011-04-08,United Kingdom,2239,1349,2.54
2011-04-08,United Kingdom,1670,1335,2.3
2011-04-08,United Kingdom,1105,502,3.01
2011-04-08,United Kingdom,1646,796,2.96
2011-04-08,United Kingdom,975,404,3.68
2011-04-08,United Kingdom,1939,933,2.45
2011-04-08,United Kingdom,1193,557,2.33
2011-04-08,United Kingdom,1329,980,2.06
2011-04-08,United Kingdom,1130,754,3.74
2011-04-08,United Kingdom,3533,2516,3.84
2011-04-08,United Kingdom,1437,803,1.08
2011-04-08,United Kingdom,1526,1155,2.97
2011-04-08,Germany,1962,918,1.93
2011-04-08,Portugal,1671,699,2.67
2011-04-08,United Kingdom,1142,808,2.42
2011-04-08,United Kingdom,1756,720,4.16
2011-04-08,Germany,2172,1352,2.36
2011-04-08,United Kingdom,763,340,1.6
2011-04-08,United Kingdom,1645,924,2.49
2011-04-08,United Kingdom,100,77,3.82
2011-04-08,United Kingdom,2880,1426,3.28
2011-04-08,United Kingdom,772,346,1.15
2011-04-08,United Kingdom,732,574,3.95
2011-04-08,United Kingdom,2125,1499,3.33
2011-04-08,United Kingdom,504,400,3.12
2011-04-08,United Kingdom,1593,900,3.6
2011-04-08,United Kingdom,2267,1350,1.52
2011-04-08,United Kingdom,3326,1806,4.24
2011-04-08,United Kingdom,2172,1393,3.84
2011-04-08,United Kingdom,358,171,3.28
2011-04-08,United Kingdom,925,627,3.08
2011-04-08,United Kingdom,2713,1552,3.09
2011-04-08,United Kingdom,1318,1002,3.34
2011-04-08,United Kingdom,1412,909,3.18
2011-04-08,United Kingdom,1513,1009,3.51
2011-04-08,United Kingdom,768,501,3.68
2011-04-08,United Kingdom,960,462,1.82
2011-04-08,United Kingdom,2820,1386,4.25
2011-04-08,United Kingdom,1371,631,4.14
2011-04-08,United Kingdom,2723,1650,3.16
2011-04-08,United Kingdom,100,78,4.47
2011-04-08,United Kingdom,837,650,3.44
2011-04-08,United Kingdom,917,420,4.24
2011-04-08,United Kingdom,1404,849,2.75
2011-04-08,United Kingdom,1130,543,2.73
2011-04-08,United Kingdom,1402,791,2.95
2011-04-08,United Kingdom,2451,1266,1.0
2011-04-08,United Kingdom,1469,698,1.25
2011-04-08,United Kingdom,2734,1196,3.78
2011-04-08,United Kingdom,1629,787,1.51
2011-04-08,United Kingdom,1074,607,3.36
2011-04-08,United Kingdom,1338,791,4.21
2011-04-08,United Kingdom,2483,1162,3.71
2011-04-08,United Kingdom,1072,546,3.14
2011-04-08,United Kingdom,1918,1056,4.23
2011-04-08,United Kingdom,1195,710,1.38
2011-04-08,Belgium,1278,1007,1.05
2011-04-08,United Kingdom,1434,696,4.09
2011-04-08,United Kingdom,320,168,2.78
2011-04-08,United Kingdom,1718,1256,1.55
2011-04-08,United Kingdom,1380,758,2.67
2011-04-08,United Kingdom,815,545,2.92
2011-04-10,United Kingdom,1205,578,3.2
2011-04-10,United Kingdom,1173,831,2.17
2011-04-10,United Kingdom,1060,750,4.02
2011-04-10,United Kingdom,941,708,3.81
2011-04-10,United Kingdom,1841,1182,2.5
2011-04-10,United Kingdom,1408,824,3.51
2011-04-10,United Kingdom,1158,915,4.0
2011-04-10,United Kingdom,2266,1210,1.79
2011-04-10,United Kingdom,2927,2222,3.34
2011-04-10,United Kingdom,1828,748,3.2
2011-04-10,United Kingdom,704,507,1.76
2011-04-10,United Kingdom,900,589,3.4
2011-04-10,United Kingdom,1257,751,1.9
2011-04-10,United Kingdom,1548,692,4.14
2011-04-10,United Kingdom,2264,1201,2.57
2011-04-10,United Kingdom,1389,880,4.14
2011-04-10,United Kingdom,1542,682,2.63
2011-04-10,United Kingdom,1725,1149,4.04
2011-04-10,United Kingdom,1831,1402,1.01
2011-04-10,United Kingdom,1653,1241,3.63
2011-04-10,Belgium,1841,1174,3.21
2011-04-10,United Kingdom,1757,1093,1.97
2011-04-10,United Kingdom,1835,1275,2.41
2011-04-10,United Kingdom,2013,1118,2.36
2011-04-10,United Kingdom,1724,1155,3.76
2011-04-10,United Kingdom,2512,1570,1.76
2011-04-10,United Kingdom,1403,716,3.06
2011-04-10,United Kingdom,1192,900,1.78
2011-04-10,United Kingdom,1487,877,4.41
2011-04-10,United Kingdom,2441,1224,3.43
2011-04-10,United Kingdom,1312,883,2.53
2011-04-10,United Kingdom,397,166,1.53
2011-04-10,United Kingdom,1263,838,1.09
2011-04-10,United Kingdom,926,719,3.26
2011-04-10,United Kingdom,1143,835,1.29
2011-04-10,United Kingdom,1283,539,2.8
2011-04-10,United Kingdom,2043,965,2.06
2011-04-11,United Kingdom,2451,1676,1.62
2011-04-11,United Kingdom,2623,1107,2.44
2011-04-11,United Kingdom,1253,764,1.48
2011-04-11,United Kingdom,1667,1274,1.96
2011-04-11,Switzerland,600,442,4.14
2011-04-11,United Kingdom,620,258,1.92
2011-04-11,France,683,400,3.8
2011-04-11,United Kingdom,1277,941,3.43
2011-04-11,United Kingdom,2112,884,2.95
2011-04-11,United Kingdom,1050,693,2.21
2011-04-11,United Kingdom,1996,1144,2.78
2011-04-11,United Kingdom,977,579,3.81
2011-04-11,Finland,542,345,1.88
2011-04-11,United Kingdom,2220,990,2.35
2011-04-11,United Kingdom,2197,1749,3.91
2011-04-11,United Kingdom,3501,1993,2.3
2011-04-11,United Kingdom,2187,1247,3.98
2011-04-11,United Kingdom,204,82,4.19
2011-04-11,United Kingdom,1026,753,2.13
2011-04-11,United Kingdom,1055,636,4.2
2011-04-11,United Kingdom,3125,2134,1.05
2011-04-11,United Kingdom,1049,763,2.87
2011-04-11,Germany,1515,672,1.6
2011-04-11,United Kingdom,881,360,1.55
2011-04-11,United Kingdom,737,462,1.76
2011-04-11,United Kingdom,1307,933,1.72
2011-04-11,United Kingdom,2287,1301,4.4
2011-04-11,United Kingdom,1212,629,3.83
2011-04-11,United Kingdom,1549,1091,2.69
2011-04-11,EIRE,100,58,3.15
2011-04-11,United Kingdom,1436,652,3.15
2011-04-11,United Kingdom,867,604,1.72
2011-04-11,United Kingdom,513,361,1.88
2011-04-11,United Kingdom,1681,806,2.83
2011-04-11,Germany,1383,754,1.97
2011-04-11,United Kingdom,1429,904,4.19
2011-04-11,Spain,326,250,3.59
2011-04-11,United Kingdom,120,89,3.63
2011-04-11,United Kingdom,1668,1191,4.14
2011-04-11,Unspecified,700,371,2.2
2011-04-11,United Kingdom,1947,1231,2.96
2011-04-11,United Kingdom,1833,1266,3.39
2011-04-11,United Kingdom,1676,978,3.88
2011-04-11,United Kingdom,3627,1545,3.65
2011-04-11,United Kingdom,805,475,2.94
2011-04-11,United Kingdom,1233,934,1.4
2011-04-11,United Kingdom,1125,532,2.3
2011-04-11,United Kingdom,1011,652,4.45
2011-04-11,United Kingdom,874,485,1.99
2011-04-11,United Kingdom,1796,1196,3.98
2011-04-11,United Kingdom,919,649,2.39
2011-04-11,United Kingdom,945,416,2.88
2011-04-11,United Kingdom,833,523,2.99
2011-04-11,United Kingdom,2651,1281,3.55
2011-04-11,United Kingdom,1729,1136,1.76
2011-04-11,United Kingdom,279,162,2.22
2011-04-11,United Kingdom,1224,627,2.35
2011-04-11,United Kingdom,1531,1125,3.52
2011-04-11,United Kingdom,3314,2254,3.29
2011-04-11,EIRE,960,515,1.76
2011-04-11,United Kingdom,135,79,2.18
2011-04-11,United Kingdom,1186,585,1.08
2011-04-11,United Kingdom,964,733,1.25
2011-04-11,United Kingdom,161,65,1.49
2011-04-11,United Kingdom,731,401,4.08
2011-04-11,United Kingdom,1866,989,2.56
2011-04-11,United Kingdom,1687,1033,2.28
2011-04-11,United Kingdom,1695,802,3.89
2011-04-11,United Kingdom,1742,1372,2.17
2011-04-12,United Kingdom,2161,1345,4.27
2011-04-12,United Kingdom,2159,1590,3.65
2011-04-12,United Kingdom,1639,1271,4.23
2011-04-12,Hong Kong,2403,1065,2.73
2011-04-12,United Kingdom,2331,1704,3.73
2011-04-12,United Kingdom,2119,941,1.29
2011-04-12,United Kingdom,2073,1588,1.76
2011-04-12,United Kingdom,512,374,1.08
2011-04-12,United Kingdom,100,55,2.55
2011-04-12,United Kingdom,2016,876,1.89
2011-04-12,United Kingdom,2314,1110,4.09
2011-04-12,United Kingdom,1220,538,1.96
2011-04-12,United Kingdom,2291,990,2.03
2011-04-12,United Kingdom,1062,635,2.87
2011-04-12,United Kingdom,2229,1396,3.0
2011-04-12,United Kingdom,2319,1113,2.92
2011-04-12,United Kingdom,1123,680,2.9
2011-04-12,United Kingdom,1539,1128,2.79
2011-04-12,United Kingdom,2149,1508,1.7
2011-04-12,United Kingdom,953,640,3.1
2011-04-12,United Kingdom,225,104,1.06
2011-04-12,United Kingdom,3271,1938,3.39
2011-04-12,United Kingdom,1855,819,1.32
2011-04-12,United Kingdom,100,43,2.03
2011-04-12,United Kingdom,2119,985,2.69
2011-04-12,United Kingdom,1279,561,1.67
2011-04-12,United Kingdom,2043,1307,4.39
2011-04-12,United Kingdom,100,74,3.5
2011-04-12,United Kingdom,2343,998,2.63
2011-04-12,United Kingdom,1131,842,3.54
2011-04-12,United Kingdom,100,70,1.99
2011-04-12,United Kingdom,1787,964,4.47
2011-04-12,Belgium,155,79,3.44
2011-04-12,United Kingdom,1069,562,3.5
2011-04-12,Belgium,1328,555,4.44
2011-04-12,United Kingdom,1762,736,2.3
2011-04-12,United Kingdom,628,359,2.62
2011-04-12,United Kingdom,1001,745,3.83
2011-04-12,United Kingdom,423,282,2.81
2011-04-12,United Kingdom,1381,790,2.72
2011-04-12,United Kingdom,3153,2433,3.57
2011-04-12,United Kingdom,1251,563,1.4
2011-04-12,United Kingdom,1687,879,4.36
2011-04-12,United Kingdom,2241,1757,1.68
2011-04-12,United Kingdom,1358,661,3.91
2011-04-12,United Kingdom,1480,993,1.69
2011-04-12,United Kingdom,1278,584,3.85
2011-04-12,United Kingdom,1012,434,2.99
2011-04-12,United Kingdom,2006,1041,1.86
2011-04-12,United Kingdom,572,329,3.74
2011-04-12,United Kingdom,1264,902,1.97
2011-04-12,United Kingdom,771,536,3.31
2011-04-12,United Kingdom,1589,664,4.09
2011-04-12,United Kingdom,923,667,1.67
2011-04-12,United Kingdom,1934,921,3.53
2011-04-12,United Kingdom,1210,558,2.22
2011-04-12,United Kingdom,100,58,3.79
2011-04-12,United Kingdom,1316,711,3.43
2011-04-12,United Kingdom,2022,867,2.18
2011-04-12,United Kingdom,1929,1043,3.46
2011-04-12,United Kingdom,1596,1192,1.31
2011-04-12,United Kingdom,100,53,1.86
2011-04-12,United Kingdom,2523,1857,4.49
2011-04-12,United Kingdom,2713,1604,1.21
2011-04-12,United Kingdom,1965,914,2.27
2011-04-12,United Kingdom,2415,1550,1.18
2011-04-12,United Kingdom,977,670,2.81
2011-04-12,United Kingdom,100,67,2.97
2011-04-12,United Kingdom,2392,1546,1.61
2011-04-12,United Kingdom,1037,829,2.26
2011-04-12,United Kingdom,1232,867,4.35
2011-04-12,United Kingdom,655,367,3.24
2011-04-12,United Kingdom,1293,879,1.83
2011-04-12,United Kingdom,922,581,3.14
2011-04-13,United Kingdom,3295,2411,4.11
2011-04-13,United Kingdom,820,350,3.26
2011-04-13,Channel Islands,1223,521,3.76
2011-04-13,United Kingdom,2263,1804,3.33
2011-04-13,United Kingdom,3038,2318,3.52
2011-04-13,United Kingdom,2342,1866,2.48
2011-04-13,United Kingdom,2192,1203,1.51
2011-04-13,United Kingdom,721,436,4.04
2011-04-13,United Kingdom,1407,665,3.68
2011-04-13,United Kingdom,1870,1440,3.38
2011-04-13,United Kingdom,1822,1055,2.6
2011-04-13,United Kingdom,580,304,4.21
2011-04-13,United Kingdom,1100,655,3.66
2011-04-13,United Kingdom,1626,661,2.69
2011-04-13,United Kingdom,2018,1025,2.93
2011-04-13,United Kingdom,2884,1482,2.04
2011-04-13,United Kingdom,1768,742,3.66
2011-04-13,United Kingdom,404,269,2.93
2011-04-13,United Kingdom,169,70,4.19
2011-04-13,United Kingdom,1219,799,1.46
2011-04-13,United Kingdom,1662,993,3.68
2011-04-13,United Kingdom,1689,974,2.99
2011-04-13,United Kingdom,2316,1607,3.77
2011-04-13,United Kingdom,2130,1409,2.92
2011-04-13,United Kingdom,2062,1279,2.18
2011-04-13,United Kingdom,1511,1082,2.64
2011-04-13,United Kingdom,2307,1340,1.3
2011-04-13,United Kingdom,2302,1550,3.8
2011-04-13,United Kingdom,1924,1457,3.74
2011-04-13,United Kingdom,1248,726,1.17
2011-04-13,United Kingdom,2432,1316,2.08
2011-04-13,United Kingdom,100,70,2.94
2011-04-13,United Kingdom,2106,1273,3.85
2011-04-13,United Kingdom,1783,1248,3.13
2011-04-13,United Kingdom,493,221,2.37
2011-04-13,United Kingdom,742,568,2.53
2011-04-13,United Kingdom,1844,843,4.14
2011-04-13,United Kingdom,100,53,1.81
2011-04-13,Portugal,883,699,2.33
2011-04-13,United Kingdom,1682,1120,1.5
2011-04-13,Cyprus,766,602,2.55
2011-04-13,United Kingdom,2179,1607,2.48
2011-04-13,United Kingdom,2145,1503,3.51
2011-04-13,United Kingdom,2106,1414,3.97
2011-04-13,United Kingdom,1561,943,1.13
2011-04-13,United Kingdom,582,337,1.69
2011-04-13,United Kingdom,966,625,3.29
2011-04-13,United Kingdom,548,293,1.86
2011-04-13,United Kingdom,520,305,3.14
2011-04-13,United Kingdom,1650,1121,1.08
2011-04-13,United Kingdom,2344,1429,2.29
2011-04-13,United Kingdom,1354,584,1.56
2011-04-13,United Kingdom,1154,658,3.51
2011-04-13,United Kingdom,1760,891,1.64
2011-04-13,United Kingdom,1427,1108,4.04
2011-04-13,United Kingdom,1263,694,1.86
2011-04-13,United Kingdom,2306,1552,2.53
2011-04-13,United Kingdom,1536,697,4.32
2011-04-13,United Kingdom,987,522,1.51
2011-04-13,United Kingdom,219,115,2.61
2011-04-13,United Kingdom,2606,1934,4.45
2011-04-13,United Kingdom,1064,557,4.44
2011-04-13,United Kingdom,838,479,2.82
2011-04-13,United Kingdom,816,593,1.3
2011-04-13,United Kingdom,1704,1272,3.55
2011-04-13,United Kingdom,2883,1307,2.53
2011-04-13,United Kingdom,971,727,2.44
2011-04-13,United Kingdom,100,41,2.94
2011-04-13,United Kingdom,1448,1155,2.64
2011-04-13,United Kingdom,469,352,1.74
2011-04-14,United Kingdom,490,341,3.32
2011-04-14,United Kingdom,1551,688,4.06
2011-04-14,United Kingdom,2182,1289,3.55
2011-04-14,United Kingdom,2058,970,2.64
2011-04-14,United Kingdom,1464,671,1.42
2011-04-14,United Kingdom,2169,1554,1.13
2011-04-14,United Kingdom,1589,850,3.76
2011-04-14,United Kingdom,708,429,3.49
2011-04-14,United Kingdom,1558,990,3.88
2011-04-14,United Kingdom,100,78,2.55
2011-04-14,United Kingdom,1725,976,3.28
2011-04-14,Germany,1188,740,1.09
2011-04-14,United Kingdom,1030,660,3.26
2011-04-14,Germany,1184,677,3.68
2011-04-14,United Kingdom,1728,1251,1.34
2011-04-14,United Kingdom,2673,1677,4.47
2011-04-14,United Kingdom,1835,1314,3.72
2011-04-14,United Kingdom,1610,696,2.5
2011-04-14,United Kingdom,1636,800,3.0
2011-04-14,United Kingdom,1402,867,4.21
2011-04-14,United Kingdom,1708,1112,2.85
2011-04-14,United Kingdom,1352,784,2.57
2011-04-14,United Kingdom,782,430,1.45
2011-04-14,United Kingdom,1888,1186,3.12
2011-04-14,United Kingdom,1214,931,3.8
2011-04-14,United Kingdom,1551,1083,1.07
2011-04-14,United Kingdom,1274,844,1.54
2011-04-14,United Kingdom,2360,1631,4.05
2011-04-14,United Kingdom,514,273,3.44
2011-04-14,United Kingdom,881,620,1.49
2011-04-14,United Kingdom,1741,779,2.47
2011-04-14,United Kingdom,2005,1029,1.56
2011-04-14,United Kingdom,1747,898,2.84
2011-04-14,United Kingdom,1647,966,4.33
2011-04-14,United Kingdom,1961,1488,3.34
2011-04-14,United Kingdom,1016,690,2.8
2011-04-14,United Kingdom,1928,825,4.01
2011-04-14,United Kingdom,388,245,4.23
2011-04-14,United Kingdom,1247,831,3.13
2011-04-14,United Kingdom,1062,631,3.08
2011-04-14,United Kingdom,1200,536,3.3
2011-04-14,United Kingdom,100,58,1.68
2011-04-14,United Kingdom,692,277,2.82
2011-04-14,United Kingdom,2539,1261,3.73
2011-04-14,United Kingdom,2661,1485,3.07
2011-04-14,United Kingdom,1909,1039,2.21
2011-04-14,United Kingdom,1852,1014,1.28
2011-04-14,United Kingdom,3167,1436,2.79
2011-04-14,United Kingdom,3032,2271,1.15
2011-04-14,United Kingdom,2252,1766,4.09
2011-04-14,United Kingdom,2564,1080,2.12
2011-04-14,United Kingdom,526,325,2.86
2011-04-14,United Kingdom,1430,1142,2.16
2011-04-14,United Kingdom,1127,451,1.34
2011-04-14,United Kingdom,2473,1922,4.43
2011-04-14,Germany,1963,869,2.43
2011-04-14,United Kingdom,930,496,3.08
2011-04-14,United Kingdom,2102,1669,1.32
2011-04-14,France,2037,1472,3.48
2011-04-14,France,1266,658,3.12
2011-04-14,United Kingdom,2130,1195,3.08
2011-04-14,United Kingdom,1891,1399,1.82
2011-04-14,United Kingdom,2183,1690,3.51
2011-04-14,United Kingdom,1539,645,3.36
2011-04-14,United Kingdom,1585,1150,2.57
2011-04-14,United Kingdom,1487,901,1.74
2011-04-14,United Kingdom,234,169,4.31
2011-04-14,United Kingdom,2555,1127,3.89
2011-04-14,United Kingdom,262,195,3.12
2011-04-14,United Kingdom,201,127,1.42
2011-04-14,United Kingdom,2521,1839,1.29
2011-04-14,United Kingdom,2050,1217,4.04
2011-04-14,United Kingdom,1669,1311,3.38
2011-04-14,Germany,410,292,3.54
2011-04-14,United Kingdom,1962,872,3.64
2011-04-14,United Kingdom,1168,467,1.82
2011-04-14,United Kingdom,1262,912,1.67
2011-04-14,United Kingdom,1441,858,1.44
2011-04-14,United Kingdom,1497,804,2.25
2011-04-14,United Kingdom,402,282,4.03
2011-04-14,Germany,995,555,3.38
2011-04-14,United Kingdom,2630,1425,4.32
2011-04-14,United Kingdom,1878,1198,2.05
2011-04-14,United Kingdom,1681,906,3.4
2011-04-14,United Kingdom,2336,1279,2.8
2011-04-14,United Kingdom,846,588,1.56
2011-04-14,Germany,2071,1574,2.16
2011-04-14,United Kingdom,1772,964,3.63
2011-04-14,United Kingdom,2870,2036,1.02
2011-04-14,United Kingdom,820,478,1.27
2011-04-14,United Kingdom,1800,1162,2.5
2011-04-14,United Kingdom,868,523,3.9
2011-04-14,United Kingdom,1631,758,4.07
2011-04-14,United Kingdom,961,511,2.18
2011-04-14,United Kingdom,2277,1700,3.02
2011-04-14,Germany,2239,1330,1.59
2011-04-14,Switzerland,2173,1096,1.82
2011-04-14,United Kingdom,2249,1648,4.5
2011-04-14,United Kingdom,1446,797,2.81
2011-04-14,United Kingdom,2570,1682,3.41
2011-04-15,Finland,893,545,3.13
2011-04-15,United Kingdom,1521,1183,1.02
2011-04-15,United Kingdom,1285,882,3.42
2011-04-15,United Kingdom,1114,564,1.29
2011-04-15,United Kingdom,3204,2443,1.15
2011-04-15,United Kingdom,966,582,2.58
2011-04-15,United Kingdom,954,522,1.91
2011-04-15,United Kingdom,2497,1137,1.65
2011-04-15,United Kingdom,3243,1436,1.36
2011-04-15,Brazil,100,70,4.17
2011-04-15,United Kingdom,3202,2356,2.17
2011-04-15,United Kingdom,884,694,2.73
2011-04-15,United Kingdom,2201,1217,1.79
2011-04-15,United Kingdom,2448,1400,4.31
2011-04-15,United Kingdom,1263,954,1.76
2011-04-15,United Kingdom,1346,895,2.49
2011-04-15,United Kingdom,1365,973,2.8
2011-04-15,United Kingdom,1766,862,3.86
2011-04-15,United Kingdom,774,437,2.58
2011-04-15,United Kingdom,1025,637,2.42
2011-04-15,United Kingdom,700,406,2.77
2011-04-15,United Kingdom,1533,652,4.18
2011-04-15,United Kingdom,1328,581,1.04
2011-04-15,United Kingdom,1602,1043,2.24
2011-04-15,United Kingdom,1397,562,4.03
2011-04-15,United Kingdom,2507,1731,4.25
2011-04-15,United Kingdom,1120,889,2.9
2011-04-15,United Kingdom,2054,1398,1.2
2011-04-15,United Kingdom,1005,468,4.12
2011-04-15,United Kingdom,423,201,4.41
2011-04-15,United Kingdom,1941,1508,1.66
2011-04-15,Sweden,2072,1467,3.82
2011-04-15,United Kingdom,481,346,3.69
2011-04-15,United Kingdom,1436,1098,2.55
2011-04-15,United Kingdom,2070,941,4.29
2011-04-15,Switzerland,1697,850,2.44
2011-04-15,United Kingdom,1325,988,3.18
2011-04-15,United Kingdom,730,381,1.34
2011-04-15,Belgium,100,46,1.1
2011-04-15,United Kingdom,1785,1194,3.36
2011-04-15,United Kingdom,1013,797,3.82
2011-04-15,United Kingdom,1050,703,1.41
2011-04-15,United Kingdom,1188,912,3.45
2011-04-15,United Kingdom,1732,1175,4.18
2011-04-15,United Kingdom,1123,787,2.34
2011-04-15,United Kingdom,1685,1064,3.45
2011-04-15,United Kingdom,229,178,1.68
2011-04-15,United Kingdom,1714,759,1.57
2011-04-15,United Kingdom,1222,815,4.16
2011-04-15,United Kingdom,2576,1582,3.17
2011-04-17,United Kingdom,2754,2072,2.05
2011-04-17,United Kingdom,607,373,2.8
2011-04-17,EIRE,2397,1453,3.06
2011-04-17,United Kingdom,1438,719,2.05
2011-04-17,United Kingdom,1650,955,2.91
2011-04-17,United Kingdom,1098,846,1.49
2011-04-17,United Kingdom,593,309,2.41
2011-04-17,United Kingdom,737,584,3.81
2011-04-17,United Kingdom,1862,978,2.16
2011-04-17,United Kingdom,403,195,3.26
2011-04-17,United Kingdom,1700,1243,3.12
2011-04-17,France,1255,680,1.38
2011-04-17,United Kingdom,842,381,3.69
2011-04-17,United Kingdom,1660,694,1.78
2011-04-17,United Kingdom,1337,1052,3.3
2011-04-17,United Kingdom,1417,915,2.18
2011-04-17,United Kingdom,2651,1728,2.74
2011-04-17,United Kingdom,2150,1152,2.71
2011-04-17,United Kingdom,442,280,1.49
2011-04-17,United Kingdom,708,406,1.16
2011-04-17,United Kingdom,1093,609,1.96
2011-04-17,United Kingdom,688,525,3.96
2011-04-17,United Kingdom,1389,684,4.4
2011-04-17,United Kingdom,795,397,4.25
2011-04-17,United Kingdom,2437,1066,3.95
2011-04-17,United Kingdom,2453,1341,1.28
2011-04-17,United Kingdom,1456,1077,3.73
2011-04-17,United Kingdom,1369,584,1.13
2011-04-17,United Kingdom,2332,1354,1.2
2011-04-17,United Kingdom,1243,624,2.73
2011-04-17,United Kingdom,516,382,3.91
2011-04-17,United Kingdom,1978,1319,1.74
2011-04-17,United Kingdom,1380,996,3.44
2011-04-17,United Kingdom,2142,1223,2.45
2011-04-17,United Kingdom,1188,709,2.41
2011-04-17,United Kingdom,1210,491,1.27
2011-04-17,United Kingdom,869,642,4.04
2011-04-17,France,2367,1794,3.62
2011-04-17,United Kingdom,217,123,4.23
2011-04-17,United Kingdom,2621,1088,1.28
2011-04-17,United Kingdom,2033,1318,3.64
2011-04-17,United Kingdom,2076,1515,4.34
2011-04-18,Japan,747,418,4.07
2011-04-18,United Kingdom,2934,1525,1.05
2011-04-18,United Kingdom,1462,958,2.62
2011-04-18,United Kingdom,2811,2139,3.28
2011-04-18,United Kingdom,723,423,3.29
2011-04-18,United Kingdom,3743,1781,3.94
2011-04-18,United Kingdom,1009,563,3.55
2011-04-18,United Kingdom,1693,1314,3.36
2011-04-18,United Kingdom,372,150,3.35
2011-04-18,Germany,1157,550,1.12
2011-04-18,United Kingdom,2667,1396,2.27
2011-04-18,Germany,1154,868,3.3
2011-04-18,United Kingdom,1598,660,1.02
2011-04-18,United Kingdom,1629,1185,4.0
2011-04-18,United Kingdom,3161,1348,3.08
2011-04-18,United Kingdom,2958,1592,3.26
2011-04-18,United Kingdom,1213,756,1.14
2011-04-18,United Kingdom,1533,912,1.69
2011-04-18,United Kingdom,2675,2013,4.15
2011-04-18,United Kingdom,1074,560,3.34
2011-04-18,United Kingdom,768,325,1.63
2011-04-18,France,784,613,1.43
2011-04-18,United Kingdom,1564,726,3.28
2011-04-18,United Kingdom,1369,994,3.46
2011-04-18,United Kingdom,272,183,3.72
2011-04-18,United Kingdom,474,216,1.1
2011-04-18,United Kingdom,2214,1179,1.32
2011-04-18,United Kingdom,475,257,2.08
2011-04-18,United Kingdom,969,554,1.44
2011-04-18,Belgium,718,529,3.52
2011-04-18,United Kingdom,1427,969,2.82
2011-04-18,United Kingdom,1440,993,2.34
2011-04-18,United Kingdom,2532,1979,3.46
2011-04-18,United Kingdom,2014,1224,4.34
2011-04-18,United Kingdom,1323,1010,4.1
2011-04-18,United Kingdom,1965,1458,4.21
2011-04-18,United Kingdom,1296,717,3.35
2011-04-18,United Kingdom,1585,921,1.75
2011-04-18,United Kingdom,634,347,2.23
2011-04-18,United Kingdom,1070,841,3.16
2011-04-18,United Kingdom,717,401,2.28
2011-04-18,United Kingdom,2365,1120,2.2
2011-04-18,United Kingdom,508,386,3.0
2011-04-18,United Kingdom,3078,1234,3.6
2011-04-18,United Kingdom,100,79,1.74
2011-04-18,United Kingdom,1340,537,3.25
2011-04-18,United Kingdom,890,614,2.79
2011-04-18,United Kingdom,1101,481,3.33
2011-04-18,United Kingdom,1378,712,2.64
2011-04-18,United Kingdom,174,86,1.11
2011-04-18,United Kingdom,1999,1239,3.16
2011-04-18,United Kingdom,1191,916,2.44
2011-04-18,United Kingdom,1543,734,3.8
2011-04-18,United Kingdom,1070,590,4.22
2011-04-18,United Kingdom,1000,608,1.29
2011-04-18,United Kingdom,991,704,3.16
2011-04-18,United Kingdom,3113,2476,2.27
2011-04-18,United Kingdom,764,408,2.9
2011-04-18,United Kingdom,1454,683,2.76
2011-04-18,United Kingdom,1641,886,1.73
2011-04-18,United Kingdom,2000,868,4.19
2011-04-18,United Kingdom,2654,2025,1.81
2011-04-18,United Kingdom,1641,1027,3.93
2011-04-18,United Kingdom,3246,2487,2.86
2011-04-18,United Kingdom,100,45,2.21
2011-04-18,United Kingdom,1584,969,2.68
2011-04-18,United Kingdom,1955,1484,1.29
2011-04-18,United Kingdom,1214,711,2.41
2011-04-18,United Kingdom,1952,963,1.3
2011-04-18,United Kingdom,1426,881,1.14
2011-04-18,United Kingdom,1263,653,4.0
2011-04-18,United Kingdom,1551,1093,3.6
2011-04-18,United Kingdom,3073,2142,4.09
2011-04-18,United Kingdom,1656,1070,4.38
2011-04-18,United Kingdom,2921,1311,1.29
2011-04-18,United Kingdom,1353,593,3.2
2011-04-18,United Kingdom,1141,498,1.74
2011-04-18,United Kingdom,2730,1650,2.73
2011-04-18,United Kingdom,1942,1208,2.0
2011-04-18,United Kingdom,701,545,2.97
2011-04-18,United Kingdom,1315,875,3.41
2011-04-18,United Kingdom,624,320,3.14
2011-04-18,United Kingdom,2020,1363,4.22
2011-04-18,United Kingdom,1707,823,2.55
2011-04-18,United Kingdom,2273,1170,3.2
2011-04-18,United Kingdom,1472,923,4.36
2011-04-18,United Kingdom,2174,1588,2.49
2011-04-18,United Kingdom,100,63,1.44
2011-04-18,United Kingdom,2270,943,1.53
2011-04-18,United Kingdom,1760,1193,2.52
2011-04-18,United Kingdom,2871,1756,4.11
2011-04-19,United Kingdom,1733,1290,1.29
2011-04-19,United Kingdom,2833,2007,3.36
2011-04-19,United Kingdom,1393,659,1.18
2011-04-19,United Kingdom,1010,771,1.87
2011-04-19,United Kingdom,1869,1464,3.58
2011-04-19,United Kingdom,1669,1000,3.35
2011-04-19,United Kingdom,1516,1002,4.41
2011-04-19,United Kingdom,2113,1614,1.05
2011-04-19,United Kingdom,109,49,1.65
2011-04-19,Germany,100,72,3.37
2011-04-19,United Kingdom,2285,1811,4.49
2011-04-19,United Kingdom,807,373,4.15
2011-04-19,United Kingdom,1506,1093,3.98
2011-04-19,United Kingdom,884,499,3.03
2011-04-19,United Kingdom,746,542,2.05
2011-04-19,United Kingdom,1234,619,2.8
2011-04-19,United Kingdom,1689,1128,4.45
2011-04-19,United Kingdom,2634,1213,1.62
2011-04-19,United Kingdom,1912,981,3.4
2011-04-19,United Kingdom,100,73,2.81
2011-04-19,United Kingdom,3467,1926,3.11
2011-04-19,United Kingdom,717,369,1.83
2011-04-19,United Kingdom,2080,1079,3.13
2011-04-19,United Kingdom,1810,893,3.47
2011-04-19,United Kingdom,2711,1200,2.86
2011-04-19,United Kingdom,1622,1109,4.43
2011-04-19,Italy,1837,877,2.21
2011-04-19,United Kingdom,754,557,1.23
2011-04-19,United Kingdom,4817,2234,4.16
2011-04-19,United Kingdom,1604,926,2.63
2011-04-19,United Kingdom,1388,964,2.21
2011-04-19,Germany,2056,1455,2.75
2011-04-19,United Kingdom,1125,836,2.71
2011-04-19,United Kingdom,2536,1911,3.27
2011-04-19,United Kingdom,1261,829,1.71
2011-04-19,United Kingdom,871,475,1.33
2011-04-19,United Kingdom,2186,1596,1.1
2011-04-19,EIRE,2742,1118,3.88
2011-04-19,United Kingdom,1709,1141,4.18
2011-04-19,Germany,1316,802,3.18
2011-04-19,United Kingdom,2988,2236,3.31
2011-04-19,United Kingdom,2044,1200,2.11
2011-04-19,United Kingdom,1678,1146,3.75
2011-04-19,United Kingdom,1693,928,3.46
2011-04-19,Germany,3029,2098,1.0
2011-04-19,United Kingdom,2228,1650,3.97
2011-04-19,United Kingdom,2287,1123,4.43
2011-04-19,United Kingdom,1688,793,2.54
2011-04-19,United Kingdom,1913,771,1.14
2011-04-19,United Kingdom,100,68,3.17
2011-04-19,United Kingdom,2776,1913,1.19
2011-04-19,United Kingdom,832,334,1.3
2011-04-19,United Kingdom,1662,994,3.54
2011-04-19,United Kingdom,1383,1053,2.38
2011-04-19,United Kingdom,807,608,2.53
2011-04-19,United Kingdom,1946,950,1.58
2011-04-19,United Kingdom,1499,1000,2.68
2011-04-19,United Kingdom,1675,923,2.55
2011-04-19,United Kingdom,756,314,1.19
2011-04-19,United Kingdom,1784,876,3.88
2011-04-19,United Kingdom,1016,543,2.46
2011-04-19,United Kingdom,2658,2013,3.31
2011-04-19,United Kingdom,705,451,4.32
2011-04-19,United Kingdom,1131,522,3.69
2011-04-19,USA,1706,712,1.11
2011-04-19,United Kingdom,1560,737,2.38
2011-04-19,United Kingdom,801,579,3.9
2011-04-19,United Kingdom,482,233,4.42
2011-04-19,United Kingdom,1592,1193,4.06
2011-04-19,United Kingdom,1328,651,1.06
2011-04-19,United Kingdom,1159,771,1.29
2011-04-19,United Kingdom,1565,1008,1.71
2011-04-19,United Kingdom,837,394,2.68
2011-04-19,United Kingdom,2454,1775,4.48
2011-04-20,United Kingdom,314,249,1.79
2011-04-20,United Kingdom,1506,1085,1.69
2011-04-20,United Kingdom,1462,828,1.37
2011-04-20,United Kingdom,1967,1219,2.04
2011-04-20,United Kingdom,2531,1975,2.77
2011-04-20,France,1021,780,4.33
2011-04-20,United Kingdom,1076,678,3.93
2011-04-20,United Kingdom,869,467,2.82
2011-04-20,Germany,758,531,1.94
2011-04-20,United Kingdom,1831,1213,3.52
2011-04-20,United Kingdom,414,174,4.15
2011-04-20,United Kingdom,2725,1262,3.51
2011-04-20,Switzerland,1223,609,2.48
2011-04-20,United Kingdom,2375,1878,3.35
2011-04-20,Switzerland,631,319,1.25
2011-04-20,United Kingdom,957,526,2.79
2011-04-20,United Kingdom,1590,800,4.03
2011-04-20,United Kingdom,1824,844,1.27
2011-04-20,United Kingdom,794,541,2.86
2011-04-20,United Kingdom,1551,807,4.24
2011-04-20,United Kingdom,2772,1354,4.2
2011-04-20,United Kingdom,3017,1639,2.65
2011-04-20,United Kingdom,2424,1245,3.83
2011-04-20,United Kingdom,1237,684,3.91
2011-04-20,United Kingdom,1824,1176,4.3
2011-04-20,United Kingdom,1119,622,1.46
2011-04-20,United Kingdom,1137,644,2.08
2011-04-20,United Kingdom,1448,634,1.89
2011-04-20,United Kingdom,1342,699,2.2
2011-04-20,United Kingdom,1109,456,1.92
2011-04-20,United Kingdom,2877,1504,2.63
2011-04-20,United Kingdom,547,236,4.28
2011-04-20,United Kingdom,395,250,3.06
2011-04-20,United Kingdom,1532,804,3.26
2011-04-20,United Kingdom,100,51,2.44
2011-04-20,United Kingdom,299,125,4.12
2011-04-20,United Kingdom,1772,969,2.77
2011-04-20,United Kingdom,1029,705,1.24
2011-04-20,United Kingdom,2333,1059,2.45
2011-04-20,United Kingdom,1870,1409,1.62
2011-04-20,United Kingdom,3273,1428,3.78
2011-04-20,United Kingdom,2264,1540,1.05
2011-04-20,United Kingdom,1667,682,2.18
2011-04-20,United Kingdom,3264,2136,3.36
2011-04-20,United Kingdom,1086,632,4.16
2011-04-20,United Kingdom,2770,1273,1.94
2011-04-20,United Kingdom,1195,692,3.74
2011-04-20,United Kingdom,202,97,4.09
2011-04-20,United Kingdom,1394,1028,1.95
2011-04-20,United Kingdom,509,239,4.46
2011-04-20,United Kingdom,2133,1228,1.63
2011-04-20,United Kingdom,2021,1493,2.26
2011-04-20,United Kingdom,2797,1764,1.78
2011-04-20,United Kingdom,991,777,3.58
2011-04-20,United Kingdom,1552,1150,1.68
2011-04-20,United Kingdom,216,134,2.43
2011-04-20,United Kingdom,361,192,4.16
2011-04-20,United Kingdom,1070,839,1.01
2011-04-20,United Kingdom,1669,890,3.59
2011-04-20,United Kingdom,874,430,1.94
2011-04-20,United Kingdom,431,224,1.73
2011-04-20,United Kingdom,361,186,2.17
2011-04-20,United Kingdom,2035,1273,2.31
2011-04-20,United Kingdom,2134,1621,3.58
2011-04-20,United Kingdom,679,416,3.14
2011-04-20,United Kingdom,1788,953,2.35
2011-04-20,United Kingdom,938,375,1.86
2011-04-20,United Kingdom,1389,787,3.71
2011-04-20,United Kingdom,100,77,1.34
2011-04-20,United Kingdom,1012,499,4.01
2011-04-20,United Kingdom,1327,751,3.99
2011-04-20,United Kingdom,2022,815,4.07
2011-04-20,United Kingdom,100,53,4.12
2011-04-20,United Kingdom,895,429,1.74
2011-04-20,United Kingdom,804,525,4.39
2011-04-20,United Kingdom,1179,895,2.15
2011-04-20,United Kingdom,1119,458,3.81
2011-04-20,United Kingdom,857,613,2.02
2011-04-20,United Kingdom,3257,2300,1.39
2011-04-20,United Kingdom,3257,1755,1.05
2011-04-21,United Kingdom,1228,950,1.87
2011-04-21,France,1684,1212,4.1
2011-04-21,United Kingdom,1138,553,1.58
2011-04-21,United Kingdom,1996,825,3.18
2011-04-21,United Kingdom,1278,1006,2.21
2011-04-21,United Kingdom,1381,1103,2.88
2011-04-21,France,540,224,2.16
2011-04-21,United Kingdom,3308,2396,1.86
2011-04-21,United Kingdom,2233,1553,4.16
2011-04-21,United Kingdom,2820,1422,2.64
2011-04-21,United Kingdom,1902,1065,1.01
2011-04-21,United Kingdom,3231,1958,1.09
2011-04-21,United Kingdom,100,72,3.46
2011-04-21,United Kingdom,2428,1321,3.36
2011-04-21,United Kingdom,594,307,2.57
2011-04-21,United Kingdom,1228,577,2.1
2011-04-21,United Kingdom,1247,752,2.93
2011-04-21,United Kingdom,2353,1498,4.35
2011-04-21,United Kingdom,2388,967,2.88
2011-04-21,Switzerland,919,689,2.4
2011-04-21,United Kingdom,100,66,1.07
2011-04-21,United Kingdom,1549,1195,2.78
2011-04-21,United Kingdom,1766,1399,3.18
2011-04-21,United Kingdom,1475,1098,1.59
2011-04-21,United Kingdom,2867,2240,1.22
2011-04-21,Spain,847,660,2.79
2011-04-21,United Kingdom,1001,506,4.28
2011-04-21,United Kingdom,3327,1511,1.19
2011-04-21,United Kingdom,867,554,2.35
2011-04-21,United Kingdom,1665,1288,2.06
2011-04-21,United Kingdom,1093,474,1.75
2011-04-21,United Kingdom,291,198,1.34
2011-04-21,United Kingdom,1425,1028,4.15
2011-04-21,United Kingdom,1805,1237,3.62
2011-04-21,United Kingdom,2048,1308,1.3
2011-04-21,United Kingdom,1123,795,2.87
2011-04-21,United Kingdom,1633,786,4.37
2011-04-21,United Kingdom,1983,925,2.73
2011-04-21,Finland,1973,1418,3.28
2011-04-21,United Kingdom,545,243,3.06
2011-04-21,United Kingdom,1960,870,3.14
2011-04-21,United Kingdom,1878,1189,2.47
2011-04-21,United Kingdom,2876,1656,4.45
2011-04-21,United Kingdom,900,661,3.15
2011-04-21,United Kingdom,984,547,1.28
2011-04-21,United Kingdom,1023,725,3.98
2011-04-21,United Kingdom,1873,1324,1.99
2011-04-21,United Kingdom,2572,1218,1.82
2011-04-21,United Kingdom,1343,918,2.37
2011-04-21,United Kingdom,1720,696,2.17
2011-04-21,United Kingdom,1170,935,3.21
2011-04-21,United Kingdom,2165,1082,2.81
2011-04-21,United Kingdom,2064,1104,1.45
2011-04-21,Germany,1307,882,2.47
2011-04-21,United Kingdom,2341,1248,1.53
2011-04-21,United Kingdom,537,359,1.53
2011-04-21,United Kingdom,1965,1309,3.17
2011-04-21,United Kingdom,1004,773,2.61
2011-04-21,United Kingdom,1271,939,2.37
2011-04-21,United Kingdom,1670,1005,3.42
2011-04-21,United Kingdom,2218,1544,3.48
2011-04-21,United Kingdom,2424,1409,2.5
2011-04-21,United Kingdom,1016,668,1.17
2011-04-21,United Kingdom,2309,1277,2.68
2011-04-21,United Kingdom,974,734,2.6
2011-04-21,Germany,1000,611,4.21
2011-04-21,United Kingdom,1371,1019,1.21
2011-04-21,United Kingdom,700,285,3.65
2011-04-21,United Kingdom,1274,690,1.0
2011-04-21,United Kingdom,1054,825,4.26
2011-04-21,United Kingdom,2062,1538,3.29
2011-04-21,United Kingdom,941,431,3.05
2011-04-21,United Kingdom,2733,1983,1.35
2011-04-21,United Kingdom,1683,1228,2.98
2011-04-21,United Kingdom,2196,1497,3.13
2011-04-21,United Kingdom,1980,1276,3.66
2011-04-21,United Kingdom,3090,2087,3.88
2011-04-21,United Kingdom,2802,1970,1.23
2011-04-21,United Kingdom,157,109,3.32
2011-04-21,United Kingdom,2144,1450,2.29
2011-04-21,United Kingdom,1035,527,3.5
2011-04-21,United Kingdom,1954,1293,1.3
2011-04-21,United Kingdom,1760,1400,1.24
2011-04-21,United Kingdom,1460,795,3.49
2011-04-21,United Kingdom,2438,1893,3.01
2011-04-21,United Kingdom,1031,505,3.51
2011-04-21,United Kingdom,2302,1528,3.48
2011-04-21,United Kingdom,1126,752,3.01
2011-04-21,United Kingdom,2130,897,1.09
2011-04-21,United Kingdom,1790,992,1.74
2011-04-21,United Kingdom,1471,1047,3.11
2011-04-21,United Kingdom,3604,2368,1.29
2011-04-21,United Kingdom,2084,1645,4.27
2011-04-21,United Kingdom,1295,569,1.95
2011-04-21,United Kingdom,2278,1026,3.08
2011-04-21,United Kingdom,1373,923,2.42
2011-04-26,United Kingdom,2141,1182,3.8
2011-04-26,United Kingdom,1924,823,2.27
2011-04-26,United Kingdom,100,76,2.83
2011-04-26,Austria,1248,605,1.01
2011-04-26,United Kingdom,1950,1048,2.08
2011-04-26,United Kingdom,2934,2316,4.15
2011-04-26,United Kingdom,1370,846,3.84
2011-04-26,United Kingdom,2841,2051,3.15
2011-04-26,United Kingdom,1253,783,3.86
2011-04-26,United Kingdom,763,342,3.41
2011-04-26,United Kingdom,1442,881,3.76
2011-04-26,United Kingdom,100,66,2.15
2011-04-26,United Kingdom,1217,939,1.35
2011-04-26,United Kingdom,100,52,4.07
2011-04-26,United Kingdom,651,382,3.44
2011-04-26,European Community,100,47,2.38
2011-04-26,United Kingdom,1970,1390,3.02
2011-04-26,Japan,1507,634,3.29
2011-04-26,United Kingdom,1032,607,1.5
2011-04-26,United Kingdom,1431,646,3.44
2011-04-26,United Kingdom,2224,1730,3.2
2011-04-26,Germany,682,363,2.62
2011-04-26,United Kingdom,1995,812,3.51
2011-04-26,United Kingdom,916,575,1.89
2011-04-26,United Kingdom,100,53,3.07
2011-04-26,United Kingdom,1461,683,3.02
2011-04-26,Austria,1929,921,2.17
2011-04-26,United Kingdom,289,205,3.11
2011-04-26,United Kingdom,2127,1580,2.34
2011-04-26,United Kingdom,1019,653,3.49
2011-04-26,United Kingdom,1508,704,3.83
2011-04-26,United Kingdom,1520,888,3.01
2011-04-26,United Kingdom,1954,1324,3.92
2011-04-26,United Kingdom,681,442,1.11
2011-04-26,United Kingdom,100,75,2.98
2011-04-26,United Kingdom,313,247,1.54
2011-04-26,United Kingdom,2994,1625,3.38
2011-04-26,United Kingdom,2418,1813,4.45
2011-04-26,United Kingdom,1316,838,2.68
2011-04-26,United Kingdom,1619,1234,3.51
2011-04-26,United Kingdom,1692,924,2.69
2011-04-26,United Kingdom,1318,981,3.2
2011-04-26,United Kingdom,2046,1508,2.86
2011-04-26,United Kingdom,1421,1023,4.29
2011-04-26,United Kingdom,1515,968,3.58
2011-04-26,United Kingdom,260,190,2.88
2011-04-26,United Kingdom,1450,958,1.96
2011-04-26,United Kingdom,812,362,1.71
2011-04-26,United Kingdom,1151,733,2.5
2011-04-26,United Kingdom,2000,1520,2.85
2011-04-26,United Kingdom,1857,827,4.33
2011-04-26,United Kingdom,100,67,2.67
2011-04-26,United Kingdom,1800,1108,1.04
2011-04-26,United Kingdom,1348,909,2.39
2011-04-26,United Kingdom,2424,1624,1.77
2011-04-26,United Kingdom,736,516,2.93
2011-04-26,United Kingdom,2220,1365,3.56
2011-04-26,United Kingdom,2774,1591,3.4
2011-04-26,United Kingdom,1068,455,4.41
2011-04-26,United Kingdom,2008,1221,2.34
2011-04-26,United Kingdom,1550,1233,1.98
2011-04-26,France,999,428,2.94
2011-04-26,United Kingdom,100,73,4.22
2011-04-26,United Kingdom,994,428,3.75
2011-04-26,United Kingdom,2474,1795,1.1
2011-04-26,United Kingdom,1025,742,1.28
2011-04-26,United Kingdom,117,85,3.55
2011-04-26,United Kingdom,1095,566,2.4
2011-04-26,United Kingdom,1431,1115,3.05
2011-04-26,United Kingdom,1547,876,3.24
2011-04-26,United Kingdom,2076,1060,1.83
2011-04-26,United Kingdom,1757,1240,2.28
2011-04-26,United Kingdom,1701,829,1.4
2011-04-26,United Kingdom,1714,1235,4.37
2011-04-26,United Kingdom,1619,1248,1.9
2011-04-26,United Kingdom,2767,1535,2.57
2011-04-26,United Kingdom,911,393,1.17
2011-04-26,United Kingdom,2235,1176,2.0
2011-04-27,United Kingdom,2041,947,2.22
2011-04-27,United Kingdom,2329,1457,3.22
2011-04-27,United Kingdom,1699,720,2.63
2011-04-27,United Kingdom,1425,585,1.0
2011-04-27,United Kingdom,606,319,1.84
2011-04-27,United Kingdom,1757,727,1.04
2011-04-27,EIRE,1873,904,4.26
2011-04-27,United Kingdom,1104,559,1.45
2011-04-27,United Kingdom,907,522,3.09
2011-04-27,United Kingdom,1070,527,1.07
2011-04-27,United Kingdom,2508,1071,2.4
2011-04-27,United Kingdom,137,67,1.92
2011-04-27,United Kingdom,1815,1433,3.76
2011-04-27,United Kingdom,1156,826,1.16
2011-04-27,United Kingdom,800,578,1.93
2011-04-27,United Kingdom,1950,1011,2.49
2011-04-27,United Kingdom,2597,1312,3.23
2011-04-27,United Kingdom,723,381,3.99
2011-04-27,United Kingdom,1224,882,1.4
2011-04-27,United Kingdom,1752,1357,2.57
2011-04-27,United Kingdom,1183,552,4.22
2011-04-27,United Kingdom,3142,1395,2.86
2011-04-27,United Kingdom,976,659,1.55
2011-04-27,United Kingdom,1586,1141,1.46
2011-04-27,United Kingdom,989,597,1.22
2011-04-27,United Kingdom,2066,1131,3.86
2011-04-27,Germany,1893,821,1.18
2011-04-27,United Kingdom,572,421,3.44
2011-04-27,United Kingdom,780,459,1.84
2011-04-27,United Kingdom,1112,887,2.57
2011-04-27,United Kingdom,2092,1485,1.77
2011-04-27,United Kingdom,461,249,3.13
2011-04-27,United Kingdom,1760,794,4.07
2011-04-27,United Kingdom,252,178,1.24
2011-04-27,United Kingdom,2797,1984,1.26
2011-04-27,United Kingdom,1499,907,1.58
2011-04-27,United Kingdom,682,520,2.91
2011-04-27,United Kingdom,836,633,4.37
2011-04-27,United Kingdom,594,333,1.97
2011-04-27,Sweden,2036,1000,1.0
2011-04-27,United Kingdom,926,395,1.82
2011-04-27,United Kingdom,866,669,1.12
2011-04-27,United Kingdom,1934,913,2.17
2011-04-27,United Kingdom,2819,1413,1.63
2011-04-27,United Kingdom,1280,932,1.36
2011-04-27,United Kingdom,1762,824,3.5
2011-04-27,United Kingdom,993,535,2.99
2011-04-27,United Kingdom,1982,1332,3.06
2011-04-27,United Kingdom,2424,1772,2.64
2011-04-27,United Kingdom,1089,550,3.03
2011-04-27,United Kingdom,1404,573,1.04
2011-04-27,United Kingdom,486,362,3.1
2011-04-27,United Kingdom,1738,1311,1.55
2011-04-27,United Kingdom,2517,1836,1.7
2011-04-27,United Kingdom,1930,1040,4.22
2011-04-27,United Kingdom,322,204,3.75
2011-04-27,United Kingdom,2871,1471,3.59
2011-04-27,United Kingdom,1282,704,3.17
2011-04-27,United Kingdom,1513,761,3.49
2011-04-27,United Kingdom,1607,895,3.51
2011-04-27,United Kingdom,2022,1616,3.83
2011-04-27,United Kingdom,956,418,1.97
2011-04-27,United Kingdom,249,188,3.45
2011-04-27,United Kingdom,296,205,3.97
2011-04-27,United Kingdom,782,461,3.59
2011-04-27,United Kingdom,1609,981,4.09
2011-04-27,United Kingdom,1830,837,3.46
2011-04-27,United Kingdom,2338,1392,3.69
2011-04-27,United Kingdom,755,397,2.83
2011-04-27,United Kingdom,2391,1106,3.91
2011-04-27,United Kingdom,1891,833,2.16
2011-04-27,United Kingdom,3088,1679,3.34
2011-04-27,United Kingdom,2101,1258,1.11
2011-04-27,United Kingdom,2906,2146,2.63
2011-04-27,United Kingdom,1269,743,1.04
2011-04-27,United Kingdom,100,58,4.41
2011-04-27,France,2034,1360,3.88
2011-04-27,United Kingdom,2285,1114,3.75
2011-04-27,United Kingdom,1075,780,3.73
2011-04-27,United Kingdom,2058,1206,2.95
2011-04-27,United Kingdom,2236,1166,1.05
2011-04-27,United Kingdom,1488,848,1.25
2011-04-27,United Kingdom,2656,1229,3.05
2011-04-27,United Kingdom,2101,1579,1.38
2011-04-28,United Kingdom,1696,1120,2.06
2011-04-28,United Kingdom,1365,660,3.31
2011-04-28,United Kingdom,1414,982,1.29
2011-04-28,United Kingdom,1823,1093,2.83
2011-04-28,Netherlands,2315,1325,1.46
2011-04-28,Belgium,1732,1288,4.48
2011-04-28,United Kingdom,2382,1387,4.42
2011-04-28,Australia,1539,1134,2.89
2011-04-28,United Kingdom,2102,995,1.83
2011-04-28,United Kingdom,1425,954,1.47
2011-04-28,United Kingdom,1035,426,1.26
2011-04-28,United Kingdom,710,383,3.4
2011-04-28,United Kingdom,1358,747,1.05
2011-04-28,United Kingdom,1733,740,2.94
2011-04-28,United Kingdom,1848,1269,3.25
2011-04-28,United Kingdom,1828,741,3.09
2011-04-28,France,2236,1702,1.74
2011-04-28,United Kingdom,2123,1692,1.29
2011-04-28,United Kingdom,1395,643,1.78
2011-04-28,United Kingdom,725,552,2.49
2011-04-28,United Kingdom,494,306,1.92
2011-04-28,United Kingdom,1787,1311,2.65
2011-04-28,United Kingdom,1434,903,4.24
2011-04-28,United Kingdom,1142,461,3.2
2011-04-28,United Kingdom,1322,1006,2.53
2011-04-28,Spain,1452,877,2.28
2011-04-28,United Kingdom,100,73,1.49
2011-04-28,United Kingdom,2390,1087,2.68
2011-04-28,United Kingdom,1403,757,2.71
2011-04-28,United Kingdom,1307,530,4.31
2011-04-28,United Kingdom,2102,1521,4.24
2011-04-28,United Kingdom,2295,1204,4.48
2011-04-28,United Kingdom,2169,1366,1.92
2011-04-28,United Kingdom,2388,1340,3.29
2011-04-28,United Kingdom,1369,1003,3.77
2011-04-28,United Kingdom,598,415,1.2
2011-04-28,United Kingdom,1792,1413,4.35
2011-04-28,United Kingdom,2050,1631,2.0
2011-04-28,United Kingdom,2272,1631,2.48
2011-04-28,United Kingdom,912,566,3.91
2011-04-28,United Kingdom,3204,2105,2.74
2011-04-28,United Kingdom,1368,882,3.74
2011-04-28,United Kingdom,363,239,3.68
2011-04-28,United Kingdom,3217,1408,2.05
2011-04-28,United Kingdom,330,227,3.89
2011-04-28,United Kingdom,1131,498,2.41
2011-04-28,United Kingdom,1328,590,1.23
2011-04-28,United Kingdom,1900,1408,2.97
2011-04-28,United Kingdom,1797,800,4.46
2011-04-28,United Kingdom,338,211,1.24
2011-04-28,United Kingdom,2291,1109,2.82
2011-04-28,United Kingdom,1737,713,3.45
2011-04-28,United Kingdom,397,316,1.41
2011-04-28,United Kingdom,1777,714,4.17
2011-04-28,United Kingdom,1487,716,3.47
2011-04-28,United Kingdom,892,680,4.43
2011-04-28,United Kingdom,1680,1128,2.79
2011-04-28,United Kingdom,978,695,2.7
2011-04-28,United Kingdom,942,640,3.0
2011-04-28,United Kingdom,948,628,3.56
2011-04-28,United Kingdom,1569,1223,2.44
2011-04-28,United Kingdom,798,511,1.71
2011-04-28,United Kingdom,311,145,1.54
2011-04-28,United Kingdom,2068,1096,1.58
2011-04-28,United Kingdom,2488,1879,3.54
2011-04-28,United Kingdom,2615,1735,1.22
2011-04-28,United Kingdom,1335,821,3.16
2011-04-28,United Kingdom,1409,661,2.29
2011-04-28,United Kingdom,538,370,1.78
2011-04-28,Germany,1996,1542,2.75
2011-04-28,United Kingdom,1430,611,4.13
2011-04-28,United Kingdom,1559,795,1.06
2011-04-28,United Kingdom,2035,1358,1.46
2011-04-28,United Kingdom,2102,1082,4.49
2011-04-28,United Kingdom,1593,1056,2.61
2011-04-28,United Kingdom,2032,1185,2.98
2011-04-28,United Kingdom,1392,927,1.58
2011-04-28,United Kingdom,1390,854,2.23
2011-04-28,United Kingdom,1881,1244,2.77
2011-04-28,United Kingdom,2720,1131,1.12
2011-04-28,United Kingdom,1207,794,2.07
2011-04-28,United Kingdom,1483,1081,1.4
2011-04-28,United Kingdom,1495,653,2.43
2011-04-28,United Kingdom,1107,812,2.43
2011-05-01,United Kingdom,270,116,2.21
2011-05-01,United Kingdom,1141,692,2.11
2011-05-01,United Kingdom,100,79,3.1
2011-05-01,United Kingdom,1695,1279,3.11
2011-05-01,United Kingdom,1707,1244,1.01
2011-05-01,United Kingdom,1305,988,2.37
2011-05-01,United Kingdom,650,323,4.39
2011-05-01,United Kingdom,1436,1067,3.7
2011-05-01,United Kingdom,1874,870,1.1
2011-05-01,United Kingdom,2154,1471,4.35
2011-05-01,United Kingdom,2893,1691,2.28
2011-05-01,United Kingdom,1899,1057,3.13
2011-05-01,United Kingdom,566,376,4.12
2011-05-01,United Kingdom,1272,751,2.57
2011-05-01,Germany,691,507,2.55
2011-05-01,United Kingdom,1771,884,3.68
2011-05-01,United Kingdom,1445,810,3.88
2011-05-01,United Kingdom,1208,555,1.47
2011-05-01,United Kingdom,2245,1629,2.54
2011-05-01,United Kingdom,3317,2357,3.82
2011-05-01,United Kingdom,423,209,2.86
2011-05-03,United Kingdom,1844,1087,3.44
2011-05-03,United Kingdom,1129,626,4.01
2011-05-03,France,1311,753,4.35
2011-05-03,United Kingdom,2640,1200,1.37
2011-05-03,United Kingdom,1653,766,2.78
2011-05-03,United Kingdom,1404,963,2.83
2011-05-03,United Kingdom,668,462,2.63
2011-05-03,France,836,551,2.21
2011-05-03,France,1145,592,2.02
2011-05-03,United Kingdom,2753,1888,3.06
2011-05-03,United Kingdom,1497,756,1.25
2011-05-03,United Kingdom,2421,1502,2.94
2011-05-03,United Kingdom,2084,1631,1.8
2011-05-03,United Kingdom,1604,952,1.04
2011-05-03,France,1645,753,3.06
2011-05-03,United Kingdom,1580,1025,2.08
2011-05-03,United Kingdom,1879,758,3.41
2011-05-03,United Kingdom,3829,1973,1.2
2011-05-03,United Kingdom,1491,800,1.71
2011-05-03,United Kingdom,1116,707,1.71
2011-05-03,United Kingdom,1142,742,3.22
2011-05-03,United Kingdom,583,300,1.13
2011-05-03,United Kingdom,1902,1016,2.86
2011-05-03,United Kingdom,1733,731,1.63
2011-05-03,United Kingdom,1866,817,2.65
2011-05-03,United Kingdom,2597,1062,1.28
2011-05-03,United Kingdom,1611,669,3.87
2011-05-03,United Kingdom,1721,1352,2.34
2011-05-03,United Kingdom,1159,606,2.54
2011-05-03,United Kingdom,1063,714,1.06
2011-05-03,United Kingdom,1667,857,3.54
2011-05-03,United Kingdom,1541,1188,2.71
2011-05-03,United Kingdom,2613,1505,1.65
2011-05-03,United Kingdom,158,120,3.65
2011-05-03,United Kingdom,1908,903,2.97
2011-05-03,United Kingdom,1231,757,3.26
2011-05-03,United Kingdom,100,46,1.62
2011-05-03,United Kingdom,540,429,1.49
2011-05-03,Sweden,2505,1316,3.67
2011-05-03,United Kingdom,196,148,4.07
2011-05-03,Switzerland,666,380,2.51
2011-05-03,Germany,1860,1290,4.15
2011-05-03,United Kingdom,1954,811,1.66
2011-05-03,United Kingdom,2250,1248,4.35
2011-05-03,United Kingdom,622,315,2.65
2011-05-03,United Kingdom,2021,1072,1.44
2011-05-03,United Kingdom,1677,698,2.28
2011-05-03,United Kingdom,2476,1614,2.96
2011-05-03,United Kingdom,2606,1081,3.19
2011-05-03,United Kingdom,2483,1794,2.53
2011-05-03,United Kingdom,100,77,2.99
2011-05-03,France,1388,721,1.82
2011-05-03,United Kingdom,2387,962,3.52
2011-05-03,United Kingdom,1175,554,2.23
2011-05-03,France,903,668,2.9
2011-05-03,United Kingdom,960,429,1.11
2011-05-03,United Kingdom,1723,1341,1.39
2011-05-03,EIRE,1777,940,1.1
2011-05-03,EIRE,100,72,1.25
2011-05-03,United Kingdom,1272,917,3.15
2011-05-03,United Kingdom,558,325,2.22
2011-05-03,United Kingdom,566,421,1.06
2011-05-03,United Kingdom,727,414,3.94
2011-05-03,United Kingdom,2300,1429,2.54
2011-05-03,United Kingdom,1488,1006,4.4
2011-05-03,United Kingdom,1488,719,4.5
2011-05-03,United Kingdom,445,329,3.77
2011-05-03,United Kingdom,601,418,3.29
2011-05-03,United Kingdom,551,433,4.36
2011-05-03,United Kingdom,1524,609,2.1
2011-05-03,United Kingdom,1847,1149,1.73
2011-05-03,United Kingdom,1404,788,4.12
2011-05-03,United Kingdom,389,247,4.07
2011-05-03,United Kingdom,567,442,2.05
2011-05-03,United Kingdom,1181,710,1.88
2011-05-03,United Kingdom,100,52,4.37
2011-05-03,United Kingdom,100,70,2.99
2011-05-03,United Kingdom,2172,912,4.28
2011-05-03,United Kingdom,1702,1240,2.7
2011-05-03,United Kingdom,1841,912,1.39
2011-05-03,United Kingdom,2110,1045,2.42
2011-05-03,United Kingdom,100,72,2.14
2011-05-03,United Kingdom,549,304,2.85
2011-05-03,United Kingdom,693,546,2.12
2011-05-03,United Kingdom,971,536,4.17
2011-05-03,United Kingdom,608,418,4.23
2011-05-03,United Kingdom,1462,956,2.89
2011-05-03,United Kingdom,397,299,3.69
2011-05-03,United Kingdom,931,432,3.99
2011-05-03,United Kingdom,1542,903,3.98
2011-05-03,United Kingdom,1604,783,2.66
2011-05-03,United Kingdom,801,411,1.21
2011-05-03,United Kingdom,1360,1002,2.94
2011-05-03,United Kingdom,2018,1602,1.48
2011-05-03,United Kingdom,2244,1018,3.74
2011-05-03,United Kingdom,100,67,3.3
2011-05-03,United Kingdom,1997,907,4.34
2011-05-03,United Kingdom,1375,754,2.81
2011-05-03,United Kingdom,1294,887,2.42
2011-05-03,United Kingdom,932,695,2.62
2011-05-03,United Kingdom,1917,1320,3.72
2011-05-03,United Kingdom,1027,477,2.24
2011-05-04,United Kingdom,1152,876,1.86
2011-05-04,United Kingdom,1857,801,1.18
2011-05-04,United Kingdom,858,550,3.38
2011-05-04,Germany,2745,1740,3.73
2011-05-04,Germany,1327,1050,2.44
2011-05-04,United Kingdom,1679,952,1.78
2011-05-04,United Kingdom,1700,790,4.12
2011-05-04,United Kingdom,1618,1290,2.65
2011-05-04,United Kingdom,3061,1333,4.32
2011-05-04,United Kingdom,1759,1150,2.02
2011-05-04,Canada,2829,1143,3.41
2011-05-04,United Kingdom,532,409,2.1
2011-05-04,United Kingdom,1447,799,3.7
2011-05-04,United Kingdom,1998,1468,3.01
2011-05-04,United Kingdom,100,57,1.32
2011-05-04,United Kingdom,1096,447,3.84
2011-05-04,United Kingdom,2344,1432,2.44
2011-05-04,United Kingdom,1590,710,2.11
2011-05-04,United Kingdom,789,620,2.45
2011-05-04,United Kingdom,2123,855,4.29
2011-05-04,United Kingdom,2587,1341,3.13
2011-05-04,United Kingdom,1549,738,1.98
2011-05-04,United Kingdom,1338,1046,1.65
2011-05-04,United Kingdom,2591,1552,3.13
2011-05-04,United Kingdom,1557,1182,3.21
2011-05-04,Germany,2105,1162,4.24
2011-05-04,United Kingdom,2650,1575,3.81
2011-05-04,Germany,2216,1481,4.29
2011-05-04,United Kingdom,1052,563,4.2
2011-05-04,United Kingdom,1133,515,1.41
2011-05-04,United Kingdom,1100,742,3.42
2011-05-04,United Kingdom,1134,651,1.14
2011-05-04,United Kingdom,464,205,2.53
2011-05-04,United Kingdom,1864,756,1.92
2011-05-04,United Kingdom,1086,678,2.92
2011-05-04,United Kingdom,2490,1651,3.71
2011-05-04,United Kingdom,2135,1328,2.71
2011-05-04,United Kingdom,946,603,1.6
2011-05-04,United Kingdom,708,497,3.93
2011-05-04,United Kingdom,1875,816,1.02
2011-05-04,United Kingdom,2145,1177,3.99
2011-05-04,United Kingdom,2360,1641,1.21
2011-05-04,United Kingdom,1927,781,3.61
2011-05-04,United Kingdom,2006,1250,4.39
2011-05-04,United Kingdom,1465,720,2.24
2011-05-04,United Kingdom,1667,1205,1.74
2011-05-04,United Kingdom,978,394,4.07
2011-05-04,United Kingdom,1147,641,1.77
2011-05-04,United Kingdom,844,338,1.99
2011-05-04,United Kingdom,1882,1430,2.41
2011-05-04,United Kingdom,4610,3663,3.13
2011-05-04,United Kingdom,1545,871,3.86
2011-05-04,United Kingdom,1045,419,1.88
2011-05-04,United Kingdom,100,68,3.75
2011-05-04,United Kingdom,1311,601,2.91
2011-05-04,United Kingdom,883,500,3.24
2011-05-04,United Kingdom,3127,2253,3.36
2011-05-04,United Kingdom,2016,925,2.21
2011-05-04,United Kingdom,1275,896,1.19
2011-05-04,United Kingdom,582,276,4.02
2011-05-04,United Kingdom,2223,951,4.24
2011-05-04,United Kingdom,2980,2305,2.75
2011-05-04,Sweden,1226,815,3.69
2011-05-04,United Kingdom,1724,972,3.76
2011-05-04,United Kingdom,1496,644,1.55
2011-05-04,Spain,100,58,1.16
2011-05-04,United Kingdom,1448,1023,2.65
2011-05-04,United Kingdom,1203,902,1.84
2011-05-04,United Kingdom,832,462,3.1
2011-05-05,United Kingdom,2136,1268,4.43
2011-05-05,United Kingdom,1520,652,1.49
2011-05-05,United Kingdom,1891,859,3.17
2011-05-05,United Kingdom,1880,1247,2.32
2011-05-05,United Kingdom,438,263,4.37
2011-05-05,United Kingdom,1569,801,3.49
2011-05-05,United Kingdom,2327,1708,1.01
2011-05-05,United Kingdom,828,396,1.04
2011-05-05,United Kingdom,726,352,2.83
2011-05-05,United Kingdom,1066,745,3.26
2011-05-05,United Kingdom,1791,829,3.19
2011-05-05,United Kingdom,849,599,3.28
2011-05-05,Germany,919,589,3.28
2011-05-05,France,1150,752,1.58
2011-05-05,United Kingdom,1619,732,1.39
2011-05-05,United Kingdom,1667,1117,2.76
2011-05-05,United Kingdom,765,451,1.64
2011-05-05,United Kingdom,2783,1135,3.47
2011-05-05,United Kingdom,3353,1546,3.02
2011-05-05,United Kingdom,1105,541,1.05
2011-05-05,United Kingdom,790,470,4.0
2011-05-05,United Kingdom,1295,782,4.29
2011-05-05,United Kingdom,1835,1177,2.57
2011-05-05,United Kingdom,1737,1314,2.62
2011-05-05,United Kingdom,1950,806,3.37
2011-05-05,United Kingdom,2181,899,1.36
2011-05-05,United Kingdom,2103,1140,2.22
2011-05-05,United Kingdom,1526,847,1.04
2011-05-05,United Kingdom,100,63,3.08
2011-05-05,United Kingdom,333,228,3.39
2011-05-05,United Kingdom,100,71,3.72
2011-05-05,United Kingdom,3233,2314,3.17
2011-05-05,United Kingdom,721,368,3.83
2011-05-05,EIRE,1393,1067,2.39
2011-05-05,United Kingdom,100,61,3.83
2011-05-05,United Kingdom,1521,1090,1.43
2011-05-05,United Kingdom,100,56,1.61
2011-05-05,United Kingdom,863,360,2.31
2011-05-05,United Kingdom,666,481,3.5
2011-05-05,United Kingdom,1578,671,2.63
2011-05-05,United Kingdom,2316,1271,2.54
2011-05-05,United Kingdom,1182,500,1.81
2011-05-05,United Kingdom,127,95,4.29
2011-05-05,United Kingdom,1616,828,2.89
2011-05-05,United Kingdom,1908,1244,2.25
2011-05-05,United Kingdom,1405,821,3.24
2011-05-05,United Kingdom,1805,1419,2.59
2011-05-05,United Kingdom,2018,1441,1.15
2011-05-05,United Kingdom,856,541,2.14
2011-05-05,United Kingdom,1827,1082,1.87
2011-05-05,United Kingdom,1164,851,1.14
2011-05-05,United Kingdom,1123,897,2.65
2011-05-05,United Kingdom,1895,1294,3.3
2011-05-05,United Kingdom,2270,1275,4.38
2011-05-05,United Kingdom,100,48,2.42
2011-05-05,United Kingdom,1496,1141,3.94
2011-05-05,United Kingdom,534,223,1.44
2011-05-05,Belgium,1776,1179,3.31
2011-05-05,United Kingdom,1251,998,4.32
2011-05-05,United Kingdom,114,52,3.63
2011-05-05,Poland,2376,1777,4.15
2011-05-05,United Kingdom,1928,805,1.7
2011-05-05,United Kingdom,2980,1703,1.32
2011-05-05,United Kingdom,2095,1330,2.9
2011-05-05,United Kingdom,2449,1075,3.3
2011-05-05,United Kingdom,1541,1195,2.89
2011-05-05,United Kingdom,892,492,2.08
2011-05-05,United Kingdom,100,75,2.33
2011-05-05,United Kingdom,1442,643,1.93
2011-05-05,United Kingdom,1899,1407,3.22
2011-05-05,EIRE,1463,1097,2.39
2011-05-05,United Kingdom,502,394,2.83
2011-05-05,United Kingdom,1700,1328,1.21
2011-05-05,United Kingdom,1524,865,3.17
2011-05-05,United Kingdom,1781,963,1.19
2011-05-05,United Kingdom,1453,1076,4.35
2011-05-05,United Kingdom,1256,752,3.04
2011-05-05,Germany,100,77,1.6
2011-05-05,United Kingdom,2385,1712,4.31
2011-05-05,United Kingdom,903,639,2.54
2011-05-05,United Kingdom,1547,1056,4.14
2011-05-05,United Kingdom,386,224,3.15
2011-05-05,Switzerland,954,467,4.22
2011-05-05,United Kingdom,1267,995,3.87
2011-05-05,United Kingdom,122,49,4.06
2011-05-05,United Kingdom,1493,1122,3.76
2011-05-05,United Kingdom,823,429,2.93
2011-05-05,United Kingdom,1112,667,3.58
2011-05-05,United Kingdom,1580,684,3.4
2011-05-05,United Kingdom,2887,1499,2.57
2011-05-05,United Kingdom,1949,1253,2.94
2011-05-05,United Kingdom,2718,1859,3.1
2011-05-05,United Kingdom,1785,917,4.15
2011-05-05,United Kingdom,2101,1553,2.04
2011-05-05,United Kingdom,1674,1104,1.17
2011-05-05,United Kingdom,2162,1561,3.1
2011-05-05,United Kingdom,1769,1123,2.68
2011-05-05,United Kingdom,216,100,2.69
2011-05-05,United Kingdom,2444,1290,3.34
2011-05-05,United Kingdom,1079,797,4.49
2011-05-05,United Kingdom,2272,1046,2.73
2011-05-05,United Kingdom,1622,703,1.79
2011-05-05,United Kingdom,502,286,3.1
2011-05-05,United Kingdom,1360,913,2.69
2011-05-05,United Kingdom,2810,1198,4.4
2011-05-05,United Kingdom,1628,926,2.11
2011-05-06,EIRE,1377,590,2.54
2011-05-06,United Kingdom,2464,1324,4.31
2011-05-06,Spain,580,328,2.26
2011-05-06,United Kingdom,1035,620,4.49
2011-05-06,United Kingdom,1278,627,1.91
2011-05-06,Germany,1519,681,1.83
2011-05-06,United Kingdom,1526,999,4.39
2011-05-06,United Kingdom,794,520,1.94
2011-05-06,United Kingdom,1622,1070,3.83
2011-05-06,United Kingdom,1298,815,3.47
2011-05-06,United Kingdom,1314,547,3.06
2011-05-06,United Kingdom,1755,1217,2.38
2011-05-06,United Kingdom,100,61,3.82
2011-05-06,United Kingdom,1924,1116,3.05
2011-05-06,United Kingdom,1856,1395,1.33
2011-05-06,United Kingdom,2127,1602,1.27
2011-05-06,United Kingdom,1971,1032,3.85
2011-05-06,United Kingdom,1470,1067,1.08
2011-05-06,United Kingdom,1381,894,3.73
2011-05-06,United Kingdom,1264,970,2.07
2011-05-06,United Kingdom,2279,1457,4.18
2011-05-06,United Kingdom,3318,1613,1.67
2011-05-06,United Kingdom,1870,1065,4.42
2011-05-06,United Kingdom,1703,862,3.74
2011-05-06,United Kingdom,1491,980,3.64
2011-05-06,United Kingdom,100,53,2.84
2011-05-06,United Kingdom,1166,526,3.96
2011-05-06,United Kingdom,1073,645,2.85
2011-05-06,United Kingdom,1906,1460,2.06
2011-05-06,United Kingdom,583,283,4.26
2011-05-06,United Kingdom,1187,783,4.18
2011-05-06,United Kingdom,486,265,1.81
2011-05-06,United Kingdom,2076,845,1.96
2011-05-06,United Kingdom,1485,1147,2.62
2011-05-06,United Kingdom,801,591,2.26
2011-05-06,United Kingdom,753,543,3.63
2011-05-06,United Kingdom,708,366,2.25
2011-05-06,United Kingdom,1255,934,3.87
2011-05-06,United Kingdom,1949,1479,2.54
2011-05-06,United Kingdom,2097,1128,4.46
2011-05-06,United Kingdom,606,341,2.21
2011-05-06,United Kingdom,924,616,2.34
2011-05-06,United Kingdom,3501,1800,1.1
2011-05-06,United Kingdom,1619,711,1.37
2011-05-06,United Kingdom,1338,600,4.19
2011-05-06,United Kingdom,993,589,2.39
2011-05-06,United Kingdom,3714,2866,1.31
2011-05-06,United Kingdom,2299,1529,2.59
2011-05-06,United Kingdom,1202,668,1.52
2011-05-06,United Kingdom,1008,626,4.05
2011-05-06,United Kingdom,1432,841,3.49
2011-05-06,United Kingdom,100,54,3.09
2011-05-06,United Kingdom,704,393,4.5
2011-05-06,United Kingdom,1544,639,2.46
2011-05-06,United Kingdom,2470,1628,4.18
2011-05-06,Belgium,1030,543,3.11
2011-05-06,United Kingdom,2675,2028,4.25
2011-05-06,United Kingdom,1922,1359,3.22
2011-05-06,United Kingdom,1891,1501,1.84
2011-05-06,United Kingdom,1546,662,1.7
2011-05-06,United Kingdom,1969,1267,3.34
2011-05-06,United Kingdom,2212,1421,1.64
2011-05-06,United Kingdom,2199,1033,3.89
2011-05-06,United Kingdom,1680,907,1.8
2011-05-06,United Kingdom,1580,1242,3.22
2011-05-06,Austria,1258,759,2.73
2011-05-06,United Kingdom,1043,573,2.32
2011-05-06,Germany,1351,691,3.58
2011-05-06,United Kingdom,181,118,4.04
2011-05-06,United Kingdom,809,433,1.05
2011-05-06,United Kingdom,1679,883,3.04
2011-05-06,United Kingdom,718,338,3.55
2011-05-06,United Kingdom,985,563,3.33
2011-05-06,United Kingdom,1880,1335,3.87
2011-05-06,United Kingdom,219,121,3.43
2011-05-06,United Kingdom,1691,1162,3.46
2011-05-06,United Kingdom,1453,636,1.54
2011-05-06,United Kingdom,1873,953,4.23
2011-05-06,United Kingdom,1646,702,4.32
2011-05-06,United Kingdom,1850,1474,1.47
2011-05-06,United Kingdom,501,272,3.43
2011-05-06,United Kingdom,267,201,1.41
2011-05-06,United Kingdom,3503,1756,3.55
2011-05-06,United Kingdom,1150,535,3.83
2011-05-06,United Kingdom,1702,915,2.92
2011-05-06,United Kingdom,396,191,3.47
2011-05-06,United Kingdom,734,531,3.33
2011-05-06,United Kingdom,1255,701,4.38
2011-05-06,United Kingdom,1194,738,2.72
2011-05-06,United Kingdom,1325,658,1.31
2011-05-06,United Kingdom,1296,758,1.52
2011-05-06,United Kingdom,1086,767,2.95
2011-05-06,United Kingdom,1818,1009,3.87
2011-05-06,United Kingdom,885,601,1.18
2011-05-06,United Kingdom,893,632,2.14
2011-05-06,United Kingdom,1106,761,3.81
2011-05-06,United Kingdom,2181,999,1.12
2011-05-06,United Kingdom,2373,1146,3.54
2011-05-06,United Kingdom,1210,640,1.93
2011-05-06,United Kingdom,1161,921,3.77
2011-05-06,United Kingdom,100,50,4.01
2011-05-06,United Kingdom,1071,458,1.09
2011-05-06,United Kingdom,1132,510,3.48
2011-05-06,United Kingdom,1051,429,4.15
2011-05-08,United Kingdom,2344,962,1.8
2011-05-08,United Kingdom,875,367,1.01
2011-05-08,United Kingdom,249,171,4.09
2011-05-08,United Kingdom,2016,1325,3.41
2011-05-08,United Kingdom,1496,1032,2.73
2011-05-08,United Kingdom,1350,1016,1.12
2011-05-08,United Kingdom,1900,969,4.43
2011-05-08,United Kingdom,641,402,2.48
2011-05-08,United Kingdom,1836,751,2.42
2011-05-08,United Kingdom,779,421,3.1
2011-05-08,EIRE,1417,654,2.01
2011-05-08,United Kingdom,2243,1780,2.8
2011-05-08,United Kingdom,1741,1213,4.15
2011-05-08,United Kingdom,407,179,3.29
2011-05-08,United Kingdom,100,65,3.25
2011-05-08,United Kingdom,2026,1393,3.22
2011-05-08,United Kingdom,2261,1806,4.13
2011-05-08,United Kingdom,100,71,2.15
2011-05-08,United Kingdom,1730,700,3.68
2011-05-08,United Kingdom,2793,1752,2.26
2011-05-08,United Kingdom,1600,692,4.08
2011-05-08,United Kingdom,285,116,2.79
2011-05-08,United Kingdom,1627,916,4.38
2011-05-08,United Kingdom,1004,555,4.29
2011-05-08,United Kingdom,1865,976,3.72
2011-05-08,United Kingdom,594,350,2.27
2011-05-08,United Kingdom,1396,688,1.83
2011-05-08,United Kingdom,2239,1332,1.69
2011-05-08,United Kingdom,2533,1782,2.57
2011-05-08,United Kingdom,490,284,2.08
2011-05-08,United Kingdom,1963,1202,4.46
2011-05-08,United Kingdom,2086,1158,1.61
2011-05-08,United Kingdom,1474,806,1.99
2011-05-08,United Kingdom,818,413,1.37
2011-05-08,United Kingdom,1478,1027,2.65
2011-05-08,United Kingdom,2955,2312,3.1
2011-05-08,United Kingdom,777,592,4.14
2011-05-08,United Kingdom,1798,1041,2.82
2011-05-08,United Kingdom,342,266,3.57
2011-05-08,United Kingdom,923,692,4.08
2011-05-08,United Kingdom,274,154,1.73
2011-05-08,United Kingdom,3416,2572,1.52
2011-05-08,United Kingdom,407,180,2.24
2011-05-08,United Kingdom,2330,1637,2.8
2011-05-08,United Kingdom,1713,924,2.31
2011-05-08,United Kingdom,1755,1248,3.73
2011-05-08,United Kingdom,1414,612,3.76
2011-05-08,United Kingdom,3031,1835,3.96
2011-05-08,United Kingdom,1556,677,3.55
2011-05-08,United Kingdom,534,381,3.03
2011-05-08,United Kingdom,604,401,2.03
2011-05-08,United Kingdom,2069,1273,3.72
2011-05-08,United Kingdom,2378,1180,2.84
2011-05-08,United Kingdom,2261,1574,1.91
2011-05-08,France,1471,821,3.89
2011-05-08,United Kingdom,973,459,2.03
2011-05-08,France,1992,1020,1.41
2011-05-08,United Kingdom,2793,1748,1.59
2011-05-09,United Kingdom,1994,1185,1.37
2011-05-09,United Kingdom,1875,1218,2.22
2011-05-09,United Kingdom,1322,923,3.4
2011-05-09,United Kingdom,1851,1155,3.85
2011-05-09,United Kingdom,1970,1544,4.33
2011-05-09,United Kingdom,2293,1266,1.22
2011-05-09,France,2337,986,4.02
2011-05-09,United Kingdom,163,102,3.93
2011-05-09,United Kingdom,3072,1599,3.71
2011-05-09,Switzerland,1329,644,1.99
2011-05-09,United Kingdom,2381,1408,4.2
2011-05-09,United Kingdom,1286,995,1.4
2011-05-09,United Kingdom,1589,834,4.22
2011-05-09,United Kingdom,1171,545,4.13
2011-05-09,France,581,401,1.67
2011-05-09,United Kingdom,1619,879,1.58
2011-05-09,Germany,2441,1522,1.07
2011-05-09,United Kingdom,1498,895,4.3
2011-05-09,United Kingdom,1274,869,2.9
2011-05-09,United Kingdom,1211,802,3.37
2011-05-09,United Kingdom,1762,816,3.18
2011-05-09,United Kingdom,797,491,2.03
2011-05-09,United Kingdom,100,75,1.64
2011-05-09,United Kingdom,100,52,3.37
2011-05-09,United Kingdom,1032,508,3.8
2011-05-09,United Kingdom,1658,1290,4.18
2011-05-09,United Kingdom,2021,927,2.79
2011-05-09,United Kingdom,787,435,3.18
2011-05-09,United Kingdom,1922,1469,1.53
2011-05-09,United Kingdom,3368,1450,1.75
2011-05-09,Germany,568,259,1.89
2011-05-09,United Kingdom,2051,1588,3.03
2011-05-09,United Kingdom,2117,995,2.91
2011-05-09,United Kingdom,1939,1323,1.12
2011-05-09,United Kingdom,2470,1965,2.23
2011-05-09,United Kingdom,994,615,1.38
2011-05-09,United Kingdom,100,50,4.16
2011-05-09,United Kingdom,1652,1227,3.27
2011-05-09,United Kingdom,1467,880,4.39
2011-05-09,United Kingdom,1848,1420,3.38
2011-05-09,United Kingdom,1162,845,2.98
2011-05-09,United Kingdom,2108,1221,1.43
2011-05-09,Bahrain,3267,1900,2.43
2011-05-09,United Kingdom,1522,1090,2.16
2011-05-09,United Kingdom,100,65,3.99
2011-05-09,United Kingdom,2622,1170,2.07
2011-05-09,United Kingdom,1037,622,4.36
2011-05-09,United Kingdom,2619,1779,3.51
2011-05-09,United Kingdom,1954,807,1.52
2011-05-09,United Kingdom,2679,1497,1.71
2011-05-09,United Kingdom,1261,656,3.98
2011-05-09,United Kingdom,934,627,1.52
2011-05-09,United Kingdom,2757,1379,2.76
2011-05-09,United Kingdom,221,122,4.13
2011-05-09,France,875,599,1.27
2011-05-09,United Kingdom,885,630,4.01
2011-05-09,United Kingdom,2639,1729,4.17
2011-05-09,United Kingdom,2195,1027,2.22
2011-05-09,United Kingdom,2928,1936,1.29
2011-05-09,United Kingdom,1941,821,4.01
2011-05-09,United Kingdom,2368,1490,2.65
2011-05-09,United Kingdom,1606,1274,4.07
2011-05-09,United Kingdom,3168,2204,1.83
2011-05-09,United Kingdom,891,630,2.62
2011-05-09,United Kingdom,2122,1150,4.01
2011-05-09,United Kingdom,822,501,3.15
2011-05-09,United Kingdom,1098,489,2.48
2011-05-09,United Kingdom,1402,1020,3.91
2011-05-09,United Kingdom,1980,1464,2.3
2011-05-09,United Kingdom,544,333,1.67
2011-05-09,United Kingdom,1965,1069,2.9
2011-05-09,United Kingdom,709,386,1.26
2011-05-09,United Kingdom,3208,2537,3.09
2011-05-09,United Kingdom,1365,923,3.45
2011-05-09,United Kingdom,168,94,1.57
2011-05-09,United Kingdom,2069,1207,2.28
2011-05-09,United Kingdom,951,550,2.48
2011-05-10,United Kingdom,1968,797,3.21
2011-05-10,United Kingdom,3212,2112,4.11
2011-05-10,United Kingdom,2175,1367,1.06
2011-05-10,United Kingdom,100,60,3.02
2011-05-10,United Kingdom,976,774,1.54
2011-05-10,United Kingdom,609,447,3.53
2011-05-10,United Kingdom,1808,1310,4.0
2011-05-10,United Kingdom,2036,1517,1.64
2011-05-10,EIRE,1016,673,2.38
2011-05-10,EIRE,1591,1119,1.89
2011-05-10,EIRE,1300,600,1.38
2011-05-10,United Kingdom,551,352,2.08
2011-05-10,Belgium,1830,927,2.36
2011-05-10,United Kingdom,1585,988,1.04
2011-05-10,United Kingdom,497,215,3.65
2011-05-10,United Kingdom,3698,2439,1.21
2011-05-10,United Kingdom,1967,822,3.06
2011-05-10,United Kingdom,1139,842,3.0
2011-05-10,United Kingdom,1085,759,2.59
2011-05-10,United Kingdom,2790,2066,3.53
2011-05-10,United Kingdom,1539,746,3.85
2011-05-10,United Kingdom,2158,1579,3.36
2011-05-10,United Kingdom,2081,1283,2.74
2011-05-10,United Kingdom,1670,1106,1.95
2011-05-10,United Kingdom,578,237,2.75
2011-05-10,United Kingdom,767,565,3.63
2011-05-10,United Kingdom,1783,1159,3.43
2011-05-10,United Kingdom,1086,677,1.58
2011-05-10,United Kingdom,458,198,2.11
2011-05-10,United Kingdom,1159,636,3.85
2011-05-10,United Kingdom,1462,954,1.93
2011-05-10,United Kingdom,584,456,1.21
2011-05-10,United Kingdom,1477,1057,4.36
2011-05-10,United Kingdom,1851,1043,1.43
2011-05-10,United Kingdom,1529,1106,2.51
2011-05-10,United Kingdom,3558,2728,3.79
2011-05-10,United Kingdom,1438,800,2.34
2011-05-10,United Kingdom,1939,822,3.44
2011-05-10,United Kingdom,808,416,1.03
2011-05-10,United Kingdom,1311,758,3.59
2011-05-10,United Kingdom,1912,1089,4.47
2011-05-10,United Kingdom,2016,1394,2.81
2011-05-10,United Kingdom,1384,1056,2.27
2011-05-10,United Kingdom,1326,728,2.79
2011-05-10,United Kingdom,1271,1004,3.81
2011-05-10,United Kingdom,2119,1605,1.05
2011-05-10,United Kingdom,2524,1752,3.11
2011-05-10,United Kingdom,1732,1252,4.17
2011-05-10,France,124,66,1.14
2011-05-10,United Kingdom,743,569,2.95
2011-05-10,United Kingdom,2538,1680,4.39
2011-05-10,United Kingdom,3525,2368,2.01
2011-05-10,United Kingdom,946,689,3.52
2011-05-10,United Kingdom,693,536,2.18
2011-05-10,United Kingdom,719,290,3.12
2011-05-10,United Kingdom,1146,816,2.75
2011-05-10,United Kingdom,1497,693,2.59
2011-05-10,United Kingdom,2142,1311,4.35
2011-05-10,United Kingdom,2950,1833,2.17
2011-05-10,Germany,100,43,2.19
2011-05-10,United Kingdom,1059,620,3.61
2011-05-10,United Kingdom,1693,859,1.56
2011-05-10,United Kingdom,2223,1728,2.19
2011-05-10,United Kingdom,1834,749,4.34
2011-05-10,United Kingdom,1205,489,1.81
2011-05-10,Germany,3801,2621,1.41
2011-05-10,United Kingdom,1822,1027,2.56
2011-05-10,United Kingdom,2218,1519,2.98
2011-05-10,United Kingdom,277,179,2.37
2011-05-10,United Kingdom,2087,1438,3.76
2011-05-10,United Kingdom,426,210,2.69
2011-05-10,United Kingdom,2009,1294,2.52
2011-05-10,United Kingdom,1123,624,2.75
2011-05-10,United Kingdom,1845,1139,3.66
2011-05-10,United Kingdom,2418,1694,2.0
2011-05-10,United Kingdom,1608,1186,3.86
2011-05-10,United Kingdom,1616,997,4.38
2011-05-10,United Kingdom,167,105,1.97
2011-05-10,United Kingdom,1879,1192,2.84
2011-05-10,Unspecified,1264,559,1.45
2011-05-10,United Kingdom,790,587,3.83
2011-05-10,United Kingdom,942,709,4.47
2011-05-10,United Kingdom,1661,1123,3.44
2011-05-10,United Kingdom,1350,795,4.45
2011-05-10,United Kingdom,2441,1503,1.7
2011-05-10,United Kingdom,1053,422,3.89
2011-05-10,United Kingdom,987,596,1.12
2011-05-10,United Kingdom,2193,907,1.25
2011-05-10,United Kingdom,2282,1401,3.04
2011-05-10,United Kingdom,1320,607,4.41
2011-05-10,United Kingdom,1671,929,2.33
2011-05-10,United Kingdom,1236,803,2.49
2011-05-10,United Kingdom,100,48,3.14
2011-05-11,United Kingdom,930,697,3.19
2011-05-11,United Kingdom,1929,997,4.12
2011-05-11,United Kingdom,1368,819,3.48
2011-05-11,United Kingdom,889,421,1.37
2011-05-11,United Kingdom,100,70,3.89
2011-05-11,United Kingdom,1388,862,3.59
2011-05-11,United Kingdom,2404,1387,3.0
2011-05-11,Sweden,2707,1651,1.76
2011-05-11,United Kingdom,2292,1448,1.28
2011-05-11,United Kingdom,2099,1167,2.22
2011-05-11,United Kingdom,1302,663,1.86
2011-05-11,United Kingdom,1483,764,4.43
2011-05-11,Germany,2743,1560,1.6
2011-05-11,United Kingdom,2366,1637,2.72
2011-05-11,United Kingdom,1210,551,1.57
2011-05-11,United Kingdom,1927,1405,1.73
2011-05-11,United Kingdom,916,610,2.9
2011-05-11,United Kingdom,2019,964,1.9
2011-05-11,United Kingdom,989,592,2.06
2011-05-11,United Kingdom,1446,849,3.07
2011-05-11,United Kingdom,1323,549,2.72
2011-05-11,Denmark,1012,532,2.32
2011-05-11,United Kingdom,966,523,2.8
2011-05-11,United Kingdom,1678,685,2.53
2011-05-11,United Kingdom,1094,643,1.12
2011-05-11,United Kingdom,967,473,3.43
2011-05-11,United Kingdom,1877,1101,1.41
2011-05-11,United Kingdom,2328,1249,1.32
2011-05-11,United Kingdom,745,343,2.27
2011-05-11,United Kingdom,1449,941,2.09
2011-05-11,United Kingdom,777,495,2.46
2011-05-11,United Kingdom,792,399,3.51
2011-05-11,United Kingdom,2220,1415,3.72
2011-05-11,United Kingdom,982,455,1.25
2011-05-11,United Kingdom,1280,955,1.39
2011-05-11,United Kingdom,1417,986,1.61
2011-05-11,United Kingdom,1543,788,3.25
2011-05-11,United Kingdom,2949,1943,1.18
2011-05-11,United Kingdom,1203,749,2.34
2011-05-11,United Kingdom,2047,1349,1.53
2011-05-11,United Kingdom,1346,1031,3.96
2011-05-11,United Kingdom,862,511,2.36
2011-05-11,United Kingdom,1158,868,4.29
2011-05-11,United Kingdom,1971,1341,4.1
2011-05-11,United Kingdom,2320,1232,2.49
2011-05-11,United Kingdom,1686,1079,1.05
2011-05-11,United Kingdom,121,61,2.99
2011-05-11,United Kingdom,1283,1011,3.36
2011-05-11,United Kingdom,1585,1081,3.18
2011-05-11,United Kingdom,2094,874,1.78
2011-05-11,United Kingdom,823,454,1.09
2011-05-11,United Kingdom,100,61,3.02
2011-05-11,United Kingdom,1770,1210,2.31
2011-05-11,United Kingdom,2404,1868,1.37
2011-05-11,France,1714,872,1.15
2011-05-11,United Kingdom,1851,1342,4.36
2011-05-11,United Kingdom,1305,815,2.64
2011-05-11,United Kingdom,1664,778,3.89
2011-05-11,United Kingdom,2426,1612,1.33
2011-05-11,United Kingdom,2494,1388,1.88
2011-05-11,United Kingdom,1310,622,4.33
2011-05-11,United Kingdom,2176,873,1.05
2011-05-11,United Kingdom,1997,1473,2.97
2011-05-11,United Kingdom,2336,1567,4.45
2011-05-11,United Kingdom,2217,1364,3.19
2011-05-11,United Kingdom,1693,1159,2.37
2011-05-11,United Kingdom,3262,2569,1.48
2011-05-11,United Kingdom,280,115,2.35
2011-05-11,United Kingdom,2191,1169,2.25
2011-05-11,Germany,1279,956,2.93
2011-05-11,Netherlands,881,696,4.41
2011-05-11,Netherlands,2403,1073,1.63
2011-05-11,United Kingdom,1701,1191,4.31
2011-05-11,United Kingdom,2023,940,2.66
2011-05-11,United Kingdom,998,422,3.18
2011-05-11,United Kingdom,100,70,2.58
2011-05-11,France,321,144,1.5
2011-05-11,United Kingdom,2730,1263,1.17
2011-05-11,United Kingdom,483,314,2.89
2011-05-11,United Kingdom,2066,867,3.84
2011-05-11,United Kingdom,1239,756,1.11
2011-05-11,United Kingdom,1785,1230,2.51
2011-05-11,United Kingdom,2115,1148,2.52
2011-05-11,United Kingdom,2511,1956,2.25
2011-05-11,United Kingdom,1619,1280,1.81
2011-05-11,United Kingdom,423,221,2.68
2011-05-11,United Kingdom,992,709,3.3
2011-05-11,United Kingdom,1525,974,1.98
2011-05-11,United Kingdom,1095,483,3.63
2011-05-11,United Kingdom,399,261,3.09
2011-05-11,United Kingdom,1578,1177,4.1
2011-05-12,United Kingdom,383,196,3.94
2011-05-12,United Kingdom,931,686,3.31
2011-05-12,United Kingdom,1968,800,1.27
2011-05-12,United Kingdom,185,128,2.91
2011-05-12,Germany,1040,513,1.99
2011-05-12,United Kingdom,2010,1028,2.77
2011-05-12,United Kingdom,1874,896,1.82
2011-05-12,Germany,2139,1510,2.78
2011-05-12,Germany,1783,934,1.91
2011-05-12,United Kingdom,2358,991,4.28
2011-05-12,United Kingdom,918,546,1.19
2011-05-12,Germany,620,276,2.35
2011-05-12,United Kingdom,1742,1001,4.25
2011-05-12,United Kingdom,1006,719,1.54
2011-05-12,United Kingdom,1284,821,4.17
2011-05-12,Netherlands,2713,1933,3.67
2011-05-12,Netherlands,2889,1740,3.53
2011-05-12,Belgium,1391,746,3.38
2011-05-12,Netherlands,100,40,4.44
2011-05-12,United Kingdom,100,64,2.26
2011-05-12,United Kingdom,548,412,1.12
2011-05-12,United Kingdom,1931,850,2.14
2011-05-12,United Kingdom,927,552,2.13
2011-05-12,United Kingdom,2527,1215,2.42
2011-05-12,United Kingdom,2806,1487,2.14
2011-05-12,United Kingdom,1765,1077,1.7
2011-05-12,United Kingdom,2179,1111,2.04
2011-05-12,United Kingdom,1449,616,2.46
2011-05-12,United Kingdom,2647,1307,3.35
2011-05-12,United Kingdom,2441,1219,4.06
2011-05-12,United Kingdom,837,527,4.34
2011-05-12,United Kingdom,1640,943,1.91
2011-05-12,United Kingdom,956,576,3.96
2011-05-12,France,864,363,3.78
2011-05-12,United Kingdom,991,556,4.48
2011-05-12,United Kingdom,1350,553,3.77
2011-05-12,United Kingdom,684,339,4.1
2011-05-12,United Kingdom,628,410,3.37
2011-05-12,United Kingdom,1204,552,3.57
2011-05-12,United Kingdom,982,401,1.1
2011-05-12,United Kingdom,784,607,4.46
2011-05-12,Australia,1111,584,1.7
2011-05-12,Sweden,1490,768,4.24
2011-05-12,United Kingdom,2718,1470,3.08
2011-05-12,United Kingdom,1620,1282,3.01
2011-05-12,United Kingdom,1619,861,1.45
2011-05-12,United Kingdom,1356,1028,3.74
2011-05-12,United Kingdom,1754,1124,1.84
2011-05-12,United Kingdom,2508,1354,1.01
2011-05-12,United Kingdom,566,385,2.83
2011-05-12,United Kingdom,909,417,4.14
2011-05-12,United Kingdom,902,396,4.12
2011-05-12,United Kingdom,240,160,3.37
2011-05-12,United Kingdom,392,270,1.46
2011-05-12,United Kingdom,2988,2075,1.66
2011-05-12,United Kingdom,779,411,2.31
2011-05-12,United Kingdom,168,100,2.68
2011-05-12,United Kingdom,2133,1653,3.93
2011-05-12,United Kingdom,110,72,2.58
2011-05-12,Germany,687,480,3.5
2011-05-12,United Kingdom,1082,628,1.16
2011-05-12,Germany,481,220,1.62
2011-05-12,United Kingdom,2230,1125,1.53
2011-05-12,United Kingdom,1144,645,1.22
2011-05-12,United Kingdom,1439,845,2.08
2011-05-12,United Kingdom,1747,749,4.06
2011-05-12,United Kingdom,1788,1397,4.32
2011-05-12,United Kingdom,100,77,3.4
2011-05-12,United Kingdom,1283,987,4.21
2011-05-12,United Kingdom,1426,923,1.33
2011-05-12,United Kingdom,2131,1675,1.53
2011-05-12,United Kingdom,2094,1584,4.05
2011-05-12,United Kingdom,3210,2492,2.77
2011-05-12,United Kingdom,832,372,1.05
2011-05-12,United Kingdom,2038,1087,3.62
2011-05-12,United Kingdom,2051,1625,2.42
2011-05-12,United Kingdom,2718,1957,1.19
2011-05-12,United Kingdom,1348,773,1.88
2011-05-12,United Kingdom,1787,940,1.42
2011-05-12,Portugal,1648,1109,3.8
2011-05-12,Portugal,369,283,2.64
2011-05-12,Portugal,100,45,3.3
2011-05-12,United Kingdom,100,59,1.93
2011-05-12,United Kingdom,1843,1356,4.01
2011-05-12,United Kingdom,1839,1324,2.07
2011-05-12,United Kingdom,1448,1143,1.61
2011-05-12,United Kingdom,1392,1085,3.74
2011-05-12,United Kingdom,838,645,2.77
2011-05-12,United Kingdom,1303,673,2.11
2011-05-12,United Kingdom,2862,2180,3.47
2011-05-12,United Kingdom,100,62,2.99
2011-05-12,United Kingdom,1142,875,4.24
2011-05-12,United Kingdom,2754,1558,4.25
2011-05-12,United Kingdom,1065,808,3.3
2011-05-12,United Kingdom,1450,612,4.18
2011-05-12,United Kingdom,100,75,1.64
2011-05-12,United Kingdom,1693,1320,3.35
2011-05-12,United Kingdom,289,228,1.21
2011-05-13,United Kingdom,2114,1429,4.4
2011-05-13,Germany,1828,802,2.79
2011-05-13,Germany,1396,580,1.72
2011-05-13,United Kingdom,190,142,2.25
2011-05-13,United Kingdom,869,544,3.78
2011-05-13,United Kingdom,1273,785,2.44
2011-05-13,United Kingdom,1497,832,3.73
2011-05-13,France,1303,866,3.36
2011-05-13,Japan,100,64,2.41
2011-05-13,United Kingdom,1127,451,4.28
2011-05-13,United Kingdom,2241,1575,1.3
2011-05-13,United Kingdom,1363,1020,1.41
2011-05-13,United Kingdom,1157,657,2.74
2011-05-13,United Kingdom,644,337,2.49
2011-05-13,United Kingdom,178,96,4.41
2011-05-13,United Kingdom,1293,1010,1.65
2011-05-13,United Kingdom,1345,784,2.29
2011-05-13,United Kingdom,1425,1001,1.23
2011-05-13,United Kingdom,100,75,1.56
2011-05-13,United Kingdom,1342,775,2.25
2011-05-13,United Kingdom,2241,1726,2.85
2011-05-13,United Kingdom,1983,1465,2.67
2011-05-13,United Kingdom,852,567,4.2
2011-05-13,United Kingdom,1217,864,1.26
2011-05-13,United Kingdom,1745,1280,2.07
2011-05-13,United Kingdom,1818,1406,3.24
2011-05-13,United Kingdom,1240,698,1.55
2011-05-13,United Kingdom,2064,931,2.72
2011-05-13,United Kingdom,2262,1045,2.95
2011-05-13,United Kingdom,1757,1131,2.92
2011-05-13,United Kingdom,2755,1132,4.4
2011-05-13,United Kingdom,2599,1651,3.6
2011-05-13,United Kingdom,1760,1358,1.77
2011-05-13,United Kingdom,1874,765,3.65
2011-05-13,United Kingdom,1750,1185,3.98
2011-05-13,United Kingdom,1972,811,3.26
2011-05-13,United Kingdom,1376,628,1.64
2011-05-13,United Kingdom,2135,1003,2.2
2011-05-13,United Kingdom,100,66,3.24
2011-05-13,United Kingdom,1348,605,2.42
2011-05-13,United Kingdom,1018,595,2.17
2011-05-13,United Kingdom,1034,557,1.23
2011-05-13,France,1706,890,3.39
2011-05-13,United Kingdom,1368,674,2.85
2011-05-13,United Kingdom,561,265,1.77
2011-05-13,United Kingdom,2133,1201,1.45
2011-05-13,United Kingdom,100,59,1.62
2011-05-13,Hong Kong,1073,851,1.93
2011-05-13,United Kingdom,100,44,3.27
2011-05-13,United Kingdom,2330,1029,3.91
2011-05-13,United Kingdom,1593,1164,3.52
2011-05-13,United Kingdom,2372,1688,1.05
2011-05-13,United Kingdom,1147,525,2.66
2011-05-13,United Kingdom,3273,1471,1.95
2011-05-13,United Kingdom,2400,1326,3.55
2011-05-13,United Kingdom,2808,1507,1.0
2011-05-13,United Kingdom,702,535,1.56
2011-05-13,United Kingdom,1614,1019,2.42
2011-05-13,United Kingdom,1752,1358,3.46
2011-05-13,France,2389,1070,2.3
2011-05-13,United Kingdom,2428,1068,2.7
2011-05-13,United Kingdom,1746,926,3.96
2011-05-13,United Kingdom,1403,823,2.74
2011-05-13,United Kingdom,2911,1760,3.91
2011-05-13,United Kingdom,954,459,3.28
2011-05-13,United Kingdom,100,59,4.41
2011-05-13,United Kingdom,2528,1049,3.36
2011-05-13,United Kingdom,2431,1144,3.35
2011-05-13,United Kingdom,285,202,1.84
2011-05-13,United Kingdom,1628,1063,1.3
2011-05-13,United Kingdom,669,525,4.03
2011-05-15,United Kingdom,3017,1665,2.29
2011-05-15,United Kingdom,1464,1039,3.65
2011-05-15,United Kingdom,1300,600,2.33
2011-05-15,United Kingdom,1441,874,2.58
2011-05-15,United Kingdom,811,642,2.13
2011-05-15,United Kingdom,1056,647,3.13
2011-05-15,United Kingdom,1791,999,3.85
2011-05-15,United Kingdom,1319,541,2.17
2011-05-15,United Kingdom,1844,786,3.86
2011-05-15,United Kingdom,885,569,4.43
2011-05-15,United Kingdom,1978,1382,1.17
2011-05-15,United Kingdom,1727,1117,2.47
2011-05-15,United Kingdom,1820,1320,1.4
2011-05-15,United Kingdom,2659,1394,4.03
2011-05-15,United Kingdom,2583,1215,3.41
2011-05-15,United Kingdom,2461,1670,3.67
2011-05-15,United Kingdom,3036,2096,2.33
2011-05-15,United Kingdom,1413,873,2.41
2011-05-15,United Kingdom,947,382,2.05
2011-05-15,United Kingdom,2751,1334,1.02
2011-05-15,France,2263,1076,1.03
2011-05-15,United Kingdom,2725,1794,1.09
2011-05-15,United Kingdom,2530,1704,3.71
2011-05-15,United Kingdom,100,75,3.02
2011-05-15,United Kingdom,1802,736,3.19
2011-05-15,United Kingdom,968,418,1.92
2011-05-15,United Kingdom,1224,774,1.16
2011-05-15,United Kingdom,1367,578,4.5
2011-05-15,EIRE,474,293,1.32
2011-05-15,United Kingdom,1175,739,2.34
2011-05-16,United Kingdom,501,303,3.91
2011-05-16,EIRE,1293,653,3.31
2011-05-16,United Kingdom,1199,861,1.55
2011-05-16,France,2614,1199,1.9
2011-05-16,United Kingdom,1937,1472,1.37
2011-05-16,EIRE,589,316,3.55
2011-05-16,United Kingdom,878,620,1.99
2011-05-16,United Kingdom,1495,1179,2.46
2011-05-16,United Kingdom,732,440,2.53
2011-05-16,United Kingdom,879,428,1.77
2011-05-16,United Kingdom,1122,817,2.14
2011-05-16,United Kingdom,2888,1999,3.71
2011-05-16,United Kingdom,275,143,2.24
2011-05-16,United Kingdom,841,366,1.51
2011-05-16,United Kingdom,584,288,4.36
2011-05-16,United Kingdom,1974,1025,3.85
2011-05-16,United Kingdom,1234,527,3.58
2011-05-16,United Kingdom,2370,990,2.69
2011-05-16,United Kingdom,645,450,1.05
2011-05-16,United Kingdom,1977,1255,3.25
2011-05-16,United Kingdom,743,421,2.42
2011-05-16,United Kingdom,100,70,3.99
2011-05-16,United Kingdom,1637,882,1.15
2011-05-16,United Kingdom,782,508,1.61
2011-05-16,United Kingdom,1504,873,3.01
2011-05-16,United Kingdom,1690,1217,3.46
2011-05-16,France,2024,950,3.22
2011-05-16,United Kingdom,1850,922,3.7
2011-05-16,United Kingdom,1424,1028,3.78
2011-05-16,United Kingdom,821,470,3.57
2011-05-16,United Kingdom,2638,1993,2.11
2011-05-16,United Kingdom,2352,1543,4.02
2011-05-16,United Kingdom,479,220,3.37
2011-05-16,United Kingdom,1037,732,1.46
2011-05-16,United Kingdom,314,236,2.56
2011-05-16,United Kingdom,1709,1124,2.66
2011-05-16,United Kingdom,917,566,3.77
2011-05-16,United Kingdom,1164,470,2.86
2011-05-16,EIRE,1830,1434,1.16
2011-05-16,United Kingdom,2579,1670,3.52
2011-05-16,United Kingdom,1462,957,2.43
2011-05-16,United Kingdom,100,48,2.7
2011-05-16,United Kingdom,1001,540,1.47
2011-05-16,United Kingdom,2794,1620,1.93
2011-05-16,United Kingdom,2678,1684,1.64
2011-05-16,United Kingdom,985,481,1.7
2011-05-16,United Kingdom,2196,1730,2.09
2011-05-16,France,2231,1581,1.32
2011-05-16,United Kingdom,643,413,1.97
2011-05-16,United Kingdom,1582,667,4.38
2011-05-16,United Kingdom,326,168,2.65
2011-05-16,United Kingdom,1354,588,1.73
2011-05-16,United Kingdom,1156,682,4.04
2011-05-16,United Kingdom,923,403,3.14
2011-05-16,United Kingdom,2123,1027,1.34
2011-05-16,EIRE,1841,1217,4.11
2011-05-16,EIRE,1427,787,2.85
2011-05-16,United Kingdom,2675,1523,2.06
2011-05-16,United Kingdom,2369,1095,1.96
2011-05-16,United Kingdom,1280,970,3.41
2011-05-16,United Kingdom,1613,1045,4.25
2011-05-16,United Kingdom,1196,608,3.86
2011-05-16,United Kingdom,947,400,3.66
2011-05-16,United Kingdom,1840,1078,1.48
2011-05-16,United Kingdom,2197,943,3.18
2011-05-16,United Kingdom,1551,1073,1.07
2011-05-16,United Kingdom,2621,1751,2.08
2011-05-16,United Kingdom,2124,1235,2.43
2011-05-16,United Kingdom,152,99,4.3
2011-05-16,United Kingdom,1388,1040,3.78
2011-05-16,United Kingdom,845,653,1.22
2011-05-16,United Kingdom,1903,1242,3.76
2011-05-16,United Kingdom,1678,960,4.28
2011-05-16,United Kingdom,2308,950,1.42
2011-05-16,United Kingdom,1631,1083,3.28
2011-05-16,United Kingdom,2297,1154,2.54
2011-05-16,United Kingdom,1389,1080,2.44
2011-05-16,United Kingdom,2219,1691,4.11
2011-05-16,United Kingdom,571,453,3.66
2011-05-16,United Kingdom,1994,1586,1.59
2011-05-16,United Kingdom,1768,1086,3.75
2011-05-16,United Kingdom,2141,901,1.64
2011-05-17,United Kingdom,1392,1041,4.02
2011-05-17,United Kingdom,2662,1414,3.99
2011-05-17,United Kingdom,557,233,4.3
2011-05-17,United Kingdom,1982,1369,2.08
2011-05-17,United Kingdom,1437,621,2.01
2011-05-17,United Kingdom,2907,1654,2.05
2011-05-17,United Kingdom,1927,1378,1.87
2011-05-17,United Kingdom,1524,1196,2.17
2011-05-17,France,1905,808,4.35
2011-05-17,United Kingdom,3136,1829,2.9
2011-05-17,United Kingdom,1090,613,1.1
2011-05-17,Germany,1729,702,2.31
2011-05-17,Belgium,3068,1757,3.18
2011-05-17,United Kingdom,1521,868,3.18
2011-05-17,United Kingdom,1316,848,2.49
2011-05-17,United Kingdom,2088,853,1.4
2011-05-17,United Kingdom,1451,1096,2.48
2011-05-17,United Kingdom,1263,924,1.81
2011-05-17,United Kingdom,1906,1194,3.87
2011-05-17,United Kingdom,1746,912,2.14
2011-05-17,United Kingdom,1643,1133,3.54
2011-05-17,United Kingdom,3288,1803,2.35
2011-05-17,United Kingdom,2615,1295,3.49
2011-05-17,United Kingdom,1481,1173,4.49
2011-05-17,United Kingdom,2508,1032,3.73
2011-05-17,United Kingdom,1217,611,2.95
2011-05-17,United Kingdom,1333,886,4.46
2011-05-17,United Kingdom,919,649,2.26
2011-05-17,United Kingdom,1130,724,2.28
2011-05-17,United Kingdom,1525,898,2.06
2011-05-17,United Kingdom,2077,1413,2.81
2011-05-17,United Kingdom,3446,2255,3.35
2011-05-17,United Kingdom,2504,1044,3.57
2011-05-17,United Kingdom,922,497,3.67
2011-05-17,United Kingdom,1218,899,1.3
2011-05-17,United Kingdom,1586,716,1.63
2011-05-17,United Kingdom,619,268,1.11
2011-05-17,United Kingdom,1143,582,1.24
2011-05-17,United Kingdom,439,316,1.83
2011-05-17,United Kingdom,1960,802,1.73
2011-05-17,United Kingdom,2032,1019,1.78
2011-05-17,United Kingdom,1332,1007,2.8
2011-05-17,United Kingdom,1350,761,1.04
2011-05-17,United Kingdom,825,488,2.04
2011-05-17,United Kingdom,1812,776,1.97
2011-05-17,United Kingdom,1916,825,2.04
2011-05-17,United Kingdom,2781,1653,4.0
2011-05-17,United Kingdom,1361,963,2.36
2011-05-17,United Kingdom,1320,712,2.26
2011-05-17,United Kingdom,448,261,2.72
2011-05-17,United Kingdom,1089,870,2.54
2011-05-17,United Kingdom,1802,1146,1.69
2011-05-17,United Kingdom,3125,1258,1.12
2011-05-17,United Kingdom,2734,1424,2.39
2011-05-17,United Kingdom,2701,1864,1.19
2011-05-17,United Kingdom,454,293,1.31
2011-05-17,United Kingdom,429,199,2.17
2011-05-17,United Kingdom,1728,904,3.11
2011-05-17,United Kingdom,2034,1154,2.61
2011-05-17,United Kingdom,545,279,4.22
2011-05-17,United Kingdom,1680,893,3.8
2011-05-17,United Kingdom,1283,547,3.86
2011-05-17,United Kingdom,1163,791,2.78
2011-05-17,United Kingdom,954,712,3.56
2011-05-17,United Kingdom,660,379,2.75
2011-05-17,United Kingdom,1610,1286,3.29
2011-05-17,United Kingdom,764,422,2.37
2011-05-17,EIRE,1814,1082,3.56
2011-05-17,United Kingdom,1367,895,4.15
2011-05-17,United Kingdom,1780,923,3.8
2011-05-17,United Kingdom,984,628,1.09
2011-05-17,United Kingdom,1260,526,3.17
2011-05-17,United Kingdom,1627,1292,2.21
2011-05-17,United Kingdom,149,71,1.29
2011-05-17,United Kingdom,1792,1102,2.41
2011-05-17,United Kingdom,2123,1616,2.0
2011-05-17,United Kingdom,899,678,1.36
2011-05-17,United Kingdom,2336,1576,1.95
2011-05-17,United Kingdom,1804,1390,2.8
2011-05-17,United Kingdom,1458,1013,4.27
2011-05-17,United Kingdom,3360,2475,1.16
2011-05-17,United Kingdom,324,183,3.33
2011-05-17,EIRE,1415,1131,1.45
2011-05-17,United Kingdom,1102,662,1.92
2011-05-17,United Kingdom,795,575,2.85
2011-05-17,EIRE,2068,1215,4.22
2011-05-17,United Kingdom,920,704,4.18
2011-05-17,United Kingdom,100,73,1.9
2011-05-17,United Kingdom,907,444,4.16
2011-05-17,United Kingdom,237,130,4.37
2011-05-17,United Kingdom,1228,619,1.34
2011-05-17,United Kingdom,1902,1079,2.15
2011-05-17,United Kingdom,2135,1534,2.01
2011-05-17,United Kingdom,1990,1303,1.33
2011-05-17,United Kingdom,971,648,4.15
2011-05-17,United Kingdom,790,326,3.23
2011-05-17,Australia,656,380,1.83
2011-05-17,Germany,862,560,2.69
2011-05-17,United Kingdom,1889,776,2.72
2011-05-17,United Kingdom,1096,787,2.0
2011-05-17,United Kingdom,2430,1418,2.59
2011-05-17,United Kingdom,986,702,2.4
2011-05-17,United Kingdom,1652,853,1.63
2011-05-17,United Kingdom,3086,1420,4.17
2011-05-17,United Kingdom,2513,1070,2.59
2011-05-17,United Kingdom,763,523,2.05
2011-05-17,United Kingdom,2715,1777,2.09
2011-05-17,Channel Islands,1974,980,1.52
2011-05-17,Channel Islands,2552,1822,1.4
2011-05-17,United Kingdom,2461,1745,4.48
2011-05-17,United Kingdom,1284,996,1.18
2011-05-17,United Kingdom,100,40,4.36
2011-05-17,United Kingdom,1265,889,1.13
2011-05-18,United Kingdom,2807,1339,1.9
2011-05-18,France,1722,1178,3.46
2011-05-18,United Kingdom,1528,844,1.54
2011-05-18,United Kingdom,2437,1928,4.02
2011-05-18,United Kingdom,750,457,2.96
2011-05-18,United Kingdom,2460,1065,1.08
2011-05-18,United Kingdom,100,51,3.04
2011-05-18,United Kingdom,507,285,2.37
2011-05-18,United Kingdom,2426,1163,4.01
2011-05-18,United Kingdom,1428,1132,3.59
2011-05-18,United Kingdom,2824,1981,2.99
2011-05-18,France,2158,1724,1.97
2011-05-18,United Kingdom,300,205,2.76
2011-05-18,United Kingdom,1763,1149,3.56
2011-05-18,United Kingdom,1183,636,2.99
2011-05-18,United Kingdom,972,473,3.52
2011-05-18,United Kingdom,2262,1458,1.95
2011-05-18,United Kingdom,1927,1135,3.71
2011-05-18,United Kingdom,2912,2157,2.13
2011-05-18,United Kingdom,1472,782,2.42
2011-05-18,United Kingdom,2133,954,2.46
2011-05-18,United Kingdom,883,520,1.84
2011-05-18,United Kingdom,213,120,3.8
2011-05-18,United Kingdom,2988,1938,1.45
2011-05-18,United Kingdom,582,356,3.41
2011-05-18,United Kingdom,1116,459,1.5
2011-05-18,United Kingdom,1839,1032,1.06
2011-05-18,United Kingdom,2418,1427,1.64
2011-05-18,United Kingdom,1262,535,1.83
2011-05-18,United Kingdom,286,226,1.59
2011-05-18,United Kingdom,1157,570,3.75
2011-05-18,United Kingdom,2151,1060,3.71
2011-05-18,France,889,532,1.92
2011-05-18,United Kingdom,191,88,1.17
2011-05-18,United Kingdom,1650,1275,4.32
2011-05-18,United Kingdom,1402,1039,1.51
2011-05-18,United Kingdom,275,143,1.24
2011-05-18,United Kingdom,1100,668,3.39
2011-05-18,United Kingdom,657,267,2.29
2011-05-18,Sweden,1220,876,1.95
2011-05-18,United Kingdom,2529,1325,4.46
2011-05-18,United Kingdom,1109,862,2.63
2011-05-18,United Kingdom,1764,1255,1.89
2011-05-18,United Kingdom,793,425,1.58
2011-05-18,United Kingdom,2006,1120,1.59
2011-05-18,United Kingdom,2566,1507,1.49
2011-05-18,United Kingdom,1951,1033,4.46
2011-05-18,Netherlands,100,51,2.65
2011-05-18,United Kingdom,2014,1102,3.04
2011-05-18,United Kingdom,844,644,3.0
2011-05-18,United Kingdom,1038,816,4.43
2011-05-18,EIRE,1833,1358,4.14
2011-05-18,United Kingdom,2001,828,3.15
2011-05-18,United Kingdom,1003,440,3.0
2011-05-18,United Kingdom,1124,746,3.16
2011-05-18,United Kingdom,2906,2295,3.43
2011-05-18,United Kingdom,2967,1497,3.58
2011-05-18,United Kingdom,1397,579,4.06
2011-05-18,United Kingdom,2017,1083,3.34
2011-05-18,United Kingdom,2276,1014,1.14
2011-05-18,United Kingdom,1245,961,4.5
2011-05-18,United Kingdom,756,482,1.33
2011-05-18,United Kingdom,807,545,3.75
2011-05-18,United Kingdom,1956,1150,1.12
2011-05-18,United Kingdom,2214,1430,4.19
2011-05-18,United Kingdom,2253,1443,2.08
2011-05-18,United Kingdom,1058,762,1.39
2011-05-18,United Kingdom,1823,1357,2.59
2011-05-18,United Kingdom,1442,777,3.2
2011-05-18,United Kingdom,1360,781,3.95
2011-05-18,United Kingdom,1205,505,3.4
2011-05-18,United Kingdom,821,647,1.99
2011-05-18,United Kingdom,2873,1696,4.21
2011-05-18,United Kingdom,427,215,3.97
2011-05-18,United Kingdom,3968,1980,1.85
2011-05-18,United Kingdom,1996,976,2.96
2011-05-18,United Kingdom,1780,1400,3.08
2011-05-18,United Kingdom,924,736,4.32
2011-05-18,United Kingdom,1266,596,2.08
2011-05-19,United Kingdom,1431,604,4.1
2011-05-19,Germany,1320,768,2.24
2011-05-19,Germany,1443,1051,1.97
2011-05-19,United Kingdom,2206,943,1.81
2011-05-19,United Kingdom,1988,1179,2.0
2011-05-19,United Kingdom,1178,754,4.48
2011-05-19,United Kingdom,771,344,2.29
2011-05-19,United Kingdom,1345,851,2.96
2011-05-19,United Kingdom,594,273,3.05
2011-05-19,United Kingdom,927,609,3.2
2011-05-19,United Kingdom,2441,1589,2.2
2011-05-19,Germany,912,367,4.26
2011-05-19,United Kingdom,2959,2359,1.42
2011-05-19,United Kingdom,1241,731,4.28
2011-05-19,United Kingdom,1925,1219,2.61
2011-05-19,United Kingdom,2109,1066,1.27
2011-05-19,United Kingdom,1417,1040,3.31
2011-05-19,United Kingdom,2300,995,2.2
2011-05-19,United Kingdom,100,67,2.0
2011-05-19,United Kingdom,2002,1413,4.16
2011-05-19,United Kingdom,1807,1277,3.4
2011-05-19,United Kingdom,822,418,1.47
2011-05-19,United Kingdom,1535,700,4.12
2011-05-19,United Kingdom,104,52,4.34
2011-05-19,United Kingdom,909,638,4.15
2011-05-19,United Kingdom,1872,973,2.77
2011-05-19,United Kingdom,1617,991,3.33
2011-05-19,United Kingdom,1476,1144,1.08
2011-05-19,United Kingdom,2673,1786,3.57
2011-05-19,United Kingdom,733,542,1.45
2011-05-19,United Kingdom,825,528,3.24
2011-05-19,United Kingdom,776,601,1.59
2011-05-19,United Kingdom,1597,1109,2.43
2011-05-19,United Kingdom,1164,655,1.41
2011-05-19,United Kingdom,300,224,3.23
2011-05-19,United Kingdom,2198,1552,2.93
2011-05-19,Channel Islands,928,579,3.77
2011-05-19,United Kingdom,239,137,3.9
2011-05-19,United Kingdom,1567,1006,4.08
2011-05-19,United Kingdom,1401,950,2.14
2011-05-19,United Kingdom,2032,842,1.6
2011-05-19,United Kingdom,100,54,2.87
2011-05-19,United Kingdom,100,44,2.61
2011-05-19,France,589,378,1.65
2011-05-19,United Kingdom,1757,1157,2.03
2011-05-19,Germany,1843,770,2.61
2011-05-19,United Kingdom,613,285,1.99
2011-05-19,Germany,1446,992,1.07
2011-05-19,France,733,478,1.52
2011-05-19,United Kingdom,1501,1125,1.31
2011-05-19,United Kingdom,968,590,1.88
2011-05-19,United Kingdom,1855,1395,3.03
2011-05-19,United Kingdom,729,531,1.49
2011-05-19,United Kingdom,818,546,3.93
2011-05-19,United Kingdom,1263,822,2.12
2011-05-19,United Kingdom,306,201,1.13
2011-05-19,United Kingdom,2316,1277,2.23
2011-05-19,United Kingdom,2914,1231,1.6
2011-05-19,United Kingdom,1324,1049,1.8
2011-05-19,United Kingdom,1288,677,3.86
2011-05-19,United Kingdom,1758,877,4.15
2011-05-19,United Kingdom,1704,1102,3.71
2011-05-19,Unspecified,2822,1136,3.14
2011-05-19,United Kingdom,1832,1432,2.57
2011-05-19,United Kingdom,482,313,3.49
2011-05-19,United Kingdom,1910,785,2.97
2011-05-19,United Kingdom,2304,1270,3.23
2011-05-19,United Kingdom,2570,1807,1.99
2011-05-19,United Kingdom,1357,544,1.28
2011-05-19,United Kingdom,2841,2060,3.44
2011-05-19,United Kingdom,532,311,1.45
2011-05-19,United Kingdom,2039,1367,1.98
2011-05-19,United Kingdom,1234,655,2.07
2011-05-19,United Kingdom,2146,1507,3.68
2011-05-19,United Kingdom,2526,1228,3.96
2011-05-19,United Kingdom,1197,910,3.36
2011-05-19,United Kingdom,2416,1897,1.02
2011-05-19,United Kingdom,1270,751,2.87
2011-05-19,United Kingdom,1768,1100,3.49
2011-05-19,United Kingdom,1005,595,1.85
2011-05-19,United Kingdom,2633,1334,2.39
2011-05-19,United Kingdom,2126,1213,4.28
2011-05-19,United Kingdom,2157,1439,3.63
2011-05-19,United Kingdom,2479,1874,4.03
2011-05-19,United Kingdom,1940,1209,1.95
2011-05-19,United Kingdom,1819,1149,1.99
2011-05-19,Germany,968,594,3.21
2011-05-19,Germany,848,493,4.21
2011-05-19,United Kingdom,1797,797,2.29
2011-05-19,United Kingdom,2014,1177,2.5
2011-05-19,United Kingdom,1798,991,2.23
2011-05-19,United Kingdom,2211,1101,3.26
2011-05-19,United Kingdom,100,66,4.28
2011-05-19,United Kingdom,834,407,3.24
2011-05-19,United Kingdom,1805,1058,2.17
2011-05-19,United Kingdom,735,487,4.02
2011-05-19,United Kingdom,1705,785,4.03
2011-05-19,United Kingdom,378,192,2.07
2011-05-19,United Kingdom,100,77,2.27
2011-05-19,EIRE,119,89,2.59
2011-05-19,United Kingdom,1592,1264,1.95
2011-05-19,United Kingdom,1275,865,2.28
2011-05-19,Bahrain,1235,724,2.31
2011-05-19,EIRE,848,363,3.71
2011-05-19,United Kingdom,1885,903,3.55
2011-05-19,United Kingdom,1670,1259,2.7
2011-05-19,United Kingdom,100,54,2.19
2011-05-19,United Kingdom,1515,684,1.8
2011-05-19,United Kingdom,1423,709,4.08
2011-05-19,United Kingdom,156,105,3.43
2011-05-19,United Kingdom,122,74,4.09
2011-05-19,United Kingdom,2701,1959,1.94
2011-05-19,United Kingdom,1420,977,4.25
2011-05-19,United Kingdom,1546,728,1.35
2011-05-19,United Kingdom,1680,1285,2.18
2011-05-19,United Kingdom,1353,741,2.99
2011-05-19,United Kingdom,972,684,2.64
2011-05-20,United Kingdom,1140,772,4.48
2011-05-20,United Kingdom,1438,1128,1.86
2011-05-20,United Kingdom,1852,784,1.9
2011-05-20,United Kingdom,100,42,2.82
2011-05-20,United Kingdom,1163,821,1.93
2011-05-20,United Kingdom,931,649,3.82
2011-05-20,United Kingdom,3229,1483,2.29
2011-05-20,United Kingdom,1340,1006,2.63
2011-05-20,Germany,2277,1455,2.21
2011-05-20,United Kingdom,1043,807,1.41
2011-05-20,United Kingdom,790,562,3.84
2011-05-20,United Kingdom,2406,1523,2.99
2011-05-20,United Kingdom,1619,1063,3.74
2011-05-20,United Kingdom,1162,881,1.04
2011-05-20,United Kingdom,1138,548,2.88
2011-05-20,EIRE,2218,1332,1.68
2011-05-20,United Kingdom,436,285,1.98
2011-05-20,United Kingdom,2520,1185,1.99
2011-05-20,United Kingdom,3004,1389,1.74
2011-05-20,United Kingdom,2232,1568,2.48
2011-05-20,United Kingdom,1029,642,4.41
2011-05-20,United Kingdom,2491,1576,1.9
2011-05-20,United Kingdom,2523,2012,2.48
2011-05-20,United Kingdom,496,272,2.76
2011-05-20,United Kingdom,2095,865,2.0
2011-05-20,United Kingdom,2175,1312,2.1
2011-05-20,United Kingdom,930,517,1.38
2011-05-20,United Kingdom,1748,1211,1.98
2011-05-20,United Kingdom,2769,1576,1.98
2011-05-20,France,2837,2233,3.76
2011-05-20,United Kingdom,1553,716,4.13
2011-05-20,United Kingdom,1777,979,1.31
2011-05-20,United Kingdom,1659,1267,2.55
2011-05-20,United Kingdom,1645,851,1.92
2011-05-20,United Kingdom,523,404,2.76
2011-05-20,United Kingdom,3262,2150,2.94
2011-05-20,United Kingdom,2193,1505,1.44
2011-05-20,United Kingdom,1840,999,1.35
2011-05-20,United Kingdom,871,584,4.25
2011-05-20,United Kingdom,630,313,2.75
2011-05-20,United Kingdom,2804,2045,2.52
2011-05-20,United Kingdom,1142,556,4.36
2011-05-20,United Kingdom,1478,1015,3.67
2011-05-20,United Kingdom,1709,1205,3.77
2011-05-20,United Kingdom,2027,845,4.45
2011-05-20,United Kingdom,673,323,1.88
2011-05-20,United Kingdom,275,197,2.59
2011-05-20,United Kingdom,2133,1593,2.93
2011-05-20,United Kingdom,2041,1231,2.23
2011-05-20,United Kingdom,1309,815,2.3
2011-05-20,United Kingdom,1889,962,1.27
2011-05-20,United Kingdom,1910,1201,3.99
2011-05-20,United Kingdom,1722,1318,1.17
2011-05-20,United Kingdom,1379,969,2.19
2011-05-20,United Kingdom,756,488,2.19
2011-05-20,United Kingdom,2281,1049,2.44
2011-05-20,United Kingdom,1853,1218,3.25
2011-05-20,France,2723,1587,2.24
2011-05-20,United Kingdom,798,583,3.78
2011-05-20,United Kingdom,1279,886,2.19
2011-05-20,United Kingdom,1563,745,3.02
2011-05-20,United Kingdom,587,320,1.88
2011-05-20,United Kingdom,762,494,3.31
2011-05-20,United Kingdom,1100,879,3.61
2011-05-20,Australia,1332,1032,3.23
2011-05-20,Netherlands,2565,1493,4.13
2011-05-20,United Kingdom,1028,682,2.05
2011-05-20,United Kingdom,1205,609,2.0
2011-05-20,United Kingdom,100,44,1.45
2011-05-20,United Kingdom,2083,1198,4.15
2011-05-20,United Kingdom,2890,1948,1.66
2011-05-20,United Kingdom,2034,1477,3.26
2011-05-20,United Kingdom,727,354,3.63
2011-05-20,United Kingdom,2152,882,1.32
2011-05-20,United Kingdom,2825,2153,1.07
2011-05-20,United Kingdom,101,79,1.25
2011-05-20,United Kingdom,100,66,3.53
2011-05-20,United Kingdom,1747,1196,2.81
2011-05-20,United Kingdom,639,398,1.86
2011-05-20,United Kingdom,2021,1371,3.21
2011-05-20,United Kingdom,758,364,2.89
2011-05-20,United Kingdom,1232,662,1.53
2011-05-22,United Kingdom,2502,1087,2.2
2011-05-22,United Kingdom,100,43,3.56
2011-05-22,United Kingdom,2065,868,2.7
2011-05-22,United Kingdom,931,446,3.31
2011-05-22,United Kingdom,301,185,2.97
2011-05-22,United Kingdom,146,84,1.18
2011-05-22,United Kingdom,1519,934,1.24
2011-05-22,United Kingdom,1542,1035,1.58
2011-05-22,United Kingdom,1733,745,1.14
2011-05-22,United Kingdom,478,355,2.83
2011-05-22,United Kingdom,1670,1307,1.91
2011-05-22,United Kingdom,2423,1374,2.65
2011-05-22,United Kingdom,182,140,2.58
2011-05-22,United Kingdom,1216,858,4.15
2011-05-22,United Kingdom,2372,1166,3.37
2011-05-22,United Kingdom,100,47,1.45
2011-05-22,United Kingdom,2921,2207,4.41
2011-05-22,United Kingdom,1687,1012,3.73
2011-05-22,United Kingdom,1730,760,2.73
2011-05-22,United Kingdom,2183,1512,2.04
2011-05-22,United Kingdom,256,146,4.19
2011-05-22,United Kingdom,1469,1059,2.15
2011-05-22,United Kingdom,1649,795,3.02
2011-05-22,United Kingdom,1395,1081,1.99
2011-05-22,United Kingdom,2946,1839,2.69
2011-05-22,United Kingdom,605,268,3.5
2011-05-22,United Kingdom,1489,1164,2.32
2011-05-22,United Kingdom,2026,1166,3.94
2011-05-22,United Kingdom,1710,1023,4.41
2011-05-22,United Kingdom,2013,1053,1.16
2011-05-22,United Kingdom,1309,731,1.65
2011-05-22,United Kingdom,315,174,2.36
2011-05-22,United Kingdom,718,503,2.25
2011-05-22,France,1622,680,2.03
2011-05-22,United Kingdom,877,513,2.41
2011-05-22,United Kingdom,1203,520,2.4
2011-05-22,United Kingdom,1961,905,2.71
2011-05-22,United Kingdom,1913,1166,1.69
2011-05-22,United Kingdom,933,398,1.1
2011-05-22,United Kingdom,1213,767,3.57
2011-05-22,Germany,1480,912,4.31
2011-05-22,United Kingdom,1314,903,1.87
2011-05-22,Germany,951,604,3.79
2011-05-22,United Kingdom,1921,1264,4.1
2011-05-22,United Kingdom,1895,1176,1.12
2011-05-22,France,1431,819,1.22
2011-05-22,United Kingdom,1463,951,1.87
2011-05-22,United Kingdom,889,374,4.5
2011-05-22,United Kingdom,1716,1069,1.43
2011-05-22,United Kingdom,1972,980,1.06
2011-05-22,United Kingdom,1257,862,3.3
2011-05-22,United Kingdom,100,44,4.36
2011-05-22,United Kingdom,1161,777,3.56
2011-05-22,United Kingdom,2551,1922,3.18
2011-05-22,United Kingdom,2466,1315,3.88
2011-05-22,United Kingdom,1768,1075,2.92
2011-05-22,United Kingdom,1701,1182,3.89
2011-05-22,United Kingdom,2233,1357,3.9
2011-05-22,United Kingdom,2249,936,4.12
2011-05-22,United Kingdom,543,355,3.65
2011-05-23,United Kingdom,2645,1931,1.44
2011-05-23,United Kingdom,938,688,2.91
2011-05-23,Australia,1224,937,3.34
2011-05-23,United Kingdom,1153,898,2.31
2011-05-23,United Kingdom,2609,1144,3.66
2011-05-23,United Kingdom,969,434,3.36
2011-05-23,United Kingdom,2655,1540,2.83
2011-05-23,United Kingdom,1385,1066,3.5
2011-05-23,Austria,1774,1364,3.63
2011-05-23,United Kingdom,2345,1302,2.58
2011-05-23,France,2181,893,2.96
2011-05-23,United Kingdom,1403,739,4.18
2011-05-23,United Kingdom,2399,1433,1.68
2011-05-23,Germany,1695,720,3.47
2011-05-23,United Kingdom,2358,1219,1.6
2011-05-23,EIRE,1966,786,2.47
2011-05-23,United Kingdom,1374,1058,1.21
2011-05-23,United Kingdom,1274,684,3.47
2011-05-23,United Kingdom,1319,829,2.55
2011-05-23,United Kingdom,1651,1313,1.46
2011-05-23,United Kingdom,933,745,2.61
2011-05-23,United Kingdom,992,738,3.97
2011-05-23,Belgium,1251,977,1.63
2011-05-23,United Kingdom,760,430,4.2
2011-05-23,United Kingdom,1137,576,4.17
2011-05-23,United Kingdom,1734,1183,2.25
2011-05-23,Portugal,1247,944,4.12
2011-05-23,Portugal,1101,688,3.02
2011-05-23,United Kingdom,1527,1188,1.22
2011-05-23,United Kingdom,1831,798,1.23
2011-05-23,United Kingdom,1350,759,2.29
2011-05-23,Belgium,1671,685,2.76
2011-05-23,United Kingdom,1069,636,1.88
2011-05-23,Belgium,1339,547,1.07
2011-05-23,United Kingdom,1572,728,3.03
2011-05-23,United Kingdom,1415,880,4.11
2011-05-23,United Kingdom,579,440,1.62
2011-05-23,United Kingdom,1063,845,2.02
2011-05-23,United Kingdom,1075,746,4.15
2011-05-23,United Kingdom,2173,1154,2.08
2011-05-23,United Kingdom,1241,805,1.97
2011-05-23,Germany,1651,1220,4.38
2011-05-23,United Kingdom,1746,1295,1.89
2011-05-23,United Kingdom,100,74,3.71
2011-05-23,Germany,429,243,2.49
2011-05-23,United Kingdom,2004,1288,2.7
2011-05-23,United Kingdom,100,56,1.77
2011-05-23,United Kingdom,100,58,4.0
2011-05-23,United Kingdom,467,213,3.35
2011-05-23,United Kingdom,1724,1106,2.46
2011-05-23,United Kingdom,1634,1138,1.38
2011-05-23,United Kingdom,1197,916,3.5
2011-05-23,United Kingdom,1102,591,2.71
2011-05-23,United Kingdom,2715,1554,3.81
2011-05-23,United Kingdom,546,351,3.03
2011-05-23,United Kingdom,2229,1356,4.11
2011-05-23,United Kingdom,1659,1134,1.52
2011-05-23,United Kingdom,1999,1538,1.77
2011-05-23,United Kingdom,799,404,3.76
2011-05-23,United Kingdom,1331,583,1.45
2011-05-23,United Kingdom,2168,1164,1.06
2011-05-23,United Kingdom,480,259,2.96
2011-05-23,United Kingdom,1439,858,4.06
2011-05-23,United Kingdom,2103,1150,1.55
2011-05-23,United Kingdom,1588,1018,2.19
2011-05-23,United Kingdom,1668,1291,3.3
2011-05-23,United Kingdom,608,298,2.86
2011-05-23,United Kingdom,381,283,3.79
2011-05-23,United Kingdom,781,499,3.76
2011-05-23,United Kingdom,2123,975,2.14
2011-05-23,Portugal,100,77,3.91
2011-05-23,Portugal,1698,1067,2.53
2011-05-23,Portugal,1505,1136,4.24
2011-05-23,Portugal,1824,1151,1.66
2011-05-23,United Kingdom,1539,873,4.48
2011-05-23,United Kingdom,2547,1480,2.49
2011-05-23,Portugal,889,495,3.26
2011-05-23,United Kingdom,195,94,1.79
2011-05-23,United Kingdom,4044,3183,2.81
2011-05-23,United Kingdom,1111,472,2.8
2011-05-23,United Kingdom,2929,2281,2.22
2011-05-23,United Kingdom,2485,1972,1.51
2011-05-23,United Kingdom,1541,1015,2.91
2011-05-23,United Kingdom,1682,1012,1.26
2011-05-23,Germany,2786,1952,2.59
2011-05-23,United Kingdom,2071,1160,3.72
2011-05-23,United Kingdom,265,177,3.72
2011-05-23,United Kingdom,1054,602,4.42
2011-05-23,United Kingdom,954,502,3.69
2011-05-23,United Kingdom,1656,860,1.9
2011-05-23,United Kingdom,1990,1005,1.39
2011-05-23,United Kingdom,880,364,1.74
2011-05-23,United Kingdom,2198,970,3.07
2011-05-23,United Kingdom,2896,1529,1.64
2011-05-23,Germany,100,65,1.48
2011-05-23,United Kingdom,2046,1261,1.74
2011-05-23,United Kingdom,2178,890,2.35
2011-05-23,United Kingdom,1673,723,2.64
2011-05-23,United Kingdom,1775,1291,3.83
2011-05-23,United Kingdom,996,588,2.59
2011-05-23,United Kingdom,1616,1212,4.42
2011-05-23,United Kingdom,100,46,3.81
2011-05-23,United Kingdom,945,434,1.04
2011-05-23,United Kingdom,2375,1410,2.83
2011-05-23,United Kingdom,1350,593,2.63
2011-05-24,United Kingdom,1652,746,3.97
2011-05-24,United Kingdom,3556,2528,1.75
2011-05-24,United Kingdom,1331,760,2.1
2011-05-24,United Kingdom,792,471,1.84
2011-05-24,United Kingdom,900,491,3.58
2011-05-24,United Kingdom,2118,1328,2.0
2011-05-24,United Kingdom,823,524,1.97
2011-05-24,United Kingdom,100,69,3.91
2011-05-24,France,1966,841,2.31
2011-05-24,United Kingdom,1291,695,1.17
2011-05-24,United Kingdom,1702,1078,2.5
2011-05-24,United Kingdom,1889,1401,3.23
2011-05-24,United Kingdom,2403,1089,1.07
2011-05-24,United Kingdom,1807,1213,3.52
2011-05-24,United Kingdom,1945,1455,4.01
2011-05-24,Germany,550,286,3.45
2011-05-24,United Kingdom,100,57,3.08
2011-05-24,United Kingdom,1081,742,3.7
2011-05-24,United Kingdom,1350,672,3.74
2011-05-24,United Kingdom,1781,1146,1.41
2011-05-24,United Kingdom,1585,1033,3.65
2011-05-24,United Kingdom,100,66,2.98
2011-05-24,United Kingdom,922,538,2.41
2011-05-24,United Kingdom,1847,805,3.53
2011-05-24,United Kingdom,583,327,3.82
2011-05-24,United Kingdom,353,212,2.24
2011-05-24,United Kingdom,412,203,3.08
2011-05-24,United Kingdom,1063,742,3.93
2011-05-24,United Kingdom,2321,1755,4.36
2011-05-24,United Kingdom,2178,1283,1.09
2011-05-24,United Kingdom,1078,451,2.55
2011-05-24,United Kingdom,100,74,1.78
2011-05-24,United Kingdom,3358,1737,2.97
2011-05-24,United Kingdom,1865,763,3.64
2011-05-24,United Kingdom,1677,1066,4.46
2011-05-24,United Kingdom,2742,1535,3.11
2011-05-24,United Kingdom,100,54,1.14
2011-05-24,United Kingdom,194,104,2.9
2011-05-24,United Kingdom,512,341,2.75
2011-05-24,United Kingdom,100,72,1.28
2011-05-24,United Kingdom,1304,741,4.03
2011-05-24,United Kingdom,878,502,1.11
2011-05-24,United Kingdom,2212,908,1.07
2011-05-24,United Kingdom,2856,1990,2.12
2011-05-24,United Kingdom,1462,1041,3.16
2011-05-24,United Kingdom,1752,1228,2.08
2011-05-24,United Kingdom,3357,1772,1.14
2011-05-24,United Kingdom,2528,1614,3.56
2011-05-24,United Kingdom,2109,1657,3.45
2011-05-24,United Kingdom,1159,712,4.43
2011-05-24,United Kingdom,1852,1449,2.6
2011-05-24,United Kingdom,100,45,3.99
2011-05-24,United Kingdom,1913,1346,2.44
2011-05-24,United Kingdom,846,481,1.24
2011-05-24,United Kingdom,153,109,3.94
2011-05-24,United Kingdom,708,390,2.4
2011-05-24,United Kingdom,1309,537,2.74
2011-05-24,United Kingdom,2339,1002,3.34
2011-05-24,United Kingdom,1083,518,2.85
2011-05-24,United Kingdom,1368,1024,1.93
2011-05-24,United Kingdom,1078,595,1.52
2011-05-24,United Kingdom,1324,607,2.74
2011-05-24,United Kingdom,100,54,2.69
2011-05-24,United Kingdom,994,438,2.21
2011-05-24,United Kingdom,353,185,1.55
2011-05-24,United Kingdom,1738,889,2.51
2011-05-24,United Kingdom,955,415,4.16
2011-05-24,United Kingdom,1389,849,3.97
2011-05-24,United Kingdom,1276,948,2.17
2011-05-24,United Kingdom,2281,1401,4.06
2011-05-24,United Kingdom,1598,872,2.21
2011-05-24,United Kingdom,1460,1107,2.47
2011-05-24,United Kingdom,997,644,2.49
2011-05-24,United Kingdom,1099,547,4.32
2011-05-24,United Kingdom,1234,765,2.54
2011-05-24,United Kingdom,1409,588,4.14
2011-05-24,United Kingdom,678,408,1.84
2011-05-24,United Kingdom,444,217,4.43
2011-05-24,United Kingdom,2503,1904,1.91
2011-05-24,United Kingdom,744,330,3.55
2011-05-24,United Kingdom,2417,1128,3.65
2011-05-24,United Kingdom,1453,747,2.93
2011-05-24,United Kingdom,1352,1017,1.0
2011-05-24,United Kingdom,575,356,3.95
2011-05-24,United Kingdom,1736,1128,1.15
2011-05-24,United Kingdom,1233,947,2.48
2011-05-24,Belgium,1303,621,2.51
2011-05-24,United Kingdom,925,531,3.95
2011-05-24,United Kingdom,2104,1271,1.29
2011-05-24,United Kingdom,1334,797,3.41
2011-05-24,United Kingdom,1211,627,3.62
2011-05-24,United Kingdom,100,75,3.46
2011-05-24,United Kingdom,121,85,2.79
2011-05-24,United Kingdom,651,366,4.31
2011-05-24,EIRE,2018,1033,4.36
2011-05-24,United Kingdom,2828,1518,4.43
2011-05-24,United Kingdom,2025,931,1.3
2011-05-25,United Kingdom,2249,1190,3.21
2011-05-25,United Kingdom,1648,787,1.78
2011-05-25,United Kingdom,1461,1040,4.47
2011-05-25,United Kingdom,1812,787,1.23
2011-05-25,United Kingdom,2567,1515,4.09
2011-05-25,United Kingdom,1510,974,3.46
2011-05-25,United Kingdom,1969,1252,3.45
2011-05-25,United Kingdom,1089,562,2.62
2011-05-25,United Kingdom,604,396,4.41
2011-05-25,France,907,526,3.79
2011-05-25,United Kingdom,1994,1401,3.11
2011-05-25,United Kingdom,1051,531,1.96
2011-05-25,United Kingdom,3220,2568,1.47
2011-05-25,United Kingdom,419,245,2.94
2011-05-25,United Kingdom,3460,2712,2.4
2011-05-25,United Kingdom,1442,956,2.44
2011-05-25,United Kingdom,1099,541,1.15
2011-05-25,United Kingdom,2444,1871,4.22
2011-05-25,United Kingdom,2553,1170,3.2
2011-05-25,United Kingdom,1525,897,3.13
2011-05-25,United Kingdom,1447,1113,1.0
2011-05-25,United Kingdom,306,154,3.14
2011-05-25,United Kingdom,104,49,1.81
2011-05-25,United Kingdom,722,324,1.4
2011-05-25,United Kingdom,1272,536,1.8
2011-05-25,United Kingdom,2406,1163,1.68
2011-05-25,United Kingdom,1052,520,2.18
2011-05-25,United Kingdom,1115,723,1.33
2011-05-25,United Kingdom,2422,1306,3.52
2011-05-25,United Kingdom,686,462,2.89
2011-05-25,United Kingdom,1722,1149,1.07
2011-05-25,United Kingdom,930,434,3.34
2011-05-25,Netherlands,908,494,2.11
2011-05-25,United Kingdom,2182,1643,2.74
2011-05-25,United Kingdom,1766,718,3.12
2011-05-25,United Kingdom,1938,830,2.98
2011-05-25,France,2095,1633,4.08
2011-05-25,United Kingdom,458,286,2.49
2011-05-25,France,1461,1056,1.66
2011-05-25,Poland,1632,1127,1.04
2011-05-25,United Kingdom,1490,876,3.62
2011-05-25,United Kingdom,626,483,4.01
2011-05-25,Poland,1676,1153,1.64
2011-05-25,United Kingdom,1379,1092,4.04
2011-05-25,United Kingdom,2384,1779,3.22
2011-05-25,United Kingdom,1275,552,2.89
2011-05-25,United Kingdom,490,207,3.59
2011-05-25,United Kingdom,640,443,3.82
2011-05-25,United Kingdom,840,563,4.01
2011-05-25,United Kingdom,1263,510,1.0
2011-05-25,United Kingdom,124,79,3.6
2011-05-25,United Kingdom,1495,669,4.43
2011-05-25,United Kingdom,1297,743,3.04
2011-05-25,United Kingdom,1939,846,3.53
2011-05-25,United Kingdom,2926,2105,2.68
2011-05-25,United Kingdom,1639,663,2.4
2011-05-25,United Kingdom,844,374,1.07
2011-05-25,United Kingdom,3281,2269,2.16
2011-05-25,United Kingdom,2064,1621,3.83
2011-05-25,United Kingdom,1323,652,2.76
2011-05-25,United Kingdom,1779,921,2.38
2011-05-25,United Kingdom,2609,1232,2.14
2011-05-25,United Kingdom,919,594,4.09
2011-05-25,United Kingdom,893,403,3.4
2011-05-25,Channel Islands,1521,1164,2.36
2011-05-25,United Kingdom,2041,1399,1.83
2011-05-25,United Kingdom,2692,1128,2.99
2011-05-25,United Kingdom,2271,1273,3.77
2011-05-25,United Kingdom,2123,1190,4.0
2011-05-25,United Kingdom,3291,1677,4.28
2011-05-25,United Kingdom,1605,912,3.54
2011-05-25,United Kingdom,1298,1016,3.65
2011-05-25,United Kingdom,2519,1763,3.48
2011-05-26,United Kingdom,1459,788,1.66
2011-05-26,Germany,804,610,2.23
2011-05-26,Germany,761,330,4.43
2011-05-26,United Kingdom,1988,1325,3.76
2011-05-26,United Kingdom,887,529,3.71
2011-05-26,United Kingdom,2071,959,2.24
2011-05-26,United Kingdom,2199,948,2.9
2011-05-26,United Kingdom,2992,1585,3.67
2011-05-26,United Kingdom,1333,670,2.76
2011-05-26,United Kingdom,434,251,4.4
2011-05-26,United Kingdom,1505,1103,2.08
2011-05-26,United Kingdom,100,78,4.46
2011-05-26,United Kingdom,1406,913,2.8
2011-05-26,Germany,738,368,1.38
2011-05-26,United Kingdom,100,78,1.28
2011-05-26,Germany,2760,1471,1.49
2011-05-26,United Kingdom,2296,1706,2.35
2011-05-26,United Kingdom,2023,947,1.87
2011-05-26,United Kingdom,2794,1639,3.84
2011-05-26,United Kingdom,1796,999,3.5
2011-05-26,United Kingdom,2112,968,1.64
2011-05-26,United Kingdom,1276,652,2.97
2011-05-26,United Kingdom,2404,1824,4.28
2011-05-26,United Kingdom,1182,835,3.9
2011-05-26,EIRE,1058,693,2.01
2011-05-26,EIRE,1621,1012,2.48
2011-05-26,United Kingdom,2809,1739,1.15
2011-05-26,United Kingdom,2335,1087,1.02
2011-05-26,United Kingdom,660,365,2.42
2011-05-26,United Kingdom,399,164,2.97
2011-05-26,EIRE,1371,923,1.67
2011-05-26,EIRE,2468,1777,1.07
2011-05-26,Spain,2677,1149,4.23
2011-05-26,Germany,1172,794,2.11
2011-05-26,United Kingdom,1984,1068,2.79
2011-05-26,United Kingdom,2233,1510,2.28
2011-05-26,United Kingdom,1945,1485,4.49
2011-05-26,United Kingdom,2269,1130,3.23
2011-05-26,United Kingdom,1717,1118,3.76
2011-05-26,United Kingdom,1749,974,2.26
2011-05-26,United Kingdom,1208,825,1.25
2011-05-26,United Kingdom,2336,1398,3.87
2011-05-26,United Kingdom,100,41,2.96
2011-05-26,United Kingdom,921,386,2.09
2011-05-26,United Kingdom,3033,2081,2.15
2011-05-26,United Kingdom,2494,1725,1.46
2011-05-26,United Kingdom,2340,1155,2.09
2011-05-26,United Kingdom,1308,933,3.46
2011-05-26,United Kingdom,3164,1545,2.19
2011-05-26,United Kingdom,1878,943,1.91
2011-05-26,United Kingdom,1692,1214,1.2
2011-05-26,United Kingdom,1848,1390,2.26
2011-05-26,France,3417,2351,1.31
2011-05-26,Netherlands,2016,892,2.75
2011-05-26,United Kingdom,1706,742,2.08
2011-05-26,United Kingdom,1281,709,2.4
2011-05-26,United Kingdom,585,399,3.04
2011-05-26,United Kingdom,933,473,1.78
2011-05-26,United Kingdom,1417,872,2.99
2011-05-26,United Kingdom,1189,488,2.74
2011-05-26,United Kingdom,1598,975,2.01
2011-05-26,United Kingdom,1562,874,1.48
2011-05-26,France,2386,990,4.32
2011-05-26,United Kingdom,1051,668,2.77
2011-05-26,United Kingdom,1323,885,3.83
2011-05-26,United Kingdom,1330,882,4.32
2011-05-26,United Kingdom,2129,1054,3.44
2011-05-26,United Kingdom,1274,596,3.75
2011-05-26,United Kingdom,946,676,3.94
2011-05-26,United Kingdom,2284,1010,4.42
2011-05-26,United Kingdom,1893,1005,1.03
2011-05-27,United Kingdom,2747,1944,2.79
2011-05-27,United Kingdom,1742,916,1.9
2011-05-27,United Kingdom,2221,1486,1.83
2011-05-27,United Kingdom,2387,1239,3.96
2011-05-27,United Kingdom,1223,953,2.84
2011-05-27,United Kingdom,1653,715,1.91
2011-05-27,United Kingdom,3080,1303,3.25
2011-05-27,United Kingdom,1742,1263,4.0
2011-05-27,United Kingdom,681,542,4.31
2011-05-27,United Kingdom,100,41,1.3
2011-05-27,United Kingdom,2052,1453,2.94
2011-05-27,Germany,940,621,2.8
2011-05-27,United Kingdom,1851,1341,3.42
2011-05-27,United Kingdom,578,426,3.03
2011-05-27,United Kingdom,1034,816,1.1
2011-05-27,United Kingdom,2728,2006,3.05
2011-05-27,United Kingdom,2024,1443,1.45
2011-05-27,United Kingdom,2672,1663,2.97
2011-05-27,United Kingdom,312,203,1.42
2011-05-27,United Kingdom,1114,884,4.09
2011-05-27,United Kingdom,1612,733,1.7
2011-05-27,United Kingdom,1394,733,2.03
2011-05-27,United Kingdom,1336,863,1.87
2011-05-27,United Kingdom,1357,850,3.71
2011-05-27,United Kingdom,1105,804,3.81
2011-05-27,United Kingdom,2306,1640,2.25
2011-05-27,United Kingdom,512,235,3.27
2011-05-27,United Kingdom,2284,1148,2.92
2011-05-27,United Kingdom,1897,976,1.58
2011-05-27,United Kingdom,190,109,3.08
2011-05-27,United Kingdom,256,166,1.32
2011-05-27,United Kingdom,856,606,2.0
2011-05-27,United Kingdom,1824,1257,1.25
2011-05-27,United Kingdom,1422,582,2.35
2011-05-27,United Kingdom,1532,951,2.67
2011-05-27,United Kingdom,100,76,1.9
2011-05-27,United Kingdom,3442,2433,2.62
2011-05-27,United Kingdom,1577,1187,3.03
2011-05-27,United Kingdom,1051,592,3.01
2011-05-27,United Kingdom,501,206,3.72
2011-05-27,United Kingdom,659,405,3.19
2011-05-27,United Kingdom,910,675,4.49
2011-05-27,United Kingdom,1512,816,3.39
2011-05-27,United Kingdom,1750,820,1.06
2011-05-27,United Kingdom,2196,1270,1.6
2011-05-27,United Kingdom,1500,629,3.65
2011-05-27,United Kingdom,693,281,3.13
2011-05-27,United Kingdom,1091,842,4.36
2011-05-27,United Kingdom,1630,1132,1.2
2011-05-27,Belgium,2029,834,1.56
2011-05-27,United Kingdom,989,659,4.3
2011-05-27,France,2812,1506,4.43
2011-05-27,United Kingdom,1411,760,1.02
2011-05-27,United Kingdom,813,514,3.92
2011-05-27,United Kingdom,100,70,4.13
2011-05-27,United Kingdom,3065,2221,3.96
2011-05-27,United Kingdom,2348,1353,2.81
2011-05-27,United Kingdom,964,449,4.39
2011-05-27,United Kingdom,1061,830,4.03
2011-05-27,United Kingdom,384,224,2.03
2011-05-27,United Kingdom,2661,1722,3.58
2011-05-27,United Kingdom,3355,1497,1.96
2011-05-27,United Kingdom,1799,1103,3.94
2011-05-27,United Kingdom,855,613,1.86
2011-05-27,United Kingdom,118,74,1.09
2011-05-27,United Kingdom,3022,2094,4.35
2011-05-27,United Kingdom,1545,696,2.81
2011-05-27,United Kingdom,3507,2315,4.3
2011-05-27,United Kingdom,323,177,2.71
2011-05-27,United Kingdom,1607,782,1.04
2011-05-27,United Kingdom,582,344,3.77
2011-05-27,United Kingdom,294,162,4.17
2011-05-27,United Kingdom,1400,660,3.49
2011-05-27,United Kingdom,1136,718,1.41
2011-05-27,United Kingdom,1878,1286,1.71
2011-05-27,United Kingdom,1824,742,2.67
2011-05-29,United Kingdom,2883,1227,1.09
2011-05-29,United Kingdom,1483,881,1.38
2011-05-29,United Kingdom,1843,823,4.26
2011-05-29,United Kingdom,2499,1777,1.57
2011-05-29,United Kingdom,1681,1228,2.58
2011-05-29,United Kingdom,771,580,3.21
2011-05-29,United Kingdom,657,319,2.67
2011-05-29,United Kingdom,547,381,3.64
2011-05-29,United Kingdom,2260,1171,3.41
2011-05-29,United Kingdom,2038,1190,3.8
2011-05-29,Germany,659,339,2.93
2011-05-29,United Kingdom,1044,749,4.24
2011-05-29,United Kingdom,1478,696,2.21
2011-05-29,United Kingdom,2118,1128,2.75
2011-05-29,United Kingdom,473,346,3.76
2011-05-29,United Kingdom,1088,863,2.15
2011-05-29,United Kingdom,1018,614,2.54
2011-05-29,United Kingdom,1420,820,1.36
2011-05-29,United Kingdom,2406,1782,1.16
2011-05-29,United Kingdom,1998,942,4.31
2011-05-29,United Kingdom,1177,535,4.35
2011-05-29,United Kingdom,1919,1532,4.02
2011-05-29,United Kingdom,390,179,3.07
2011-05-29,United Kingdom,1199,488,3.08
2011-05-31,United Kingdom,3607,1848,2.47
2011-05-31,United Kingdom,1616,726,4.21
2011-05-31,United Kingdom,1445,633,2.49
2011-05-31,Netherlands,1576,1034,1.46
2011-05-31,United Kingdom,530,416,1.16
2011-05-31,United Kingdom,2179,1583,4.28
2011-05-31,United Kingdom,2548,1816,1.19
2011-05-31,United Kingdom,2506,1562,2.94
2011-05-31,United Kingdom,2378,1465,2.47
2011-05-31,United Kingdom,391,252,1.52
2011-05-31,United Kingdom,157,93,1.64
2011-05-31,United Kingdom,100,47,2.08
2011-05-31,Germany,2938,1314,1.77
2011-05-31,United Kingdom,1204,523,1.06
2011-05-31,United Kingdom,2332,1430,2.46
2011-05-31,United Kingdom,1327,540,3.08
2011-05-31,United Kingdom,1012,661,2.2
2011-05-31,United Kingdom,1454,724,2.43
2011-05-31,Australia,984,756,2.37
2011-05-31,United Kingdom,2592,1858,1.24
2011-05-31,United Kingdom,794,320,2.95
2011-05-31,United Kingdom,3043,2320,3.56
2011-05-31,United Kingdom,1373,891,3.59
2011-05-31,United Kingdom,1561,1020,3.88
2011-05-31,United Kingdom,2093,882,1.51
2011-05-31,United Kingdom,1802,1046,3.91
2011-05-31,United Kingdom,814,496,1.68
2011-05-31,United Kingdom,1935,1312,3.25
2011-05-31,Germany,1697,1125,2.29
2011-05-31,United Kingdom,1364,754,1.19
2011-05-31,Spain,3204,2504,2.75
2011-05-31,France,1704,969,3.18
2011-05-31,United Kingdom,1595,1081,4.33
2011-05-31,United Kingdom,1679,743,2.84
2011-05-31,United Kingdom,868,406,2.98
2011-05-31,France,1027,663,1.93
2011-05-31,United Kingdom,1373,997,1.26
2011-05-31,United Kingdom,2425,1046,3.84
2011-05-31,United Kingdom,1920,1445,2.43
2011-05-31,United Kingdom,2408,1060,4.21
2011-05-31,Netherlands,1760,907,3.11
2011-05-31,Italy,2225,1431,2.69
2011-05-31,United Kingdom,1352,607,4.03
2011-05-31,United Kingdom,2769,1138,3.13
2011-05-31,United Kingdom,1629,904,1.48
2011-05-31,United Kingdom,3063,2094,4.23
2011-05-31,United Kingdom,1330,932,3.12
2011-05-31,United Kingdom,2056,1544,2.27
2011-05-31,United Kingdom,1405,973,2.42
2011-05-31,United Kingdom,1960,1412,1.37
2011-05-31,United Kingdom,2249,1284,3.78
2011-05-31,United Kingdom,1086,826,2.61
2011-05-31,United Kingdom,2136,1695,3.46
2011-05-31,United Kingdom,997,513,3.33
2011-05-31,Switzerland,1069,566,1.99
2011-05-31,United Kingdom,1284,871,1.39
2011-05-31,United Kingdom,1668,868,1.09
2011-06-01,United Kingdom,2299,1088,1.64
2011-06-01,United Kingdom,784,446,1.22
2011-06-01,United Kingdom,2755,1161,3.92
2011-06-01,United Kingdom,1071,849,2.93
2011-06-01,Netherlands,1326,997,1.7
2011-06-01,Belgium,2536,1021,2.01
2011-06-01,Germany,1949,1485,2.02
2011-06-01,Germany,855,506,1.76
2011-06-01,Netherlands,2320,1687,2.01
2011-06-01,United Kingdom,2005,1035,1.84
2011-06-01,United Kingdom,246,136,3.05
2011-06-01,United Kingdom,747,480,1.33
2011-06-01,United Kingdom,1963,1352,2.05
2011-06-01,United Kingdom,1484,1171,4.24
2011-06-01,United Kingdom,260,156,4.14
2011-06-01,United Kingdom,1552,1012,2.64
2011-06-01,United Kingdom,2162,1016,4.48
2011-06-01,United Kingdom,1907,1084,3.16
2011-06-01,United Kingdom,2302,1814,3.3
2011-06-01,United Kingdom,2177,1028,2.32
2011-06-01,United Kingdom,322,175,4.1
2011-06-01,United Kingdom,2719,1208,3.94
2011-06-01,United Kingdom,1821,1445,4.03
2011-06-01,United Kingdom,2358,1278,2.76
2011-06-01,United Kingdom,940,739,3.34
2011-06-01,United Kingdom,100,64,2.47
2011-06-01,United Kingdom,2033,1051,1.48
2011-06-01,United Kingdom,1494,664,3.15
2011-06-01,Poland,2376,1037,1.57
2011-06-01,United Kingdom,428,276,1.73
2011-06-01,United Kingdom,787,422,1.78
2011-06-01,United Kingdom,2286,1711,2.21
2011-06-01,United Kingdom,863,524,4.4
2011-06-01,United Kingdom,100,50,2.03
2011-06-01,United Kingdom,2103,1469,3.75
2011-06-01,United Kingdom,3235,1473,1.86
2011-06-01,United Kingdom,2422,1355,3.36
2011-06-01,United Kingdom,298,198,2.2
2011-06-01,United Kingdom,1534,1009,1.54
2011-06-01,United Kingdom,853,671,4.24
2011-06-01,United Kingdom,1354,599,2.35
2011-06-01,United Kingdom,3261,1649,1.5
2011-06-01,United Kingdom,1819,1165,1.29
2011-06-01,United Kingdom,1801,759,2.39
2011-06-01,United Kingdom,1278,992,2.61
2011-06-01,United Kingdom,1692,733,4.21
2011-06-01,United Kingdom,3265,1781,1.07
2011-06-01,United Kingdom,1001,648,3.09
2011-06-01,United Kingdom,2748,1185,4.19
2011-06-01,United Kingdom,1739,1001,1.25
2011-06-01,United Kingdom,1314,904,1.08
2011-06-01,United Kingdom,601,366,3.7
2011-06-01,United Kingdom,1478,704,1.4
2011-06-01,United Kingdom,1551,731,3.93
2011-06-01,United Kingdom,1183,723,2.03
2011-06-01,United Kingdom,2518,1928,4.31
2011-06-01,United Kingdom,3234,1402,1.33
2011-06-01,Germany,450,359,2.85
2011-06-01,EIRE,2163,1294,2.58
2011-06-01,United Kingdom,723,317,2.28
2011-06-01,United Kingdom,239,168,4.05
2011-06-01,United Kingdom,548,285,3.43
2011-06-01,United Kingdom,2363,1880,2.27
2011-06-01,United Kingdom,2095,1034,3.75
2011-06-02,United Kingdom,449,197,1.78
2011-06-02,United Kingdom,1219,688,1.15
2011-06-02,Germany,1757,1022,3.12
2011-06-02,United Kingdom,2514,1319,4.19
2011-06-02,United Kingdom,818,442,4.14
2011-06-02,United Kingdom,622,368,1.99
2011-06-02,United Kingdom,1485,638,4.5
2011-06-02,United Kingdom,2179,1124,1.23
2011-06-02,Australia,1848,1432,1.96
2011-06-02,United Kingdom,1282,549,4.29
2011-06-02,United Kingdom,1445,749,4.08
2011-06-02,United Kingdom,1847,1110,2.82
2011-06-02,United Kingdom,286,191,1.28
2011-06-02,United Kingdom,2915,2192,1.17
2011-06-02,United Kingdom,1162,684,2.58
2011-06-02,United Kingdom,504,225,4.47
2011-06-02,United Kingdom,1903,1484,2.58
2011-06-02,United Kingdom,2409,1141,2.34
2011-06-02,United Kingdom,3461,2531,3.91
2011-06-02,United Kingdom,1974,1498,3.93
2011-06-02,United Kingdom,1293,743,2.04
2011-06-02,United Kingdom,561,275,3.6
2011-06-02,United Kingdom,1629,906,2.74
2011-06-02,United Kingdom,2277,1229,1.89
2011-06-02,United Kingdom,2604,1816,2.34
2011-06-02,United Kingdom,1637,1099,3.5
2011-06-02,Germany,2314,931,2.2
2011-06-02,United Kingdom,1707,1153,3.91
2011-06-02,United Kingdom,1824,1342,3.72
2011-06-02,United Kingdom,1441,989,2.7
2011-06-02,United Kingdom,1974,1489,2.1
2011-06-02,United Kingdom,1942,878,1.2
2011-06-02,United Kingdom,1439,740,3.96
2011-06-02,United Kingdom,1533,809,1.54
2011-06-02,United Kingdom,2992,1460,2.92
2011-06-02,United Kingdom,1218,676,2.67
2011-06-02,United Kingdom,2260,987,3.2
2011-06-02,United Kingdom,2684,1920,3.54
2011-06-02,United Kingdom,2368,1784,2.65
2011-06-02,United Kingdom,1085,616,3.88
2011-06-02,United Kingdom,1506,1066,2.44
2011-06-02,United Kingdom,1870,825,2.31
2011-06-02,United Kingdom,1989,882,4.43
2011-06-02,United Kingdom,164,93,2.07
2011-06-02,Germany,1458,906,1.65
2011-06-02,United Kingdom,1795,876,1.34
2011-06-02,United Kingdom,2047,1054,2.14
2011-06-02,United Kingdom,2361,1239,1.45
2011-06-02,United Kingdom,1672,1204,1.85
2011-06-02,Germany,1064,520,2.75
2011-06-02,United Kingdom,1850,1422,2.19
2011-06-02,United Kingdom,872,349,1.91
2011-06-02,United Kingdom,1250,714,3.46
2011-06-02,United Kingdom,1712,1100,2.06
2011-06-02,United Kingdom,1249,879,1.38
2011-06-02,United Kingdom,2343,1334,3.6
2011-06-02,United Kingdom,1751,831,1.45
2011-06-02,United Kingdom,1176,562,3.74
2011-06-02,United Kingdom,2460,1960,1.33
2011-06-02,United Kingdom,3690,2017,4.11
2011-06-02,United Kingdom,2697,1818,2.57
2011-06-02,United Kingdom,100,62,3.53
2011-06-02,United Kingdom,1741,945,1.49
2011-06-02,United Kingdom,315,155,3.76
2011-06-02,United Kingdom,1854,1277,4.1
2011-06-02,United Kingdom,100,73,2.74
2011-06-02,United Kingdom,1536,704,3.16
2011-06-02,United Kingdom,2394,1166,1.96
2011-06-02,Sweden,1392,739,1.12
2011-06-02,United Kingdom,2838,1536,1.04
2011-06-02,United Kingdom,711,322,3.68
2011-06-02,United Kingdom,527,396,3.71
2011-06-03,Netherlands,2142,1043,1.91
2011-06-03,United Kingdom,1183,870,1.97
2011-06-03,United Kingdom,652,433,4.2
2011-06-03,United Kingdom,1364,829,2.37
2011-06-03,United Kingdom,1006,628,2.03
2011-06-03,United Kingdom,1612,1018,3.53
2011-06-03,United Kingdom,305,122,4.49
2011-06-03,United Kingdom,1736,994,2.2
2011-06-03,United Kingdom,993,406,1.9
2011-06-03,Germany,3958,2235,1.3
2011-06-03,United Kingdom,1135,893,2.0
2011-06-03,United Kingdom,1367,921,3.7
2011-06-03,United Kingdom,1709,989,2.21
2011-06-03,Poland,2106,1462,3.35
2011-06-03,Poland,2144,1379,1.48
2011-06-03,United Kingdom,1039,541,3.28
2011-06-03,Spain,2177,1555,3.75
2011-06-03,United Kingdom,1692,714,3.66
2011-06-03,United Kingdom,984,541,3.48
2011-06-03,United Kingdom,1326,596,2.47
2011-06-03,United Kingdom,2572,1418,1.36
2011-06-03,United Kingdom,3989,2194,2.63
2011-06-03,United Kingdom,1129,719,3.25
2011-06-03,Cyprus,947,418,2.73
2011-06-03,United Kingdom,1704,900,3.62
2011-06-03,United Kingdom,1540,853,3.1
2011-06-03,United Kingdom,1410,931,2.89
2011-06-03,United Kingdom,788,500,3.79
2011-06-03,United Kingdom,3628,2203,4.15
2011-06-03,United Kingdom,1874,1230,2.22
2011-06-03,United Kingdom,925,502,2.23
2011-06-03,United Kingdom,662,482,1.67
2011-06-03,United Kingdom,2393,1149,2.97
2011-06-03,United Kingdom,1395,904,3.85
2011-06-03,United Kingdom,1666,1189,3.5
2011-06-03,United Kingdom,3184,2341,1.46
2011-06-03,United Kingdom,2350,1319,1.33
2011-06-03,United Kingdom,924,496,3.42
2011-06-03,United Kingdom,2294,1026,1.77
2011-06-03,United Kingdom,3102,1421,3.48
2011-06-03,United Kingdom,2586,1195,2.95
2011-06-03,United Kingdom,100,73,1.15
2011-06-03,United Kingdom,2085,950,3.32
2011-06-03,United Kingdom,820,535,1.17
2011-06-03,United Kingdom,1391,737,2.38
2011-06-03,United Kingdom,1779,1221,4.14
2011-06-03,United Kingdom,346,156,3.16
2011-06-03,United Kingdom,522,240,1.1
2011-06-03,United Kingdom,1399,834,4.03
2011-06-03,United Kingdom,1652,1009,2.01
2011-06-03,United Kingdom,1266,532,2.07
2011-06-05,United Kingdom,1640,933,1.66
2011-06-05,United Kingdom,590,469,3.38
2011-06-05,United Kingdom,1186,757,4.48
2011-06-05,United Kingdom,300,231,2.12
2011-06-05,United Kingdom,1536,1149,2.17
2011-06-05,United Kingdom,1619,1050,4.19
2011-06-05,United Kingdom,1365,555,3.32
2011-06-05,United Kingdom,2408,1510,4.48
2011-06-05,United Kingdom,1211,828,3.66
2011-06-05,United Kingdom,1982,1548,3.24
2011-06-05,United Kingdom,1274,617,4.35
2011-06-05,United Kingdom,2071,1488,1.31
2011-06-05,Germany,3081,1508,3.91
2011-06-05,United Kingdom,1366,955,4.29
2011-06-05,United Kingdom,1093,822,2.48
2011-06-05,United Kingdom,1493,680,2.14
2011-06-05,United Kingdom,2911,1576,1.37
2011-06-05,United Kingdom,2338,1454,2.71
2011-06-05,United Kingdom,2855,1200,1.28
2011-06-05,France,2337,1835,2.93
2011-06-05,United Kingdom,1397,721,3.32
2011-06-05,United Kingdom,149,104,2.69
2011-06-05,United Kingdom,2470,1860,2.19
2011-06-05,United Kingdom,1360,670,1.02
2011-06-05,United Kingdom,835,483,1.52
2011-06-05,United Kingdom,1253,642,1.45
2011-06-05,United Kingdom,2757,1663,3.23
2011-06-05,United Kingdom,1515,868,2.44
2011-06-05,United Kingdom,1590,741,2.09
2011-06-05,European Community,1056,484,3.64
2011-06-05,United Kingdom,1491,970,3.15
2011-06-05,United Kingdom,2003,927,2.05
2011-06-05,United Kingdom,1956,1122,2.82
2011-06-05,United Kingdom,1676,928,2.27
2011-06-05,France,222,138,1.2
2011-06-05,United Kingdom,2136,1160,2.42
2011-06-05,United Kingdom,1749,832,1.72
2011-06-05,United Kingdom,600,457,2.08
2011-06-05,United Kingdom,775,312,1.39
2011-06-05,United Kingdom,1477,919,3.81
2011-06-05,Germany,2197,1162,1.91
2011-06-05,United Kingdom,3982,2948,2.22
2011-06-05,United Kingdom,2264,1161,3.95
2011-06-05,United Kingdom,2889,2309,3.3
2011-06-05,United Kingdom,491,219,1.89
2011-06-05,United Kingdom,296,221,1.14
2011-06-05,United Kingdom,299,149,3.12
2011-06-05,United Kingdom,2045,938,4.1
2011-06-05,United Kingdom,1698,776,2.11
2011-06-05,United Kingdom,363,223,3.75
2011-06-05,United Kingdom,691,471,2.55
2011-06-05,United Kingdom,1074,447,2.07
2011-06-05,United Kingdom,2362,1731,3.93
2011-06-05,United Kingdom,2158,1074,1.62
2011-06-05,France,1797,1305,4.23
2011-06-05,United Kingdom,2636,2104,3.27
2011-06-05,Belgium,1663,1267,3.99
2011-06-05,United Kingdom,737,525,2.31
2011-06-05,Belgium,1558,881,3.84
2011-06-05,United Kingdom,2072,1593,1.51
2011-06-05,United Kingdom,724,398,1.81
2011-06-05,United Kingdom,2649,1852,1.5
2011-06-05,United Kingdom,1481,690,1.59
2011-06-05,United Kingdom,1994,1476,1.31
2011-06-05,United Kingdom,790,321,2.91
2011-06-06,United Kingdom,767,454,3.47
2011-06-06,United Kingdom,2406,1636,4.34
2011-06-06,United Kingdom,2872,1519,3.34
2011-06-06,United Kingdom,1124,894,1.86
2011-06-06,United Kingdom,2129,1129,2.4
2011-06-06,United Kingdom,579,259,1.92
2011-06-06,United Kingdom,798,522,1.37
2011-06-06,Netherlands,622,336,1.77
2011-06-06,United Kingdom,537,262,1.72
2011-06-06,United Kingdom,604,374,1.0
2011-06-06,United Kingdom,431,245,1.4
2011-06-06,United Kingdom,2399,1123,2.14
2011-06-06,United Kingdom,2208,908,3.57
2011-06-06,United Kingdom,1946,1452,3.23
2011-06-06,United Kingdom,1075,847,4.18
2011-06-06,United Kingdom,830,367,1.09
2011-06-06,United Kingdom,999,703,1.72
2011-06-06,United Kingdom,670,271,3.56
2011-06-06,Germany,1176,738,2.94
2011-06-06,United Kingdom,1053,678,1.45
2011-06-06,United Kingdom,1519,811,3.52
2011-06-06,United Kingdom,681,540,2.22
2011-06-06,United Kingdom,1653,855,3.93
2011-06-06,United Kingdom,359,190,1.71
2011-06-06,United Kingdom,1043,563,2.27
2011-06-06,United Kingdom,912,675,1.93
2011-06-06,United Kingdom,894,578,3.29
2011-06-06,United Kingdom,2633,1826,3.39
2011-06-06,United Kingdom,849,583,4.43
2011-06-06,United Kingdom,2876,2214,3.88
2011-06-06,United Kingdom,107,68,3.05
2011-06-06,United Kingdom,2260,1495,1.65
2011-06-06,United Kingdom,365,263,1.08
2011-06-06,United Kingdom,3113,2119,1.09
2011-06-06,France,1702,943,3.71
2011-06-06,United Kingdom,2115,1233,3.78
2011-06-06,United Kingdom,2299,1162,1.31
2011-06-06,United Kingdom,1190,735,4.15
2011-06-06,United Kingdom,3052,1779,3.58
2011-06-06,United Kingdom,2368,1569,2.69
2011-06-06,United Kingdom,1910,1269,2.71
2011-06-06,United Kingdom,1470,590,2.48
2011-06-06,United Kingdom,956,404,1.55
2011-06-06,United Kingdom,2430,1927,2.92
2011-06-06,United Kingdom,1893,1143,2.57
2011-06-06,United Kingdom,2112,1065,1.89
2011-06-06,EIRE,919,533,2.14
2011-06-06,United Kingdom,2792,1768,2.53
2011-06-06,United Kingdom,1265,643,2.75
2011-06-06,United Kingdom,2185,1731,1.64
2011-06-06,United Kingdom,2498,1459,4.11
2011-06-06,United Kingdom,2459,1833,2.92
2011-06-06,United Kingdom,1061,445,1.36
2011-06-06,United Kingdom,100,40,3.19
2011-06-06,United Kingdom,903,462,2.17
2011-06-06,United Kingdom,1974,946,2.9
2011-06-06,United Kingdom,1204,740,3.33
2011-06-06,Germany,2135,1640,2.13
2011-06-06,United Kingdom,1264,774,3.42
2011-06-06,European Community,1663,1257,1.85
2011-06-06,United Kingdom,1197,624,2.66
2011-06-06,United Kingdom,1328,731,3.35
2011-06-06,United Kingdom,1734,1180,1.46
2011-06-06,United Kingdom,443,312,1.22
2011-06-06,Spain,249,122,1.85
2011-06-06,United Kingdom,2052,1063,2.1
2011-06-06,United Kingdom,1534,706,3.77
2011-06-06,United Kingdom,1430,586,1.84
2011-06-06,United Kingdom,2597,1553,1.3
2011-06-07,United Kingdom,2391,1175,3.89
2011-06-07,United Kingdom,1829,1232,2.26
2011-06-07,United Kingdom,3535,2670,2.91
2011-06-07,United Kingdom,1814,1411,3.32
2011-06-07,United Kingdom,1517,838,4.12
2011-06-07,United Kingdom,428,267,3.0
2011-06-07,United Kingdom,2436,1191,2.86
2011-06-07,Belgium,1305,614,2.56
2011-06-07,United Kingdom,210,132,1.97
2011-06-07,United Kingdom,1906,1208,2.46
2011-06-07,United Kingdom,767,605,4.27
2011-06-07,United Kingdom,1714,1237,2.61
2011-06-07,United Kingdom,583,428,1.55
2011-06-07,United Kingdom,128,100,2.64
2011-06-07,United Kingdom,407,229,2.01
2011-06-07,United Kingdom,1388,929,2.55
2011-06-07,United Kingdom,829,583,4.18
2011-06-07,United Kingdom,1654,1005,1.87
2011-06-07,United Kingdom,1340,931,4.36
2011-06-07,United Kingdom,1516,873,3.09
2011-06-07,United Kingdom,761,495,2.86
2011-06-07,United Kingdom,1640,699,4.48
2011-06-07,United Kingdom,1174,822,2.56
2011-06-07,United Kingdom,2648,1380,3.65
2011-06-07,United Kingdom,1821,1225,1.28
2011-06-07,United Kingdom,2320,1589,2.94
2011-06-07,United Kingdom,789,502,1.65
2011-06-07,United Kingdom,822,592,1.83
2011-06-07,United Kingdom,1253,543,2.95
2011-06-07,United Kingdom,1814,772,1.18
2011-06-07,United Kingdom,1005,760,4.25
2011-06-07,United Kingdom,100,69,1.03
2011-06-07,United Kingdom,1701,915,3.54
2011-06-07,United Kingdom,862,436,1.52
2011-06-07,United Kingdom,2890,1225,1.34
2011-06-07,United Kingdom,2686,1594,1.79
2011-06-07,United Kingdom,1700,1276,3.0
2011-06-07,United Kingdom,1621,807,4.35
2011-06-07,Italy,1230,858,2.21
2011-06-07,United Kingdom,2342,1371,1.85
2011-06-07,United Kingdom,935,546,2.68
2011-06-07,United Kingdom,1253,728,3.33
2011-06-07,United Kingdom,3065,1718,1.2
2011-06-07,United Kingdom,2271,1360,2.03
2011-06-07,United Kingdom,2083,886,2.02
2011-06-07,United Kingdom,1801,1260,4.46
2011-06-07,United Kingdom,2019,1548,2.64
2011-06-07,United Kingdom,1290,1016,2.56
2011-06-07,United Kingdom,1301,539,2.1
2011-06-07,United Kingdom,2268,942,1.32
2011-06-07,United Kingdom,1355,567,3.32
2011-06-07,United Kingdom,2382,1112,2.83
2011-06-07,United Kingdom,1573,894,3.49
2011-06-07,EIRE,1380,694,2.09
2011-06-07,United Kingdom,2065,1498,3.23
2011-06-07,United Kingdom,1056,804,2.3
2011-06-07,United Kingdom,288,145,1.7
2011-06-07,Portugal,2010,893,2.73
2011-06-07,United Kingdom,2784,2038,2.41
2011-06-07,United Kingdom,1963,1553,4.05
2011-06-07,United Kingdom,1854,864,4.41
2011-06-07,United Kingdom,1344,547,3.46
2011-06-07,United Kingdom,1639,690,2.19
2011-06-07,United Kingdom,2940,2247,2.75
2011-06-07,United Kingdom,686,331,4.3
2011-06-07,United Kingdom,2355,1572,4.26
2011-06-07,United Kingdom,1918,1361,1.27
2011-06-07,United Kingdom,1164,542,3.72
2011-06-07,United Kingdom,1263,647,2.76
2011-06-07,United Kingdom,215,118,3.9
2011-06-07,United Kingdom,1194,581,3.04
2011-06-07,United Kingdom,1482,911,3.96
2011-06-07,Germany,420,278,2.78
2011-06-07,United Kingdom,813,507,1.72
2011-06-07,United Kingdom,2072,1647,1.65
2011-06-07,United Kingdom,1986,1107,3.89
2011-06-07,United Kingdom,3439,2154,3.42
2011-06-07,United Kingdom,817,334,3.22
2011-06-07,United Kingdom,2302,1304,3.44
2011-06-07,United Kingdom,2843,1786,2.4
2011-06-07,United Kingdom,1640,1111,4.03
2011-06-07,United Kingdom,1440,593,4.5
2011-06-07,United Kingdom,1441,1037,2.12
2011-06-07,United Kingdom,925,574,1.92
2011-06-07,United Kingdom,2952,2212,3.87
2011-06-07,United Kingdom,1017,730,3.97
2011-06-07,United Kingdom,2991,1334,3.22
2011-06-07,United Kingdom,2420,1922,2.17
2011-06-07,United Kingdom,1776,907,2.34
2011-06-07,United Kingdom,1416,1017,3.36
2011-06-08,Belgium,1779,1333,1.15
2011-06-08,United Kingdom,2143,1504,4.1
2011-06-08,United Kingdom,967,508,1.37
2011-06-08,Malta,1655,665,1.21
2011-06-08,United Kingdom,2110,1206,1.26
2011-06-08,France,910,476,3.33
2011-06-08,United Kingdom,1735,712,1.25
2011-06-08,France,2360,1103,1.69
2011-06-08,France,334,234,2.81
2011-06-08,France,1659,1188,2.64
2011-06-08,United Kingdom,513,336,1.19
2011-06-08,United Kingdom,2380,971,1.47
2011-06-08,France,1599,1225,2.5
2011-06-08,United Kingdom,907,423,1.04
2011-06-08,Switzerland,1755,1121,3.32
2011-06-08,United Kingdom,1726,882,1.62
2011-06-08,United Kingdom,1456,817,2.33
2011-06-08,EIRE,1643,1226,2.78
2011-06-08,United Kingdom,2617,1574,2.46
2011-06-08,United Kingdom,995,461,2.59
2011-06-08,United Kingdom,1931,1513,1.61
2011-06-08,United Kingdom,2681,1606,2.5
2011-06-08,United Kingdom,597,404,4.44
2011-06-08,United Kingdom,1433,1017,4.13
2011-06-08,United Kingdom,1066,745,3.03
2011-06-08,United Kingdom,166,81,3.93
2011-06-08,United Kingdom,858,659,4.16
2011-06-08,United Kingdom,1364,909,3.9
2011-06-08,United Kingdom,2627,1756,2.76
2011-06-08,United Kingdom,2450,1454,3.52
2011-06-08,United Kingdom,1571,1167,3.93
2011-06-08,United Kingdom,2219,1587,1.77
2011-06-08,United Kingdom,3049,1633,3.0
2011-06-08,United Kingdom,2714,2141,2.43
2011-06-08,Portugal,2535,1787,3.07
2011-06-08,United Kingdom,2441,1076,4.48
2011-06-08,United Kingdom,1614,1205,4.2
2011-06-08,United Kingdom,1828,902,1.59
2011-06-08,United Kingdom,450,348,4.25
2011-06-08,United Kingdom,2476,1687,1.99
2011-06-08,United Kingdom,1217,852,1.88
2011-06-08,United Kingdom,1287,778,3.65
2011-06-08,United Kingdom,1373,1080,3.03
2011-06-08,United Kingdom,1486,1185,2.56
2011-06-08,United Kingdom,1177,638,1.26
2011-06-08,United Kingdom,1789,785,2.7
2011-06-08,United Kingdom,890,396,3.62
2011-06-08,United Kingdom,2246,1199,4.24
2011-06-08,United Kingdom,413,248,2.23
2011-06-08,United Kingdom,1078,568,4.3
2011-06-08,United Kingdom,1278,974,3.86
2011-06-08,United Kingdom,1606,828,2.83
2011-06-08,United Kingdom,2464,1194,4.02
2011-06-08,United Kingdom,2459,1411,1.29
2011-06-08,United Kingdom,1712,746,1.82
2011-06-08,United Kingdom,1143,466,3.9
2011-06-08,United Kingdom,1655,941,4.17
2011-06-08,United Kingdom,100,71,3.11
2011-06-08,EIRE,1479,1083,2.66
2011-06-08,United Kingdom,1271,853,2.15
2011-06-08,United Kingdom,870,484,1.45
2011-06-08,United Kingdom,1450,923,1.6
2011-06-08,United Kingdom,1741,900,1.19
2011-06-08,United Kingdom,325,211,1.33
2011-06-08,United Kingdom,2507,1801,1.81
2011-06-08,United Kingdom,1901,1140,4.44
2011-06-08,United Kingdom,2435,1501,2.28
2011-06-08,United Kingdom,1452,825,2.83
2011-06-08,United Kingdom,1769,751,1.65
2011-06-08,United Kingdom,1945,900,4.22
2011-06-08,United Kingdom,2162,1550,2.86
2011-06-08,United Kingdom,1657,890,1.03
2011-06-08,United Kingdom,1155,485,2.56
2011-06-08,United Kingdom,100,60,3.78
2011-06-08,United Kingdom,2063,1183,1.48
2011-06-08,United Kingdom,1240,807,1.49
2011-06-08,United Kingdom,1517,1107,4.3
2011-06-08,United Kingdom,1075,695,1.09
2011-06-08,United Kingdom,100,41,1.16
2011-06-08,United Kingdom,2682,1593,3.32
2011-06-08,United Kingdom,774,512,2.96
2011-06-08,United Kingdom,1116,884,1.56
2011-06-08,United Kingdom,1052,420,2.23
2011-06-08,United Kingdom,532,238,4.02
2011-06-08,United Kingdom,2153,1509,3.29
2011-06-08,United Kingdom,1278,705,2.46
2011-06-08,United Kingdom,100,73,1.77
2011-06-08,United Kingdom,941,516,2.1
2011-06-08,United Kingdom,631,372,3.95
2011-06-08,United Kingdom,465,243,1.52
2011-06-08,United Kingdom,1723,1238,2.62
2011-06-08,United Kingdom,1116,667,1.18
2011-06-08,United Kingdom,822,360,3.86
2011-06-08,United Kingdom,783,502,2.43
2011-06-09,United Kingdom,458,255,1.63
2011-06-09,United Kingdom,2331,1851,3.41
2011-06-09,United Kingdom,980,424,2.18
2011-06-09,United Kingdom,3217,1325,2.55
2011-06-09,United Kingdom,1146,696,2.08
2011-06-09,Germany,2503,1045,4.39
2011-06-09,United Kingdom,2247,1304,4.22
2011-06-09,United Kingdom,419,219,1.32
2011-06-09,Netherlands,1320,684,3.73
2011-06-09,Germany,1797,1026,4.45
2011-06-09,Italy,3198,2111,3.33
2011-06-09,United Kingdom,1233,645,3.06
2011-06-09,United Kingdom,345,166,1.81
2011-06-09,United Kingdom,627,349,1.08
2011-06-09,United Kingdom,2176,1450,3.35
2011-06-09,United Kingdom,2343,1619,2.25
2011-06-09,United Kingdom,2656,1382,3.41
2011-06-09,EIRE,799,336,3.05
2011-06-09,Denmark,2010,1463,3.02
2011-06-09,United Kingdom,2241,1092,1.6
2011-06-09,United Kingdom,551,273,2.68
2011-06-09,United Kingdom,2821,1483,2.79
2011-06-09,United Kingdom,1550,1030,1.51
2011-06-09,United Kingdom,1181,494,3.12
2011-06-09,United Kingdom,1380,667,1.16
2011-06-09,United Kingdom,533,220,2.67
2011-06-09,United Kingdom,1161,598,2.5
2011-06-09,United Kingdom,2372,1776,4.31
2011-06-09,United Kingdom,100,72,3.59
2011-06-09,United Kingdom,1237,646,1.71
2011-06-09,United Kingdom,481,247,3.95
2011-06-09,United Kingdom,3353,1978,4.19
2011-06-09,United Kingdom,363,156,1.01
2011-06-09,United Kingdom,2115,1565,1.99
2011-06-09,United Kingdom,1912,1129,2.87
2011-06-09,United Kingdom,700,358,2.92
2011-06-09,Sweden,580,363,3.04
2011-06-09,United Kingdom,1045,675,1.82
2011-06-09,United Kingdom,403,196,3.04
2011-06-09,United Kingdom,1915,1019,3.54
2011-06-09,United Kingdom,100,55,2.62
2011-06-09,United Kingdom,2607,1524,3.31
2011-06-09,Iceland,1581,897,2.64
2011-06-09,United Kingdom,2407,1346,2.79
2011-06-09,Belgium,1999,1204,2.51
2011-06-09,United Kingdom,1950,853,1.8
2011-06-09,United Kingdom,2133,1392,2.06
2011-06-09,EIRE,1912,790,1.94
2011-06-09,United Kingdom,1766,1027,4.07
2011-06-09,United Kingdom,1953,868,2.96
2011-06-09,United Kingdom,1775,1083,4.41
2011-06-09,United Kingdom,511,383,2.81
2011-06-09,United Kingdom,672,301,1.57
2011-06-09,United Kingdom,671,447,3.97
2011-06-09,United Kingdom,1421,810,4.36
2011-06-09,United Kingdom,2621,1081,2.38
2011-06-09,United Kingdom,526,292,2.51
2011-06-09,United Kingdom,100,78,4.46
2011-06-09,United Kingdom,1978,1219,3.97
2011-06-09,United Kingdom,2344,1562,3.78
2011-06-09,United Kingdom,1635,1044,1.57
2011-06-09,United Kingdom,1047,643,1.93
2011-06-09,Netherlands,1073,824,2.17
2011-06-09,United Kingdom,2272,1433,1.41
2011-06-09,United Kingdom,2325,980,3.17
2011-06-09,United Kingdom,2919,1995,3.34
2011-06-09,United Kingdom,1735,770,3.68
2011-06-09,Spain,732,298,1.82
2011-06-09,United Kingdom,2112,992,3.27
2011-06-09,United Kingdom,2260,1134,2.3
2011-06-09,United Kingdom,1695,907,1.24
2011-06-09,United Kingdom,2403,1380,1.29
2011-06-09,United Kingdom,1877,1277,3.54
2011-06-09,United Kingdom,1180,708,3.67
2011-06-09,United Kingdom,3259,2284,1.31
2011-06-09,United Kingdom,1395,732,1.29
2011-06-09,United Kingdom,1806,1300,4.35
2011-06-09,United Kingdom,2715,1495,4.12
2011-06-09,United Kingdom,565,258,2.12
2011-06-09,United Kingdom,2213,1169,3.88
2011-06-09,United Kingdom,2098,1588,3.21
2011-06-09,France,3072,1723,2.7
2011-06-09,France,234,94,4.38
2011-06-09,United Kingdom,2466,1534,3.64
2011-06-09,United Kingdom,1073,454,2.11
2011-06-09,United Kingdom,1670,740,3.31
2011-06-09,United Kingdom,2194,1236,2.28
2011-06-09,United Kingdom,1561,1000,1.42
2011-06-09,United Kingdom,447,221,4.07
2011-06-09,United Kingdom,2261,1636,3.32
2011-06-09,United Kingdom,1990,1530,2.9
2011-06-09,United Kingdom,1304,674,2.02
2011-06-09,United Kingdom,987,605,2.65
2011-06-09,United Kingdom,1932,1063,2.39
2011-06-09,United Kingdom,2084,1178,3.27
2011-06-09,United Kingdom,1824,777,1.16
2011-06-09,United Kingdom,1322,958,1.34
2011-06-09,United Kingdom,629,375,3.65
2011-06-09,United Kingdom,1605,1142,2.18
2011-06-09,United Kingdom,1277,862,2.19
2011-06-09,United Kingdom,1612,957,1.46
2011-06-09,United Kingdom,1924,1522,2.21
2011-06-09,United Kingdom,1442,922,1.19
2011-06-09,United Kingdom,3204,1899,2.13
2011-06-10,United Kingdom,1615,772,1.13
2011-06-10,United Kingdom,1477,847,4.09
2011-06-10,United Kingdom,1212,829,2.04
2011-06-10,United Kingdom,562,395,2.9
2011-06-10,United Kingdom,2231,1246,1.04
2011-06-10,United Kingdom,771,555,1.0
2011-06-10,United Kingdom,2144,1063,4.42
2011-06-10,United Kingdom,1906,1166,4.09
2011-06-10,European Community,100,46,4.15
2011-06-10,United Kingdom,1778,748,4.45
2011-06-10,United Kingdom,2079,1223,4.13
2011-06-10,United Kingdom,2868,1788,3.93
2011-06-10,United Kingdom,2559,1462,4.27
2011-06-10,United Kingdom,1704,815,2.61
2011-06-10,United Kingdom,1926,1374,1.6
2011-06-10,United Kingdom,1812,1173,4.27
2011-06-10,United Kingdom,1672,689,4.13
2011-06-10,United Kingdom,1984,1359,4.34
2011-06-10,France,1827,1217,3.34
2011-06-10,United Kingdom,1374,1005,3.49
2011-06-10,United Kingdom,2598,1534,3.72
2011-06-10,United Kingdom,533,254,1.12
2011-06-10,United Kingdom,1871,1205,2.96
2011-06-10,United Kingdom,2768,1802,2.92
2011-06-10,United Kingdom,1579,1156,4.34
2011-06-10,United Kingdom,832,661,3.95
2011-06-10,United Kingdom,1304,993,2.14
2011-06-10,United Kingdom,559,379,2.86
2011-06-10,United Kingdom,932,673,4.38
2011-06-10,United Kingdom,1129,716,3.69
2011-06-10,United Kingdom,1420,840,1.37
2011-06-10,United Kingdom,3174,2066,3.5
2011-06-10,United Kingdom,1172,767,2.46
2011-06-10,United Kingdom,1802,1365,4.36
2011-06-10,United Kingdom,946,668,2.37
2011-06-10,United Kingdom,497,293,3.96
2011-06-10,United Kingdom,2553,1703,1.64
2011-06-10,United Kingdom,1414,824,3.95
2011-06-10,United Kingdom,333,255,4.06
2011-06-10,United Kingdom,940,555,3.49
2011-06-10,United Kingdom,1971,1574,2.08
2011-06-10,United Kingdom,1266,515,3.5
2011-06-10,United Kingdom,535,243,1.42
2011-06-10,United Kingdom,100,60,1.11
2011-06-10,United Kingdom,925,381,2.99
2011-06-10,Switzerland,2927,1325,3.22
2011-06-10,United Kingdom,1776,1115,3.87
2011-06-10,United Kingdom,2285,1349,2.31
2011-06-10,United Kingdom,1121,834,4.03
2011-06-10,United Kingdom,2250,1335,3.65
2011-06-10,United Kingdom,2754,1912,2.75
2011-06-10,United Kingdom,100,73,3.75
2011-06-10,United Kingdom,2140,1018,3.44
2011-06-10,United Kingdom,326,210,1.85
2011-06-10,United Kingdom,481,289,4.11
2011-06-10,United Kingdom,2832,1232,2.11
2011-06-10,United Kingdom,2352,1852,1.35
2011-06-10,United Kingdom,1261,612,3.3
2011-06-10,United Kingdom,1622,1198,4.21
2011-06-10,United Kingdom,100,68,3.28
2011-06-10,United Kingdom,1086,466,3.42
2011-06-10,United Kingdom,2248,963,1.87
2011-06-10,United Kingdom,822,516,2.37
2011-06-10,United Kingdom,909,427,3.95
2011-06-10,United Kingdom,1622,807,1.27
2011-06-10,Germany,402,209,1.64
2011-06-10,United Kingdom,626,430,4.18
2011-06-10,United Kingdom,1180,927,1.86
2011-06-10,United Kingdom,1333,688,2.76
2011-06-10,United Kingdom,2243,1789,2.73
2011-06-10,United Kingdom,1870,1025,4.33
2011-06-10,United Kingdom,2738,2168,3.09
2011-06-10,United Kingdom,100,67,3.0
2011-06-10,United Kingdom,2398,1007,4.02
2011-06-10,United Kingdom,1770,1401,4.12
2011-06-10,United Kingdom,1413,788,2.72
2011-06-10,United Kingdom,1533,949,4.45
2011-06-10,United Kingdom,1857,897,2.57
2011-06-12,United Kingdom,1440,713,2.19
2011-06-12,United Kingdom,2614,1549,3.6
2011-06-12,United Kingdom,2516,1954,4.23
2011-06-12,France,1573,681,4.4
2011-06-12,United Kingdom,1185,853,1.31
2011-06-12,United Kingdom,1710,1199,1.18
2011-06-12,United Kingdom,2111,1249,3.5
2011-06-12,United Kingdom,2280,941,3.52
2011-06-12,United Kingdom,1756,829,4.49
2011-06-12,Germany,2115,1129,3.92
2011-06-12,United Kingdom,489,265,4.45
2011-06-12,United Kingdom,1038,775,3.42
2011-06-12,United Kingdom,844,360,3.26
2011-06-12,United Kingdom,1401,974,4.28
2011-06-12,United Kingdom,1986,1193,3.08
2011-06-12,United Kingdom,100,74,2.41
2011-06-12,United Kingdom,1998,914,3.31
2011-06-12,United Kingdom,1061,457,2.0
2011-06-12,United Kingdom,2273,1189,4.37
2011-06-12,United Kingdom,2303,1090,3.3
2011-06-12,United Kingdom,2768,1984,3.13
2011-06-12,United Kingdom,1017,776,4.33
2011-06-12,United Kingdom,1026,816,1.2
2011-06-12,United Kingdom,2442,1202,1.19
2011-06-12,United Kingdom,3791,2107,3.1
2011-06-12,United Kingdom,996,587,2.6
2011-06-12,United Kingdom,1295,634,1.15
2011-06-12,United Kingdom,1360,867,1.8
2011-06-12,United Kingdom,2638,1416,1.61
2011-06-12,United Kingdom,1471,667,1.86
2011-06-12,United Kingdom,1903,828,3.12
2011-06-12,United Kingdom,2026,824,2.98
2011-06-12,United Kingdom,2298,925,3.96
2011-06-12,United Kingdom,1599,885,1.27
2011-06-12,United Kingdom,1553,842,1.95
2011-06-12,United Kingdom,986,582,2.92
2011-06-12,United Kingdom,100,52,1.64
2011-06-12,United Kingdom,2779,1626,2.25
2011-06-12,United Kingdom,1059,811,2.36
2011-06-12,United Kingdom,1169,788,2.82
2011-06-13,United Kingdom,3096,1746,1.55
2011-06-13,United Kingdom,546,264,2.76
2011-06-13,United Kingdom,1225,856,4.19
2011-06-13,United Kingdom,1220,632,3.68
2011-06-13,United Kingdom,1932,1120,2.79
2011-06-13,United Kingdom,1996,1416,3.63
2011-06-13,United Kingdom,958,552,2.5
2011-06-13,France,649,264,1.51
2011-06-13,United Kingdom,2648,1389,1.34
2011-06-13,Germany,3403,2025,1.4
2011-06-13,EIRE,2101,983,3.16
2011-06-13,United Kingdom,100,50,4.41
2011-06-13,United Kingdom,100,55,1.54
2011-06-13,United Kingdom,1590,1262,2.34
2011-06-13,United Kingdom,897,555,2.74
2011-06-13,Germany,1055,501,4.41
2011-06-13,United Kingdom,1529,1104,3.61
2011-06-13,United Kingdom,2077,1457,3.6
2011-06-13,United Kingdom,2284,1745,3.23
2011-06-13,United Kingdom,2382,992,3.32
2011-06-13,United Kingdom,2243,1079,2.55
2011-06-13,United Kingdom,324,222,4.16
2011-06-13,France,2361,1586,3.72
2011-06-13,United Kingdom,1051,778,1.48
2011-06-13,United Kingdom,2301,1233,1.14
2011-06-13,France,2179,1464,2.22
2011-06-13,United Kingdom,2560,1105,1.89
2011-06-13,United Kingdom,241,134,2.2
2011-06-13,United Kingdom,2079,1604,3.05
2011-06-13,United Kingdom,2169,1558,1.44
2011-06-13,United Kingdom,1320,953,4.1
2011-06-13,United Kingdom,1107,804,2.04
2011-06-13,United Kingdom,2400,1575,3.02
2011-06-13,United Kingdom,976,713,2.22
2011-06-13,United Kingdom,1853,796,3.15
2011-06-13,United Kingdom,1462,824,3.42
2011-06-13,United Kingdom,1996,990,1.25
2011-06-13,United Kingdom,1616,814,1.01
2011-06-13,United Kingdom,2825,2222,1.35
2011-06-13,United Kingdom,893,500,1.83
2011-06-13,United Kingdom,1351,955,2.27
2011-06-13,United Kingdom,3372,1531,2.51
2011-06-13,United Kingdom,990,478,3.77
2011-06-13,United Kingdom,1570,891,4.25
2011-06-13,United Kingdom,2292,937,4.06
2011-06-13,Germany,574,413,3.88
2011-06-13,United Kingdom,2712,1450,1.18
2011-06-13,United Kingdom,1276,532,4.31
2011-06-13,United Kingdom,1661,1091,1.85
2011-06-13,United Kingdom,1762,1301,2.85
2011-06-13,United Kingdom,2208,1110,2.96
2011-06-13,United Kingdom,726,535,3.37
2011-06-13,United Kingdom,1704,1250,1.27
2011-06-13,United Kingdom,1964,1228,3.66
2011-06-13,United Kingdom,168,120,2.4
2011-06-13,Switzerland,1235,796,4.48
2011-06-13,United Kingdom,1736,752,2.97
2011-06-13,United Kingdom,1513,1018,1.2
2011-06-13,United Kingdom,2369,1035,2.9
2011-06-13,United Kingdom,1953,834,1.1
2011-06-13,United Kingdom,930,418,1.32
2011-06-13,United Kingdom,2462,1693,1.57
2011-06-13,United Kingdom,618,287,2.13
2011-06-13,United Kingdom,325,180,4.17
2011-06-13,United Kingdom,1526,1114,1.46
2011-06-13,United Kingdom,2281,1726,3.99
2011-06-13,United Kingdom,3335,1842,1.7
2011-06-13,United Kingdom,2083,866,3.41
2011-06-13,United Kingdom,2181,892,4.11
2011-06-13,United Kingdom,759,458,2.03
2011-06-13,United Kingdom,1042,555,3.09
2011-06-13,United Kingdom,2764,1942,3.57
2011-06-13,United Kingdom,1743,954,2.8
2011-06-13,United Kingdom,1013,463,3.0
2011-06-13,United Kingdom,1899,1242,1.16
2011-06-13,United Kingdom,1134,467,1.34
2011-06-13,United Kingdom,1569,678,3.94
2011-06-13,United Kingdom,140,76,2.77
2011-06-13,United Kingdom,1417,833,2.84
2011-06-13,United Kingdom,974,450,2.39
2011-06-14,United Kingdom,939,603,1.59
2011-06-14,United Kingdom,1897,828,2.83
2011-06-14,United Kingdom,1436,1029,2.58
2011-06-14,United Kingdom,1382,1057,3.7
2011-06-14,United Kingdom,1798,1094,3.27
2011-06-14,United Kingdom,1863,1284,1.83
2011-06-14,United Kingdom,1340,573,2.48
2011-06-14,United Kingdom,1089,570,2.96
2011-06-14,United Kingdom,1438,607,2.88
2011-06-14,United Kingdom,1555,770,4.46
2011-06-14,United Kingdom,1679,1318,2.99
2011-06-14,United Kingdom,2581,1729,4.38
2011-06-14,United Kingdom,1568,956,2.14
2011-06-14,United Kingdom,1213,929,3.08
2011-06-14,United Kingdom,2136,943,2.57
2011-06-14,United Kingdom,100,77,1.18
2011-06-14,United Kingdom,290,154,2.18
2011-06-14,United Kingdom,1658,766,1.12
2011-06-14,United Kingdom,2551,1080,1.25
2011-06-14,United Kingdom,1340,821,2.88
2011-06-14,United Kingdom,2677,2064,1.46
2011-06-14,United Kingdom,294,141,2.94
2011-06-14,United Kingdom,1305,865,1.13
2011-06-14,United Kingdom,253,119,2.14
2011-06-14,United Kingdom,1137,634,4.24
2011-06-14,United Kingdom,2305,1835,1.93
2011-06-14,United Kingdom,100,75,3.69
2011-06-14,United Kingdom,1935,1527,3.49
2011-06-14,United Kingdom,1160,882,1.01
2011-06-14,United Kingdom,1078,488,4.06
2011-06-14,United Kingdom,1377,703,3.06
2011-06-14,United Kingdom,492,215,4.28
2011-06-14,United Kingdom,1196,865,1.75
2011-06-14,United Kingdom,1987,931,1.21
2011-06-14,United Kingdom,1988,1317,2.7
2011-06-14,United Kingdom,1845,1291,2.12
2011-06-14,United Kingdom,721,558,3.95
2011-06-14,United Kingdom,776,582,3.74
2011-06-14,United Kingdom,1322,729,3.03
2011-06-14,United Kingdom,2451,1624,2.01
2011-06-14,United Kingdom,2636,1500,2.15
2011-06-14,United Kingdom,1842,881,2.68
2011-06-14,United Kingdom,3253,2528,1.99
2011-06-14,United Kingdom,215,146,1.43
2011-06-14,United Kingdom,1508,1180,1.36
2011-06-14,United Kingdom,100,43,3.62
2011-06-14,Austria,2287,1353,4.14
2011-06-14,United Kingdom,2264,1011,1.87
2011-06-14,United Kingdom,2685,1378,3.31
2011-06-14,United Kingdom,1601,1181,3.7
2011-06-14,United Kingdom,2197,1442,1.59
2011-06-14,United Kingdom,1862,1271,1.46
2011-06-14,United Kingdom,274,149,2.37
2011-06-14,United Kingdom,2550,1705,1.77
2011-06-14,United Kingdom,1829,1446,3.14
2011-06-14,United Kingdom,1216,947,3.62
2011-06-14,United Kingdom,1079,728,3.85
2011-06-14,United Kingdom,1093,866,1.44
2011-06-14,United Kingdom,100,68,1.94
2011-06-14,United Kingdom,460,352,2.49
2011-06-14,United Kingdom,1908,1443,1.76
2011-06-14,United Kingdom,1763,1406,3.71
2011-06-15,United Kingdom,2032,1621,1.1
2011-06-15,United Kingdom,2115,957,3.84
2011-06-15,France,2201,1401,2.24
2011-06-15,United Kingdom,2193,1459,1.39
2011-06-15,United Kingdom,100,61,3.28
2011-06-15,France,886,595,4.05
2011-06-15,France,1511,1150,2.72
2011-06-15,United Kingdom,1182,634,2.08
2011-06-15,United Kingdom,1390,704,4.22
2011-06-15,United Kingdom,1137,520,1.99
2011-06-15,United Kingdom,1334,751,1.45
2011-06-15,United Kingdom,100,43,4.14
2011-06-15,Portugal,314,162,3.3
2011-06-15,United Kingdom,2385,1437,1.46
2011-06-15,United Kingdom,733,579,1.34
2011-06-15,United Kingdom,558,284,1.51
2011-06-15,United Kingdom,1811,805,2.81
2011-06-15,United Kingdom,876,575,3.02
2011-06-15,United Kingdom,1045,773,3.43
2011-06-15,United Kingdom,1323,916,3.25
2011-06-15,United Kingdom,879,572,2.06
2011-06-15,United Kingdom,1596,914,4.25
2011-06-15,United Kingdom,2400,1300,2.82
2011-06-15,United Kingdom,1886,1261,3.07
2011-06-15,United Kingdom,1689,1235,1.44
2011-06-15,United Kingdom,1728,1320,4.24
2011-06-15,United Kingdom,2651,1797,3.73
2011-06-15,United Kingdom,1387,886,1.63
2011-06-15,United Kingdom,963,693,3.89
2011-06-15,United Kingdom,1830,1414,3.91
2011-06-15,United Kingdom,2073,1525,3.52
2011-06-15,France,1282,612,2.59
2011-06-15,United Kingdom,349,278,4.49
2011-06-15,United Kingdom,732,348,1.49
2011-06-15,United Kingdom,1485,1001,3.8
2011-06-15,United Kingdom,2228,988,2.38
2011-06-15,United Kingdom,1765,1341,4.05
2011-06-15,United Kingdom,1237,839,3.59
2011-06-15,United Kingdom,2013,1503,2.83
2011-06-15,United Kingdom,1182,642,2.14
2011-06-15,United Kingdom,2095,1347,2.74
2011-06-15,United Kingdom,1406,804,1.05
2011-06-15,United Kingdom,1362,604,3.47
2011-06-15,United Kingdom,1575,667,1.98
2011-06-15,United Kingdom,1378,852,2.43
2011-06-15,United Kingdom,1335,769,1.31
2011-06-15,United Kingdom,900,385,3.0
2011-06-15,United Kingdom,413,177,3.74
2011-06-15,Australia,652,494,4.05
2011-06-15,United Kingdom,1707,1301,2.06
2011-06-15,United Kingdom,1759,1011,3.27
2011-06-15,United Kingdom,571,278,2.86
2011-06-15,United Kingdom,1603,697,2.07
2011-06-15,United Kingdom,1284,977,2.16
2011-06-15,France,862,621,2.49
2011-06-15,United Kingdom,1292,623,3.78
2011-06-15,United Kingdom,973,772,2.24
2011-06-15,EIRE,2481,1541,3.52
2011-06-15,EIRE,1716,1288,3.35
2011-06-15,United Kingdom,1518,651,1.01
2011-06-15,United Kingdom,645,267,2.62
2011-06-15,United Kingdom,1861,1307,4.05
2011-06-15,United Kingdom,1459,1127,1.66
2011-06-15,United Kingdom,390,191,3.33
2011-06-15,United Kingdom,2755,2029,4.01
2011-06-15,United Kingdom,875,373,1.03
2011-06-15,United Kingdom,100,50,4.39
2011-06-15,United Kingdom,1401,767,1.35
2011-06-15,United Kingdom,1774,1091,4.06
2011-06-15,United Kingdom,1066,594,4.37
2011-06-15,United Kingdom,2940,1447,1.33
2011-06-15,United Kingdom,103,64,1.27
2011-06-15,United Kingdom,1914,1317,1.34
2011-06-15,United Kingdom,685,313,1.5
2011-06-15,United Kingdom,865,592,2.29
2011-06-16,EIRE,1795,1092,2.15
2011-06-16,United Kingdom,1448,981,2.68
2011-06-16,United Kingdom,995,662,2.07
2011-06-16,Germany,1002,489,3.54
2011-06-16,United Kingdom,2081,935,1.07
2011-06-16,United Kingdom,678,541,3.04
2011-06-16,United Kingdom,158,99,1.66
2011-06-16,United Kingdom,525,284,1.25
2011-06-16,United Kingdom,1660,1005,3.29
2011-06-16,United Kingdom,1090,705,3.67
2011-06-16,United Kingdom,1743,887,3.68
2011-06-16,United Kingdom,616,261,1.31
2011-06-16,United Kingdom,1059,736,1.97
2011-06-16,United Kingdom,2807,1879,3.66
2011-06-16,United Kingdom,2010,833,3.32
2011-06-16,United Kingdom,1772,830,1.29
2011-06-16,United Kingdom,1723,1338,4.19
2011-06-16,United Kingdom,854,531,1.02
2011-06-16,United Kingdom,1383,596,2.83
2011-06-16,United Kingdom,2610,1503,3.14
2011-06-16,United Kingdom,536,416,1.66
2011-06-16,United Kingdom,319,218,2.86
2011-06-16,United Kingdom,1574,785,3.17
2011-06-16,United Kingdom,2638,1560,4.39
2011-06-16,Spain,2940,2170,2.38
2011-06-16,United Kingdom,1596,1052,2.14
2011-06-16,United Kingdom,1886,1434,2.26
2011-06-16,United Kingdom,3099,1259,2.91
2011-06-16,United Kingdom,2557,1774,3.12
2011-06-16,United Kingdom,2170,1496,1.4
2011-06-16,United Kingdom,1166,699,1.16
2011-06-16,United Kingdom,1976,1327,4.09
2011-06-16,United Kingdom,1041,478,2.89
2011-06-16,United Kingdom,2508,1341,3.46
2011-06-16,United Kingdom,2432,1821,2.14
2011-06-16,United Kingdom,1379,830,3.74
2011-06-16,United Kingdom,1563,1184,1.25
2011-06-16,United Kingdom,436,199,2.93
2011-06-16,United Kingdom,100,53,1.56
2011-06-16,United Kingdom,955,462,3.56
2011-06-16,United Kingdom,1719,896,1.28
2011-06-16,United Kingdom,1666,1089,3.5
2011-06-16,Poland,1842,1103,2.11
2011-06-16,United Kingdom,2138,1213,2.4
2011-06-16,United Kingdom,2391,1642,1.39
2011-06-16,United Kingdom,2526,1147,3.3
2011-06-16,United Kingdom,1803,893,3.61
2011-06-16,United Kingdom,1348,789,3.2
2011-06-16,United Kingdom,1690,1347,1.71
2011-06-16,United Kingdom,654,298,3.01
2011-06-16,United Kingdom,1428,883,2.84
2011-06-16,United Kingdom,1384,611,2.43
2011-06-16,United Kingdom,702,415,2.23
2011-06-16,United Kingdom,1874,1153,4.25
2011-06-16,United Kingdom,579,357,3.83
2011-06-16,United Kingdom,1439,854,3.88
2011-06-16,United Kingdom,100,46,1.47
2011-06-16,United Kingdom,1879,770,1.34
2011-06-16,United Kingdom,2570,1093,2.85
2011-06-16,Malta,686,493,1.06
2011-06-16,Germany,1108,805,1.47
2011-06-16,Germany,2442,1157,4.12
2011-06-16,United Kingdom,1191,594,3.99
2011-06-16,United Kingdom,1813,1353,1.73
2011-06-16,United Kingdom,1161,811,2.69
2011-06-16,United Kingdom,231,104,2.83
2011-06-16,United Kingdom,386,188,2.6
2011-06-16,United Kingdom,927,685,1.11
2011-06-16,United Kingdom,754,471,2.92
2011-06-16,United Kingdom,2195,988,2.54
2011-06-16,United Kingdom,2199,1186,1.74
2011-06-16,United Kingdom,666,412,2.61
2011-06-16,United Kingdom,1825,737,4.15
2011-06-16,United Kingdom,181,109,2.87
2011-06-16,France,1499,1160,2.63
2011-06-16,United Kingdom,2458,1243,2.7
2011-06-16,United Kingdom,549,349,3.02
2011-06-16,United Kingdom,2504,1578,1.53
2011-06-16,United Kingdom,1861,817,3.3
2011-06-16,United Kingdom,2877,1195,2.72
2011-06-16,United Kingdom,1682,1309,1.59
2011-06-16,United Kingdom,198,90,3.71
2011-06-16,United Kingdom,729,477,3.22
2011-06-16,United Kingdom,1251,660,3.3
2011-06-16,United Kingdom,1107,779,3.46
2011-06-16,United Kingdom,506,279,1.01
2011-06-16,United Kingdom,1792,1365,2.33
2011-06-16,United Kingdom,2524,1314,1.35
2011-06-16,United Kingdom,275,190,2.9
2011-06-16,United Kingdom,1561,822,1.49
2011-06-16,United Kingdom,100,79,2.91
2011-06-16,United Kingdom,1189,693,1.64
2011-06-16,United Kingdom,2476,1757,2.28
2011-06-16,United Kingdom,456,324,2.89
2011-06-16,United Kingdom,2216,1066,2.78
2011-06-16,United Kingdom,1509,755,1.65
2011-06-16,United Kingdom,2234,1176,1.94
2011-06-16,United Kingdom,1861,1163,1.84
2011-06-16,United Kingdom,2319,1732,1.09
2011-06-16,United Kingdom,1163,809,3.61
2011-06-16,United Kingdom,1695,993,1.9
2011-06-16,United Kingdom,2285,1770,3.17
2011-06-17,United Kingdom,2401,1476,2.12
2011-06-17,United Kingdom,2852,1648,4.29
2011-06-17,United Kingdom,1355,682,1.76
2011-06-17,United Kingdom,1962,1264,2.99
2011-06-17,United Kingdom,1063,515,3.91
2011-06-17,EIRE,1269,560,2.87
2011-06-17,United Kingdom,1256,511,2.33
2011-06-17,United Kingdom,720,308,2.36
2011-06-17,United Kingdom,501,336,4.11
2011-06-17,United Kingdom,1767,1411,4.1
2011-06-17,United Kingdom,963,406,1.67
2011-06-17,France,1773,825,1.99
2011-06-17,United Kingdom,818,424,2.33
2011-06-17,United Kingdom,1626,720,4.09
2011-06-17,United Kingdom,1470,1037,3.57
2011-06-17,United Kingdom,2677,1897,1.05
2011-06-17,Belgium,1447,1053,4.43
2011-06-17,United Kingdom,2652,1990,4.18
2011-06-17,United Kingdom,2062,1195,3.18
2011-06-17,United Kingdom,1965,1292,1.1
2011-06-17,United Kingdom,2716,1231,1.59
2011-06-17,United Kingdom,813,333,1.82
2011-06-17,United Kingdom,2001,1275,4.47
2011-06-17,United Kingdom,3165,2190,3.6
2011-06-17,United Kingdom,994,492,1.69
2011-06-17,United Kingdom,1666,1037,3.01
2011-06-17,United Kingdom,227,105,3.85
2011-06-17,United Kingdom,2086,1031,3.97
2011-06-17,United Kingdom,2373,1880,2.64
2011-06-17,United Kingdom,828,454,4.15
2011-06-17,United Kingdom,1353,551,1.98
2011-06-17,United Kingdom,1967,1416,3.03
2011-06-17,United Kingdom,1608,1055,3.73
2011-06-17,United Kingdom,1622,1155,2.65
2011-06-17,United Kingdom,604,320,3.68
2011-06-17,United Kingdom,1771,915,3.63
2011-06-17,United Kingdom,1915,934,1.2
2011-06-17,Channel Islands,2342,1138,4.48
2011-06-17,United Kingdom,1838,1209,3.9
2011-06-17,United Kingdom,100,54,2.49
2011-06-17,United Kingdom,1277,987,2.49
2011-06-17,United Kingdom,1974,875,2.95
2011-06-17,United Kingdom,1767,1112,2.21
2011-06-17,United Kingdom,3119,1785,3.82
2011-06-17,United Kingdom,1384,577,2.88
2011-06-17,United Kingdom,869,425,1.48
2011-06-17,United Kingdom,1902,916,3.46
2011-06-17,Belgium,1624,957,3.53
2011-06-17,United Kingdom,442,269,1.6
2011-06-17,United Kingdom,1416,929,4.35
2011-06-17,United Kingdom,3086,1793,3.63
2011-06-17,France,1867,1393,2.5
2011-06-17,United Kingdom,1235,671,3.88
2011-06-17,United Kingdom,2677,1497,2.42
2011-06-17,United Kingdom,814,434,1.38
2011-06-17,United Kingdom,813,418,1.23
2011-06-17,United Kingdom,2173,1253,4.46
2011-06-17,United Kingdom,2110,1196,1.63
2011-06-17,United Kingdom,2701,1537,3.65
2011-06-19,United Kingdom,100,40,1.6
2011-06-19,United Kingdom,1323,901,1.95
2011-06-19,United Kingdom,1436,819,1.68
2011-06-19,United Kingdom,1202,888,1.01
2011-06-19,United Kingdom,3117,1890,4.0
2011-06-19,United Kingdom,1519,1017,2.11
2011-06-19,United Kingdom,1824,881,4.23
2011-06-19,United Kingdom,544,424,1.86
2011-06-19,Netherlands,1630,1277,3.04
2011-06-19,United Kingdom,2411,1317,2.64
2011-06-19,United Kingdom,337,269,4.32
2011-06-19,United Kingdom,1785,1096,3.23
2011-06-19,United Kingdom,2173,1605,3.9
2011-06-19,United Kingdom,772,461,1.62
2011-06-19,United Kingdom,2820,2209,1.48
2011-06-19,United Kingdom,100,67,1.23
2011-06-19,United Kingdom,1125,477,4.45
2011-06-19,United Kingdom,1496,664,1.14
2011-06-19,United Kingdom,1494,741,1.21
2011-06-19,United Kingdom,100,74,2.29
2011-06-19,United Kingdom,1025,699,1.83
2011-06-19,United Kingdom,1860,1252,2.78
2011-06-19,United Kingdom,100,71,1.08
2011-06-19,United Kingdom,2515,1164,4.07
2011-06-19,United Kingdom,2849,2151,4.36
2011-06-19,United Kingdom,971,728,1.12
2011-06-19,United Kingdom,1979,1246,1.91
2011-06-19,United Kingdom,1293,546,1.94
2011-06-19,United Kingdom,1416,785,1.46
2011-06-19,United Kingdom,2141,1399,2.51
2011-06-19,United Kingdom,809,517,2.67
2011-06-19,United Kingdom,1372,1092,4.45
2011-06-19,United Kingdom,1731,1030,3.27
2011-06-19,United Kingdom,1233,507,1.73
2011-06-19,United Kingdom,1151,780,1.76
2011-06-19,United Kingdom,3900,2411,1.43
2011-06-19,United Kingdom,2059,1583,1.73
2011-06-19,United Kingdom,1342,750,2.33
2011-06-19,France,1575,1167,2.28
2011-06-19,United Kingdom,1461,978,2.71
2011-06-19,Spain,1863,1452,4.14
2011-06-19,United Kingdom,1706,867,1.91
2011-06-19,United Kingdom,1190,791,1.54
2011-06-19,Spain,1558,969,3.66
2011-06-19,United Kingdom,2138,1600,2.06
2011-06-19,United Kingdom,2042,1219,3.99
2011-06-19,Spain,1485,850,4.17
2011-06-19,United Kingdom,1432,622,2.48
2011-06-19,United Kingdom,2869,2169,2.17
2011-06-19,United Kingdom,2815,1142,2.41
2011-06-19,United Kingdom,1522,1062,3.14
2011-06-19,United Kingdom,863,348,3.67
2011-06-19,United Kingdom,613,400,1.6
2011-06-19,United Kingdom,726,320,3.05
2011-06-19,United Kingdom,2006,1353,1.28
2011-06-19,United Kingdom,1810,1238,2.67
2011-06-19,United Kingdom,648,343,1.45
2011-06-19,Spain,1787,1387,3.56
2011-06-19,United Kingdom,1421,969,2.45
2011-06-19,United Kingdom,100,42,3.91
2011-06-19,United Kingdom,1540,803,1.77
2011-06-19,EIRE,858,420,4.24
2011-06-20,United Kingdom,812,534,2.89
2011-06-20,United Kingdom,926,470,1.17
2011-06-20,Canada,1138,856,1.56
2011-06-20,United Kingdom,767,364,4.0
2011-06-20,United Kingdom,2507,1646,2.13
2011-06-20,United Kingdom,1616,921,1.13
2011-06-20,United Kingdom,1513,777,3.41
2011-06-20,Netherlands,1342,556,3.19
2011-06-20,United Kingdom,100,55,3.2
2011-06-20,United Kingdom,1677,1291,4.45
2011-06-20,United Kingdom,938,382,3.86
2011-06-20,United Kingdom,2477,1036,2.56
2011-06-20,United Kingdom,1000,455,1.95
2011-06-20,United Kingdom,2101,1116,2.59
2011-06-20,United Kingdom,2580,1468,4.04
2011-06-20,EIRE,1306,880,1.13
2011-06-20,EIRE,100,77,2.48
2011-06-20,EIRE,2536,1430,3.97
2011-06-20,United Kingdom,983,439,3.28
2011-06-20,United Kingdom,1994,927,4.48
2011-06-20,United Kingdom,3062,1872,3.76
2011-06-20,Germany,2138,1657,2.87
2011-06-20,United Kingdom,2007,1164,2.54
2011-06-20,United Kingdom,148,111,3.06
2011-06-20,Germany,2048,1181,1.44
2011-06-20,United Kingdom,2127,1056,3.28
2011-06-20,United Kingdom,1738,1291,4.14
2011-06-20,United Kingdom,1663,1042,4.49
2011-06-20,United Kingdom,1089,786,4.46
2011-06-20,United Kingdom,100,61,2.75
2011-06-20,United Kingdom,708,402,3.04
2011-06-20,United Kingdom,2386,1865,1.75
2011-06-20,United Kingdom,1365,955,3.46
2011-06-20,United Kingdom,893,465,3.02
2011-06-20,United Kingdom,100,62,1.35
2011-06-20,Denmark,2574,1228,1.02
2011-06-20,United Kingdom,2461,1559,2.14
2011-06-20,United Kingdom,2120,995,3.65
2011-06-20,United Kingdom,2526,1399,2.5
2011-06-20,United Kingdom,1001,687,3.12
2011-06-20,United Kingdom,1383,601,4.28
2011-06-20,United Kingdom,2106,915,2.31
2011-06-20,United Kingdom,1501,1129,3.01
2011-06-20,United Kingdom,1647,706,2.64
2011-06-20,Germany,1230,576,3.91
2011-06-20,United Kingdom,1123,834,3.0
2011-06-20,United Kingdom,698,380,1.14
2011-06-20,United Kingdom,1589,1209,2.32
2011-06-20,United Kingdom,2192,1330,1.29
2011-06-20,United Kingdom,2153,1332,1.28
2011-06-20,Norway,1547,1227,2.73
2011-06-20,United Kingdom,435,347,1.21
2011-06-20,Norway,100,49,4.27
2011-06-20,United Kingdom,1167,568,1.66
2011-06-20,United Kingdom,1612,1198,4.06
2011-06-20,United Kingdom,2965,2128,2.93
2011-06-20,United Kingdom,109,62,1.76
2011-06-20,United Kingdom,1319,576,2.14
2011-06-20,United Kingdom,1040,633,1.41
2011-06-20,United Kingdom,100,65,2.18
2011-06-20,France,290,178,4.23
2011-06-20,United Kingdom,2633,1815,3.97
2011-06-20,United Kingdom,100,79,1.18
2011-06-20,United Kingdom,1037,813,3.97
2011-06-20,United Kingdom,966,406,2.87
2011-06-20,United Kingdom,1774,944,2.36
2011-06-20,France,2357,1248,4.35
2011-06-20,United Kingdom,1265,700,3.45
2011-06-20,United Kingdom,1928,1131,3.27
2011-06-20,United Kingdom,2275,1321,2.6
2011-06-20,United Kingdom,1154,513,2.32
2011-06-20,United Kingdom,880,404,2.58
2011-06-20,United Kingdom,1460,609,3.38
2011-06-20,Unspecified,364,265,4.33
2011-06-20,United Kingdom,398,289,2.88
2011-06-20,United Kingdom,1843,1278,2.94
2011-06-20,United Kingdom,179,95,2.06
2011-06-20,United Kingdom,1687,1278,3.34
2011-06-20,United Kingdom,135,74,1.45
2011-06-20,United Kingdom,465,186,1.3
2011-06-20,United Kingdom,2950,2254,3.17
2011-06-20,United Kingdom,2100,845,2.69
2011-06-20,United Kingdom,1941,785,1.86
2011-06-20,United Kingdom,1990,1086,3.73
2011-06-20,United Kingdom,2135,1339,2.25
2011-06-20,United Kingdom,1350,628,4.16
2011-06-20,United Kingdom,1904,1344,3.51
2011-06-20,United Kingdom,1882,901,2.03
2011-06-20,United Kingdom,1817,1382,1.2
2011-06-20,United Kingdom,1859,1400,1.12
2011-06-20,United Kingdom,2856,1775,1.71
2011-06-20,United Kingdom,673,484,1.63
2011-06-20,United Kingdom,1971,1200,3.79
2011-06-20,United Kingdom,1171,771,2.13
2011-06-21,United Kingdom,1864,927,3.34
2011-06-21,United Kingdom,1015,769,2.56
2011-06-21,Netherlands,1735,1372,1.81
2011-06-21,United Kingdom,145,94,1.81
2011-06-21,United Kingdom,1554,1000,3.36
2011-06-21,United Kingdom,750,433,4.06
2011-06-21,United Kingdom,1083,501,1.84
2011-06-21,United Kingdom,796,405,3.53
2011-06-21,United Kingdom,1911,1408,2.23
2011-06-21,United Kingdom,100,47,3.59
2011-06-21,Germany,1158,870,3.84
2011-06-21,United Kingdom,363,224,3.8
2011-06-21,United Kingdom,718,397,3.86
2011-06-21,United Kingdom,2142,946,1.14
2011-06-21,United Kingdom,779,527,2.66
2011-06-21,United Kingdom,1229,901,1.29
2011-06-21,United Kingdom,869,647,1.9
2011-06-21,United Kingdom,2224,1498,3.5
2011-06-21,United Kingdom,1188,740,1.01
2011-06-21,United Kingdom,1679,918,3.23
2011-06-21,United Kingdom,2174,1538,4.04
2011-06-21,United Kingdom,2845,1650,1.16
2011-06-21,United Kingdom,861,487,2.57
2011-06-21,United Kingdom,752,465,2.4
2011-06-21,United Kingdom,1338,704,2.57
2011-06-21,EIRE,1564,1234,2.1
2011-06-21,United Kingdom,1901,1020,4.09
2011-06-21,United Kingdom,1624,1009,1.73
2011-06-21,United Kingdom,1836,1386,1.96
2011-06-21,United Kingdom,225,124,1.97
2011-06-21,United Kingdom,1846,1314,2.13
2011-06-21,United Kingdom,1381,915,2.93
2011-06-21,United Kingdom,3122,2139,4.19
2011-06-21,United Kingdom,2835,2041,3.16
2011-06-21,United Kingdom,100,62,3.66
2011-06-21,United Kingdom,652,516,4.13
2011-06-21,Norway,1672,1276,2.61
2011-06-21,United Kingdom,1820,1315,2.31
2011-06-21,United Kingdom,1570,1079,2.97
2011-06-21,United Kingdom,2456,1919,1.65
2011-06-21,United Kingdom,1136,893,1.24
2011-06-21,France,1403,619,1.38
2011-06-21,United Kingdom,1418,649,2.77
2011-06-21,United Kingdom,1546,953,2.98
2011-06-21,United Kingdom,100,62,3.18
2011-06-21,United Kingdom,468,362,3.11
2011-06-21,United Kingdom,482,217,4.24
2011-06-21,United Kingdom,2337,1049,3.66
2011-06-21,United Kingdom,2793,1251,2.62
2011-06-21,United Kingdom,2328,1795,3.88
2011-06-21,United Kingdom,1564,1012,3.47
2011-06-21,United Kingdom,1660,728,1.1
2011-06-21,United Kingdom,902,448,3.09
2011-06-21,United Kingdom,4049,1729,3.82
2011-06-21,United Kingdom,3248,2109,3.68
2011-06-21,United Kingdom,483,344,1.26
2011-06-21,United Kingdom,936,484,3.01
2011-06-21,United Kingdom,2175,1405,1.77
2011-06-21,United Kingdom,1214,912,3.89
2011-06-21,United Kingdom,1583,783,2.41
2011-06-21,United Kingdom,1650,1183,4.21
2011-06-21,United Kingdom,1559,1219,1.46
2011-06-21,United Kingdom,426,284,3.81
2011-06-21,United Kingdom,2311,1744,1.63
2011-06-21,United Kingdom,1495,1034,2.97
2011-06-21,United Kingdom,3717,1820,3.83
2011-06-21,United Kingdom,1674,1117,1.49
2011-06-21,United Kingdom,2962,2080,4.12
2011-06-21,United Kingdom,1548,1161,2.25
2011-06-21,United Kingdom,615,468,3.96
2011-06-21,United Kingdom,865,520,2.22
2011-06-21,United Kingdom,1434,740,3.16
2011-06-21,United Kingdom,1625,1180,3.58
2011-06-21,United Kingdom,1703,847,2.99
2011-06-21,United Kingdom,1513,653,3.75
2011-06-21,United Kingdom,1905,1483,3.87
2011-06-21,EIRE,876,563,1.27
2011-06-21,EIRE,1190,616,3.35
2011-06-21,United Kingdom,979,530,1.41
2011-06-21,United Kingdom,1138,527,3.23
2011-06-22,United Kingdom,552,303,4.24
2011-06-22,Malta,976,564,2.86
2011-06-22,France,100,68,3.78
2011-06-22,Japan,2034,1397,4.1
2011-06-22,United Kingdom,1503,719,3.39
2011-06-22,United Kingdom,612,456,3.51
2011-06-22,United Kingdom,1456,1042,3.99
2011-06-22,United Kingdom,1218,850,4.25
2011-06-22,Hong Kong,1356,769,2.78
2011-06-22,United Kingdom,1706,921,2.97
2011-06-22,United Kingdom,1389,1084,4.35
2011-06-22,United Kingdom,980,768,3.09
2011-06-22,France,1867,894,3.62
2011-06-22,United Kingdom,2407,1128,3.3
2011-06-22,United Kingdom,1133,563,2.02
2011-06-22,United Kingdom,2220,1371,1.8
2011-06-22,EIRE,1741,1253,4.25
2011-06-22,United Kingdom,916,525,2.96
2011-06-22,United Kingdom,1486,1108,3.61
2011-06-22,United Kingdom,2739,1676,3.95
2011-06-22,United Kingdom,2181,1728,3.23
2011-06-22,United Kingdom,1459,1049,2.96
2011-06-22,United Kingdom,1196,524,2.44
2011-06-22,United Kingdom,2491,1525,1.01
2011-06-22,United Kingdom,3727,2575,2.84
2011-06-22,United Kingdom,2613,1861,1.9
2011-06-22,United Kingdom,584,377,4.19
2011-06-22,United Kingdom,1606,729,2.58
2011-06-22,Norway,399,284,1.25
2011-06-22,United Kingdom,838,627,2.08
2011-06-22,United Kingdom,658,308,1.77
2011-06-22,United Kingdom,100,51,1.12
2011-06-22,EIRE,1339,1058,2.64
2011-06-22,United Kingdom,642,508,3.63
2011-06-22,United Kingdom,1345,1028,2.47
2011-06-22,United Kingdom,1832,1051,3.91
2011-06-22,United Kingdom,1931,939,4.21
2011-06-22,United Kingdom,2049,1577,2.86
2011-06-22,United Kingdom,1924,784,2.73
2011-06-22,United Kingdom,455,292,1.11
2011-06-22,United Kingdom,1074,593,3.29
2011-06-22,United Kingdom,100,70,2.53
2011-06-22,United Kingdom,1850,1025,1.92
2011-06-22,United Kingdom,589,309,4.43
2011-06-22,United Kingdom,3353,2065,4.35
2011-06-22,United Kingdom,965,518,2.62
2011-06-22,United Kingdom,2178,1243,2.76
2011-06-22,United Kingdom,318,177,3.68
2011-06-22,United Kingdom,2163,1149,2.58
2011-06-22,United Kingdom,941,397,2.8
2011-06-22,United Kingdom,2206,1466,2.05
2011-06-22,United Kingdom,3528,2195,4.27
2011-06-22,United Kingdom,100,65,1.25
2011-06-22,United Kingdom,1245,544,2.09
2011-06-22,United Kingdom,2101,1578,1.06
2011-06-22,United Kingdom,1308,908,2.33
2011-06-22,United Kingdom,2306,1614,1.72
2011-06-22,United Kingdom,569,353,3.55
2011-06-22,United Kingdom,728,451,3.89
2011-06-22,United Kingdom,1053,734,4.14
2011-06-22,Belgium,2868,1639,3.14
2011-06-22,United Kingdom,797,597,1.88
2011-06-22,United Kingdom,451,287,3.01
2011-06-22,United Kingdom,643,300,1.03
2011-06-22,United Kingdom,1911,1164,1.28
2011-06-23,United Kingdom,100,69,3.72
2011-06-23,United Kingdom,3002,1629,3.33
2011-06-23,United Kingdom,425,214,4.36
2011-06-23,United Kingdom,100,63,3.52
2011-06-23,United Kingdom,100,49,4.18
2011-06-23,United Kingdom,2131,1042,3.43
2011-06-23,United Kingdom,1824,1041,2.99
2011-06-23,United Kingdom,1572,1216,1.37
2011-06-23,United Kingdom,2192,1046,4.1
2011-06-23,Finland,1746,743,4.02
2011-06-23,United Kingdom,100,61,4.27
2011-06-23,United Kingdom,1977,1578,3.19
2011-06-23,United Kingdom,2174,1682,3.14
2011-06-23,United Kingdom,727,441,3.68
2011-06-23,United Kingdom,2307,1251,3.35
2011-06-23,United Kingdom,1449,1102,1.56
2011-06-23,United Kingdom,1039,701,2.6
2011-06-23,Germany,2304,1552,1.34
2011-06-23,United Kingdom,787,414,3.85
2011-06-23,United Kingdom,576,306,3.15
2011-06-23,United Kingdom,1068,742,3.44
2011-06-23,United Kingdom,513,264,1.64
2011-06-23,United Kingdom,1905,893,1.35
2011-06-23,United Kingdom,1747,729,2.47
2011-06-23,United Kingdom,1282,903,1.79
2011-06-23,United Kingdom,2231,1529,2.88
2011-06-23,United Kingdom,2119,907,1.07
2011-06-23,United Kingdom,1685,758,2.18
2011-06-23,United Kingdom,2431,1107,1.01
2011-06-23,United Kingdom,575,239,2.9
2011-06-23,United Kingdom,2073,1080,3.44
2011-06-23,United Kingdom,1697,856,3.27
2011-06-23,EIRE,731,306,2.98
2011-06-23,United Kingdom,2461,1888,2.44
2011-06-23,EIRE,1272,898,4.04
2011-06-23,United Kingdom,2674,1188,3.45
2011-06-23,United Kingdom,1457,823,4.3
2011-06-23,United Kingdom,958,546,3.96
2011-06-23,EIRE,1981,1040,2.86
2011-06-23,EIRE,1383,973,1.99
2011-06-23,United Kingdom,200,82,2.98
2011-06-23,United Kingdom,280,205,2.81
2011-06-23,United Kingdom,1013,593,4.13
2011-06-23,United Kingdom,2038,1441,1.38
2011-06-23,Belgium,2737,1579,2.3
2011-06-23,United Kingdom,2550,1944,1.98
2011-06-23,United Kingdom,501,206,3.95
2011-06-23,United Kingdom,2510,1352,3.02
2011-06-23,Denmark,1333,687,1.82
2011-06-23,United Kingdom,924,518,3.45
2011-06-23,United Kingdom,1567,1140,2.13
2011-06-23,United Kingdom,2954,2325,3.29
2011-06-23,United Kingdom,824,335,4.44
2011-06-23,United Kingdom,1174,557,2.9
2011-06-23,United Kingdom,361,252,3.65
2011-06-23,United Kingdom,1485,1178,3.14
2011-06-23,United Kingdom,1802,885,1.68
2011-06-23,United Kingdom,1825,1198,1.45
2011-06-23,United Kingdom,2158,1476,1.24
2011-06-23,United Kingdom,2072,1422,1.9
2011-06-23,United Kingdom,1212,695,2.23
2011-06-23,United Kingdom,1923,836,1.03
2011-06-23,United Kingdom,2673,1543,2.22
2011-06-23,United Kingdom,2570,1924,2.99
2011-06-23,United Kingdom,1813,802,1.82
2011-06-23,Sweden,100,62,1.06
2011-06-23,United Kingdom,1409,1119,1.4
2011-06-23,United Kingdom,2004,906,1.42
2011-06-23,United Kingdom,1207,647,3.73
2011-06-23,United Kingdom,1933,948,4.39
2011-06-23,United Kingdom,964,661,3.88
2011-06-23,United Kingdom,2531,1273,1.97
2011-06-23,United Kingdom,1872,1381,2.24
2011-06-23,United Kingdom,1060,616,1.99
2011-06-23,United Kingdom,1360,829,2.99
2011-06-23,United Kingdom,2410,1208,3.43
2011-06-23,United Kingdom,2151,1565,2.08
2011-06-23,United Kingdom,1517,1039,1.61
2011-06-23,United Kingdom,1671,807,3.41
2011-06-23,United Kingdom,732,410,4.04
2011-06-23,United Kingdom,100,40,2.7
2011-06-23,United Kingdom,1745,1065,1.04
2011-06-23,United Kingdom,2351,1298,2.18
2011-06-23,United Kingdom,2781,1991,2.41
2011-06-23,United Kingdom,1120,660,3.63
2011-06-23,United Kingdom,2098,892,3.22
2011-06-24,United Kingdom,1054,551,1.71
2011-06-24,United Kingdom,2179,1664,3.2
2011-06-24,United Kingdom,1103,657,3.59
2011-06-24,United Kingdom,2361,1031,1.21
2011-06-24,United Kingdom,1882,1105,1.51
2011-06-24,United Kingdom,2425,1314,4.47
2011-06-24,United Kingdom,982,569,4.22
2011-06-24,United Kingdom,302,232,2.63
2011-06-24,United Kingdom,100,52,2.45
2011-06-24,United Kingdom,793,613,1.61
2011-06-24,United Kingdom,542,365,1.72
2011-06-24,Germany,2541,1730,3.57
2011-06-24,United Kingdom,886,364,1.14
2011-06-24,United Kingdom,802,556,1.82
2011-06-24,United Kingdom,1919,1163,2.45
2011-06-24,United Kingdom,1074,633,2.34
2011-06-24,United Kingdom,1255,511,4.16
2011-06-24,United Kingdom,1698,1143,2.26
2011-06-24,United Kingdom,706,385,2.82
2011-06-24,United Kingdom,2215,1752,3.33
2011-06-24,United Kingdom,1186,593,1.53
2011-06-24,United Kingdom,606,332,3.63
2011-06-24,United Kingdom,2948,1614,3.99
2011-06-24,United Kingdom,375,260,3.27
2011-06-24,United Kingdom,136,87,1.97
2011-06-24,United Kingdom,1725,1047,2.6
2011-06-24,United Kingdom,1831,839,1.11
2011-06-24,United Kingdom,3078,1916,1.87
2011-06-24,United Kingdom,1698,970,2.99
2011-06-24,United Kingdom,2244,1095,3.36
2011-06-24,Switzerland,3732,2516,2.65
2011-06-24,United Kingdom,2493,1889,3.93
2011-06-24,United Kingdom,1921,1128,1.26
2011-06-24,United Kingdom,796,533,3.0
2011-06-24,France,657,428,2.59
2011-06-24,EIRE,987,486,2.25
2011-06-24,EIRE,2556,1767,3.91
2011-06-24,EIRE,721,368,1.3
2011-06-24,United Kingdom,1579,1025,2.81
2011-06-24,United Kingdom,2743,1784,4.39
2011-06-24,United Kingdom,1312,897,3.79
2011-06-24,United Kingdom,1605,671,1.99
2011-06-24,United Kingdom,1546,656,1.77
2011-06-24,United Kingdom,1163,596,2.67
2011-06-24,United Kingdom,863,541,3.48
2011-06-24,United Kingdom,2477,1245,3.75
2011-06-24,United Kingdom,2400,1555,3.17
2011-06-24,Portugal,834,539,3.43
2011-06-24,United Kingdom,1691,777,3.27
2011-06-24,United Kingdom,2702,1355,3.52
2011-06-24,United Kingdom,458,311,2.27
2011-06-24,United Kingdom,2397,1574,1.29
2011-06-24,United Kingdom,1637,704,3.43
2011-06-24,EIRE,100,40,2.39
2011-06-24,United Kingdom,1161,755,1.98
2011-06-24,United Kingdom,882,369,3.38
2011-06-24,United Kingdom,927,579,1.75
2011-06-24,United Kingdom,1098,556,4.23
2011-06-24,United Kingdom,1072,683,2.44
2011-06-24,United Kingdom,867,406,1.43
2011-06-26,United Kingdom,2566,1221,2.5
2011-06-26,United Kingdom,1455,779,3.34
2011-06-26,United Kingdom,2195,1540,1.02
2011-06-26,United Kingdom,250,125,2.75
2011-06-26,United Kingdom,1274,822,2.77
2011-06-26,United Kingdom,2942,1558,3.35
2011-06-26,United Kingdom,1754,1004,1.21
2011-06-26,United Kingdom,2881,2031,1.83
2011-06-26,United Kingdom,2356,1278,3.3
2011-06-26,United Kingdom,546,345,1.03
2011-06-26,United Kingdom,100,51,2.36
2011-06-26,United Kingdom,1767,1224,1.06
2011-06-26,Switzerland,1183,608,2.25
2011-06-26,United Kingdom,100,73,4.45
2011-06-26,United Kingdom,867,689,3.99
2011-06-26,United Kingdom,2325,1556,1.86
2011-06-26,United Kingdom,874,535,3.26
2011-06-26,United Kingdom,1158,704,1.45
2011-06-26,United Kingdom,1498,605,3.23
2011-06-26,United Kingdom,2234,1551,3.03
2011-06-26,United Kingdom,1163,487,2.12
2011-06-26,United Kingdom,1305,946,3.48
2011-06-26,United Kingdom,740,569,2.7
2011-06-26,United Kingdom,2448,1666,3.27
2011-06-26,United Kingdom,2325,1372,4.34
2011-06-26,United Kingdom,525,411,4.02
2011-06-26,United Kingdom,2632,1805,2.89
2011-06-26,United Kingdom,1382,776,1.79
2011-06-26,United Kingdom,1209,944,2.11
2011-06-26,United Kingdom,757,407,2.21
2011-06-26,United Kingdom,1807,954,2.77
2011-06-26,Spain,1995,1363,1.66
2011-06-26,Germany,318,182,2.72
2011-06-26,United Kingdom,1253,960,1.93
2011-06-26,United Kingdom,2372,1632,1.52
2011-06-26,United Kingdom,2504,1578,3.34
2011-06-27,EIRE,1364,607,4.34
2011-06-27,EIRE,100,41,1.95
2011-06-27,United Kingdom,512,393,1.17
2011-06-27,United Kingdom,525,283,2.44
2011-06-27,United Kingdom,1521,864,2.19
2011-06-27,United Kingdom,3135,2245,4.2
2011-06-27,United Kingdom,2075,1000,2.76
2011-06-27,United Kingdom,835,410,3.5
2011-06-27,France,725,575,2.36
2011-06-27,United Kingdom,939,551,1.94
2011-06-27,United Kingdom,1467,798,3.63
2011-06-27,United Kingdom,3403,2295,3.61
2011-06-27,United Kingdom,3014,1461,2.14
2011-06-27,United Kingdom,1371,1066,1.43
2011-06-27,United Kingdom,2314,1082,2.21
2011-06-27,United Kingdom,2559,1073,2.71
2011-06-27,United Kingdom,2923,1606,2.84
2011-06-27,United Kingdom,857,425,1.43
2011-06-27,United Kingdom,1000,617,2.39
2011-06-27,United Kingdom,566,436,2.14
2011-06-27,United Kingdom,1992,951,2.49
2011-06-27,United Kingdom,1792,786,1.24
2011-06-27,United Kingdom,1970,1448,3.76
2011-06-27,United Kingdom,982,593,3.06
2011-06-27,United Kingdom,1306,610,2.42
2011-06-27,United Kingdom,1344,602,2.96
2011-06-27,United Kingdom,2263,1165,1.73
2011-06-27,United Kingdom,1592,835,1.74
2011-06-27,United Kingdom,163,80,1.54
2011-06-27,United Kingdom,1006,469,2.4
2011-06-27,United Kingdom,2634,1365,3.81
2011-06-27,United Kingdom,994,654,2.67
2011-06-27,United Kingdom,1387,792,1.28
2011-06-27,United Kingdom,146,106,2.21
2011-06-27,United Kingdom,2959,1902,3.36
2011-06-27,United Kingdom,1577,1198,1.97
2011-06-27,United Kingdom,1195,568,3.94
2011-06-27,United Kingdom,992,591,1.91
2011-06-27,United Kingdom,2292,1194,1.77
2011-06-27,United Kingdom,1412,953,3.07
2011-06-27,United Kingdom,100,43,3.13
2011-06-27,United Kingdom,1670,870,3.09
2011-06-27,United Kingdom,1715,861,3.37
2011-06-27,United Kingdom,390,199,1.82
2011-06-27,United Kingdom,1414,1003,3.86
2011-06-27,United Kingdom,2204,1581,1.92
2011-06-27,United Kingdom,137,63,2.32
2011-06-27,United Kingdom,938,375,3.02
2011-06-27,United Kingdom,898,665,3.16
2011-06-27,United Kingdom,1617,1181,3.34
2011-06-27,United Kingdom,2100,1072,3.19
2011-06-27,United Kingdom,1246,552,1.51
2011-06-27,United Kingdom,2612,2041,3.86
2011-06-27,United Kingdom,1998,1586,2.98
2011-06-27,United Kingdom,1077,710,3.03
2011-06-28,United Kingdom,2927,2149,2.13
2011-06-28,United Kingdom,1766,1286,4.3
2011-06-28,United Kingdom,2544,1751,2.41
2011-06-28,Netherlands,885,638,1.74
2011-06-28,Netherlands,1499,994,1.84
2011-06-28,United Kingdom,681,499,2.09
2011-06-28,United Kingdom,1874,1344,1.87
2011-06-28,United Kingdom,1574,647,2.67
2011-06-28,United Kingdom,1511,1028,3.1
2011-06-28,United Kingdom,1295,523,3.64
2011-06-28,United Kingdom,118,50,2.16
2011-06-28,United Kingdom,1517,701,3.37
2011-06-28,United Kingdom,1522,1110,4.05
2011-06-28,United Kingdom,1537,946,2.25
2011-06-28,United Kingdom,250,184,1.16
2011-06-28,United Kingdom,3502,2573,3.6
2011-06-28,Netherlands,739,327,1.66
2011-06-28,United Kingdom,2985,1686,2.21
2011-06-28,United Kingdom,651,351,2.12
2011-06-28,United Kingdom,2029,1433,2.56
2011-06-28,United Kingdom,995,472,4.21
2011-06-28,United Kingdom,100,49,1.08
2011-06-28,United Kingdom,1107,527,2.31
2011-06-28,United Kingdom,2056,1204,2.7
2011-06-28,United Kingdom,1568,905,2.96
2011-06-28,United Kingdom,1748,1314,1.46
2011-06-28,United Kingdom,3754,2522,2.37
2011-06-28,United Kingdom,649,278,4.25
2011-06-28,United Kingdom,1282,721,1.47
2011-06-28,United Kingdom,1953,1549,3.73
2011-06-28,United Kingdom,100,55,2.26
2011-06-28,United Kingdom,2415,1431,2.65
2011-06-28,United Kingdom,1567,649,4.27
2011-06-28,France,1915,1494,4.4
2011-06-28,United Kingdom,1065,666,1.88
2011-06-28,United Kingdom,749,418,2.84
2011-06-28,United Kingdom,1229,844,2.72
2011-06-28,United Kingdom,975,696,2.17
2011-06-28,United Kingdom,1690,877,3.85
2011-06-28,United Kingdom,2351,1165,2.78
2011-06-28,United Kingdom,2642,1289,3.98
2011-06-28,United Kingdom,1079,450,3.99
2011-06-28,United Kingdom,2199,1613,2.71
2011-06-28,United Kingdom,1420,663,2.02
2011-06-28,United Kingdom,2532,1912,1.03
2011-06-28,United Kingdom,1622,659,1.32
2011-06-28,United Kingdom,2723,1108,3.28
2011-06-28,United Kingdom,1538,1042,1.32
2011-06-28,United Kingdom,963,394,1.8
2011-06-28,United Kingdom,1951,1168,2.73
2011-06-28,United Kingdom,335,183,1.87
2011-06-28,United Kingdom,339,260,4.44
2011-06-28,United Kingdom,444,207,4.23
2011-06-28,United Kingdom,1998,1108,2.48
2011-06-28,United Kingdom,2539,1383,1.18
2011-06-28,United Kingdom,2319,1662,4.05
2011-06-28,United Kingdom,100,40,3.46
2011-06-28,United Kingdom,1792,751,4.2
2011-06-28,United Kingdom,1387,739,3.9
2011-06-28,United Kingdom,2418,1840,3.56
2011-06-28,United Kingdom,2441,1632,3.72
2011-06-28,United Kingdom,888,366,2.66
2011-06-28,United Kingdom,899,623,1.51
2011-06-28,United Kingdom,3027,1817,2.97
2011-06-28,United Kingdom,381,249,2.51
2011-06-28,United Kingdom,525,406,1.47
2011-06-28,United Kingdom,1572,944,2.93
2011-06-28,United Kingdom,2636,1123,1.68
2011-06-28,United Kingdom,1966,989,2.31
2011-06-28,United Kingdom,2531,1645,4.04
2011-06-28,United Kingdom,1214,530,3.22
2011-06-28,United Kingdom,601,393,1.52
2011-06-28,United Kingdom,517,235,1.42
2011-06-29,United Kingdom,1189,908,1.08
2011-06-29,United Kingdom,2534,1172,3.74
2011-06-29,United Kingdom,2105,950,4.25
2011-06-29,United Kingdom,1599,936,1.24
2011-06-29,United Kingdom,904,630,1.02
2011-06-29,EIRE,2350,1621,2.36
2011-06-29,United Kingdom,662,448,3.95
2011-06-29,United Kingdom,490,259,3.82
2011-06-29,United Kingdom,917,407,3.63
2011-06-29,United Kingdom,1417,1057,2.6
2011-06-29,EIRE,1073,517,2.23
2011-06-29,United Kingdom,1719,998,4.27
2011-06-29,United Kingdom,1023,809,3.84
2011-06-29,United Kingdom,1077,482,2.43
2011-06-29,United Kingdom,1957,985,2.17
2011-06-29,United Kingdom,2607,1987,1.67
2011-06-29,United Kingdom,1165,902,2.83
2011-06-29,United Kingdom,2858,2067,2.34
2011-06-29,EIRE,656,265,1.43
2011-06-29,United Kingdom,100,47,1.05
2011-06-29,United Kingdom,1426,674,1.68
2011-06-29,United Kingdom,1010,432,3.3
2011-06-29,United Kingdom,2697,1232,3.09
2011-06-29,United Kingdom,2523,1324,2.13
2011-06-29,United Kingdom,1215,746,2.68
2011-06-29,United Kingdom,3148,2207,3.17
2011-06-29,United Kingdom,766,360,1.6
2011-06-29,Italy,1719,874,1.97
2011-06-29,United Kingdom,2046,955,3.12
2011-06-29,United Kingdom,3575,2505,2.59
2011-06-29,United Kingdom,1559,1038,1.08
2011-06-29,United Kingdom,1034,821,3.47
2011-06-29,United Kingdom,1946,1339,3.92
2011-06-29,United Kingdom,2095,1548,2.81
2011-06-29,United Kingdom,2307,1790,1.37
2011-06-29,United Kingdom,2857,1606,1.5
2011-06-29,United Kingdom,491,358,3.99
2011-06-29,United Kingdom,1935,1061,4.39
2011-06-29,United Kingdom,1806,750,1.57
2011-06-29,United Kingdom,100,68,4.11
2011-06-29,United Kingdom,492,343,3.29
2011-06-29,United Kingdom,2348,1693,4.46
2011-06-29,United Kingdom,2193,909,1.82
2011-06-29,United Kingdom,750,323,2.06
2011-06-29,United Kingdom,933,479,3.64
2011-06-29,United Kingdom,1237,774,2.67
2011-06-29,United Kingdom,1643,981,1.96
2011-06-29,United Kingdom,3971,2500,3.13
2011-06-29,United Kingdom,692,491,1.43
2011-06-29,United Kingdom,3721,2255,2.18
2011-06-29,United Kingdom,1094,698,2.44
2011-06-29,United Kingdom,1615,1113,4.44
2011-06-29,Belgium,2022,857,2.9
2011-06-29,United Kingdom,1279,809,2.15
2011-06-29,United Kingdom,1910,840,4.14
2011-06-29,United Kingdom,1292,859,4.37
2011-06-29,United Kingdom,1195,480,3.38
2011-06-29,United Kingdom,1795,1270,2.83
2011-06-29,United Kingdom,1822,1364,1.46
2011-06-29,United Kingdom,827,413,2.07
2011-06-30,United Kingdom,2454,1302,4.01
2011-06-30,United Kingdom,277,145,2.16
2011-06-30,United Kingdom,1664,715,3.03
2011-06-30,United Kingdom,1322,870,3.0
2011-06-30,United Kingdom,1426,844,4.11
2011-06-30,United Kingdom,3165,1592,1.87
2011-06-30,United Kingdom,1179,940,3.32
2011-06-30,United Kingdom,1265,1010,1.94
2011-06-30,United Kingdom,671,340,4.33
2011-06-30,United Kingdom,1866,1232,1.29
2011-06-30,United Kingdom,1019,479,1.61
2011-06-30,United Kingdom,2086,1278,4.33
2011-06-30,United Kingdom,2088,1124,3.11
2011-06-30,United Kingdom,1907,1291,2.38
2011-06-30,United Kingdom,2313,1394,1.75
2011-06-30,United Kingdom,1479,890,1.57
2011-06-30,United Kingdom,430,221,3.81
2011-06-30,United Kingdom,1847,1183,2.37
2011-06-30,United Kingdom,2831,1905,4.3
2011-06-30,United Kingdom,1359,731,4.05
2011-06-30,United Kingdom,416,283,3.9
2011-06-30,Australia,426,225,3.03
2011-06-30,United Kingdom,1763,1237,1.16
2011-06-30,United Kingdom,1390,816,3.16
2011-06-30,United Kingdom,1968,1304,4.18
2011-06-30,United Kingdom,1654,827,3.49
2011-06-30,United Kingdom,1218,889,3.86
2011-06-30,United Kingdom,2374,1779,1.82
2011-06-30,United Kingdom,1009,672,1.48
2011-06-30,United Kingdom,944,679,1.58
2011-06-30,United Kingdom,893,656,2.14
2011-06-30,United Kingdom,2572,1922,1.99
2011-06-30,United Kingdom,983,528,3.87
2011-06-30,United Kingdom,496,292,2.41
2011-06-30,United Kingdom,2216,1590,2.44
2011-06-30,United Kingdom,1512,1188,3.82
2011-06-30,United Kingdom,2099,1201,3.88
2011-06-30,United Kingdom,3940,2481,1.42
2011-06-30,United Kingdom,1136,489,1.22
2011-06-30,United Kingdom,1074,765,1.74
2011-06-30,United Kingdom,2247,1290,1.43
2011-06-30,United Kingdom,2654,2002,1.21
2011-06-30,United Kingdom,100,67,3.97
2011-06-30,United Kingdom,2768,2007,1.61
2011-06-30,United Kingdom,742,346,1.61
2011-06-30,France,432,211,1.84
2011-06-30,Germany,2317,1705,1.96
2011-06-30,United Kingdom,1162,513,3.82
2011-06-30,United Kingdom,690,516,3.77
2011-06-30,United Kingdom,2703,1516,4.07
2011-06-30,EIRE,2772,1939,3.99
2011-06-30,United Kingdom,925,458,3.48
2011-06-30,United Kingdom,1099,766,3.45
2011-06-30,United Kingdom,1658,1031,3.33
2011-06-30,United Kingdom,2392,1901,2.7
2011-06-30,United Kingdom,785,477,2.83
2011-06-30,United Kingdom,1417,1033,2.92
2011-06-30,United Kingdom,3629,2376,2.6
2011-06-30,Belgium,1385,897,3.75
2011-06-30,United Kingdom,416,205,4.44
2011-06-30,United Kingdom,100,73,4.04
2011-06-30,Germany,146,107,4.22
2011-06-30,United Kingdom,985,454,4.05
2011-06-30,Germany,1836,1422,3.81
2011-06-30,United Kingdom,1388,676,1.75
2011-06-30,United Kingdom,2752,1997,2.68
2011-06-30,United Kingdom,1904,1083,1.99
2011-06-30,United Kingdom,2315,1317,2.03
2011-06-30,United Kingdom,1486,692,1.8
2011-06-30,United Kingdom,1223,601,1.27
2011-06-30,United Kingdom,2713,1970,2.24
2011-06-30,United Kingdom,798,633,1.11
2011-06-30,United Kingdom,1484,638,2.8
2011-07-01,United Kingdom,1697,1094,2.92
2011-07-01,Switzerland,2325,1347,2.93
2011-07-01,EIRE,1564,1241,1.31
2011-07-01,United Kingdom,2060,1406,1.24
2011-07-01,United Kingdom,2339,1152,2.58
2011-07-01,United Kingdom,1585,987,1.82
2011-07-01,EIRE,1876,1386,2.09
2011-07-01,United Kingdom,1010,497,3.28
2011-07-01,United Kingdom,1892,1039,2.25
2011-07-01,United Kingdom,1703,1307,2.63
2011-07-01,United Kingdom,1086,864,1.82
2011-07-01,United Kingdom,1665,723,2.1
2011-07-01,United Kingdom,1938,1092,2.02
2011-07-01,United Kingdom,1499,708,4.01
2011-07-01,United Kingdom,1546,1147,2.85
2011-07-01,EIRE,1506,1180,2.44
2011-07-01,United Kingdom,2970,2151,3.04
2011-07-01,United Kingdom,2753,1450,3.79
2011-07-01,France,761,374,3.1
2011-07-01,United Kingdom,1029,694,3.96
2011-07-01,United Kingdom,883,432,2.9
2011-07-01,France,1744,972,3.15
2011-07-01,United Kingdom,402,219,1.07
2011-07-01,United Kingdom,1239,578,2.38
2011-07-01,United Kingdom,2978,1641,4.28
2011-07-01,United Kingdom,1172,528,1.6
2011-07-01,United Kingdom,2230,940,4.48
2011-07-01,United Kingdom,1449,658,2.09
2011-07-01,United Kingdom,988,427,3.86
2011-07-01,United Kingdom,943,664,4.41
2011-07-01,United Kingdom,2770,1349,3.6
2011-07-01,United Kingdom,1169,885,2.9
2011-07-01,United Kingdom,1035,587,2.18
2011-07-01,United Kingdom,1828,1301,3.33
2011-07-01,United Kingdom,2384,1390,4.02
2011-07-01,United Kingdom,1613,1026,3.94
2011-07-01,United Kingdom,2043,840,1.04
2011-07-01,Germany,1465,1093,4.13
2011-07-01,United Kingdom,826,400,4.33
2011-07-01,United Kingdom,416,281,4.5
2011-07-01,United Kingdom,2680,1470,2.54
2011-07-01,United Kingdom,1966,961,3.09
2011-07-01,United Kingdom,1681,936,4.41
2011-07-01,United Kingdom,100,52,1.58
2011-07-01,United Kingdom,1240,715,3.9
2011-07-01,United Kingdom,791,473,2.31
2011-07-01,United Kingdom,1518,1008,1.28
2011-07-01,United Kingdom,1500,760,2.01
2011-07-01,Germany,2550,1344,1.2
2011-07-01,United Kingdom,2425,1671,4.26
2011-07-01,United Kingdom,2639,1119,2.78
2011-07-01,United Kingdom,1283,768,2.44
2011-07-01,United Kingdom,2673,1180,3.04
2011-07-01,United Kingdom,2776,1567,2.92
2011-07-01,United Kingdom,1343,756,1.24
2011-07-01,United Kingdom,986,582,1.36
2011-07-01,United Kingdom,2127,1506,4.24
2011-07-01,United Kingdom,1842,1099,2.91
2011-07-01,United Kingdom,1874,1429,1.46
2011-07-01,United Kingdom,1308,575,1.38
2011-07-01,United Kingdom,1753,957,1.05
2011-07-01,United Kingdom,2427,1433,1.94
2011-07-01,United Kingdom,277,112,2.41
2011-07-01,United Kingdom,1255,831,1.69
2011-07-03,United Kingdom,3120,1666,4.4
2011-07-03,United Kingdom,1199,681,2.24
2011-07-03,United Kingdom,775,417,3.45
2011-07-03,United Kingdom,1604,1170,1.28
2011-07-03,United Kingdom,2529,1875,4.45
2011-07-03,United Kingdom,1227,921,2.55
2011-07-03,United Kingdom,1513,714,4.08
2011-07-03,United Kingdom,1693,758,2.92
2011-07-03,United Kingdom,1682,1074,3.51
2011-07-03,United Kingdom,2490,1550,2.75
2011-07-03,United Kingdom,1985,1240,1.47
2011-07-03,United Kingdom,578,296,3.34
2011-07-03,United Kingdom,100,45,3.61
2011-07-03,United Kingdom,2464,1507,1.55
2011-07-03,United Kingdom,261,176,1.57
2011-07-03,United Kingdom,3016,1568,3.66
2011-07-03,United Kingdom,1544,702,2.95
2011-07-03,United Kingdom,1589,932,1.85
2011-07-03,United Kingdom,2593,1236,1.14
2011-07-03,United Kingdom,1498,628,3.71
2011-07-03,United Kingdom,1808,1299,3.27
2011-07-03,United Kingdom,983,620,2.56
2011-07-03,United Kingdom,111,65,2.88
2011-07-03,United Kingdom,2074,1215,1.55
2011-07-04,United Kingdom,1297,791,3.6
2011-07-04,United Kingdom,2690,1389,3.16
2011-07-04,United Kingdom,1976,1295,1.98
2011-07-04,United Kingdom,1528,895,3.23
2011-07-04,United Kingdom,1168,629,3.37
2011-07-04,United Kingdom,2084,1264,4.49
2011-07-04,United Kingdom,1187,719,2.04
2011-07-04,United Kingdom,281,193,3.21
2011-07-04,France,1998,799,2.41
2011-07-04,United Kingdom,612,296,3.08
2011-07-04,United Kingdom,1369,616,2.45
2011-07-04,Germany,545,243,3.04
2011-07-04,United Kingdom,866,644,3.4
2011-07-04,United Kingdom,1567,701,1.52
2011-07-04,United Kingdom,709,490,2.71
2011-07-04,United Kingdom,1087,475,1.93
2011-07-04,United Kingdom,1785,1292,2.19
2011-07-04,EIRE,1342,854,4.45
2011-07-04,EIRE,1772,1129,1.56
2011-07-04,EIRE,1072,551,2.88
2011-07-04,United Kingdom,1726,1135,3.78
2011-07-04,United Kingdom,1881,1470,1.58
2011-07-04,United Kingdom,2959,1968,2.0
2011-07-04,United Kingdom,595,372,2.12
2011-07-04,Spain,2372,1019,1.42
2011-07-04,United Kingdom,733,536,3.85
2011-07-04,United Kingdom,1871,1013,1.28
2011-07-04,United Kingdom,1689,732,2.98
2011-07-04,United Kingdom,1356,976,3.37
2011-07-04,United Kingdom,2309,1693,3.28
2011-07-04,United Kingdom,1195,673,3.23
2011-07-04,United Kingdom,1871,1408,1.07
2011-07-04,United Kingdom,336,242,4.17
2011-07-04,United Kingdom,2351,1721,4.38
2011-07-04,Germany,2657,1729,4.47
2011-07-04,United Kingdom,1439,1128,2.05
2011-07-04,United Kingdom,740,360,4.38
2011-07-04,United Kingdom,609,260,3.76
2011-07-04,United Kingdom,1030,641,3.55
2011-07-04,United Kingdom,2212,1102,2.29
2011-07-04,United Kingdom,901,520,3.49
2011-07-04,United Kingdom,1976,1011,3.27
2011-07-04,United Kingdom,1441,1043,1.43
2011-07-04,United Kingdom,1857,941,2.89
2011-07-04,United Kingdom,990,467,2.38
2011-07-04,United Kingdom,1664,1168,4.25
2011-07-04,United Kingdom,100,58,1.11
2011-07-04,United Kingdom,1377,822,1.23
2011-07-04,Germany,3380,1909,2.02
2011-07-04,United Kingdom,1864,864,1.92
2011-07-04,Germany,1933,1109,4.49
2011-07-04,United Kingdom,2100,1069,4.41
2011-07-04,United Kingdom,1808,1429,4.05
2011-07-04,United Kingdom,100,47,2.1
2011-07-04,United Kingdom,1192,683,1.24
2011-07-04,United Kingdom,2024,894,4.3
2011-07-04,United Kingdom,1500,909,1.84
2011-07-04,United Kingdom,2247,1192,2.1
2011-07-04,United Kingdom,1735,1170,3.6
2011-07-04,United Kingdom,1453,784,3.01
2011-07-05,United Kingdom,3213,2349,2.69
2011-07-05,United Kingdom,1939,1374,1.08
2011-07-05,United Kingdom,2642,1437,2.08
2011-07-05,United Kingdom,100,42,2.09
2011-07-05,United Kingdom,2302,1237,4.09
2011-07-05,United Kingdom,1627,1032,1.98
2011-07-05,United Kingdom,2404,1646,3.19
2011-07-05,United Kingdom,1893,1132,3.85
2011-07-05,United Kingdom,565,384,3.31
2011-07-05,United Kingdom,2753,2024,1.49
2011-07-05,United Kingdom,3676,2897,2.19
2011-07-05,United Kingdom,2365,1197,4.05
2011-07-05,United Kingdom,1673,1323,1.91
2011-07-05,United Kingdom,100,45,4.06
2011-07-05,United Kingdom,100,42,4.08
2011-07-05,United Kingdom,2472,1669,4.37
2011-07-05,United Kingdom,256,203,4.35
2011-07-05,United Kingdom,654,264,4.1
2011-07-05,United Kingdom,1289,704,4.38
2011-07-05,United Kingdom,1961,1250,2.74
2011-07-05,United Kingdom,100,71,1.16
2011-07-05,United Kingdom,1786,1309,3.67
2011-07-05,United Kingdom,2199,1260,4.12
2011-07-05,United Kingdom,892,694,4.39
2011-07-05,United Kingdom,1305,800,1.35
2011-07-05,United Kingdom,2581,1590,2.77
2011-07-05,United Kingdom,2585,1229,1.43
2011-07-05,United Kingdom,1255,634,3.24
2011-07-05,United Kingdom,836,477,1.73
2011-07-05,United Kingdom,1833,1388,2.49
2011-07-05,United Kingdom,2233,1142,2.04
2011-07-05,United Kingdom,1080,826,1.6
2011-07-05,United Kingdom,2487,1092,3.19
2011-07-05,Finland,1247,643,3.86
2011-07-05,United Kingdom,740,453,3.98
2011-07-05,United Kingdom,341,212,4.48
2011-07-05,United Kingdom,1563,1075,3.47
2011-07-05,United Kingdom,2001,969,2.08
2011-07-05,United Kingdom,1595,1264,1.7
2011-07-05,EIRE,1587,1122,3.2
2011-07-05,United Kingdom,485,249,4.08
2011-07-05,United Kingdom,1320,980,4.25
2011-07-05,United Kingdom,2611,1552,3.48
2011-07-05,United Kingdom,958,474,4.3
2011-07-05,United Kingdom,954,391,1.49
2011-07-05,United Kingdom,1042,765,2.54
2011-07-05,United Kingdom,770,463,2.0
2011-07-05,United Kingdom,1651,788,3.76
2011-07-05,United Kingdom,2310,1804,1.95
2011-07-05,United Kingdom,1895,1454,4.5
2011-07-05,United Kingdom,100,56,2.11
2011-07-05,United Kingdom,770,573,3.26
2011-07-05,United Kingdom,1710,814,3.93
2011-07-05,United Kingdom,1088,811,3.56
2011-07-05,United Kingdom,890,705,2.49
2011-07-05,United Kingdom,631,271,3.46
2011-07-05,United Kingdom,2266,1578,3.72
2011-07-05,United Kingdom,749,491,1.37
2011-07-05,United Kingdom,2640,1695,1.05
2011-07-05,United Kingdom,2618,1431,4.42
2011-07-05,United Kingdom,1983,1374,2.75
2011-07-05,United Kingdom,2230,1645,1.0
2011-07-05,France,1749,1353,1.56
2011-07-05,United Kingdom,1358,883,1.29
2011-07-05,United Kingdom,2856,2027,3.55
2011-07-05,United Kingdom,1542,702,2.17
2011-07-05,United Kingdom,1862,1156,2.09
2011-07-05,United Kingdom,2015,1305,3.71
2011-07-05,United Kingdom,2458,1165,4.31
2011-07-05,United Kingdom,100,55,2.36
2011-07-05,United Kingdom,666,342,1.93
2011-07-05,United Kingdom,237,119,2.64
2011-07-05,United Kingdom,114,58,1.35
2011-07-05,United Kingdom,1557,667,4.16
2011-07-05,France,1435,1000,1.67
2011-07-05,United Kingdom,1254,893,4.02
2011-07-05,United Kingdom,100,68,3.6
2011-07-05,United Kingdom,2408,1586,2.26
2011-07-05,United Kingdom,2062,1495,1.72
2011-07-06,United Kingdom,1250,565,3.84
2011-07-06,United Kingdom,1524,1159,3.94
2011-07-06,Belgium,1769,750,1.28
2011-07-06,United Kingdom,1671,1162,2.26
2011-07-06,United Kingdom,1558,1196,1.07
2011-07-06,United Kingdom,2197,1087,4.18
2011-07-06,United Kingdom,338,218,4.23
2011-07-06,United Kingdom,1305,717,1.07
2011-07-06,United Kingdom,1303,658,1.95
2011-07-06,United Kingdom,2905,1461,3.66
2011-07-06,United Kingdom,1057,759,1.04
2011-07-06,United Kingdom,990,444,2.17
2011-07-06,United Kingdom,1034,682,4.19
2011-07-06,United Kingdom,2614,1095,3.76
2011-07-06,United Kingdom,674,340,1.41
2011-07-06,United Kingdom,2524,1564,2.86
2011-07-06,United Kingdom,1574,1177,2.62
2011-07-06,United Kingdom,2763,2103,4.31
2011-07-06,United Kingdom,1545,1072,1.6
2011-07-06,United Kingdom,1121,615,1.36
2011-07-06,United Kingdom,878,511,2.34
2011-07-06,United Kingdom,2577,1588,2.31
2011-07-06,United Kingdom,1869,1207,4.25
2011-07-06,United Kingdom,1782,818,1.66
2011-07-06,United Kingdom,1021,715,3.44
2011-07-06,United Kingdom,1470,731,1.99
2011-07-06,United Kingdom,1401,649,1.43
2011-07-06,United Kingdom,1420,617,2.76
2011-07-06,United Kingdom,2290,1126,4.0
2011-07-06,United Kingdom,1282,976,2.1
2011-07-06,United Kingdom,143,104,2.67
2011-07-06,United Kingdom,1207,690,1.45
2011-07-06,United Kingdom,1915,1268,2.39
2011-07-06,United Kingdom,2991,2172,4.25
2011-07-06,United Kingdom,1439,691,4.27
2011-07-06,France,1072,829,2.23
2011-07-06,Spain,900,634,1.8
2011-07-06,United Kingdom,3146,2207,2.64
2011-07-06,United Kingdom,1198,739,4.43
2011-07-06,United Kingdom,533,261,3.38
2011-07-06,United Kingdom,1383,609,4.28
2011-07-06,United Kingdom,100,62,1.44
2011-07-06,United Kingdom,560,241,1.04
2011-07-06,United Kingdom,1217,586,1.85
2011-07-06,United Kingdom,1639,1095,1.76
2011-07-06,United Kingdom,2859,1530,1.44
2011-07-06,Sweden,103,69,2.86
2011-07-06,United Kingdom,1005,737,1.98
2011-07-06,United Kingdom,1338,1021,2.04
2011-07-06,Spain,1266,762,2.44
2011-07-06,United Kingdom,2335,1500,3.48
2011-07-06,United Kingdom,1659,807,4.31
2011-07-06,United Kingdom,1670,1166,1.78
2011-07-06,United Kingdom,1336,704,3.32
2011-07-06,United Kingdom,1464,895,3.57
2011-07-06,United Kingdom,1879,1007,2.93
2011-07-06,United Kingdom,923,693,1.21
2011-07-06,United Kingdom,1694,1022,2.71
2011-07-06,United Kingdom,2381,1689,3.18
2011-07-06,United Kingdom,762,372,3.95
2011-07-06,United Kingdom,165,77,4.14
2011-07-06,United Kingdom,3132,2368,1.56
2011-07-06,United Kingdom,3562,2544,2.67
2011-07-06,United Kingdom,554,315,3.66
2011-07-06,United Kingdom,1206,565,1.02
2011-07-06,United Kingdom,1520,916,1.75
2011-07-06,United Kingdom,1111,491,1.7
2011-07-06,United Kingdom,1337,779,2.27
2011-07-06,United Kingdom,100,73,2.96
2011-07-07,United Kingdom,489,266,3.11
2011-07-07,United Kingdom,2382,1548,2.3
2011-07-07,Spain,2329,1642,2.96
2011-07-07,United Kingdom,908,704,2.48
2011-07-07,Spain,1586,943,1.43
2011-07-07,United Kingdom,1400,564,4.09
2011-07-07,Spain,765,551,1.11
2011-07-07,Germany,1483,701,1.11
2011-07-07,Belgium,3772,1515,2.38
2011-07-07,United Kingdom,100,70,3.43
2011-07-07,United Kingdom,1273,738,3.25
2011-07-07,United Kingdom,2705,1504,3.22
2011-07-07,United Kingdom,2048,1248,1.35
2011-07-07,United Kingdom,1307,961,1.69
2011-07-07,United Kingdom,1074,726,3.64
2011-07-07,United Kingdom,803,467,1.03
2011-07-07,United Kingdom,100,52,2.86
2011-07-07,United Kingdom,2123,850,3.0
2011-07-07,United Kingdom,341,141,1.09
2011-07-07,Germany,1378,1101,3.0
2011-07-07,United Kingdom,1241,891,2.13
2011-07-07,United Kingdom,1217,783,2.93
2011-07-07,United Kingdom,1407,875,1.38
2011-07-07,United Kingdom,100,56,2.84
2011-07-07,United Kingdom,1739,1159,1.86
2011-07-07,Belgium,1844,1425,2.62
2011-07-07,United Kingdom,913,551,3.29
2011-07-07,United Kingdom,1353,710,1.82
2011-07-07,Germany,278,216,1.88
2011-07-07,United Kingdom,1228,873,1.31
2011-07-07,Germany,1321,865,2.58
2011-07-07,United Kingdom,2482,1541,1.22
2011-07-07,United Kingdom,2172,1562,1.63
2011-07-07,United Kingdom,2372,1738,2.12
2011-07-07,United Kingdom,1304,807,1.33
2011-07-07,United Kingdom,1453,840,2.3
2011-07-07,United Kingdom,628,329,2.39
2011-07-07,United Kingdom,2170,1162,2.33
2011-07-07,United Kingdom,1627,787,2.33
2011-07-07,United Kingdom,1099,500,3.54
2011-07-07,United Kingdom,1067,703,2.63
2011-07-07,United Kingdom,1611,782,4.46
2011-07-07,United Kingdom,546,285,1.59
2011-07-07,United Kingdom,2142,1196,2.82
2011-07-07,United Kingdom,2138,1003,1.21
2011-07-07,Germany,1898,1003,4.34
2011-07-07,United Kingdom,147,96,3.14
2011-07-07,United Kingdom,1369,760,2.54
2011-07-07,United Kingdom,1708,1237,3.88
2011-07-07,United Kingdom,1271,596,3.73
2011-07-07,United Kingdom,1775,1268,4.12
2011-07-07,United Kingdom,1366,789,1.48
2011-07-07,United Kingdom,2416,1661,2.84
2011-07-07,United Kingdom,742,375,2.42
2011-07-07,United Kingdom,1007,504,2.89
2011-07-07,United Kingdom,476,331,3.24
2011-07-07,United Kingdom,2241,935,2.71
2011-07-07,United Kingdom,1862,1072,2.96
2011-07-07,United Kingdom,1816,1398,2.0
2011-07-07,United Kingdom,2968,1554,4.46
2011-07-07,United Kingdom,3145,2233,2.0
2011-07-07,United Kingdom,1854,752,3.38
2011-07-07,United Kingdom,3154,1289,4.4
2011-07-07,United Kingdom,1039,581,4.04
2011-07-07,United Kingdom,508,369,4.35
2011-07-07,United Kingdom,1429,1045,2.65
2011-07-07,United Kingdom,1595,986,1.6
2011-07-07,United Kingdom,100,47,2.12
2011-07-07,United Kingdom,1982,901,1.6
2011-07-07,United Kingdom,1839,1312,4.46
2011-07-07,United Kingdom,758,354,1.8
2011-07-07,United Kingdom,1328,903,1.56
2011-07-07,United Kingdom,100,44,4.12
2011-07-07,United Kingdom,1198,923,4.11
2011-07-07,United Kingdom,100,55,3.47
2011-07-07,United Kingdom,2642,1784,1.37
2011-07-07,United Kingdom,1545,1131,1.31
2011-07-07,United Kingdom,1356,778,3.44
2011-07-07,United Kingdom,1351,857,3.95
2011-07-07,United Kingdom,1274,707,2.53
2011-07-07,United Kingdom,2220,1393,1.86
2011-07-07,United Kingdom,1494,598,1.68
2011-07-07,United Kingdom,3415,2288,4.15
2011-07-07,United Kingdom,2238,1118,2.2
2011-07-07,United Kingdom,2516,1348,2.76
2011-07-07,United Kingdom,2352,1777,3.73
2011-07-07,United Kingdom,821,479,3.57
2011-07-07,United Kingdom,1332,640,3.9
2011-07-07,United Kingdom,2818,2090,2.16
2011-07-07,United Kingdom,1445,1080,4.48
2011-07-07,United Kingdom,1373,1050,1.66
2011-07-08,Germany,100,53,1.25
2011-07-08,United Kingdom,642,314,1.03
2011-07-08,United Kingdom,1893,1177,3.98
2011-07-08,United Kingdom,1776,1347,1.63
2011-07-08,United Kingdom,945,714,3.23
2011-07-08,United Kingdom,879,674,2.25
2011-07-08,United Kingdom,2358,1197,3.52
2011-07-08,United Kingdom,1176,715,3.33
2011-07-08,United Kingdom,756,317,1.78
2011-07-08,Switzerland,2113,1246,2.08
2011-07-08,United Kingdom,3182,1810,3.2
2011-07-08,United Kingdom,1824,1199,3.31
2011-07-08,United Kingdom,100,67,1.91
2011-07-08,United Kingdom,731,537,4.12
2011-07-08,United Kingdom,1330,768,1.58
2011-07-08,United Kingdom,2291,1249,1.08
2011-07-08,United Kingdom,2047,1036,2.04
2011-07-08,United Kingdom,1571,900,3.05
2011-07-08,United Kingdom,233,175,4.06
2011-07-08,United Kingdom,2001,982,4.07
2011-07-08,United Kingdom,1272,659,3.12
2011-07-08,United Kingdom,1000,402,3.05
2011-07-08,United Kingdom,1381,893,3.12
2011-07-08,France,683,535,3.88
2011-07-08,United Kingdom,1734,780,2.97
2011-07-08,United Kingdom,923,623,1.43
2011-07-08,Germany,1347,958,1.21
2011-07-08,France,727,418,2.25
2011-07-08,United Kingdom,100,51,2.89
2011-07-08,United Kingdom,3469,1436,2.75
2011-07-08,United Kingdom,411,184,3.66
2011-07-08,France,1196,691,4.43
2011-07-08,United Kingdom,1304,740,1.96
2011-07-08,United Kingdom,1946,1317,2.17
2011-07-08,United Kingdom,506,279,1.29
2011-07-08,United Kingdom,2190,961,3.55
2011-07-08,United Kingdom,1824,1123,4.24
2011-07-08,United Kingdom,463,302,1.5
2011-07-08,United Kingdom,1884,888,4.23
2011-07-08,United Kingdom,1577,679,2.67
2011-07-08,United Kingdom,1309,820,2.97
2011-07-08,United Kingdom,2086,920,2.7
2011-07-08,United Kingdom,2408,1342,4.32
2011-07-08,United Kingdom,1341,741,1.96
2011-07-08,United Kingdom,2186,1293,1.37
2011-07-08,United Kingdom,1400,837,3.32
2011-07-08,United Kingdom,2019,1049,2.6
2011-07-08,United Kingdom,644,308,3.73
2011-07-08,United Kingdom,1197,490,3.76
2011-07-08,United Kingdom,1173,785,3.03
2011-07-08,United Kingdom,1298,579,3.62
2011-07-08,United Kingdom,1633,657,1.13
2011-07-08,United Kingdom,374,294,2.24
2011-07-08,United Kingdom,1091,649,1.75
2011-07-08,United Kingdom,953,514,3.27
2011-07-08,United Kingdom,2539,1909,3.05
2011-07-08,EIRE,2785,2111,3.04
2011-07-08,United Kingdom,2190,1726,3.1
2011-07-08,United Kingdom,3052,1410,3.48
2011-07-08,United Kingdom,1438,658,2.61
2011-07-08,United Kingdom,1877,1332,2.61
2011-07-08,United Kingdom,2354,1854,1.17
2011-07-08,United Kingdom,2400,1776,4.03
2011-07-08,United Kingdom,2421,1378,1.86
2011-07-08,United Kingdom,657,391,4.06
2011-07-08,United Kingdom,2706,1395,3.7
2011-07-08,United Kingdom,1832,1385,3.9
2011-07-08,United Kingdom,1386,949,3.1
2011-07-08,United Kingdom,2154,1067,2.29
2011-07-08,United Kingdom,2293,1749,4.12
2011-07-08,United Kingdom,930,437,2.59
2011-07-08,United Kingdom,2519,1899,1.65
2011-07-08,United Kingdom,3525,2594,1.07
2011-07-08,United Kingdom,819,487,3.08
2011-07-08,United Kingdom,2034,1064,2.55
2011-07-08,Unspecified,2640,1574,3.99
2011-07-08,United Kingdom,794,334,1.02
2011-07-08,United Kingdom,1453,951,3.07
2011-07-10,United Kingdom,2466,1271,3.0
2011-07-10,United Kingdom,1731,924,1.87
2011-07-10,United Kingdom,1516,734,3.24
2011-07-10,United Kingdom,795,330,3.67
2011-07-10,United Kingdom,1707,1053,3.32
2011-07-10,United Kingdom,2928,1597,2.62
2011-07-10,United Kingdom,1088,696,3.99
2011-07-10,United Kingdom,1674,1194,3.0
2011-07-10,United Kingdom,2709,1605,2.32
2011-07-10,United Kingdom,100,78,1.68
2011-07-10,United Kingdom,125,98,3.36
2011-07-10,United Kingdom,1827,1452,2.1
2011-07-10,United Kingdom,1098,716,1.36
2011-07-10,United Kingdom,2012,1183,3.77
2011-07-10,United Kingdom,1599,820,3.75
2011-07-10,United Kingdom,996,441,1.49
2011-07-10,United Kingdom,1766,1101,1.03
2011-07-10,United Kingdom,1245,585,2.32
2011-07-10,United Kingdom,1292,760,4.02
2011-07-10,United Kingdom,2070,1585,2.24
2011-07-10,United Kingdom,1552,1151,4.4
2011-07-10,United Kingdom,2688,1197,2.77
2011-07-10,United Kingdom,100,74,2.92
2011-07-10,United Kingdom,1967,808,2.48
2011-07-10,United Kingdom,954,539,3.54
2011-07-10,United Kingdom,385,228,1.31
2011-07-10,United Kingdom,1299,949,2.92
2011-07-10,United Kingdom,1632,723,2.12
2011-07-11,United Kingdom,654,331,2.38
2011-07-11,United Kingdom,869,505,2.75
2011-07-11,United Kingdom,948,733,4.29
2011-07-11,United Kingdom,1171,786,1.37
2011-07-11,Canada,1426,839,1.14
2011-07-11,United Kingdom,686,425,2.74
2011-07-11,United Kingdom,515,317,2.5
2011-07-11,United Kingdom,1792,818,4.43
2011-07-11,United Kingdom,1259,627,3.2
2011-07-11,United Kingdom,911,449,1.96
2011-07-11,France,493,294,3.86
2011-07-11,United Kingdom,1533,1189,3.11
2011-07-11,United Kingdom,134,54,3.06
2011-07-11,United Kingdom,2454,1602,2.68
2011-07-11,United Kingdom,989,550,2.22
2011-07-11,United Kingdom,1341,846,2.32
2011-07-11,United Kingdom,2142,1621,2.97
2011-07-11,United Kingdom,1216,784,2.91
2011-07-11,United Kingdom,1563,863,2.29
2011-07-11,United Kingdom,1841,970,1.54
2011-07-11,United Kingdom,2218,1701,4.0
2011-07-11,United Kingdom,1384,871,2.48
2011-07-11,United Kingdom,439,227,2.06
2011-07-11,United Kingdom,2039,916,3.28
2011-07-11,United Kingdom,2360,1454,3.31
2011-07-11,United Kingdom,1313,525,2.63
2011-07-11,United Kingdom,856,574,3.14
2011-07-11,United Kingdom,3179,2144,3.41
2011-07-11,United Kingdom,645,272,4.37
2011-07-11,United Kingdom,2155,1676,1.82
2011-07-11,United Kingdom,2325,1503,1.4
2011-07-11,United Kingdom,1265,980,2.66
2011-07-11,United Kingdom,2169,1035,3.22
2011-07-11,Spain,1769,836,3.91
2011-07-11,United Kingdom,2176,1187,3.36
2011-07-11,United Kingdom,614,391,1.71
2011-07-11,United Kingdom,1521,877,3.81
2011-07-11,United Kingdom,1416,1085,3.54
2011-07-11,United Kingdom,1466,602,4.27
2011-07-11,United Kingdom,2040,1600,3.98
2011-07-11,United Kingdom,665,370,1.68
2011-07-11,United Kingdom,1412,784,3.51
2011-07-11,United Kingdom,2224,1037,3.95
2011-07-11,United Kingdom,2086,1513,2.96
2011-07-11,United Kingdom,1346,945,4.23
2011-07-11,United Kingdom,1979,940,3.66
2011-07-11,United Kingdom,1086,459,1.45
2011-07-11,Greece,1912,1174,1.39
2011-07-11,Greece,100,60,1.11
2011-07-11,United Kingdom,2722,1131,2.79
2011-07-11,United Kingdom,3580,2777,2.25
2011-07-11,United Kingdom,817,528,2.74
2011-07-11,France,1456,1146,4.25
2011-07-11,United Kingdom,1625,1251,3.28
2011-07-11,United Kingdom,674,317,1.02
2011-07-11,United Kingdom,1239,805,2.16
2011-07-11,United Kingdom,947,424,4.38
2011-07-11,United Kingdom,1980,983,1.58
2011-07-11,United Kingdom,2550,1518,4.11
2011-07-11,United Kingdom,456,225,2.61
2011-07-11,United Kingdom,2792,1844,2.2
2011-07-11,United Kingdom,2150,1135,3.29
2011-07-11,United Kingdom,2229,1619,3.32
2011-07-12,France,1481,1147,2.32
2011-07-12,United Kingdom,1178,688,2.07
2011-07-12,United Kingdom,1959,1080,3.15
2011-07-12,United Kingdom,1379,1101,2.86
2011-07-12,France,1720,707,2.92
2011-07-12,United Kingdom,2941,2287,4.32
2011-07-12,United Kingdom,1623,1064,3.41
2011-07-12,Austria,1278,694,2.11
2011-07-12,United Kingdom,1621,1193,4.41
2011-07-12,United Kingdom,1920,1452,1.82
2011-07-12,Germany,1391,944,1.03
2011-07-12,United Kingdom,1999,1248,2.78
2011-07-12,United Kingdom,2072,956,1.62
2011-07-12,United Kingdom,1475,1139,1.72
2011-07-12,United Kingdom,1510,878,4.32
2011-07-12,United Kingdom,1985,1040,1.87
2011-07-12,United Kingdom,2275,1146,2.21
2011-07-12,United Kingdom,1895,1234,4.29
2011-07-12,United Kingdom,394,287,1.12
2011-07-12,United Kingdom,1560,790,1.57
2011-07-12,United Kingdom,2818,1407,3.95
2011-07-12,United Kingdom,1475,1126,4.39
2011-07-12,United Kingdom,718,558,2.81
2011-07-12,United Kingdom,1252,681,2.96
2011-07-12,United Kingdom,639,492,1.23
2011-07-12,United Kingdom,2162,881,4.1
2011-07-12,United Kingdom,1958,1277,3.89
2011-07-12,France,340,232,1.27
2011-07-12,United Kingdom,1832,1352,2.15
2011-07-12,United Kingdom,386,187,2.46
2011-07-12,United Kingdom,1917,1205,2.97
2011-07-12,United Kingdom,134,84,1.19
2011-07-12,United Kingdom,1631,1047,3.86
2011-07-12,United Kingdom,1504,1036,2.54
2011-07-12,United Kingdom,1099,865,1.76
2011-07-12,United Kingdom,1961,1426,4.45
2011-07-12,United Kingdom,2268,1020,4.47
2011-07-12,Germany,946,640,2.8
2011-07-12,Germany,898,394,3.48
2011-07-12,United Kingdom,1538,737,4.47
2011-07-12,United Kingdom,1788,1193,4.05
2011-07-12,United Kingdom,478,364,4.07
2011-07-12,United Kingdom,1216,526,2.67
2011-07-12,United Kingdom,837,347,3.72
2011-07-12,United Kingdom,2614,1270,3.81
2011-07-12,United Kingdom,2015,1405,4.03
2011-07-12,United Kingdom,194,85,1.89
2011-07-12,United Kingdom,1702,893,4.22
2011-07-12,United Kingdom,998,552,3.14
2011-07-12,United Kingdom,100,66,2.92
2011-07-12,United Kingdom,2083,1197,3.18
2011-07-12,United Kingdom,1781,787,2.4
2011-07-12,United Kingdom,693,541,2.77
2011-07-12,United Kingdom,2750,2138,3.93
2011-07-12,United Kingdom,1875,1319,3.92
2011-07-12,United Kingdom,802,437,1.47
2011-07-12,United Kingdom,700,379,1.52
2011-07-12,France,1740,1384,1.43
2011-07-12,United Kingdom,1958,1518,1.85
2011-07-12,United Kingdom,2742,1430,3.03
2011-07-12,United Kingdom,1200,928,1.09
2011-07-12,United Kingdom,1257,920,2.75
2011-07-12,United Kingdom,1609,1259,3.98
2011-07-13,United Kingdom,1269,714,2.13
2011-07-13,United Kingdom,1053,827,4.0
2011-07-13,United Kingdom,2608,1737,1.88
2011-07-13,United Kingdom,1019,630,3.7
2011-07-13,United Kingdom,1093,688,3.51
2011-07-13,Poland,1751,1280,2.05
2011-07-13,United Kingdom,1988,891,3.98
2011-07-13,United Kingdom,1669,1210,3.83
2011-07-13,United Kingdom,100,69,1.55
2011-07-13,Portugal,1380,995,1.76
2011-07-13,United Kingdom,2384,1222,2.98
2011-07-13,United Kingdom,1217,705,1.48
2011-07-13,United Kingdom,1263,561,3.14
2011-07-13,United Kingdom,2120,1625,1.12
2011-07-13,United Kingdom,1129,528,2.62
2011-07-13,United Kingdom,1621,1089,1.22
2011-07-13,United Kingdom,140,58,1.98
2011-07-13,United Kingdom,1766,854,4.39
2011-07-13,United Kingdom,473,304,4.27
2011-07-13,United Kingdom,142,86,1.48
2011-07-13,United Kingdom,1687,1296,4.16
2011-07-13,United Kingdom,3248,1924,1.67
2011-07-13,United Kingdom,3982,2290,1.18
2011-07-13,United Kingdom,1293,903,2.33
2011-07-13,United Kingdom,1507,963,2.53
2011-07-13,France,1398,835,3.3
2011-07-13,Belgium,906,653,1.85
2011-07-13,United Kingdom,1405,944,2.81
2011-07-13,United Kingdom,2155,1193,3.22
2011-07-13,United Kingdom,1174,640,3.15
2011-07-13,Germany,1169,846,2.25
2011-07-13,United Kingdom,2370,1007,3.33
2011-07-13,United Kingdom,1848,1461,1.57
2011-07-13,United Kingdom,2347,1649,4.22
2011-07-13,United Kingdom,258,156,3.47
2011-07-13,United Kingdom,2925,1358,2.91
2011-07-13,United Kingdom,1634,1098,1.42
2011-07-13,United Kingdom,1594,1225,3.87
2011-07-13,Portugal,2443,1818,1.18
2011-07-13,United Kingdom,2274,1817,3.2
2011-07-13,United Kingdom,1732,1199,2.54
2011-07-13,United Kingdom,2788,1854,3.4
2011-07-13,United Kingdom,1380,641,2.71
2011-07-13,United Kingdom,978,646,2.11
2011-07-13,United Kingdom,2503,1713,2.31
2011-07-13,United Kingdom,1882,1383,3.28
2011-07-13,United Kingdom,1529,706,4.41
2011-07-13,United Kingdom,1249,696,2.09
2011-07-13,United Kingdom,1331,535,2.14
2011-07-13,Australia,923,427,2.52
2011-07-13,Australia,757,445,1.29
2011-07-13,United Kingdom,2447,1928,3.71
2011-07-13,United Kingdom,2512,1019,1.28
2011-07-13,United Kingdom,1259,881,3.48
2011-07-13,United Kingdom,1658,1193,3.95
2011-07-13,United Kingdom,1723,833,3.03
2011-07-13,United Kingdom,2019,889,3.3
2011-07-13,United Kingdom,1607,976,1.94
2011-07-14,Finland,1646,849,2.07
2011-07-14,Unspecified,1441,657,3.71
2011-07-14,United Kingdom,1173,770,3.65
2011-07-14,United Kingdom,150,117,2.9
2011-07-14,United Kingdom,1485,685,3.25
2011-07-14,United Kingdom,2422,1861,4.17
2011-07-14,United Kingdom,1439,844,1.09
2011-07-14,United Kingdom,1639,1221,1.5
2011-07-14,United Kingdom,402,222,3.47
2011-07-14,United Kingdom,1821,1033,3.88
2011-07-14,United Kingdom,1462,705,2.02
2011-07-14,United Kingdom,1660,1248,1.03
2011-07-14,United Kingdom,1079,553,1.06
2011-07-14,United Kingdom,1995,810,2.62
2011-07-14,United Kingdom,584,428,1.17
2011-07-14,United Kingdom,1060,478,1.65
2011-07-14,United Kingdom,997,692,1.19
2011-07-14,EIRE,1113,749,4.45
2011-07-14,United Kingdom,2397,1724,2.45
2011-07-14,United Kingdom,2076,1412,3.16
2011-07-14,United Kingdom,1475,1106,1.55
2011-07-14,Germany,2730,1586,2.23
2011-07-14,United Kingdom,1922,1357,4.08
2011-07-14,United Kingdom,2041,1459,3.12
2011-07-14,United Kingdom,2866,1146,3.57
2011-07-14,United Kingdom,1571,687,3.96
2011-07-14,United Kingdom,1160,781,1.41
2011-07-14,United Kingdom,1754,973,2.64
2011-07-14,United Kingdom,558,309,3.66
2011-07-14,United Kingdom,1941,793,1.86
2011-07-14,Germany,2259,1717,3.04
2011-07-14,United Kingdom,2389,1821,1.18
2011-07-14,United Kingdom,2352,965,1.64
2011-07-14,United Kingdom,2174,897,1.44
2011-07-14,United Kingdom,744,449,3.32
2011-07-14,United Kingdom,251,136,3.96
2011-07-14,United Kingdom,100,74,1.92
2011-07-14,United Kingdom,2079,952,2.71
2011-07-14,United Kingdom,1246,770,4.4
2011-07-14,United Kingdom,1384,655,2.08
2011-07-14,United Kingdom,1758,923,2.13
2011-07-14,United Kingdom,1292,644,2.81
2011-07-14,Australia,986,684,4.2
2011-07-14,United Kingdom,100,45,3.35
2011-07-14,United Kingdom,1076,538,1.3
2011-07-14,EIRE,241,174,4.43
2011-07-14,United Kingdom,1441,1085,3.86
2011-07-14,Germany,1219,637,1.05
2011-07-14,United Kingdom,1583,669,2.61
2011-07-14,United Kingdom,844,666,2.58
2011-07-14,EIRE,2854,1460,2.14
2011-07-14,United Kingdom,388,243,2.38
2011-07-14,United Kingdom,1397,597,2.25
2011-07-14,United Kingdom,1879,1475,4.13
2011-07-14,United Kingdom,2299,1063,3.6
2011-07-14,United Kingdom,2296,1622,2.12
2011-07-14,United Kingdom,2239,1656,3.05
2011-07-14,United Kingdom,1802,886,1.7
2011-07-14,United Kingdom,1494,598,1.04
2011-07-14,United Kingdom,1023,636,1.83
2011-07-14,United Kingdom,2686,1209,2.92
2011-07-14,United Kingdom,658,490,4.09
2011-07-14,United Kingdom,1285,962,2.9
2011-07-14,United Kingdom,1157,569,2.23
2011-07-14,United Kingdom,846,383,2.61
2011-07-14,United Kingdom,1930,921,1.0
2011-07-14,United Kingdom,1660,864,2.28
2011-07-14,United Kingdom,224,120,1.1
2011-07-14,United Kingdom,1160,875,1.4
2011-07-14,United Kingdom,566,333,2.96
2011-07-14,United Kingdom,144,89,2.68
2011-07-14,United Kingdom,2450,1169,3.26
2011-07-14,United Kingdom,1076,633,2.67
2011-07-14,United Kingdom,1897,1419,3.89
2011-07-14,United Kingdom,927,403,3.26
2011-07-14,United Kingdom,2026,901,3.92
2011-07-14,United Kingdom,2917,2099,3.38
2011-07-14,United Kingdom,1154,685,1.58
2011-07-14,United Kingdom,827,572,4.29
2011-07-14,United Kingdom,2150,1588,1.31
2011-07-14,United Kingdom,1856,1236,3.62
2011-07-14,United Kingdom,2110,1469,2.31
2011-07-14,United Kingdom,692,377,3.61
2011-07-14,United Kingdom,2984,1545,4.47
2011-07-15,United Kingdom,918,688,1.09
2011-07-15,United Kingdom,1537,992,3.37
2011-07-15,United Kingdom,852,473,2.6
2011-07-15,United Kingdom,174,91,2.75
2011-07-15,United Kingdom,549,330,2.37
2011-07-15,United Kingdom,1318,590,1.73
2011-07-15,United Kingdom,1793,1284,1.5
2011-07-15,United Kingdom,2303,1330,1.07
2011-07-15,United Kingdom,1669,880,1.59
2011-07-15,United Kingdom,2776,1839,3.74
2011-07-15,Poland,1018,423,2.57
2011-07-15,United Kingdom,3068,1502,1.97
2011-07-15,United Kingdom,1990,1106,3.15
2011-07-15,United Kingdom,567,240,1.66
2011-07-15,United Kingdom,100,43,2.88
2011-07-15,United Kingdom,2243,1661,4.22
2011-07-15,United Kingdom,1164,552,1.61
2011-07-15,United Kingdom,2419,1807,3.63
2011-07-15,United Kingdom,1548,806,3.0
2011-07-15,United Kingdom,2320,1089,2.61
2011-07-15,United Kingdom,1620,1253,2.52
2011-07-15,United Kingdom,2046,854,1.36
2011-07-15,United Kingdom,2294,1467,1.31
2011-07-15,United Kingdom,735,474,3.07
2011-07-15,United Kingdom,3216,1796,4.34
2011-07-15,Canada,1374,853,3.6
2011-07-15,United Kingdom,2419,1490,1.26
2011-07-15,United Kingdom,1153,836,2.14
2011-07-15,United Kingdom,1518,1088,3.01
2011-07-15,United Kingdom,749,329,4.2
2011-07-15,United Kingdom,1417,1029,1.11
2011-07-15,United Kingdom,100,60,1.87
2011-07-15,United Kingdom,381,180,1.08
2011-07-15,Germany,168,79,2.67
2011-07-15,United Kingdom,1122,747,2.58
2011-07-15,United Kingdom,1300,548,1.83
2011-07-15,United Kingdom,2163,1204,3.75
2011-07-15,United Kingdom,2046,952,2.02
2011-07-15,United Kingdom,2214,969,1.47
2011-07-15,United Kingdom,1241,580,1.4
2011-07-15,United Kingdom,961,409,2.53
2011-07-15,United Kingdom,1811,844,3.56
2011-07-15,Germany,2062,1229,1.87
2011-07-15,United Kingdom,2041,1301,3.5
2011-07-15,United Kingdom,1044,550,2.38
2011-07-15,United Kingdom,1019,417,3.71
2011-07-15,United Kingdom,997,659,1.51
2011-07-15,United Kingdom,2345,1720,1.65
2011-07-15,United Kingdom,2222,1498,2.12
2011-07-15,Switzerland,1655,786,3.63
2011-07-15,United Kingdom,1304,945,1.87
2011-07-15,United Kingdom,1243,511,1.35
2011-07-15,United Kingdom,1061,838,3.92
2011-07-15,United Kingdom,1712,778,1.09
2011-07-15,United Kingdom,1073,449,2.42
2011-07-15,United Kingdom,1554,813,2.93
2011-07-15,United Kingdom,572,270,3.22
2011-07-17,United Kingdom,1419,788,1.45
2011-07-17,Germany,820,336,2.97
2011-07-17,United Kingdom,1373,729,2.98
2011-07-17,United Kingdom,862,396,2.18
2011-07-17,United Kingdom,1511,887,3.6
2011-07-17,United Kingdom,1442,1110,3.97
2011-07-17,United Kingdom,135,95,1.6
2011-07-17,United Kingdom,2159,909,3.59
2011-07-17,United Kingdom,376,268,2.96
2011-07-17,United Kingdom,1567,873,2.22
2011-07-17,United Kingdom,2261,1680,3.83
2011-07-17,United Kingdom,2069,1307,1.55
2011-07-17,United Kingdom,1589,781,2.88
2011-07-17,United Kingdom,926,454,2.9
2011-07-17,United Kingdom,2027,1409,1.06
2011-07-17,Switzerland,1844,1474,2.14
2011-07-17,United Kingdom,100,68,1.26
2011-07-17,United Kingdom,2606,1913,3.77
2011-07-17,United Kingdom,1540,1130,4.25
2011-07-17,United Kingdom,610,331,2.87
2011-07-17,United Kingdom,1767,1102,1.63
2011-07-17,United Kingdom,862,598,2.57
2011-07-17,United Kingdom,1429,721,1.74
2011-07-17,United Kingdom,1480,847,3.68
2011-07-17,United Kingdom,2143,1158,3.23
2011-07-17,United Kingdom,2249,1399,2.41
2011-07-17,United Kingdom,820,503,3.6
2011-07-17,United Kingdom,1719,1338,3.78
2011-07-17,United Kingdom,1593,671,1.46
2011-07-17,United Kingdom,1840,1125,2.83
2011-07-17,United Kingdom,2409,1433,2.45
2011-07-17,United Kingdom,1507,1146,2.69
2011-07-17,United Kingdom,1572,1138,2.49
2011-07-17,United Kingdom,452,350,2.99
2011-07-17,United Kingdom,826,546,3.44
2011-07-17,United Kingdom,1253,592,1.23
2011-07-17,United Kingdom,2367,1739,2.32
2011-07-17,United Kingdom,1017,423,1.46
2011-07-17,United Kingdom,1830,979,1.96
2011-07-17,United Kingdom,1806,952,4.04
2011-07-17,United Kingdom,244,115,1.04
2011-07-17,United Kingdom,1812,793,2.98
2011-07-17,France,728,564,3.83
2011-07-17,United Kingdom,824,449,3.1
2011-07-17,United Kingdom,1972,1390,4.23
2011-07-17,United Kingdom,1559,741,1.92
2011-07-17,United Kingdom,724,420,4.0
2011-07-17,United Kingdom,1291,681,3.2
2011-07-17,United Kingdom,997,702,4.32
2011-07-17,United Kingdom,403,257,4.32
2011-07-17,United Kingdom,3001,1955,3.03
2011-07-17,United Kingdom,2408,971,2.77
2011-07-18,United Kingdom,2827,1133,4.43
2011-07-18,EIRE,250,185,2.76
2011-07-18,United Kingdom,1772,1039,3.91
2011-07-18,United Kingdom,893,448,1.4
2011-07-18,United Kingdom,2136,1021,3.13
2011-07-18,United Kingdom,1170,750,4.2
2011-07-18,United Kingdom,1236,509,4.04
2011-07-18,United Kingdom,1287,718,3.27
2011-07-18,United Kingdom,1518,968,1.92
2011-07-18,United Kingdom,1752,862,1.72
2011-07-18,United Kingdom,694,377,2.73
2011-07-18,United Kingdom,1853,1033,3.74
2011-07-18,United Kingdom,929,490,3.84
2011-07-18,United Kingdom,1052,483,3.27
2011-07-18,United Kingdom,1415,745,1.42
2011-07-18,EIRE,2776,1743,1.13
2011-07-18,United Kingdom,1588,822,3.1
2011-07-18,United Kingdom,2166,1257,2.2
2011-07-18,United Kingdom,1968,1223,4.41
2011-07-18,United Kingdom,1306,904,1.96
2011-07-18,United Kingdom,1086,756,1.65
2011-07-18,United Kingdom,1293,622,3.65
2011-07-18,United Kingdom,3118,1292,1.3
2011-07-18,United Kingdom,100,67,2.04
2011-07-18,United Kingdom,1553,1211,3.13
2011-07-18,United Kingdom,1630,1013,4.39
2011-07-18,United Kingdom,2211,1067,3.65
2011-07-18,United Kingdom,1357,975,2.59
2011-07-18,United Kingdom,2124,1078,1.61
2011-07-18,Singapore,1128,795,1.42
2011-07-18,United Kingdom,2317,1359,2.2
2011-07-18,United Kingdom,100,61,2.2
2011-07-18,France,419,297,1.44
2011-07-18,United Kingdom,1424,932,4.46
2011-07-18,United Kingdom,2196,1450,1.07
2011-07-18,United Kingdom,1685,755,3.51
2011-07-18,United Kingdom,1459,1067,2.83
2011-07-18,United Kingdom,897,379,2.5
2011-07-18,United Kingdom,1466,912,1.24
2011-07-18,United Kingdom,1218,640,3.53
2011-07-18,United Kingdom,1899,1305,2.4
2011-07-18,United Kingdom,204,118,1.33
2011-07-18,United Kingdom,1586,872,2.58
2011-07-18,United Kingdom,1500,617,1.97
2011-07-18,United Kingdom,618,462,2.67
2011-07-18,United Kingdom,2261,926,2.31
2011-07-18,United Kingdom,1261,586,2.01
2011-07-18,United Kingdom,1495,651,1.46
2011-07-18,United Kingdom,1086,501,1.84
2011-07-18,United Kingdom,815,407,3.29
2011-07-18,United Kingdom,736,340,4.39
2011-07-18,United Kingdom,3025,1280,3.16
2011-07-18,United Kingdom,1336,745,4.45
2011-07-18,United Kingdom,2709,2106,3.79
2011-07-18,United Kingdom,3019,2282,4.23
2011-07-18,United Kingdom,1361,643,2.61
2011-07-18,France,954,423,1.1
2011-07-18,United Kingdom,864,661,4.33
2011-07-18,United Kingdom,1633,1193,4.01
2011-07-18,United Kingdom,1355,1044,1.13
2011-07-18,United Kingdom,1561,1196,1.32
2011-07-18,United Kingdom,2473,997,1.18
2011-07-18,United Kingdom,1515,757,1.44
2011-07-18,United Kingdom,1176,577,3.82
2011-07-18,United Kingdom,2617,1557,4.49
2011-07-18,United Kingdom,1128,524,3.04
2011-07-18,United Kingdom,2375,1039,3.52
2011-07-18,United Kingdom,2438,1107,3.86
2011-07-18,United Kingdom,100,51,4.42
2011-07-18,United Kingdom,2120,1641,2.07
2011-07-18,United Kingdom,2284,1480,1.26
2011-07-18,United Kingdom,1743,760,3.95
2011-07-18,United Kingdom,2573,1627,4.32
2011-07-18,United Kingdom,1005,534,1.71
2011-07-18,United Kingdom,842,382,2.37
2011-07-18,United Kingdom,155,112,2.45
2011-07-18,United Kingdom,577,277,2.17
2011-07-18,United Kingdom,1030,429,3.8
2011-07-18,United Kingdom,352,151,4.38
2011-07-18,United Kingdom,100,59,1.45
2011-07-18,United Kingdom,1905,1512,3.52
2011-07-18,United Kingdom,1271,769,3.04
2011-07-18,United Kingdom,417,201,3.77
2011-07-18,United Kingdom,1645,670,1.87
2011-07-18,United Kingdom,2539,1684,3.03
2011-07-18,United Kingdom,403,203,1.76
2011-07-18,United Kingdom,3023,2228,3.95
2011-07-18,United Kingdom,964,414,2.03
2011-07-18,United Kingdom,2125,1402,4.18
2011-07-18,United Kingdom,316,139,2.15
2011-07-18,United Kingdom,2123,1441,2.25
2011-07-18,United Kingdom,1170,673,1.3
2011-07-18,United Kingdom,863,613,3.8
2011-07-19,EIRE,1067,714,1.59
2011-07-19,EIRE,1088,601,4.26
2011-07-19,United Kingdom,2323,1459,4.16
2011-07-19,United Kingdom,597,307,1.87
2011-07-19,United Kingdom,2231,1658,2.16
2011-07-19,United Kingdom,871,432,1.14
2011-07-19,EIRE,2382,1482,2.13
2011-07-19,France,1042,820,3.19
2011-07-19,United Kingdom,1492,812,2.93
2011-07-19,United Kingdom,2823,1943,1.97
2011-07-19,United Kingdom,1581,872,2.63
2011-07-19,Australia,329,211,1.53
2011-07-19,Germany,812,551,4.22
2011-07-19,United Kingdom,1735,1049,2.04
2011-07-19,Australia,2343,1365,1.92
2011-07-19,United Kingdom,1249,758,2.97
2011-07-19,United Kingdom,1740,1110,3.87
2011-07-19,United Kingdom,1840,906,2.46
2011-07-19,United Kingdom,961,539,4.11
2011-07-19,United Kingdom,570,364,2.84
2011-07-19,United Kingdom,1692,915,3.27
2011-07-19,United Kingdom,2573,1259,1.25
2011-07-19,United Kingdom,1408,880,2.57
2011-07-19,EIRE,1279,900,2.52
2011-07-19,United Kingdom,683,522,1.68
2011-07-19,United Kingdom,1062,569,4.34
2011-07-19,United Kingdom,1082,777,3.43
2011-07-19,Australia,2865,1464,2.94
2011-07-19,Germany,1402,867,1.78
2011-07-19,Germany,1980,1214,1.16
2011-07-19,United Kingdom,2416,1589,1.81
2011-07-19,United Kingdom,1739,858,3.55
2011-07-19,United Kingdom,2555,1189,1.41
2011-07-19,Finland,188,146,2.3
2011-07-19,United Kingdom,2535,1908,3.12
2011-07-19,United Kingdom,510,224,4.5
2011-07-19,United Kingdom,2166,1151,2.42
2011-07-19,United Kingdom,2142,1009,3.5
2011-07-19,United Kingdom,2680,1813,1.82
2011-07-19,United Kingdom,1738,917,2.12
2011-07-19,United Kingdom,100,69,2.1
2011-07-19,United Kingdom,1742,1197,1.7
2011-07-19,United Kingdom,1528,637,1.72
2011-07-19,United Kingdom,2400,1736,3.85
2011-07-19,United Kingdom,1889,1357,1.7
2011-07-19,EIRE,2172,1039,2.13
2011-07-19,Germany,2923,1684,1.85
2011-07-19,United Kingdom,753,568,3.86
2011-07-19,Germany,1104,805,3.94
2011-07-19,United Kingdom,824,620,1.73
2011-07-19,United Kingdom,1884,1060,3.93
2011-07-19,Germany,1617,1165,1.87
2011-07-19,United Kingdom,1226,593,2.01
2011-07-19,United Kingdom,472,298,3.63
2011-07-19,United Kingdom,321,130,3.83
2011-07-19,United Kingdom,2444,1608,1.42
2011-07-19,United Kingdom,571,266,2.27
2011-07-19,United Kingdom,1394,835,2.28
2011-07-19,United Kingdom,3413,1876,2.22
2011-07-19,United Kingdom,1369,956,3.11
2011-07-19,United Kingdom,187,127,3.78
2011-07-19,United Kingdom,1400,578,1.21
2011-07-19,United Kingdom,1724,1085,3.14
2011-07-19,United Kingdom,1867,905,4.38
2011-07-19,United Kingdom,619,265,2.66
2011-07-19,United Kingdom,1126,872,3.97
2011-07-19,United Kingdom,1145,487,4.41
2011-07-19,United Kingdom,1105,729,3.21
2011-07-19,United Kingdom,635,435,2.49
2011-07-19,United Kingdom,1176,612,2.75
2011-07-19,United Kingdom,2293,1689,1.91
2011-07-19,Germany,100,68,2.6
2011-07-19,United Kingdom,401,215,3.74
2011-07-19,United Kingdom,2234,1020,4.11
2011-07-19,United Kingdom,1562,896,1.78
2011-07-19,United Kingdom,941,529,1.55
2011-07-19,United Kingdom,2445,1719,1.69
2011-07-19,United Kingdom,1582,1205,2.56
2011-07-19,United Kingdom,100,72,1.98
2011-07-19,United Kingdom,897,419,3.36
2011-07-20,United Kingdom,1338,691,3.43
2011-07-20,United Kingdom,1658,1203,4.37
2011-07-20,United Kingdom,326,153,3.27
2011-07-20,United Kingdom,1777,790,4.03
2011-07-20,United Kingdom,2492,1207,3.32
2011-07-20,Spain,1133,608,3.71
2011-07-20,United Kingdom,978,614,2.16
2011-07-20,United Kingdom,1393,949,4.34
2011-07-20,Germany,2449,1335,3.41
2011-07-20,United Kingdom,2250,938,3.35
2011-07-20,United Kingdom,1316,571,3.62
2011-07-20,United Kingdom,2574,2003,4.29
2011-07-20,United Kingdom,982,459,1.54
2011-07-20,United Kingdom,1210,921,4.06
2011-07-20,United Kingdom,1149,743,2.0
2011-07-20,United Kingdom,1751,1275,4.4
2011-07-20,United Kingdom,824,415,1.91
2011-07-20,United Kingdom,1157,696,2.81
2011-07-20,United Kingdom,2114,1376,3.2
2011-07-20,United Kingdom,1966,1322,1.05
2011-07-20,United Kingdom,1816,744,1.98
2011-07-20,United Kingdom,804,441,3.29
2011-07-20,United Kingdom,1225,923,2.69
2011-07-20,United Kingdom,1880,993,3.98
2011-07-20,United Kingdom,1500,1104,2.3
2011-07-20,United Kingdom,1211,779,4.12
2011-07-20,United Kingdom,1981,1189,2.27
2011-07-20,United Kingdom,1920,941,3.3
2011-07-20,United Kingdom,1975,1187,4.24
2011-07-20,Portugal,424,191,3.87
2011-07-20,United Kingdom,1119,632,2.88
2011-07-20,United Kingdom,1974,1362,4.1
2011-07-20,United Kingdom,2384,1052,3.85
2011-07-20,United Kingdom,1802,976,1.81
2011-07-20,United Kingdom,2096,1179,1.71
2011-07-20,United Kingdom,1604,1238,4.49
2011-07-20,United Kingdom,1408,828,2.07
2011-07-20,Netherlands,1662,852,3.37
2011-07-20,United Kingdom,1425,580,2.57
2011-07-20,United Kingdom,1398,882,3.92
2011-07-20,United Kingdom,1268,814,3.43
2011-07-20,United Kingdom,2165,1002,3.14
2011-07-20,United Kingdom,1392,835,3.2
2011-07-20,United Kingdom,1510,947,3.96
2011-07-20,United Kingdom,260,107,2.13
2011-07-20,United Kingdom,2525,2018,2.2
2011-07-20,United Kingdom,1937,1214,2.16
2011-07-20,United Kingdom,1616,798,3.29
2011-07-20,United Kingdom,751,588,2.1
2011-07-20,United Kingdom,1992,1493,3.66
2011-07-20,United Kingdom,1472,612,3.96
2011-07-20,United Kingdom,558,375,2.31
2011-07-20,United Kingdom,1544,833,3.07
2011-07-20,United Kingdom,2484,1911,1.64
2011-07-20,Germany,1472,879,3.82
2011-07-20,United Kingdom,801,324,3.34
2011-07-20,United Kingdom,100,48,2.1
2011-07-20,United Kingdom,1189,579,1.02
2011-07-20,United Kingdom,2728,2176,1.89
2011-07-20,United Kingdom,100,48,1.9
2011-07-20,United Kingdom,1208,830,1.65
2011-07-20,United Kingdom,1895,1099,3.32
2011-07-20,United Kingdom,668,333,3.82
2011-07-20,United Kingdom,597,383,1.15
2011-07-20,United Kingdom,1103,627,2.75
2011-07-20,United Kingdom,2147,1656,3.04
2011-07-20,United Kingdom,1874,1309,3.74
2011-07-20,United Kingdom,725,319,2.49
2011-07-20,United Kingdom,802,598,1.48
2011-07-21,United Kingdom,1945,971,1.21
2011-07-21,United Kingdom,2533,1200,1.84
2011-07-21,United Kingdom,781,488,1.1
2011-07-21,United Kingdom,1516,971,2.66
2011-07-21,United Kingdom,2122,1435,1.26
2011-07-21,European Community,1811,1299,3.43
2011-07-21,United Kingdom,886,680,2.68
2011-07-21,United Kingdom,3429,2658,4.07
2011-07-21,United Kingdom,2267,949,3.14
2011-07-21,United Kingdom,1126,792,2.37
2011-07-21,United Kingdom,2526,1361,4.27
2011-07-21,United Kingdom,2793,1600,1.75
2011-07-21,United Kingdom,1078,674,1.32
2011-07-21,United Kingdom,2023,1544,1.73
2011-07-21,United Kingdom,1126,864,3.84
2011-07-21,United Kingdom,699,311,1.25
2011-07-21,United Kingdom,561,361,1.45
2011-07-21,United Kingdom,852,659,3.1
2011-07-21,United Kingdom,1343,778,1.68
2011-07-21,United Kingdom,3131,2478,2.43
2011-07-21,United Kingdom,1305,661,1.1
2011-07-21,United Kingdom,703,307,1.08
2011-07-21,United Kingdom,453,305,3.58
2011-07-21,United Kingdom,100,52,2.93
2011-07-21,United Kingdom,2933,1427,2.16
2011-07-21,United Kingdom,1000,585,2.64
2011-07-21,United Kingdom,1712,1274,4.21
2011-07-21,United Kingdom,2117,1242,3.98
2011-07-21,United Kingdom,2990,1257,1.24
2011-07-21,United Kingdom,2658,1717,2.98
2011-07-21,United Kingdom,642,406,1.01
2011-07-21,United Kingdom,182,102,1.25
2011-07-21,United Kingdom,1226,957,2.84
2011-07-21,United Kingdom,807,375,1.4
2011-07-21,United Kingdom,1632,1195,4.21
2011-07-21,United Kingdom,1319,549,4.38
2011-07-21,United Kingdom,701,509,2.97
2011-07-21,United Kingdom,1098,795,2.45
2011-07-21,United Kingdom,1528,1206,3.14
2011-07-21,United Kingdom,1350,702,1.02
2011-07-21,United Kingdom,644,296,3.35
2011-07-21,United Kingdom,1371,838,1.03
2011-07-21,United Kingdom,1279,684,4.16
2011-07-21,United Kingdom,1114,802,1.27
2011-07-21,United Kingdom,948,504,3.76
2011-07-21,United Kingdom,908,403,2.47
2011-07-21,United Kingdom,1177,777,1.16
2011-07-21,United Kingdom,1549,660,3.68
2011-07-21,United Kingdom,2647,1931,3.16
2011-07-21,United Kingdom,522,409,3.26
2011-07-21,United Kingdom,1670,739,2.67
2011-07-21,United Kingdom,1548,1158,3.04
2011-07-21,United Kingdom,2949,1850,1.1
2011-07-21,United Kingdom,1622,863,1.3
2011-07-21,Germany,2464,1376,1.62
2011-07-21,United Kingdom,2883,2136,1.08
2011-07-21,United Kingdom,469,232,1.31
2011-07-21,United Kingdom,1606,886,2.49
2011-07-21,United Kingdom,100,69,2.41
2011-07-21,United Kingdom,2692,1946,2.62
2011-07-21,United Kingdom,848,528,3.13
2011-07-21,United Kingdom,100,72,2.89
2011-07-21,United Kingdom,2659,1816,4.39
2011-07-21,United Kingdom,1697,801,2.05
2011-07-21,United Kingdom,1052,641,2.01
2011-07-21,United Kingdom,1046,425,4.2
2011-07-21,United Kingdom,1228,800,3.57
2011-07-21,United Kingdom,1555,1104,3.15
2011-07-21,United Kingdom,765,496,3.14
2011-07-21,United Kingdom,1015,541,3.21
2011-07-21,United Kingdom,1575,1235,3.13
2011-07-21,EIRE,1936,1380,4.43
2011-07-21,United Kingdom,1702,1208,3.09
2011-07-21,United Kingdom,1379,789,1.84
2011-07-21,France,1284,758,2.88
2011-07-21,United Kingdom,790,569,1.73
2011-07-21,United Kingdom,100,62,4.12
2011-07-21,Germany,1275,958,4.16
2011-07-21,United Kingdom,1609,933,1.53
2011-07-21,United Kingdom,1072,463,1.84
2011-07-21,United Kingdom,3065,1962,1.71
2011-07-21,United Kingdom,911,651,2.22
2011-07-21,United Kingdom,2196,1524,1.5
2011-07-21,United Kingdom,1599,750,4.26
2011-07-21,United Kingdom,667,275,2.19
2011-07-21,United Kingdom,1346,625,1.35
2011-07-21,United Kingdom,1257,966,3.75
2011-07-21,United Kingdom,2120,1116,3.43
2011-07-21,United Kingdom,1812,763,1.4
2011-07-21,United Kingdom,820,348,3.42
2011-07-21,EIRE,794,541,4.31
2011-07-21,United Kingdom,831,334,3.47
2011-07-21,United Kingdom,1578,715,3.0
2011-07-21,United Kingdom,287,202,1.97
2011-07-21,United Kingdom,1188,819,4.32
2011-07-21,United Kingdom,1048,522,2.88
2011-07-21,EIRE,1269,556,3.74
2011-07-22,United Kingdom,873,641,2.75
2011-07-22,United Kingdom,1193,767,1.39
2011-07-22,United Kingdom,1363,801,1.66
2011-07-22,United Kingdom,1981,1152,1.02
2011-07-22,United Kingdom,1675,841,2.1
2011-07-22,United Kingdom,1437,713,3.6
2011-07-22,United Kingdom,2375,958,1.14
2011-07-22,United Kingdom,2150,1296,3.96
2011-07-22,United Kingdom,222,132,2.66
2011-07-22,United Kingdom,1912,1386,1.2
2011-07-22,United Kingdom,1199,847,4.27
2011-07-22,United Kingdom,1408,754,3.04
2011-07-22,United Kingdom,2177,1451,1.35
2011-07-22,United Kingdom,1782,966,4.03
2011-07-22,United Kingdom,1307,595,3.43
2011-07-22,United Kingdom,2192,1055,2.77
2011-07-22,United Kingdom,514,381,1.68
2011-07-22,United Kingdom,534,214,2.29
2011-07-22,United Kingdom,2566,1936,1.33
2011-07-22,United Kingdom,2865,1511,3.69
2011-07-22,United Kingdom,2174,1346,3.54
2011-07-22,United Kingdom,1762,798,3.86
2011-07-22,United Kingdom,1026,537,4.16
2011-07-22,United Kingdom,1306,932,1.05
2011-07-22,United Kingdom,843,525,4.05
2011-07-22,United Kingdom,2391,1107,2.97
2011-07-22,United Kingdom,2304,1132,1.45
2011-07-22,United Kingdom,1545,1034,1.27
2011-07-22,United Kingdom,482,365,3.07
2011-07-22,Norway,2441,989,4.18
2011-07-22,United Kingdom,2009,1096,3.65
2011-07-22,United Kingdom,1399,756,1.3
2011-07-22,United Kingdom,1073,628,1.43
2011-07-22,United Kingdom,2258,1427,1.36
2011-07-22,United Kingdom,3156,2264,3.43
2011-07-22,Germany,601,309,2.01
2011-07-22,United Kingdom,1075,463,3.93
2011-07-22,United Kingdom,1316,716,1.38
2011-07-22,United Kingdom,3222,1954,3.42
2011-07-22,United Kingdom,344,150,2.56
2011-07-22,United Kingdom,915,369,1.88
2011-07-22,United Kingdom,1156,500,1.14
2011-07-22,United Kingdom,574,252,1.33
2011-07-22,United Kingdom,1089,869,3.28
2011-07-22,United Kingdom,1826,747,2.99
2011-07-22,United Kingdom,2328,1431,2.4
2011-07-22,United Kingdom,2142,898,1.72
2011-07-22,United Kingdom,1181,560,4.07
2011-07-22,United Kingdom,2415,1117,4.4
2011-07-22,United Kingdom,1603,1116,3.92
2011-07-22,United Kingdom,1245,908,2.28
2011-07-22,United Kingdom,2198,1229,3.71
2011-07-22,United Kingdom,1008,741,3.15
2011-07-22,United Kingdom,1304,1038,3.34
2011-07-22,United Kingdom,658,353,3.35
2011-07-22,United Kingdom,1478,861,2.74
2011-07-22,United Kingdom,1949,1107,4.46
2011-07-24,United Kingdom,428,269,2.55
2011-07-24,United Kingdom,116,58,1.64
2011-07-24,United Kingdom,1998,1114,3.59
2011-07-24,United Kingdom,3172,2451,2.15
2011-07-24,United Kingdom,971,400,2.81
2011-07-24,United Kingdom,1189,848,2.21
2011-07-24,United Kingdom,1887,1223,1.71
2011-07-24,United Kingdom,2377,1099,4.44
2011-07-24,France,2621,1330,2.63
2011-07-24,United Kingdom,2520,1586,1.85
2011-07-24,United Kingdom,3189,2397,3.57
2011-07-24,United Kingdom,407,251,2.79
2011-07-24,United Kingdom,2052,835,4.31
2011-07-24,United Kingdom,517,318,2.21
2011-07-24,United Kingdom,1434,699,3.95
2011-07-24,United Kingdom,1506,614,2.39
2011-07-24,Germany,1027,565,2.03
2011-07-24,United Kingdom,1865,1140,3.77
2011-07-24,United Kingdom,1206,583,2.39
2011-07-24,Australia,1090,758,2.29
2011-07-24,United Kingdom,1420,1029,2.64
2011-07-24,United Kingdom,2183,1330,2.95
2011-07-24,United Kingdom,573,325,3.01
2011-07-24,United Kingdom,3170,1534,1.16
2011-07-24,United Kingdom,2008,1272,3.89
2011-07-24,United Kingdom,1860,1056,2.59
2011-07-24,United Kingdom,1936,839,3.64
2011-07-24,United Kingdom,1618,1126,4.29
2011-07-24,United Kingdom,2017,1323,2.31
2011-07-24,United Kingdom,1404,960,2.61
2011-07-24,United Kingdom,3653,2135,2.27
2011-07-24,United Kingdom,1151,624,4.4
2011-07-24,United Kingdom,561,248,3.29
2011-07-24,United Kingdom,950,742,4.4
2011-07-24,United Kingdom,1335,880,2.4
2011-07-24,United Kingdom,1860,1432,1.13
2011-07-24,United Kingdom,1659,947,4.49
2011-07-24,United Kingdom,1555,738,2.01
2011-07-24,United Kingdom,2605,1230,1.36
2011-07-24,United Kingdom,1583,868,4.38
2011-07-24,Japan,387,189,1.49
2011-07-24,United Kingdom,1117,605,1.02
2011-07-24,United Kingdom,781,438,4.35
2011-07-24,United Kingdom,1056,769,3.84
2011-07-24,United Kingdom,1643,1080,3.85
2011-07-24,United Kingdom,2534,1910,1.91
2011-07-24,United Kingdom,3447,1697,3.58
2011-07-24,United Kingdom,1213,652,2.88
2011-07-24,United Kingdom,759,541,1.17
2011-07-24,United Kingdom,2505,1812,2.31
2011-07-24,United Kingdom,871,555,2.2
2011-07-24,United Kingdom,1211,566,1.72
2011-07-24,United Kingdom,590,273,1.86
2011-07-24,United Kingdom,786,337,1.22
2011-07-24,United Kingdom,1895,953,3.78
2011-07-24,United Kingdom,1540,1124,3.49
2011-07-24,United Kingdom,1631,908,1.51
2011-07-24,United Kingdom,1084,619,4.28
2011-07-24,United Kingdom,1914,1324,3.43
2011-07-25,United Kingdom,2812,1922,3.09
2011-07-25,United Kingdom,1001,640,3.97
2011-07-25,United Kingdom,2515,1018,3.27
2011-07-25,United Kingdom,1977,968,3.31
2011-07-25,United Kingdom,632,435,1.85
2011-07-25,United Kingdom,2174,953,1.47
2011-07-25,United Kingdom,985,423,1.47
2011-07-25,Spain,1438,897,3.06
2011-07-25,Germany,1283,943,3.63
2011-07-25,United Kingdom,942,471,1.75
2011-07-25,United Kingdom,1549,949,1.39
2011-07-25,United Kingdom,2066,974,2.05
2011-07-25,United Kingdom,1229,829,2.38
2011-07-25,United Kingdom,2813,2032,2.7
2011-07-25,United Kingdom,783,437,2.92
2011-07-25,Denmark,1844,1283,3.91
2011-07-25,United Kingdom,346,154,2.25
2011-07-25,United Kingdom,951,667,3.82
2011-07-25,Poland,456,312,4.38
2011-07-25,United Kingdom,1924,1493,3.34
2011-07-25,United Kingdom,1045,615,4.22
2011-07-25,United Kingdom,1279,950,2.78
2011-07-25,United Kingdom,1116,659,1.22
2011-07-25,United Kingdom,2818,1911,4.0
2011-07-25,United Kingdom,2406,1834,1.73
2011-07-25,United Kingdom,657,379,1.63
2011-07-25,United Kingdom,541,305,3.92
2011-07-25,Switzerland,617,473,2.05
2011-07-25,Switzerland,1945,1401,3.76
2011-07-25,United Kingdom,963,709,1.9
2011-07-25,United Kingdom,2781,1204,3.15
2011-07-25,United Kingdom,2350,1150,2.5
2011-07-25,United Kingdom,780,494,2.22
2011-07-25,United Kingdom,1512,720,1.49
2011-07-25,United Kingdom,1332,889,3.55
2011-07-25,United Kingdom,1197,842,2.01
2011-07-25,United Kingdom,2234,1020,2.31
2011-07-25,United Kingdom,1820,1276,1.31
2011-07-25,United Kingdom,2876,1802,2.56
2011-07-25,United Kingdom,1317,527,2.39
2011-07-25,United Kingdom,1617,849,4.41
2011-07-25,United Kingdom,1190,870,2.72
2011-07-25,Germany,1288,633,1.93
2011-07-25,United Kingdom,1730,857,2.95
2011-07-25,United Kingdom,100,58,1.96
2011-07-25,United Kingdom,1069,489,3.55
2011-07-25,United Kingdom,107,56,1.41
2011-07-25,United Kingdom,2137,1156,2.39
2011-07-25,United Kingdom,766,335,2.85
2011-07-25,United Kingdom,1856,822,4.43
2011-07-25,United Kingdom,2230,1405,4.16
2011-07-25,United Kingdom,483,363,1.01
2011-07-25,United Kingdom,100,48,4.29
2011-07-25,United Kingdom,3463,1413,4.27
2011-07-25,United Kingdom,2752,1514,3.11
2011-07-25,United Kingdom,1815,1108,1.09
2011-07-25,United Kingdom,750,514,2.74
2011-07-25,United Kingdom,2648,1871,1.21
2011-07-25,United Kingdom,1152,861,3.58
2011-07-25,United Kingdom,1751,1343,4.33
2011-07-25,United Kingdom,1127,882,1.84
2011-07-26,United Kingdom,889,511,3.98
2011-07-26,United Kingdom,1791,885,2.39
2011-07-26,United Kingdom,498,250,3.05
2011-07-26,United Kingdom,1249,986,1.38
2011-07-26,United Kingdom,1625,988,2.77
2011-07-26,United Kingdom,2757,1307,4.06
2011-07-26,United Kingdom,559,341,3.91
2011-07-26,United Kingdom,1714,939,2.27
2011-07-26,Australia,2749,1303,1.27
2011-07-26,Australia,2363,1159,3.38
2011-07-26,United Kingdom,1947,1121,1.71
2011-07-26,United Kingdom,2083,1462,4.38
2011-07-26,United Kingdom,167,105,3.8
2011-07-26,United Kingdom,893,404,1.3
2011-07-26,United Kingdom,2287,1707,2.87
2011-07-26,United Kingdom,3167,2479,1.04
2011-07-26,United Kingdom,1250,630,4.19
2011-07-26,United Kingdom,1969,1006,1.5
2011-07-26,United Kingdom,1897,1312,3.93
2011-07-26,EIRE,1446,1042,3.41
2011-07-26,United Kingdom,2112,1348,1.73
2011-07-26,United Kingdom,1682,678,1.45
2011-07-26,United Kingdom,3421,2444,1.8
2011-07-26,United Kingdom,1746,1145,1.51
2011-07-26,United Kingdom,1840,785,4.21
2011-07-26,United Kingdom,828,656,1.59
2011-07-26,United Kingdom,2067,1216,2.95
2011-07-26,United Kingdom,1976,1019,2.68
2011-07-26,United Kingdom,1458,713,1.68
2011-07-26,United Kingdom,826,334,4.07
2011-07-26,EIRE,614,391,4.33
2011-07-26,United Kingdom,2222,942,2.41
2011-07-26,Italy,2669,1212,2.11
2011-07-26,United Kingdom,100,46,1.12
2011-07-26,United Kingdom,2790,1586,3.66
2011-07-26,United Kingdom,100,56,3.45
2011-07-26,United Kingdom,1423,824,4.36
2011-07-26,United Kingdom,2722,2014,4.4
2011-07-26,United Kingdom,1807,741,2.34
2011-07-26,United Kingdom,413,180,2.06
2011-07-26,United Kingdom,1446,843,2.58
2011-07-26,United Kingdom,1001,407,3.3
2011-07-26,United Kingdom,925,724,1.43
2011-07-26,United Kingdom,2273,1373,1.73
2011-07-26,United Kingdom,1315,886,4.48
2011-07-26,United Kingdom,2161,1363,2.36
2011-07-26,Germany,2027,1356,1.35
2011-07-26,United Kingdom,976,501,1.75
2011-07-26,United Kingdom,1317,635,3.07
2011-07-26,United Kingdom,1341,1038,3.26
2011-07-26,Switzerland,1607,1118,1.72
2011-07-26,United Kingdom,1389,1037,1.76
2011-07-26,United Kingdom,1266,570,2.09
2011-07-26,United Kingdom,1955,1220,3.25
2011-07-26,United Kingdom,377,216,3.88
2011-07-26,United Kingdom,2008,830,2.13
2011-07-26,United Kingdom,2426,1370,3.14
2011-07-26,Germany,960,615,4.21
2011-07-26,United Kingdom,1417,694,3.1
2011-07-26,United Kingdom,1902,1071,2.58
2011-07-26,United Kingdom,794,513,3.96
2011-07-26,United Kingdom,2001,1059,2.27
2011-07-26,United Kingdom,171,72,1.87
2011-07-26,United Kingdom,855,670,3.07
2011-07-26,United Kingdom,1968,1363,2.37
2011-07-26,United Kingdom,1457,1123,1.67
2011-07-26,United Kingdom,1320,839,3.72
2011-07-26,United Kingdom,2746,1442,3.76
2011-07-26,United Kingdom,736,573,1.2
2011-07-26,United Kingdom,1521,1069,2.38
2011-07-26,United Kingdom,1211,488,3.23
2011-07-26,United Kingdom,745,484,3.13
2011-07-26,United Kingdom,2286,1211,2.92
2011-07-26,United Kingdom,1301,783,3.63
2011-07-26,United Kingdom,886,371,2.25
2011-07-27,United Kingdom,1603,1195,4.47
2011-07-27,United Kingdom,2486,1324,2.36
2011-07-27,United Kingdom,1798,1365,3.69
2011-07-27,United Kingdom,2138,1675,3.16
2011-07-27,United Kingdom,1213,690,2.7
2011-07-27,Japan,100,59,1.11
2011-07-27,United Kingdom,2164,1391,1.92
2011-07-27,United Kingdom,1496,788,4.43
2011-07-27,United Kingdom,1384,1054,2.76
2011-07-27,United Kingdom,1409,980,1.7
2011-07-27,United Kingdom,2406,1401,1.58
2011-07-27,United Kingdom,1709,955,2.02
2011-07-27,United Kingdom,2526,1092,1.76
2011-07-27,United Kingdom,1943,832,1.31
2011-07-27,United Kingdom,2060,1471,1.97
2011-07-27,United Kingdom,1878,1270,3.3
2011-07-27,United Kingdom,1727,998,1.05
2011-07-27,United Kingdom,1925,1128,4.4
2011-07-27,United Kingdom,1401,771,3.36
2011-07-27,United Kingdom,764,348,1.78
2011-07-27,United Kingdom,1633,1294,3.51
2011-07-27,United Kingdom,785,614,3.33
2011-07-27,United Kingdom,1763,821,1.83
2011-07-27,United Kingdom,3088,1764,1.46
2011-07-27,United Kingdom,2088,1505,2.98
2011-07-27,Germany,854,373,1.4
2011-07-27,United Kingdom,901,694,2.59
2011-07-27,France,2682,1303,4.23
2011-07-27,EIRE,1603,734,3.06
2011-07-27,EIRE,944,403,3.02
2011-07-27,United Kingdom,1475,1000,1.9
2011-07-27,United Kingdom,2297,1336,1.99
2011-07-27,United Kingdom,1190,597,2.79
2011-07-27,United Kingdom,1952,1022,3.46
2011-07-27,United Kingdom,2315,1266,4.24
2011-07-27,United Kingdom,2428,1545,2.24
2011-07-27,United Kingdom,100,71,3.71
2011-07-27,United Kingdom,1558,653,2.61
2011-07-27,United Kingdom,614,351,1.75
2011-07-27,United Kingdom,970,708,1.42
2011-07-27,United Kingdom,1006,672,1.35
2011-07-27,United Kingdom,2701,1592,3.94
2011-07-27,United Kingdom,2221,1027,3.9
2011-07-27,United Kingdom,3303,2589,2.27
2011-07-27,United Kingdom,1436,623,1.54
2011-07-27,United Kingdom,228,113,3.89
2011-07-27,United Kingdom,2290,1235,1.97
2011-07-27,United Kingdom,1718,1225,2.81
2011-07-27,United Kingdom,726,406,2.05
2011-07-27,United Kingdom,2012,1143,3.63
2011-07-27,United Kingdom,1427,678,3.97
2011-07-27,United Kingdom,850,508,2.0
2011-07-27,United Kingdom,1289,824,2.61
2011-07-27,United Kingdom,828,414,2.57
2011-07-27,United Kingdom,1438,1142,4.44
2011-07-27,United Kingdom,1250,973,2.38
2011-07-27,United Kingdom,2610,2058,3.19
2011-07-27,United Kingdom,787,552,1.2
2011-07-27,United Kingdom,2003,1551,3.59
2011-07-27,Belgium,2236,1596,3.39
2011-07-27,United Kingdom,924,578,3.09
2011-07-27,United Kingdom,1112,856,1.62
2011-07-27,United Kingdom,1208,527,2.25
2011-07-27,United Kingdom,652,264,2.38
2011-07-27,United Kingdom,1296,723,3.81
2011-07-27,United Kingdom,987,466,2.18
2011-07-27,United Kingdom,2405,1187,3.49
2011-07-27,United Kingdom,2706,1363,1.83
2011-07-27,United Kingdom,1130,488,1.93
2011-07-27,United Kingdom,2319,1277,3.39
2011-07-27,United Kingdom,115,65,3.65
2011-07-27,United Kingdom,591,344,3.99
2011-07-27,United Kingdom,1705,1280,3.14
2011-07-27,United Kingdom,1358,823,2.99
2011-07-27,United Kingdom,2110,854,3.55
2011-07-27,United Kingdom,1369,723,1.99
2011-07-27,United Kingdom,1657,903,1.53
2011-07-28,United Kingdom,2103,1590,4.46
2011-07-28,United Kingdom,2242,1624,3.11
2011-07-28,United Kingdom,2599,1051,3.03
2011-07-28,United Kingdom,1547,1183,3.84
2011-07-28,United Kingdom,1378,1038,2.47
2011-07-28,United Kingdom,1598,770,1.59
2011-07-28,United Kingdom,2046,1071,2.17
2011-07-28,United Kingdom,2361,1851,2.73
2011-07-28,United Kingdom,1728,934,1.56
2011-07-28,United Kingdom,493,350,3.29
2011-07-28,United Kingdom,1657,1194,3.13
2011-07-28,United Kingdom,1927,1299,3.12
2011-07-28,United Kingdom,2225,996,2.28
2011-07-28,United Kingdom,1962,1036,3.41
2011-07-28,United Kingdom,1969,1388,3.29
2011-07-28,United Kingdom,1277,932,1.4
2011-07-28,United Kingdom,1718,961,3.71
2011-07-28,Germany,1975,838,4.37
2011-07-28,United Kingdom,684,472,3.4
2011-07-28,United Kingdom,100,60,1.01
2011-07-28,United Kingdom,1181,743,1.25
2011-07-28,United Kingdom,1369,773,1.51
2011-07-28,United Kingdom,100,63,3.38
2011-07-28,United Kingdom,1614,674,1.94
2011-07-28,United Kingdom,506,386,3.65
2011-07-28,United Kingdom,2075,949,4.07
2011-07-28,United Kingdom,3177,1703,4.18
2011-07-28,United Kingdom,1514,1036,3.83
2011-07-28,United Kingdom,2273,1032,3.1
2011-07-28,United Kingdom,3553,2468,2.83
2011-07-28,United Kingdom,1446,987,1.51
2011-07-28,United Kingdom,2065,1302,2.58
2011-07-28,United Kingdom,1459,901,4.16
2011-07-28,United Kingdom,2235,1645,4.49
2011-07-28,United Kingdom,2376,1563,1.98
2011-07-28,United Kingdom,1446,824,1.24
2011-07-28,United Kingdom,2071,1166,4.01
2011-07-28,United Kingdom,1903,780,1.7
2011-07-28,United Kingdom,436,239,2.12
2011-07-28,United Kingdom,2403,1142,1.7
2011-07-28,United Kingdom,799,469,2.98
2011-07-28,United Kingdom,3396,1681,1.72
2011-07-28,United Kingdom,1333,840,2.67
2011-07-28,United Kingdom,1105,662,2.56
2011-07-28,United Kingdom,100,45,2.09
2011-07-28,United Kingdom,2424,1000,3.16
2011-07-28,United Kingdom,882,576,1.07
2011-07-28,United Kingdom,1069,535,2.58
2011-07-28,United Kingdom,2227,1370,2.76
2011-07-28,United Kingdom,1232,619,1.09
2011-07-28,United Kingdom,2317,1798,2.24
2011-07-28,United Kingdom,1063,831,3.69
2011-07-28,United Kingdom,2345,1756,3.06
2011-07-28,France,430,239,3.62
2011-07-28,United Kingdom,1608,1075,3.03
2011-07-28,United Kingdom,2205,1087,2.83
2011-07-28,United Kingdom,1506,770,1.47
2011-07-28,United Kingdom,2493,1551,3.26
2011-07-28,Austria,100,66,3.35
2011-07-28,United Kingdom,1116,687,4.19
2011-07-28,United Kingdom,1568,1117,3.0
2011-07-28,United Kingdom,931,512,2.24
2011-07-28,EIRE,2954,1620,3.2
2011-07-28,United Kingdom,1189,520,3.69
2011-07-28,United Kingdom,1242,874,2.33
2011-07-28,United Kingdom,1152,799,1.61
2011-07-28,United Kingdom,1681,1031,2.73
2011-07-28,United Kingdom,1379,793,1.75
2011-07-28,United Kingdom,1830,1222,2.81
2011-07-28,United Kingdom,1172,797,2.49
2011-07-28,United Kingdom,1946,1346,1.29
2011-07-28,United Kingdom,1007,772,3.59
2011-07-28,United Kingdom,647,351,3.27
2011-07-28,United Kingdom,237,103,3.42
2011-07-28,EIRE,3069,2028,4.29
2011-07-28,United Kingdom,522,311,2.01
2011-07-28,United Kingdom,2564,1698,4.11
2011-07-28,United Kingdom,1133,527,3.61
2011-07-28,United Kingdom,1608,1004,4.41
2011-07-28,United Kingdom,1706,1132,1.65
2011-07-28,United Kingdom,1311,981,2.36
2011-07-28,United Kingdom,2241,1535,3.94
2011-07-28,United Kingdom,555,432,1.31
2011-07-28,United Kingdom,1582,919,2.68
2011-07-28,United Kingdom,2435,1072,3.5
2011-07-28,United Kingdom,1044,559,2.31
2011-07-28,United Kingdom,1274,914,1.12
2011-07-28,Unspecified,1239,869,2.53
2011-07-28,United Kingdom,1688,687,3.65
2011-07-28,United Kingdom,2554,1609,3.22
2011-07-28,Unspecified,2928,1459,1.48
2011-07-28,Belgium,786,418,3.4
2011-07-28,United Kingdom,1207,758,1.32
2011-07-28,United Kingdom,674,497,2.7
2011-07-28,United Kingdom,849,362,4.3
2011-07-28,United Kingdom,1903,1202,2.02
2011-07-28,EIRE,2634,1516,2.2
2011-07-28,United Kingdom,1447,849,1.26
2011-07-28,Spain,2930,2102,1.38
2011-07-28,United Kingdom,1486,674,3.42
2011-07-28,United Kingdom,2996,2066,2.39
2011-07-28,United Kingdom,1208,681,1.98
2011-07-28,United Kingdom,555,418,1.91
2011-07-28,United Kingdom,2528,1611,2.5
2011-07-28,United Kingdom,1801,837,2.15
2011-07-28,United Kingdom,2237,1681,1.79
2011-07-28,United Kingdom,1704,1004,4.43
2011-07-28,United Kingdom,3686,1781,3.9
2011-07-28,United Kingdom,1494,1190,3.03
2011-07-28,United Kingdom,1156,492,2.93
2011-07-28,United Kingdom,2323,1522,1.74
2011-07-28,United Kingdom,3584,2336,3.71
2011-07-28,United Kingdom,626,343,4.35
2011-07-28,United Kingdom,1718,1003,3.28
2011-07-29,United Kingdom,100,57,4.46
2011-07-29,United Kingdom,857,353,2.27
2011-07-29,United Kingdom,1183,595,2.75
2011-07-29,United Kingdom,232,163,4.05
2011-07-29,United Kingdom,1981,882,2.24
2011-07-29,United Kingdom,1433,653,4.18
2011-07-29,United Kingdom,848,437,2.74
2011-07-29,United Kingdom,2158,1458,4.27
2011-07-29,United Kingdom,634,440,2.97
2011-07-29,United Kingdom,1377,799,1.56
2011-07-29,United Kingdom,963,757,3.89
2011-07-29,United Kingdom,1666,1267,1.36
2011-07-29,United Kingdom,2402,1739,4.15
2011-07-29,United Kingdom,147,116,4.35
2011-07-29,United Kingdom,1914,988,3.78
2011-07-29,United Kingdom,873,620,4.2
2011-07-29,Germany,100,59,3.45
2011-07-29,United Kingdom,1647,1091,4.47
2011-07-29,United Kingdom,1179,933,2.53
2011-07-29,United Kingdom,2961,2083,3.44
2011-07-29,United Kingdom,3286,1495,2.6
2011-07-29,United Kingdom,758,498,4.01
2011-07-29,United Kingdom,1353,695,3.5
2011-07-29,United Kingdom,1105,783,3.39
2011-07-29,United Kingdom,1178,939,4.0
2011-07-29,United Kingdom,1566,902,1.94
2011-07-29,United Kingdom,881,360,3.3
2011-07-29,United Kingdom,2059,1350,2.51
2011-07-29,United Kingdom,2176,1062,2.83
2011-07-29,United Kingdom,744,363,2.83
2011-07-29,United Kingdom,668,393,3.36
2011-07-29,United Kingdom,896,612,3.95
2011-07-29,United Kingdom,489,255,2.89
2011-07-29,United Kingdom,1373,747,2.63
2011-07-29,United Kingdom,430,241,2.09
2011-07-29,France,1676,1213,4.3
2011-07-29,United Kingdom,3271,1714,3.76
2011-07-29,United Kingdom,1632,1003,2.03
2011-07-29,EIRE,1546,648,1.91
2011-07-29,United Kingdom,1341,768,1.54
2011-07-29,United Kingdom,1452,803,4.19
2011-07-29,United Kingdom,1322,725,2.24
2011-07-29,United Kingdom,1878,1246,4.1
2011-07-29,United Kingdom,1680,1211,1.93
2011-07-29,United Kingdom,1115,533,2.01
2011-07-29,United Kingdom,1598,706,1.89
2011-07-29,United Kingdom,1157,626,3.87
2011-07-29,United Kingdom,1137,810,2.04
2011-07-29,United Kingdom,1926,1159,3.86
2011-07-29,United Kingdom,2275,1089,3.71
2011-07-29,United Kingdom,2518,1903,3.61
2011-07-29,United Kingdom,803,502,2.62
2011-07-29,United Kingdom,3067,2415,2.07
2011-07-29,United Kingdom,1208,621,3.49
2011-07-29,United Kingdom,1544,1132,2.66
2011-07-29,United Kingdom,1428,996,1.63
2011-07-29,United Kingdom,100,69,3.42
2011-07-29,United Kingdom,2336,942,3.17
2011-07-29,United Kingdom,2072,1155,1.42
2011-07-29,United Kingdom,136,71,4.45
2011-07-29,United Kingdom,1927,1136,4.42
2011-07-31,United Kingdom,1331,843,3.9
2011-07-31,United Kingdom,3671,1523,2.41
2011-07-31,United Kingdom,603,305,4.14
2011-07-31,United Kingdom,755,392,1.29
2011-07-31,United Kingdom,2505,1013,4.04
2011-07-31,United Kingdom,1381,762,3.05
2011-07-31,United Kingdom,279,221,2.68
2011-07-31,United Kingdom,1073,641,3.07
2011-07-31,United Kingdom,1214,862,2.94
2011-07-31,EIRE,1861,1040,3.23
2011-07-31,United Kingdom,1568,1104,2.25
2011-07-31,United Kingdom,745,450,4.05
2011-07-31,United Kingdom,614,425,3.78
2011-07-31,United Kingdom,641,351,3.48
2011-07-31,United Kingdom,2388,1580,1.4
2011-07-31,United Kingdom,693,383,2.84
2011-07-31,United Kingdom,689,401,1.71
2011-07-31,United Kingdom,935,653,3.54
2011-07-31,United Kingdom,2350,958,2.63
2011-07-31,United Kingdom,723,370,1.86
2011-07-31,United Kingdom,2014,1290,3.48
2011-07-31,United Kingdom,1090,749,3.97
2011-07-31,United Kingdom,3259,1780,4.19
2011-07-31,United Kingdom,1264,739,4.17
2011-07-31,United Kingdom,1741,1209,3.08
2011-07-31,United Kingdom,638,454,4.5
2011-07-31,United Kingdom,2337,1513,2.55
2011-07-31,Sweden,1923,1319,1.38
2011-07-31,United Kingdom,1107,631,2.6
2011-07-31,United Kingdom,718,512,3.76
2011-07-31,United Kingdom,1791,953,2.92
2011-07-31,United Kingdom,664,489,4.28
2011-07-31,United Kingdom,1966,1460,1.37
2011-07-31,United Kingdom,481,355,4.3
2011-07-31,United Kingdom,984,561,3.89
2011-07-31,Switzerland,664,443,2.96
2011-07-31,United Kingdom,845,590,2.39
2011-07-31,United Kingdom,100,60,3.32
2011-07-31,EIRE,1888,790,2.66
2011-07-31,Sweden,2334,1365,2.43
2011-07-31,United Kingdom,100,57,1.75
2011-08-01,United Kingdom,100,70,1.43
2011-08-01,United Kingdom,1614,1083,2.44
2011-08-01,United Kingdom,1825,930,2.01
2011-08-01,United Kingdom,151,60,1.48
2011-08-01,United Kingdom,1432,816,1.61
2011-08-01,United Kingdom,967,526,3.06
2011-08-01,Germany,2969,1511,3.02
2011-08-01,United Kingdom,1183,777,1.76
2011-08-01,United Kingdom,1703,1251,1.05
2011-08-01,United Kingdom,1390,763,2.2
2011-08-01,United Kingdom,2449,1956,3.26
2011-08-01,United Kingdom,2534,1612,4.21
2011-08-01,United Kingdom,1202,498,1.04
2011-08-01,United Kingdom,1443,1113,1.17
2011-08-01,United Kingdom,940,404,4.21
2011-08-01,United Kingdom,1109,538,2.02
2011-08-01,United Kingdom,2141,1477,2.64
2011-08-01,United Kingdom,1750,839,2.18
2011-08-01,United Kingdom,2358,1063,1.06
2011-08-01,United Kingdom,2553,1628,1.69
2011-08-01,United Kingdom,1146,673,3.54
2011-08-01,United Kingdom,1938,1342,3.45
2011-08-01,United Kingdom,689,547,3.53
2011-08-01,United Kingdom,1888,1264,2.3
2011-08-01,United Kingdom,906,672,2.52
2011-08-01,United Kingdom,1680,739,4.1
2011-08-01,United Kingdom,1650,1094,2.39
2011-08-01,United Kingdom,2999,1970,1.48
2011-08-01,United Kingdom,1172,474,2.72
2011-08-01,United Kingdom,858,579,3.39
2011-08-01,United Kingdom,2129,1651,2.51
2011-08-01,United Kingdom,1359,650,1.2
2011-08-01,United Kingdom,2907,2031,2.52
2011-08-01,United Kingdom,1100,511,1.55
2011-08-01,United Kingdom,2827,1225,2.47
2011-08-01,United Kingdom,1332,651,3.6
2011-08-01,United Kingdom,100,78,3.63
2011-08-01,Channel Islands,1861,1360,2.16
2011-08-01,United Kingdom,1779,1250,3.48
2011-08-01,United Kingdom,866,420,2.56
2011-08-01,United Kingdom,2043,1114,3.6
2011-08-01,United Kingdom,1167,791,3.47
2011-08-01,United Kingdom,1986,949,3.51
2011-08-01,United Kingdom,1894,943,1.19
2011-08-01,United Kingdom,1807,728,3.78
2011-08-01,United Kingdom,2526,1874,2.53
2011-08-01,United Kingdom,1706,874,4.41
2011-08-01,United Kingdom,2206,1636,1.28
2011-08-01,United Kingdom,842,562,2.99
2011-08-02,Iceland,1044,644,1.16
2011-08-02,United Kingdom,1573,1164,1.91
2011-08-02,Belgium,1876,1455,3.66
2011-08-02,Germany,2250,1069,1.3
2011-08-02,United Kingdom,672,368,3.77
2011-08-02,Germany,2206,1560,4.29
2011-08-02,France,2450,1113,1.57
2011-08-02,United Kingdom,2063,1344,3.23
2011-08-02,United Kingdom,2035,1424,3.71
2011-08-02,United Kingdom,2320,985,3.63
2011-08-02,United Kingdom,1289,697,3.31
2011-08-02,Germany,370,197,3.48
2011-08-02,Switzerland,213,149,1.85
2011-08-02,United Kingdom,1679,1249,1.09
2011-08-02,United Kingdom,370,226,3.59
2011-08-02,United Kingdom,871,390,1.1
2011-08-02,United Kingdom,2010,1563,1.03
2011-08-02,United Kingdom,1318,1020,1.17
2011-08-02,United Kingdom,2005,1584,1.03
2011-08-02,United Kingdom,1066,619,3.57
2011-08-02,United Kingdom,1603,1018,3.82
2011-08-02,United Kingdom,3342,2428,3.06
2011-08-02,United Kingdom,2633,1188,2.88
2011-08-02,United Kingdom,1521,935,1.95
2011-08-02,United Kingdom,1883,1421,1.08
2011-08-02,United Kingdom,1789,1365,1.02
2011-08-02,United Kingdom,2611,1698,4.02
2011-08-02,United Kingdom,690,472,4.01
2011-08-02,United Kingdom,1213,537,4.49
2011-08-02,United Kingdom,100,55,2.53
2011-08-02,United Kingdom,2282,972,1.96
2011-08-02,United Kingdom,1551,967,3.14
2011-08-02,United Kingdom,1838,1252,3.65
2011-08-02,United Kingdom,861,534,3.72
2011-08-02,United Kingdom,770,324,2.7
2011-08-02,United Kingdom,2247,1325,4.35
2011-08-02,United Kingdom,869,518,2.32
2011-08-02,United Kingdom,1147,558,1.24
2011-08-02,United Kingdom,230,162,3.67
2011-08-02,United Kingdom,100,77,4.47
2011-08-02,United Kingdom,2086,1406,2.42
2011-08-02,United Kingdom,1363,875,1.65
2011-08-02,United Kingdom,2025,846,2.58
2011-08-02,United Kingdom,3018,1772,4.24
2011-08-02,United Kingdom,1721,872,4.44
2011-08-02,United Kingdom,1183,873,3.59
2011-08-02,United Kingdom,2078,1214,4.44
2011-08-02,United Kingdom,1300,893,1.93
2011-08-02,United Kingdom,1373,682,2.43
2011-08-02,Switzerland,592,386,2.68
2011-08-02,Switzerland,1661,675,2.19
2011-08-02,United Kingdom,710,442,2.55
2011-08-02,United Kingdom,1747,1082,2.76
2011-08-02,United Kingdom,1365,945,2.56
2011-08-02,United Kingdom,376,230,2.12
2011-08-02,United Kingdom,855,542,4.48
2011-08-02,United Kingdom,2934,1997,2.01
2011-08-02,United Kingdom,1114,479,3.6
2011-08-03,United Kingdom,2213,1166,1.08
2011-08-03,United Kingdom,2664,1728,4.02
2011-08-03,United Kingdom,1952,1033,1.33
2011-08-03,United Kingdom,985,727,1.0
2011-08-03,Poland,152,69,2.35
2011-08-03,United Kingdom,2048,1150,2.92
2011-08-03,United Kingdom,1620,1020,4.39
2011-08-03,United Kingdom,880,530,1.69
2011-08-03,United Kingdom,1230,889,3.17
2011-08-03,United Kingdom,1990,898,2.77
2011-08-03,Germany,1663,1019,3.27
2011-08-03,United Kingdom,2646,1791,2.85
2011-08-03,United Kingdom,1742,976,3.6
2011-08-03,United Kingdom,1176,704,2.3
2011-08-03,United Kingdom,1486,694,4.12
2011-08-03,United Kingdom,1603,685,4.26
2011-08-03,United Kingdom,1561,1116,2.77
2011-08-03,Portugal,567,284,2.59
2011-08-03,United Kingdom,1490,686,1.51
2011-08-03,United Kingdom,1488,1023,1.87
2011-08-03,United Kingdom,1843,1029,3.96
2011-08-03,United Kingdom,3009,1961,4.48
2011-08-03,United Kingdom,2008,842,2.95
2011-08-03,United Kingdom,2285,1652,4.19
2011-08-03,Switzerland,1544,813,1.22
2011-08-03,United Kingdom,1534,1147,3.31
2011-08-03,United Kingdom,1993,997,1.99
2011-08-03,United Kingdom,1153,759,2.03
2011-08-03,United Kingdom,3012,1730,3.24
2011-08-03,United Kingdom,1037,520,4.38
2011-08-03,United Kingdom,1453,1030,4.0
2011-08-03,United Kingdom,1224,806,1.0
2011-08-03,United Kingdom,1506,1180,1.47
2011-08-03,United Kingdom,1033,580,2.24
2011-08-03,United Kingdom,2141,1707,3.61
2011-08-03,United Kingdom,100,60,3.1
2011-08-03,United Kingdom,2101,1235,2.11
2011-08-03,United Kingdom,2707,1383,3.34
2011-08-03,United Kingdom,1561,1056,1.76
2011-08-03,United Kingdom,2270,1102,3.67
2011-08-03,United Kingdom,2708,1631,3.9
2011-08-03,United Kingdom,100,64,3.72
2011-08-03,United Kingdom,1304,540,2.27
2011-08-03,United Kingdom,1269,647,4.19
2011-08-03,United Kingdom,632,261,2.92
2011-08-03,United Kingdom,2302,982,2.67
2011-08-03,France,881,513,2.72
2011-08-03,United Kingdom,1590,649,2.29
2011-08-03,United Kingdom,414,267,2.37
2011-08-03,United Kingdom,1921,896,1.13
2011-08-03,United Kingdom,1897,933,2.04
2011-08-03,United Kingdom,877,610,2.24
2011-08-03,United Kingdom,1965,1049,1.67
2011-08-03,United Kingdom,2007,1216,2.57
2011-08-03,United Kingdom,2240,1165,1.54
2011-08-03,United Kingdom,2619,1751,3.75
2011-08-03,United Kingdom,1452,991,1.06
2011-08-03,United Kingdom,2015,1575,3.85
2011-08-03,United Kingdom,1709,1061,3.81
2011-08-03,United Kingdom,1610,989,2.27
2011-08-03,United Kingdom,1326,689,3.18
2011-08-03,United Kingdom,1778,1326,3.38
2011-08-03,United Kingdom,2228,1046,3.23
2011-08-03,United Kingdom,1384,844,3.88
2011-08-03,United Kingdom,2113,1626,4.47
2011-08-03,United Kingdom,1144,626,4.4
2011-08-03,United Kingdom,1931,1252,2.55
2011-08-03,United Kingdom,494,326,3.23
2011-08-03,United Kingdom,3287,1996,2.26
2011-08-03,United Kingdom,1337,960,3.85
2011-08-03,United Kingdom,2958,1537,2.38
2011-08-03,United Kingdom,2107,961,1.22
2011-08-03,United Kingdom,2244,904,1.36
2011-08-03,United Kingdom,1162,497,3.62
2011-08-03,United Kingdom,1259,934,3.84
2011-08-03,United Kingdom,2275,1740,4.02
2011-08-03,United Kingdom,1314,537,1.11
2011-08-04,United Kingdom,1222,769,2.27
2011-08-04,Spain,1101,711,3.64
2011-08-04,Finland,2963,1972,3.79
2011-08-04,France,1734,907,3.97
2011-08-04,United Kingdom,1672,1141,1.41
2011-08-04,United Kingdom,486,366,3.98
2011-08-04,United Kingdom,1684,1277,1.77
2011-08-04,United Kingdom,100,71,1.6
2011-08-04,United Kingdom,926,611,3.25
2011-08-04,Germany,378,194,1.33
2011-08-04,United Kingdom,2467,1086,3.82
2011-08-04,United Kingdom,678,522,3.41
2011-08-04,United Kingdom,1104,516,2.28
2011-08-04,Sweden,3131,1269,1.96
2011-08-04,United Kingdom,935,546,2.15
2011-08-04,Spain,496,294,1.73
2011-08-04,United Kingdom,1005,491,2.19
2011-08-04,United Kingdom,1080,439,1.08
2011-08-04,United Kingdom,2472,1336,3.13
2011-08-04,United Kingdom,869,564,3.19
2011-08-04,United Kingdom,2020,1095,1.88
2011-08-04,United Kingdom,2541,1234,1.51
2011-08-04,United Kingdom,1681,1117,2.9
2011-08-04,United Kingdom,218,116,1.06
2011-08-04,United Kingdom,1054,601,2.71
2011-08-04,United Kingdom,1234,801,4.09
2011-08-04,United Kingdom,2609,1338,3.9
2011-08-04,United Kingdom,1165,727,1.95
2011-08-04,United Kingdom,2779,1118,2.35
2011-08-04,United Kingdom,272,164,1.42
2011-08-04,United Kingdom,2542,1359,2.28
2011-08-04,United Kingdom,2245,1641,1.03
2011-08-04,United Kingdom,130,97,3.49
2011-08-04,United Kingdom,593,313,4.32
2011-08-04,United Kingdom,1839,942,2.55
2011-08-04,United Kingdom,2535,1273,4.18
2011-08-04,Germany,2576,1305,2.2
2011-08-04,United Kingdom,1643,974,3.54
2011-08-04,United Kingdom,670,399,3.92
2011-08-04,EIRE,2613,1103,3.27
2011-08-04,EIRE,774,552,2.06
2011-08-04,United Kingdom,2023,952,3.86
2011-08-04,United Kingdom,2835,1928,1.02
2011-08-04,United Kingdom,1130,564,4.27
2011-08-04,United Kingdom,100,70,1.36
2011-08-04,United Kingdom,1347,754,2.4
2011-08-04,United Kingdom,830,514,2.1
2011-08-04,United Kingdom,1432,1128,3.9
2011-08-04,United Kingdom,1127,515,1.96
2011-08-04,United Kingdom,2136,993,4.25
2011-08-04,United Kingdom,1217,751,2.82
2011-08-04,United Kingdom,574,377,3.81
2011-08-04,United Kingdom,1712,1263,2.9
2011-08-04,United Kingdom,1257,999,4.37
2011-08-04,United Kingdom,482,238,1.15
2011-08-04,United Kingdom,1966,1389,2.29
2011-08-04,United Kingdom,554,416,4.04
2011-08-04,United Kingdom,727,330,1.42
2011-08-04,United Kingdom,1671,1076,1.56
2011-08-04,United Kingdom,2667,1149,2.6
2011-08-04,United Kingdom,858,411,2.82
2011-08-04,United Kingdom,1021,786,1.36
2011-08-04,United Kingdom,985,422,2.21
2011-08-04,United Kingdom,1133,744,4.37
2011-08-04,United Kingdom,1093,626,2.01
2011-08-04,Italy,585,236,4.14
2011-08-04,Italy,2062,943,2.87
2011-08-04,Italy,2816,1433,2.2
2011-08-04,United Kingdom,958,414,2.28
2011-08-04,United Kingdom,883,465,3.18
2011-08-04,United Kingdom,1226,848,2.77
2011-08-04,United Kingdom,710,354,2.57
2011-08-04,United Kingdom,1044,550,1.72
2011-08-04,United Kingdom,1401,888,3.31
2011-08-04,United Kingdom,1564,771,1.81
2011-08-04,United Kingdom,917,700,1.93
2011-08-04,United Kingdom,1586,1023,2.89
2011-08-04,Germany,1707,765,2.58
2011-08-04,United Kingdom,1738,1167,1.38
2011-08-04,United Kingdom,560,337,2.18
2011-08-04,United Kingdom,1285,555,2.89
2011-08-04,United Kingdom,1398,710,2.72
2011-08-04,United Kingdom,1427,622,4.06
2011-08-04,United Kingdom,2385,1650,1.77
2011-08-04,United Kingdom,572,308,1.62
2011-08-04,United Kingdom,1459,623,1.93
2011-08-04,Belgium,3888,1782,1.48
2011-08-04,United Kingdom,2616,1902,1.4
2011-08-04,United Kingdom,1184,848,3.61
2011-08-04,United Kingdom,2480,1362,4.05
2011-08-04,United Kingdom,1588,1231,1.21
2011-08-05,France,1289,976,4.22
2011-08-05,United Kingdom,1094,538,1.17
2011-08-05,United Kingdom,980,429,4.13
2011-08-05,United Kingdom,1697,970,4.38
2011-08-05,United Kingdom,2971,2012,1.97
2011-08-05,United Kingdom,1352,1053,3.1
2011-08-05,United Kingdom,1731,1361,1.58
2011-08-05,United Kingdom,2569,1983,3.74
2011-08-05,United Kingdom,1716,1235,3.44
2011-08-05,United Kingdom,1076,727,4.05
2011-08-05,United Kingdom,1773,1071,2.43
2011-08-05,United Kingdom,524,406,1.91
2011-08-05,United Kingdom,2081,1196,4.42
2011-08-05,United Kingdom,1769,928,4.09
2011-08-05,United Kingdom,1536,886,2.9
2011-08-05,United Kingdom,1142,848,1.84
2011-08-05,United Kingdom,100,46,1.72
2011-08-05,United Kingdom,2972,1714,3.1
2011-08-05,United Kingdom,1957,948,3.82
2011-08-05,United Kingdom,1650,1319,3.86
2011-08-05,United Kingdom,2682,1244,4.42
2011-08-05,United Kingdom,3041,1806,2.22
2011-08-05,United Kingdom,1626,785,3.04
2011-08-05,United Kingdom,1406,935,1.16
2011-08-05,France,957,628,2.21
2011-08-05,United Kingdom,1112,717,2.01
2011-08-05,Germany,1963,1312,3.18
2011-08-05,United Kingdom,100,68,3.74
2011-08-05,United Kingdom,1876,1243,1.33
2011-08-05,United Kingdom,1553,738,2.3
2011-08-05,United Kingdom,483,337,1.79
2011-08-05,Germany,1321,787,1.91
2011-08-05,Italy,1908,1192,2.59
2011-08-05,United Kingdom,1053,748,2.01
2011-08-05,United Kingdom,2775,2218,2.2
2011-08-05,United Kingdom,2164,1015,2.72
2011-08-05,United Kingdom,1183,729,3.85
2011-08-05,United Kingdom,1774,1085,2.1
2011-08-05,United Kingdom,1030,513,4.2
2011-08-05,United Kingdom,2206,1198,1.17
2011-08-05,United Kingdom,970,468,1.9
2011-08-05,Germany,1121,592,1.12
2011-08-05,United Kingdom,1025,523,1.42
2011-08-05,United Kingdom,1129,778,2.65
2011-08-05,United Kingdom,1046,667,2.44
2011-08-05,United Kingdom,1806,737,1.6
2011-08-05,United Kingdom,350,143,4.33
2011-08-05,United Kingdom,1766,758,2.98
2011-08-05,United Kingdom,2221,1071,1.95
2011-08-05,United Kingdom,921,447,1.83
2011-08-05,United Kingdom,1726,865,1.98
2011-08-05,United Kingdom,1475,799,1.19
2011-08-05,United Kingdom,1292,778,1.36
2011-08-05,United Kingdom,1612,1279,3.73
2011-08-05,United Kingdom,1709,1260,3.74
2011-08-05,United Kingdom,1436,978,3.29
2011-08-05,United Kingdom,606,376,1.09
2011-08-05,United Kingdom,1549,920,2.56
2011-08-05,United Kingdom,2630,1647,3.01
2011-08-05,EIRE,805,339,3.53
2011-08-05,United Kingdom,418,249,2.73
2011-08-05,United Kingdom,1619,1005,3.54
2011-08-07,United Kingdom,2665,1889,3.45
2011-08-07,United Kingdom,1459,698,2.27
2011-08-07,United Kingdom,1508,883,3.0
2011-08-07,United Kingdom,1874,866,3.02
2011-08-07,United Kingdom,1132,561,2.81
2011-08-07,Germany,666,500,2.03
2011-08-07,United Kingdom,839,479,4.06
2011-08-07,United Kingdom,1135,799,4.26
2011-08-07,United Kingdom,761,555,4.18
2011-08-07,United Kingdom,1113,677,4.02
2011-08-07,United Kingdom,1787,776,1.65
2011-08-07,United Kingdom,1860,1325,4.34
2011-08-07,United Kingdom,1560,776,3.25
2011-08-07,United Kingdom,1314,549,1.46
2011-08-07,United Kingdom,2226,1308,1.88
2011-08-07,United Kingdom,861,646,3.86
2011-08-07,United Kingdom,428,197,4.22
2011-08-07,United Kingdom,3017,1897,1.3
2011-08-07,United Kingdom,1922,1167,2.34
2011-08-07,United Kingdom,388,206,1.11
2011-08-07,United Kingdom,1598,1004,3.65
2011-08-07,United Kingdom,210,99,3.54
2011-08-07,United Kingdom,100,74,4.27
2011-08-07,United Kingdom,690,474,4.02
2011-08-07,United Kingdom,817,351,3.15
2011-08-07,United Kingdom,1403,952,2.45
2011-08-07,United Kingdom,1293,679,3.37
2011-08-07,United Kingdom,295,234,1.77
2011-08-07,United Kingdom,1754,1047,1.58
2011-08-07,United Kingdom,2056,1493,2.82
2011-08-07,United Kingdom,2514,1175,1.35
2011-08-08,United Kingdom,1172,913,3.37
2011-08-08,United Kingdom,1653,823,2.95
2011-08-08,United Kingdom,1048,739,4.22
2011-08-08,United Kingdom,988,424,2.88
2011-08-08,Sweden,1425,729,2.68
2011-08-08,United Kingdom,1320,1009,1.01
2011-08-08,Austria,937,638,3.15
2011-08-08,United Kingdom,1750,1025,3.56
2011-08-08,United Kingdom,1776,981,3.61
2011-08-08,Germany,989,500,3.67
2011-08-08,United Kingdom,2150,1364,3.21
2011-08-08,United Kingdom,813,411,2.4
2011-08-08,United Kingdom,1784,1376,2.4
2011-08-08,United Kingdom,1999,1313,3.73
2011-08-08,United Kingdom,1635,1139,3.54
2011-08-08,United Kingdom,1104,670,3.95
2011-08-08,United Kingdom,723,401,3.59
2011-08-08,United Kingdom,1801,775,1.32
2011-08-08,United Kingdom,100,44,3.39
2011-08-08,United Kingdom,2225,1582,4.21
2011-08-08,EIRE,1173,576,4.1
2011-08-08,United Kingdom,1251,659,2.65
2011-08-08,United Kingdom,100,54,3.95
2011-08-08,United Kingdom,2218,1017,3.89
2011-08-08,United Kingdom,2397,1138,2.74
2011-08-08,United Kingdom,100,79,1.32
2011-08-08,United Kingdom,772,418,1.08
2011-08-08,United Kingdom,1311,915,3.01
2011-08-08,Sweden,1089,558,3.2
2011-08-08,United Kingdom,1348,1029,1.65
2011-08-08,United Kingdom,1595,756,1.44
2011-08-08,United Kingdom,1635,756,2.68
2011-08-08,United Kingdom,1400,1084,2.79
2011-08-08,United Kingdom,1281,521,3.96
2011-08-08,EIRE,1896,1357,3.09
2011-08-08,United Kingdom,1895,1369,4.33
2011-08-08,United Kingdom,1920,1301,4.25
2011-08-08,United Kingdom,144,84,1.01
2011-08-08,United Kingdom,1210,614,2.66
2011-08-08,United Kingdom,2606,1048,3.88
2011-08-08,United Kingdom,418,198,2.61
2011-08-08,United Kingdom,2016,1425,4.1
2011-08-08,United Kingdom,1634,898,3.98
2011-08-08,United Kingdom,2853,2210,1.09
2011-08-08,United Kingdom,2573,1955,1.7
2011-08-08,United Kingdom,1424,1004,3.4
2011-08-08,United Kingdom,2001,1543,2.25
2011-08-08,United Kingdom,1781,862,3.28
2011-08-08,United Kingdom,2234,1464,3.69
2011-08-08,United Kingdom,1273,591,2.62
2011-08-08,United Kingdom,2275,1010,2.6
2011-08-08,United Kingdom,1987,1500,3.3
2011-08-08,United Kingdom,2150,1320,2.78
2011-08-09,United Kingdom,1353,957,2.95
2011-08-09,United Kingdom,724,292,1.03
2011-08-09,United Kingdom,1153,583,3.98
2011-08-09,Denmark,1895,1186,1.99
2011-08-09,Germany,1111,882,2.69
2011-08-09,United Kingdom,2260,931,3.14
2011-08-09,United Kingdom,2499,1066,2.57
2011-08-09,United Kingdom,1258,891,2.97
2011-08-09,United Kingdom,1092,572,2.06
2011-08-09,United Kingdom,274,210,2.76
2011-08-09,United Kingdom,792,414,1.92
2011-08-09,United Kingdom,2636,2100,2.4
2011-08-09,United Kingdom,1518,1187,1.92
2011-08-09,United Kingdom,339,187,3.54
2011-08-09,United Kingdom,2663,1491,1.85
2011-08-09,United Kingdom,1792,756,4.4
2011-08-09,United Kingdom,2885,1538,2.03
2011-08-09,United Kingdom,551,317,1.55
2011-08-09,United Kingdom,2254,1285,3.66
2011-08-09,United Kingdom,142,71,3.49
2011-08-09,United Kingdom,1471,1128,3.64
2011-08-09,United Kingdom,682,540,3.78
2011-08-09,United Kingdom,1560,624,4.15
2011-08-09,United Kingdom,369,162,3.17
2011-08-09,United Kingdom,2822,1754,1.09
2011-08-09,United Kingdom,2229,1643,4.28
2011-08-09,United Kingdom,3059,1792,2.69
2011-08-09,United Kingdom,3033,1472,2.65
2011-08-09,United Kingdom,999,627,1.44
2011-08-09,Netherlands,1632,1004,1.08
2011-08-09,Netherlands,1454,1066,3.01
2011-08-09,United Kingdom,2020,1410,3.2
2011-08-09,United Kingdom,1140,792,3.46
2011-08-09,United Kingdom,1083,752,1.28
2011-08-09,United Kingdom,2044,1570,1.63
2011-08-09,United Kingdom,100,44,4.33
2011-08-09,United Kingdom,1629,692,1.84
2011-08-09,United Kingdom,2775,1387,3.5
2011-08-09,United Kingdom,1663,1258,3.4
2011-08-09,United Kingdom,289,179,2.06
2011-08-09,United Kingdom,2955,2093,2.39
2011-08-09,United Kingdom,1116,554,1.72
2011-08-09,United Kingdom,3098,1886,2.59
2011-08-09,United Kingdom,2073,1555,1.8
2011-08-09,United Kingdom,1757,1180,2.03
2011-08-09,United Kingdom,100,64,4.4
2011-08-09,United Kingdom,1495,1078,1.8
2011-08-09,United Kingdom,1610,979,1.73
2011-08-09,United Kingdom,1002,611,3.0
2011-08-09,United Kingdom,1444,1043,1.06
2011-08-09,United Kingdom,962,538,2.88
2011-08-09,United Kingdom,1894,1183,3.72
2011-08-09,United Kingdom,2265,1063,1.32
2011-08-09,United Kingdom,771,586,1.88
2011-08-09,United Kingdom,2299,932,4.1
2011-08-09,United Kingdom,2273,1106,1.81
2011-08-09,United Kingdom,2091,1154,4.45
2011-08-10,Norway,736,551,4.07
2011-08-10,United Kingdom,1336,923,3.52
2011-08-10,United Kingdom,1609,989,1.53
2011-08-10,United Kingdom,1712,1044,1.88
2011-08-10,United Kingdom,1445,1015,4.16
2011-08-10,United Kingdom,1994,945,3.01
2011-08-10,United Kingdom,2796,2147,4.43
2011-08-10,United Kingdom,1998,1345,3.67
2011-08-10,United Kingdom,2633,1267,4.4
2011-08-10,Denmark,908,524,1.44
2011-08-10,United Kingdom,2553,1087,3.42
2011-08-10,United Kingdom,1309,816,1.82
2011-08-10,United Kingdom,1624,1288,1.82
2011-08-10,United Kingdom,1104,451,2.03
2011-08-10,United Kingdom,1554,968,2.46
2011-08-10,United Kingdom,1582,1016,3.77
2011-08-10,Switzerland,1499,1102,3.12
2011-08-10,United Kingdom,1487,1185,4.04
2011-08-10,United Kingdom,2105,1006,3.59
2011-08-10,United Kingdom,1908,900,1.32
2011-08-10,United Kingdom,1631,731,1.52
2011-08-10,United Kingdom,2208,1677,2.21
2011-08-10,United Kingdom,2342,1762,3.46
2011-08-10,United Kingdom,1120,853,1.02
2011-08-10,United Kingdom,1199,810,2.76
2011-08-10,United Kingdom,2290,1222,3.85
2011-08-10,United Kingdom,945,527,3.2
2011-08-10,United Kingdom,958,548,3.3
2011-08-10,France,1413,1051,3.56
2011-08-10,United Kingdom,2828,1842,4.0
2011-08-10,United Kingdom,1340,808,1.27
2011-08-10,United Kingdom,1950,885,1.56
2011-08-10,United Kingdom,1883,856,2.37
2011-08-10,United Kingdom,100,46,1.44
2011-08-10,United Kingdom,956,617,2.78
2011-08-10,United Kingdom,704,389,1.96
2011-08-10,United Kingdom,3133,1767,2.11
2011-08-10,United Kingdom,1472,673,3.39
2011-08-10,United Kingdom,100,79,1.57
2011-08-10,United Kingdom,876,512,3.65
2011-08-10,United Kingdom,1837,1463,1.27
2011-08-10,United Kingdom,1202,895,2.14
2011-08-10,United Kingdom,1325,630,3.66
2011-08-10,United Kingdom,3250,1322,2.18
2011-08-10,United Kingdom,1429,1129,3.93
2011-08-10,Italy,1907,1382,4.33
2011-08-10,United Kingdom,1629,1091,1.14
2011-08-10,United Kingdom,1412,627,2.86
2011-08-10,United Kingdom,585,365,1.44
2011-08-10,United Kingdom,1133,636,1.62
2011-08-10,United Kingdom,1369,643,3.64
2011-08-10,United Kingdom,1240,699,3.95
2011-08-10,United Kingdom,1843,1246,3.06
2011-08-10,United Kingdom,1073,805,1.76
2011-08-10,United Kingdom,1115,649,3.62
2011-08-10,United Kingdom,2489,1554,1.65
2011-08-10,United Kingdom,2087,1240,3.89
2011-08-10,EIRE,1552,965,1.94
2011-08-10,United Kingdom,1496,1057,2.77
2011-08-10,United Kingdom,1911,1034,3.55
2011-08-10,EIRE,2442,1803,3.32
2011-08-11,United Kingdom,1137,578,1.53
2011-08-11,United Kingdom,1082,781,4.29
2011-08-11,United Kingdom,1478,745,3.02
2011-08-11,United Kingdom,1448,1083,3.83
2011-08-11,Germany,1739,1389,3.23
2011-08-11,United Kingdom,1682,1199,2.55
2011-08-11,United Kingdom,3266,2612,2.62
2011-08-11,United Kingdom,486,213,2.47
2011-08-11,United Kingdom,346,147,3.7
2011-08-11,United Kingdom,1556,1119,1.83
2011-08-11,United Kingdom,846,438,1.34
2011-08-11,United Kingdom,2419,1118,3.15
2011-08-11,United Kingdom,1137,856,3.16
2011-08-11,United Kingdom,337,177,3.63
2011-08-11,United Kingdom,1721,1041,3.66
2011-08-11,United Kingdom,307,181,2.47
2011-08-11,United Kingdom,827,570,3.18
2011-08-11,United Kingdom,2319,967,3.3
2011-08-11,United Kingdom,1516,1025,1.24
2011-08-11,United Kingdom,1099,735,4.02
2011-08-11,EIRE,983,758,4.42
2011-08-11,United Kingdom,1612,1088,4.48
2011-08-11,United Kingdom,2006,967,1.05
2011-08-11,United Kingdom,2158,1725,3.21
2011-08-11,United Kingdom,1074,612,3.98
2011-08-11,United Kingdom,1304,909,1.63
2011-08-11,United Kingdom,924,702,2.92
2011-08-11,United Kingdom,1170,901,3.78
2011-08-11,Italy,1773,922,4.44
2011-08-11,EIRE,1263,627,4.15
2011-08-11,United Kingdom,437,179,2.38
2011-08-11,United Kingdom,1235,622,2.54
2011-08-11,United Kingdom,2766,1917,2.2
2011-08-11,United Kingdom,1304,645,4.06
2011-08-11,United Kingdom,1043,528,3.16
2011-08-11,United Kingdom,1003,497,1.64
2011-08-11,United Kingdom,1775,1227,4.3
2011-08-11,United Kingdom,100,77,4.11
2011-08-11,United Kingdom,1916,1082,1.37
2011-08-11,United Kingdom,1322,883,1.52
2011-08-11,United Kingdom,875,511,2.83
2011-08-11,United Kingdom,2833,2030,4.49
2011-08-11,Finland,524,405,3.84
2011-08-11,United Kingdom,2248,1251,2.75
2011-08-11,United Kingdom,1974,1281,1.42
2011-08-11,United Kingdom,1280,776,4.39
2011-08-11,United Kingdom,2292,1538,4.37
2011-08-11,United Kingdom,1350,709,2.17
2011-08-11,United Kingdom,2895,2295,4.21
2011-08-11,United Kingdom,2771,1493,1.14
2011-08-11,United Kingdom,1245,790,2.77
2011-08-11,United Kingdom,159,98,1.62
2011-08-11,United Kingdom,798,466,1.73
2011-08-11,United Kingdom,2664,1788,3.74
2011-08-11,United Kingdom,603,278,1.51
2011-08-11,United Kingdom,1704,727,1.96
2011-08-11,United Kingdom,1957,1378,4.05
2011-08-11,United Kingdom,2187,1323,3.7
2011-08-11,United Kingdom,506,259,3.02
2011-08-11,Belgium,1162,693,4.22
2011-08-11,United Kingdom,885,621,1.36
2011-08-11,United Kingdom,866,538,1.91
2011-08-11,United Kingdom,1281,564,2.7
2011-08-11,United Kingdom,1523,804,1.38
2011-08-11,United Kingdom,3596,2507,2.75
2011-08-11,United Kingdom,370,159,3.42
2011-08-11,United Kingdom,1748,1083,1.53
2011-08-11,United Kingdom,1201,660,2.29
2011-08-11,United Kingdom,1219,793,2.3
2011-08-11,United Kingdom,1299,890,2.64
2011-08-11,Netherlands,1629,1294,1.52
2011-08-11,United Kingdom,1485,1185,3.05
2011-08-11,United Kingdom,1703,959,3.2
2011-08-11,United Kingdom,537,245,1.69
2011-08-11,United Kingdom,1845,995,2.46
2011-08-11,United Kingdom,969,709,2.7
2011-08-11,United Kingdom,100,59,2.02
2011-08-11,United Kingdom,1064,452,4.23
2011-08-11,United Kingdom,1668,939,1.53
2011-08-11,United Kingdom,3362,1996,2.19
2011-08-11,United Kingdom,1621,860,3.25
2011-08-12,United Kingdom,1009,724,1.28
2011-08-12,United Kingdom,403,241,4.22
2011-08-12,United Kingdom,930,618,2.03
2011-08-12,EIRE,192,132,2.71
2011-08-12,United Kingdom,1713,1257,4.11
2011-08-12,Norway,609,312,3.11
2011-08-12,United Kingdom,1845,761,3.76
2011-08-12,United Kingdom,779,335,1.54
2011-08-12,United Kingdom,2433,1643,3.95
2011-08-12,United Kingdom,1491,869,1.94
2011-08-12,Germany,1228,571,3.04
2011-08-12,United Kingdom,847,672,2.11
2011-08-12,France,1302,567,2.91
2011-08-12,United Kingdom,2494,1101,4.35
2011-08-12,United Kingdom,508,240,1.29
2011-08-12,United Kingdom,3607,1882,1.97
2011-08-12,United Kingdom,193,103,2.3
2011-08-12,United Kingdom,1522,930,3.32
2011-08-12,United Kingdom,1530,1111,2.44
2011-08-12,United Kingdom,745,328,3.29
2011-08-12,United Kingdom,242,150,3.83
2011-08-12,United Kingdom,2234,1756,2.95
2011-08-12,United Kingdom,2711,2126,1.97
2011-08-12,United Kingdom,616,487,2.48
2011-08-12,United Kingdom,1674,1046,4.42
2011-08-12,Netherlands,1494,851,1.37
2011-08-12,United Kingdom,2125,1210,1.56
2011-08-12,United Kingdom,1313,764,2.11
2011-08-12,EIRE,2262,1564,4.49
2011-08-12,United Kingdom,2961,1940,1.28
2011-08-12,United Kingdom,1157,765,3.28
2011-08-12,Belgium,100,65,4.24
2011-08-12,United Kingdom,326,256,4.27
2011-08-12,United Kingdom,1505,1180,3.41
2011-08-12,United Kingdom,1703,1268,3.46
2011-08-12,United Kingdom,542,403,3.68
2011-08-12,United Kingdom,2025,1128,3.12
2011-08-12,Australia,1927,1346,2.13
2011-08-12,United Kingdom,940,575,2.62
2011-08-12,United Kingdom,1544,1144,2.96
2011-08-12,United Kingdom,2150,1578,1.44
2011-08-12,United Kingdom,954,529,4.22
2011-08-12,United Kingdom,2501,1277,4.29
2011-08-12,United Kingdom,100,57,1.59
2011-08-12,United Kingdom,977,717,3.74
2011-08-12,United Kingdom,688,287,3.71
2011-08-12,France,1305,787,4.44
2011-08-12,United Kingdom,779,607,1.93
2011-08-12,United Kingdom,533,290,4.44
2011-08-12,United Kingdom,2042,1330,2.09
2011-08-12,United Kingdom,1504,1043,1.75
2011-08-12,United Kingdom,1303,600,2.91
2011-08-12,United Kingdom,2063,1269,3.32
2011-08-14,United Kingdom,1496,750,4.13
2011-08-14,United Kingdom,1353,1055,4.46
2011-08-14,United Kingdom,1235,522,4.13
2011-08-14,United Kingdom,2511,1063,4.3
2011-08-14,France,3144,2160,3.59
2011-08-14,United Kingdom,2778,2090,2.7
2011-08-14,United Kingdom,1714,1117,4.36
2011-08-14,United Kingdom,1252,681,3.01
2011-08-14,United Kingdom,1841,1113,3.7
2011-08-14,United Kingdom,1077,700,3.73
2011-08-14,United Kingdom,2953,1373,4.14
2011-08-14,United Kingdom,2591,1858,2.75
2011-08-14,United Kingdom,1207,551,4.15
2011-08-14,United Kingdom,2231,1386,3.77
2011-08-14,United Kingdom,2075,872,4.45
2011-08-14,United Kingdom,2156,1683,3.24
2011-08-14,United Kingdom,1463,1136,2.27
2011-08-14,United Kingdom,1262,910,3.79
2011-08-14,United Kingdom,1353,782,1.23
2011-08-14,United Kingdom,1641,1081,1.54
2011-08-14,United Kingdom,2393,1882,1.27
2011-08-14,United Kingdom,339,173,3.48
2011-08-14,United Kingdom,1945,999,3.49
2011-08-14,United Kingdom,1817,1368,2.93
2011-08-14,United Kingdom,1013,527,4.47
2011-08-14,Switzerland,2904,1963,4.41
2011-08-14,EIRE,1303,844,3.94
2011-08-14,United Kingdom,2950,1232,1.17
2011-08-14,United Kingdom,1709,1232,1.58
2011-08-14,United Kingdom,1497,991,3.75
2011-08-14,United Kingdom,1393,669,4.0
2011-08-14,United Kingdom,2736,1760,3.11
2011-08-14,United Kingdom,524,310,2.53
2011-08-14,United Kingdom,1574,999,3.6
2011-08-14,United Kingdom,1524,991,2.03
2011-08-15,United Kingdom,2372,1094,1.67
2011-08-15,United Kingdom,1488,950,3.31
2011-08-15,United Kingdom,695,461,3.1
2011-08-15,United Kingdom,2388,1644,4.31
2011-08-15,United Kingdom,910,400,4.1
2011-08-15,United Kingdom,2179,1421,3.58
2011-08-15,United Kingdom,1422,759,1.65
2011-08-15,Portugal,1799,750,2.42
2011-08-15,United Kingdom,1884,1354,4.07
2011-08-15,United Kingdom,1350,854,2.41
2011-08-15,United Kingdom,1102,871,2.94
2011-08-15,United Kingdom,1572,1142,3.97
2011-08-15,United Kingdom,1769,1272,3.71
2011-08-15,United Kingdom,2791,1733,2.59
2011-08-15,United Kingdom,100,40,1.14
2011-08-15,United Kingdom,901,561,3.43
2011-08-15,United Kingdom,784,339,2.73
2011-08-15,United Kingdom,1099,876,2.31
2011-08-15,United Kingdom,2442,1457,1.76
2011-08-15,United Kingdom,1303,977,2.08
2011-08-15,United Kingdom,1901,831,1.04
2011-08-15,United Kingdom,2801,1781,4.22
2011-08-15,United Kingdom,1133,709,3.94
2011-08-15,United Kingdom,680,282,3.03
2011-08-15,United Kingdom,2528,1105,1.59
2011-08-15,United Kingdom,1053,595,4.35
2011-08-15,United Kingdom,595,334,3.63
2011-08-15,United Kingdom,100,44,3.4
2011-08-15,United Kingdom,2109,1039,2.85
2011-08-15,United Kingdom,1309,871,2.47
2011-08-15,France,1412,709,1.77
2011-08-15,United Kingdom,639,293,3.99
2011-08-15,United Kingdom,2419,1171,1.6
2011-08-15,United Kingdom,648,440,2.93
2011-08-15,Germany,1257,702,3.79
2011-08-15,United Kingdom,1383,637,2.23
2011-08-15,United Kingdom,1646,862,2.37
2011-08-15,United Kingdom,1843,1225,1.94
2011-08-15,United Kingdom,1729,856,2.64
2011-08-15,United Kingdom,2060,1315,1.82
2011-08-15,United Kingdom,2137,1621,3.0
2011-08-15,United Kingdom,1772,1068,4.46
2011-08-15,Malta,1464,762,2.77
2011-08-15,United Kingdom,2043,1475,4.24
2011-08-15,EIRE,1881,935,3.23
2011-08-15,United Kingdom,211,135,3.98
2011-08-15,United Kingdom,2322,940,3.97
2011-08-15,United Kingdom,1941,1017,3.65
2011-08-15,United Kingdom,917,593,2.11
2011-08-15,United Kingdom,947,464,3.29
2011-08-15,United Kingdom,1752,1110,3.37
2011-08-15,United Kingdom,512,271,1.62
2011-08-15,United Kingdom,2020,1583,3.71
2011-08-16,United Kingdom,546,382,1.98
2011-08-16,United Kingdom,1675,825,2.09
2011-08-16,United Kingdom,1968,1190,3.76
2011-08-16,United Kingdom,1508,1148,3.55
2011-08-16,United Kingdom,1460,1056,4.31
2011-08-16,United Kingdom,1586,1044,3.96
2011-08-16,United Kingdom,745,399,3.59
2011-08-16,United Kingdom,130,56,1.03
2011-08-16,United Kingdom,1510,729,3.85
2011-08-16,Germany,1572,1060,2.77
2011-08-16,United Kingdom,1120,500,2.26
2011-08-16,EIRE,1800,1163,3.64
2011-08-16,United Kingdom,124,83,2.55
2011-08-16,United Kingdom,2569,1329,2.49
2011-08-16,United Kingdom,1575,870,1.91
2011-08-16,United Kingdom,1251,702,2.18
2011-08-16,United Kingdom,638,478,4.13
2011-08-16,United Kingdom,100,49,3.55
2011-08-16,United Kingdom,100,73,2.01
2011-08-16,United Kingdom,1314,873,3.15
2011-08-16,United Kingdom,839,347,2.64
2011-08-16,United Kingdom,2483,1103,2.71
2011-08-16,United Kingdom,1907,913,2.24
2011-08-16,United Kingdom,1990,1313,3.48
2011-08-16,United Kingdom,1486,971,1.29
2011-08-16,United Kingdom,1763,1123,2.52
2011-08-16,United Kingdom,1353,894,1.9
2011-08-16,United Kingdom,389,203,3.55
2011-08-16,United Kingdom,814,627,1.84
2011-08-16,United Kingdom,425,176,4.1
2011-08-16,United Kingdom,961,460,2.2
2011-08-16,United Kingdom,1355,669,3.66
2011-08-16,United Kingdom,1876,1370,4.08
2011-08-16,United Kingdom,2329,1047,1.58
2011-08-16,United Kingdom,1115,507,3.32
2011-08-16,United Kingdom,1188,488,1.05
2011-08-16,United Kingdom,1161,484,3.47
2011-08-16,Sweden,2544,1339,2.62
2011-08-16,United Kingdom,2608,1693,2.94
2011-08-16,United Kingdom,673,487,3.97
2011-08-16,United Kingdom,1752,1346,3.24
2011-08-16,United Kingdom,1725,1271,3.91
2011-08-16,United Kingdom,2114,1508,4.04
2011-08-16,United Kingdom,2802,2163,2.08
2011-08-16,United Kingdom,1709,982,1.09
2011-08-16,United Kingdom,1129,525,1.12
2011-08-16,United Kingdom,2373,1430,2.69
2011-08-16,United Kingdom,1203,653,2.0
2011-08-16,United Kingdom,2150,1634,3.25
2011-08-16,Spain,1964,1561,2.46
2011-08-16,United Kingdom,1755,742,3.72
2011-08-16,Spain,1779,1219,2.43
2011-08-16,United Kingdom,3041,2085,2.61
2011-08-16,United Kingdom,2923,2068,3.35
2011-08-16,United Kingdom,3335,1533,1.21
2011-08-16,United Kingdom,890,506,1.97
2011-08-16,United Kingdom,856,460,4.25
2011-08-17,France,973,417,3.82
2011-08-17,United Kingdom,2355,1464,2.03
2011-08-17,United Kingdom,2192,1347,1.52
2011-08-17,United Kingdom,504,263,3.39
2011-08-17,United Kingdom,1457,650,1.36
2011-08-17,United Kingdom,1715,1352,3.45
2011-08-17,United Kingdom,1611,969,4.26
2011-08-17,United Kingdom,1155,719,3.67
2011-08-17,United Kingdom,646,451,3.86
2011-08-17,Spain,814,536,3.61
2011-08-17,United Kingdom,2050,1439,3.6
2011-08-17,United Kingdom,912,506,4.38
2011-08-17,United Kingdom,369,279,1.01
2011-08-17,United Kingdom,708,478,4.03
2011-08-17,United Kingdom,2941,1889,1.56
2011-08-17,United Kingdom,2813,2217,3.45
2011-08-17,United Kingdom,1747,1117,4.24
2011-08-17,United Kingdom,590,391,1.62
2011-08-17,Germany,1213,529,3.76
2011-08-17,United Kingdom,1631,1176,2.14
2011-08-17,United Kingdom,2724,1934,4.26
2011-08-17,United Kingdom,2014,1018,2.43
2011-08-17,United Kingdom,2005,1323,2.27
2011-08-17,EIRE,259,197,1.38
2011-08-17,Germany,1484,913,1.73
2011-08-17,United Kingdom,1538,841,1.59
2011-08-17,United Kingdom,1039,489,2.29
2011-08-17,United Kingdom,1256,609,1.63
2011-08-17,United Kingdom,1406,628,4.15
2011-08-17,United Kingdom,1984,1033,1.27
2011-08-17,United Kingdom,560,409,3.41
2011-08-17,United Kingdom,1833,940,2.52
2011-08-17,United Kingdom,1782,878,2.89
2011-08-17,United Kingdom,2017,1372,2.91
2011-08-17,EIRE,1663,877,1.05
2011-08-17,EIRE,1499,642,3.81
2011-08-17,United Kingdom,2283,1167,3.3
2011-08-17,United Kingdom,2168,1422,3.74
2011-08-17,United Kingdom,1752,927,1.02
2011-08-17,United Kingdom,1411,956,3.7
2011-08-17,United Kingdom,2428,1098,2.73
2011-08-17,United Kingdom,2332,1290,4.04
2011-08-17,United Kingdom,935,409,4.1
2011-08-17,United Kingdom,2594,1063,1.25
2011-08-17,United Kingdom,1665,1276,2.61
2011-08-17,United Kingdom,1691,1257,2.83
2011-08-17,United Kingdom,2055,1120,4.13
2011-08-17,United Kingdom,3545,1514,3.43
2011-08-17,United Kingdom,1247,561,1.85
2011-08-17,United Kingdom,1072,571,2.76
2011-08-17,United Kingdom,1855,1330,3.94
2011-08-17,United Kingdom,1522,705,2.48
2011-08-17,United Kingdom,420,283,1.91
2011-08-17,United Kingdom,1100,745,1.87
2011-08-17,United Kingdom,815,645,2.14
2011-08-17,United Kingdom,1469,695,3.75
2011-08-17,Sweden,893,493,1.11
2011-08-17,United Kingdom,1980,1018,4.47
2011-08-17,United Kingdom,950,630,1.95
2011-08-17,United Kingdom,2139,1631,3.03
2011-08-17,United Kingdom,1351,997,1.27
2011-08-18,United Kingdom,1143,513,2.19
2011-08-18,United Kingdom,1866,1432,2.24
2011-08-18,Netherlands,1694,758,4.35
2011-08-18,United Kingdom,1590,1074,4.43
2011-08-18,United Kingdom,412,225,3.68
2011-08-18,United Kingdom,1215,950,3.55
2011-08-18,United Kingdom,1494,1077,2.2
2011-08-18,United Kingdom,2032,1565,2.01
2011-08-18,United Kingdom,2952,2318,4.16
2011-08-18,EIRE,1314,700,2.68
2011-08-18,United Kingdom,1350,863,1.13
2011-08-18,United Kingdom,1181,787,3.19
2011-08-18,United Kingdom,2200,996,1.67
2011-08-18,United Kingdom,1838,988,3.93
2011-08-18,United Kingdom,866,369,3.95
2011-08-18,United Kingdom,687,365,4.13
2011-08-18,United Kingdom,804,596,3.71
2011-08-18,United Kingdom,539,336,4.26
2011-08-18,Channel Islands,2104,1266,4.17
2011-08-18,United Kingdom,2364,1165,1.77
2011-08-18,United Kingdom,1347,999,4.16
2011-08-18,Australia,2743,2051,1.63
2011-08-18,United Kingdom,1938,898,3.76
2011-08-18,United Kingdom,1664,1234,2.96
2011-08-18,United Kingdom,2311,1244,1.23
2011-08-18,United Kingdom,2980,2016,1.36
2011-08-18,United Kingdom,1243,856,4.33
2011-08-18,United Kingdom,812,596,1.4
2011-08-18,United Kingdom,811,502,1.25
2011-08-18,United Kingdom,624,326,2.09
2011-08-18,United Kingdom,2816,2064,2.31
2011-08-18,United Kingdom,2332,1383,2.97
2011-08-18,United Kingdom,1612,1149,1.4
2011-08-18,United Kingdom,2291,1255,3.88
2011-08-18,United Kingdom,100,42,3.99
2011-08-18,United Kingdom,1368,885,1.75
2011-08-18,United Kingdom,1930,998,1.38
2011-08-18,United Kingdom,3214,1806,3.12
2011-08-18,United Kingdom,926,654,1.63
2011-08-18,United Kingdom,3137,2013,3.72
2011-08-18,United Kingdom,1443,587,4.36
2011-08-18,France,1499,1166,4.49
2011-08-18,United Kingdom,718,377,2.88
2011-08-18,United Kingdom,1023,704,1.42
2011-08-18,United Kingdom,1918,1346,1.74
2011-08-18,EIRE,1737,931,3.52
2011-08-18,United Kingdom,2603,1068,3.02
2011-08-18,United Kingdom,551,221,2.74
2011-08-18,United Kingdom,594,349,1.86
2011-08-18,United Kingdom,791,581,1.11
2011-08-18,United Kingdom,3154,1489,2.53
2011-08-18,United Kingdom,352,247,4.33
2011-08-18,United Kingdom,1494,850,1.06
2011-08-18,United Kingdom,792,586,3.3
2011-08-18,United Kingdom,2367,1082,2.1
2011-08-18,United Kingdom,1217,825,3.36
2011-08-18,United Kingdom,1156,661,1.31
2011-08-18,United Kingdom,1040,458,1.97
2011-08-18,United Kingdom,2226,1439,3.25
2011-08-18,United Kingdom,1093,586,1.14
2011-08-18,United Kingdom,3126,2136,4.26
2011-08-18,United Kingdom,2725,1246,1.84
2011-08-18,United Kingdom,1088,784,2.3
2011-08-18,United Kingdom,1719,739,4.05
2011-08-18,United Kingdom,1501,669,3.59
2011-08-18,United Kingdom,1335,557,2.72
2011-08-18,United Kingdom,1989,1286,1.28
2011-08-18,United Kingdom,100,78,2.53
2011-08-18,United Kingdom,2306,1680,3.27
2011-08-18,France,1536,1006,1.47
2011-08-18,United Kingdom,2280,1086,1.91
2011-08-18,United Kingdom,606,391,1.32
2011-08-18,United Kingdom,3009,2120,2.84
2011-08-18,United Kingdom,1247,619,3.36
2011-08-18,United Kingdom,729,547,3.66
2011-08-18,United Kingdom,2670,1604,2.03
2011-08-18,United Kingdom,2229,1149,3.79
2011-08-18,United Kingdom,1933,1298,4.35
2011-08-18,United Kingdom,2291,1107,2.05
2011-08-18,United Kingdom,1229,540,2.82
2011-08-18,United Kingdom,2819,1567,4.31
2011-08-18,United Kingdom,1812,1204,2.79
2011-08-18,United Kingdom,2672,2070,1.82
2011-08-18,United Kingdom,1587,983,1.32
2011-08-18,United Kingdom,1145,494,1.02
2011-08-18,United Kingdom,1115,687,3.54
2011-08-18,United Kingdom,2102,1051,2.74
2011-08-18,United Kingdom,1399,1045,2.4
2011-08-18,United Kingdom,100,76,3.77
2011-08-18,United Kingdom,1903,848,3.07
2011-08-18,United Kingdom,2465,1833,3.49
2011-08-18,United Kingdom,1285,670,4.35
2011-08-18,United Kingdom,642,417,1.25
2011-08-18,United Kingdom,840,337,1.34
2011-08-19,United Kingdom,2282,1773,2.77
2011-08-19,United Kingdom,1502,932,1.4
2011-08-19,United Kingdom,1525,835,4.44
2011-08-19,United Kingdom,3227,2400,1.66
2011-08-19,United Kingdom,1501,1187,3.88
2011-08-19,United Kingdom,3102,1399,2.74
2011-08-19,United Kingdom,1579,673,1.93
2011-08-19,Austria,1534,821,1.29
2011-08-19,United Kingdom,1380,838,2.62
2011-08-19,Germany,3434,2029,1.77
2011-08-19,Belgium,983,628,4.28
2011-08-19,France,2012,1570,2.14
2011-08-19,United Kingdom,2013,1506,1.58
2011-08-19,United Kingdom,1377,734,2.31
2011-08-19,Switzerland,1253,550,2.42
2011-08-19,United Kingdom,1637,1200,2.52
2011-08-19,United Kingdom,1091,587,1.19
2011-08-19,United Kingdom,1775,945,3.57
2011-08-19,Germany,1971,1042,1.75
2011-08-19,Germany,635,397,2.4
2011-08-19,United Kingdom,1251,580,4.3
2011-08-19,United Kingdom,3139,2060,2.8
2011-08-19,United Kingdom,1701,1127,1.06
2011-08-19,United Kingdom,2106,1184,2.73
2011-08-19,United Kingdom,1730,1216,1.56
2011-08-19,United Kingdom,499,349,4.44
2011-08-19,United Kingdom,2139,1049,2.0
2011-08-19,United Kingdom,1766,1101,2.81
2011-08-19,United Kingdom,2034,888,3.43
2011-08-19,United Kingdom,2501,1581,2.65
2011-08-19,United Kingdom,2132,1275,2.12
2011-08-19,United Kingdom,2854,1294,2.67
2011-08-19,United Kingdom,1559,1147,2.49
2011-08-19,United Kingdom,1772,831,2.25
2011-08-19,United Kingdom,1043,433,1.27
2011-08-19,United Kingdom,1946,1241,1.06
2011-08-19,United Kingdom,1018,784,1.57
2011-08-19,United Kingdom,613,264,3.86
2011-08-19,United Kingdom,579,267,1.03
2011-08-19,United Kingdom,1529,629,1.74
2011-08-19,United Kingdom,937,595,1.58
2011-08-19,United Kingdom,1920,1028,1.24
2011-08-19,United Kingdom,3144,1839,4.08
2011-08-19,United Kingdom,2030,979,1.43
2011-08-19,EIRE,1830,1070,4.44
2011-08-19,United Kingdom,1081,754,1.68
2011-08-19,United Kingdom,2157,1600,4.37
2011-08-19,Belgium,1095,543,3.04
2011-08-19,Germany,686,276,3.66
2011-08-19,Belgium,1243,794,3.93
2011-08-19,United Kingdom,903,414,1.76
2011-08-19,United Kingdom,1685,677,1.15
2011-08-19,United Kingdom,2299,1802,1.59
2011-08-19,United Kingdom,371,229,1.62
2011-08-19,United Kingdom,972,763,1.22
2011-08-19,United Kingdom,1433,785,3.34
2011-08-19,United Kingdom,2078,990,3.56
2011-08-19,United Kingdom,1509,1001,2.3
2011-08-21,United Kingdom,735,317,2.35
2011-08-21,United Kingdom,1440,1142,2.01
2011-08-21,United Kingdom,1841,761,1.03
2011-08-21,France,1171,752,3.38
2011-08-21,United Kingdom,2107,1354,3.72
2011-08-21,Spain,2035,1230,2.15
2011-08-21,Channel Islands,1354,653,4.36
2011-08-21,Spain,1935,915,1.91
2011-08-21,United Kingdom,1917,813,3.1
2011-08-21,United Kingdom,298,131,2.32
2011-08-21,United Kingdom,1697,770,2.86
2011-08-21,United Kingdom,2352,1825,1.5
2011-08-21,United Kingdom,683,346,2.05
2011-08-21,United Kingdom,2185,1251,1.27
2011-08-21,United Kingdom,1451,605,3.09
2011-08-21,United Kingdom,100,40,3.22
2011-08-21,United Kingdom,1401,644,2.9
2011-08-21,United Kingdom,786,560,3.82
2011-08-21,United Kingdom,1933,1496,3.89
2011-08-21,EIRE,1451,1151,1.35
2011-08-21,Germany,2040,1563,1.76
2011-08-21,United Kingdom,2229,951,3.99
2011-08-21,United Kingdom,501,299,1.03
2011-08-21,United Kingdom,2736,2054,3.38
2011-08-21,United Kingdom,1909,1405,2.19
2011-08-21,United Kingdom,543,389,2.43
2011-08-21,United Kingdom,891,544,1.5
2011-08-21,United Kingdom,1302,860,2.09
2011-08-21,United Kingdom,2844,2253,2.98
2011-08-21,United Kingdom,1471,902,3.1
2011-08-21,United Kingdom,1730,707,2.76
2011-08-21,France,969,498,4.12
2011-08-21,United Kingdom,1749,997,4.01
2011-08-21,United Kingdom,100,65,2.86
2011-08-21,United Kingdom,1492,1158,2.46
2011-08-21,United Kingdom,100,52,1.54
2011-08-21,United Kingdom,100,75,3.98
2011-08-21,United Kingdom,1350,842,3.68
2011-08-21,United Kingdom,1830,1143,1.53
2011-08-21,United Kingdom,1733,1127,1.61
2011-08-21,United Kingdom,3062,1748,2.49
2011-08-22,Malta,1371,566,1.99
2011-08-22,United Kingdom,265,181,2.96
2011-08-22,United Kingdom,1925,1462,1.26
2011-08-22,United Kingdom,102,43,4.38
2011-08-22,United Kingdom,445,245,1.19
2011-08-22,United Kingdom,1801,796,2.8
2011-08-22,United Kingdom,1415,972,2.79
2011-08-22,United Kingdom,562,370,3.95
2011-08-22,United Kingdom,1677,1033,2.3
2011-08-22,United Kingdom,2433,1293,1.76
2011-08-22,United Kingdom,1178,605,2.59
2011-08-22,Unspecified,100,41,3.86
2011-08-22,United Kingdom,1908,1429,3.19
2011-08-22,United Kingdom,2326,1155,1.86
2011-08-22,Germany,2942,2209,2.71
2011-08-22,United Kingdom,1040,563,3.59
2011-08-22,United Kingdom,1488,836,2.61
2011-08-22,United Kingdom,456,189,3.49
2011-08-22,United Kingdom,1021,666,1.26
2011-08-22,United Kingdom,2096,1374,3.66
2011-08-22,United Kingdom,1897,1289,2.27
2011-08-22,United Kingdom,1627,695,2.46
2011-08-22,United Kingdom,1939,1336,2.72
2011-08-22,United Kingdom,2166,1149,2.92
2011-08-22,United Kingdom,1980,1326,2.36
2011-08-22,United Kingdom,1996,1005,1.76
2011-08-22,United Kingdom,351,279,1.59
2011-08-22,United Kingdom,665,328,1.52
2011-08-22,United Kingdom,100,48,1.67
2011-08-22,United Kingdom,1255,937,2.66
2011-08-22,United Kingdom,2115,979,2.96
2011-08-22,United Kingdom,2566,1595,3.17
2011-08-22,United Kingdom,2450,1338,1.28
2011-08-22,Germany,1599,1041,1.37
2011-08-22,United Kingdom,554,237,4.09
2011-08-22,United Kingdom,2610,2042,1.88
2011-08-22,United Kingdom,1406,684,3.36
2011-08-22,United Kingdom,1982,947,4.44
2011-08-22,United Kingdom,1326,1001,3.41
2011-08-22,United Kingdom,1012,761,2.22
2011-08-22,United Kingdom,1352,601,2.46
2011-08-22,United Kingdom,714,554,3.61
2011-08-22,United Kingdom,1889,1451,1.63
2011-08-22,United Kingdom,1524,1071,3.08
2011-08-22,Unspecified,1332,1059,3.93
2011-08-22,United Kingdom,1562,1080,4.07
2011-08-22,United Kingdom,1276,767,3.67
2011-08-22,United Kingdom,872,544,4.28
2011-08-22,United Kingdom,100,68,2.82
2011-08-22,United Kingdom,1270,926,3.81
2011-08-22,United Kingdom,2173,935,1.53
2011-08-22,United Kingdom,1902,1188,3.33
2011-08-22,United Kingdom,2656,1136,4.43
2011-08-22,United Kingdom,2889,2167,1.98
2011-08-22,United Kingdom,1773,1056,2.11
2011-08-22,United Kingdom,100,56,2.16
2011-08-22,United Kingdom,365,265,3.99
2011-08-22,United Kingdom,2934,2152,2.66
2011-08-22,United Kingdom,1261,704,1.22
2011-08-22,United Kingdom,1087,673,1.65
2011-08-22,United Kingdom,733,406,3.6
2011-08-22,United Kingdom,1955,1266,2.11
2011-08-22,United Kingdom,2019,861,3.26
2011-08-22,Germany,1892,1371,2.27
2011-08-22,United Kingdom,2443,1394,2.48
2011-08-23,Germany,1787,1245,4.33
2011-08-23,United Kingdom,1877,1166,1.59
2011-08-23,EIRE,1129,801,1.81
2011-08-23,EIRE,1784,1044,3.9
2011-08-23,Hong Kong,1580,827,2.88
2011-08-23,Hong Kong,2285,1648,1.02
2011-08-23,United Kingdom,1198,747,3.06
2011-08-23,United Kingdom,544,325,1.66
2011-08-23,United Kingdom,1190,904,4.0
2011-08-23,United Kingdom,1624,855,2.07
2011-08-23,Channel Islands,1477,820,3.78
2011-08-23,United Kingdom,1286,577,2.25
2011-08-23,Channel Islands,2756,1104,1.36
2011-08-23,United Kingdom,1344,719,4.05
2011-08-23,Germany,2674,1876,4.02
2011-08-23,Finland,1038,546,2.93
2011-08-23,United Kingdom,897,613,3.68
2011-08-23,United Kingdom,2357,1696,3.77
2011-08-23,United Kingdom,1444,1031,1.99
2011-08-23,United Kingdom,603,306,1.24
2011-08-23,Switzerland,2175,1050,4.44
2011-08-23,United Kingdom,553,253,3.65
2011-08-23,United Kingdom,1414,1039,2.12
2011-08-23,United Kingdom,100,70,3.75
2011-08-23,Japan,100,72,1.19
2011-08-23,United Kingdom,1385,989,2.8
2011-08-23,Germany,204,97,2.61
2011-08-23,United Kingdom,561,235,1.89
2011-08-23,Germany,2970,2096,3.08
2011-08-23,United Kingdom,1871,779,4.4
2011-08-23,United Kingdom,1603,784,1.15
2011-08-23,United Kingdom,1639,913,2.73
2011-08-23,United Kingdom,2534,1619,3.98
2011-08-23,United Kingdom,985,431,2.43
2011-08-23,United Kingdom,1176,605,1.09
2011-08-23,Channel Islands,737,506,1.13
2011-08-23,United Kingdom,1930,875,2.23
2011-08-23,France,1290,936,1.75
2011-08-23,United Kingdom,180,136,3.26
2011-08-23,United Kingdom,1444,675,3.03
2011-08-23,United Kingdom,1545,1094,3.1
2011-08-23,United Kingdom,1172,688,3.59
2011-08-23,United Kingdom,1346,542,3.67
2011-08-23,United Kingdom,1745,790,3.31
2011-08-23,United Kingdom,3237,1545,1.01
2011-08-23,United Kingdom,1685,1087,3.35
2011-08-23,United Kingdom,864,406,1.04
2011-08-23,Netherlands,1866,1369,2.13
2011-08-23,United Kingdom,1720,1354,4.08
2011-08-23,United Kingdom,395,180,3.86
2011-08-23,United Kingdom,3526,1933,2.23
2011-08-23,France,2239,925,3.4
2011-08-23,United Kingdom,1204,824,1.36
2011-08-23,United Kingdom,1958,1394,2.7
2011-08-23,United Kingdom,1527,805,4.13
2011-08-23,United Kingdom,1806,1136,2.34
2011-08-23,EIRE,1004,469,2.51
2011-08-23,United Kingdom,2151,981,1.26
2011-08-23,United Kingdom,595,242,3.1
2011-08-23,United Kingdom,1763,1091,4.47
2011-08-23,United Kingdom,1449,891,2.15
2011-08-23,United Kingdom,565,241,1.27
2011-08-23,United Kingdom,3318,2252,2.91
2011-08-23,United Kingdom,1818,1378,3.81
2011-08-23,United Kingdom,594,382,2.31
2011-08-23,United Kingdom,2149,1048,2.85
2011-08-23,United Kingdom,1897,1112,2.83
2011-08-23,United Kingdom,100,49,1.25
2011-08-23,United Kingdom,1604,769,2.66
2011-08-23,United Kingdom,1451,931,2.43
2011-08-23,United Kingdom,2032,1069,3.73
2011-08-24,Spain,1427,650,1.66
2011-08-24,United Kingdom,925,731,3.16
2011-08-24,United Kingdom,1170,863,1.4
2011-08-24,United Kingdom,736,437,2.3
2011-08-24,United Kingdom,204,89,3.73
2011-08-24,United Kingdom,100,62,4.2
2011-08-24,United Kingdom,1120,604,1.19
2011-08-24,United Kingdom,1657,1251,4.02
2011-08-24,United Kingdom,1117,515,1.91
2011-08-24,United Kingdom,2477,1215,2.46
2011-08-24,United Kingdom,1642,1033,4.43
2011-08-24,United Kingdom,708,438,4.11
2011-08-24,United Kingdom,2701,1766,3.96
2011-08-24,United Kingdom,2051,918,3.44
2011-08-24,Germany,1306,866,4.15
2011-08-24,United Kingdom,434,319,3.24
2011-08-24,United Kingdom,1737,862,3.09
2011-08-24,United Kingdom,759,338,1.55
2011-08-24,United Kingdom,1938,1508,3.96
2011-08-24,United Kingdom,100,68,4.44
2011-08-24,United Kingdom,1854,1149,3.84
2011-08-24,United Kingdom,354,275,2.57
2011-08-24,United Kingdom,2169,1418,1.53
2011-08-24,United Kingdom,1435,967,3.57
2011-08-24,France,380,154,1.1
2011-08-24,United Kingdom,2100,1184,4.17
2011-08-24,United Kingdom,1983,1316,2.42
2011-08-24,United Kingdom,671,490,3.1
2011-08-24,United Kingdom,1527,984,1.47
2011-08-24,United Kingdom,1301,613,1.75
2011-08-24,United Kingdom,1305,535,2.21
2011-08-24,United Kingdom,1208,634,3.64
2011-08-24,United Kingdom,2129,1425,2.7
2011-08-24,United Kingdom,1570,685,3.16
2011-08-24,United Kingdom,1363,1016,4.31
2011-08-24,United Kingdom,1553,1064,1.15
2011-08-24,United Kingdom,2605,1661,4.09
2011-08-24,United Kingdom,649,393,3.73
2011-08-24,United Kingdom,3093,1602,2.76
2011-08-24,United Kingdom,2097,1046,3.05
2011-08-24,United Kingdom,2040,820,2.31
2011-08-24,United Kingdom,1392,778,4.17
2011-08-24,United Kingdom,976,725,1.01
2011-08-24,United Kingdom,3830,2972,3.65
2011-08-24,United Kingdom,1318,641,1.87
2011-08-24,United Kingdom,335,255,1.82
2011-08-24,Germany,457,351,1.98
2011-08-24,United Kingdom,1709,1257,2.98
2011-08-24,United Kingdom,410,239,1.23
2011-08-24,United Kingdom,1659,776,2.96
2011-08-24,France,1830,1303,2.39
2011-08-24,United Kingdom,700,461,2.7
2011-08-24,United Kingdom,131,63,2.78
2011-08-24,United Kingdom,2020,1260,2.75
2011-08-24,United Kingdom,1976,976,3.29
2011-08-24,United Kingdom,2111,872,2.77
2011-08-24,United Kingdom,1811,1408,1.03
2011-08-24,United Kingdom,1137,880,3.72
2011-08-24,United Kingdom,1937,1542,1.68
2011-08-24,United Kingdom,1273,661,3.14
2011-08-24,United Kingdom,812,378,2.96
2011-08-24,United Kingdom,1346,1002,4.05
2011-08-24,United Kingdom,2991,1344,1.22
2011-08-24,United Kingdom,356,202,4.07
2011-08-24,Germany,1918,1332,4.13
2011-08-24,Germany,3075,2330,4.02
2011-08-24,United Kingdom,1379,918,2.23
2011-08-24,Germany,1544,640,2.98
2011-08-24,United Kingdom,1102,820,1.58
2011-08-24,United Kingdom,853,448,4.08
2011-08-24,United Kingdom,1391,824,2.97
2011-08-24,United Kingdom,2244,1039,3.52
2011-08-24,United Kingdom,2328,1677,3.57
2011-08-24,Germany,1425,578,2.87
2011-08-24,Germany,894,536,3.04
2011-08-24,United Kingdom,2747,1524,3.61
2011-08-24,United Kingdom,1781,957,2.79
2011-08-24,United Kingdom,2896,2002,1.24
2011-08-24,United Kingdom,1725,957,3.68
2011-08-24,United Kingdom,1308,988,2.77
2011-08-24,United Kingdom,1356,591,2.23
2011-08-24,United Kingdom,2945,1880,3.51
2011-08-24,United Kingdom,2196,1226,1.62
2011-08-24,United Kingdom,1563,986,2.98
2011-08-24,United Kingdom,1354,631,1.85
2011-08-24,United Kingdom,1997,960,1.32
2011-08-24,United Kingdom,1343,639,1.8
2011-08-24,United Kingdom,687,296,4.25
2011-08-24,United Kingdom,1180,656,3.47
2011-08-24,Germany,2948,1508,3.18
2011-08-24,United Kingdom,366,167,4.31
2011-08-24,United Kingdom,1575,1077,2.86
2011-08-24,United Kingdom,1017,758,3.52
2011-08-24,United Kingdom,1792,1249,1.08
2011-08-24,United Kingdom,2458,1897,1.89
2011-08-25,United Kingdom,2918,1908,2.28
2011-08-25,Germany,285,225,4.48
2011-08-25,United Kingdom,988,776,3.9
2011-08-25,United Kingdom,1399,696,3.58
2011-08-25,United Kingdom,2495,1223,2.22
2011-08-25,France,823,369,4.09
2011-08-25,United Kingdom,1959,1130,4.36
2011-08-25,United Kingdom,2252,1746,1.38
2011-08-25,United Kingdom,1546,731,2.23
2011-08-25,United Kingdom,773,614,3.75
2011-08-25,United Kingdom,709,395,4.28
2011-08-25,Belgium,524,416,4.2
2011-08-25,United Kingdom,2852,1481,3.03
2011-08-25,United Kingdom,1640,758,1.67
2011-08-25,United Kingdom,413,322,1.65
2011-08-25,United Kingdom,1620,753,1.1
2011-08-25,United Kingdom,100,53,4.13
2011-08-25,United Kingdom,1330,821,2.2
2011-08-25,United Kingdom,2035,1462,2.42
2011-08-25,United Kingdom,1814,1203,4.31
2011-08-25,United Kingdom,935,457,1.63
2011-08-25,United Kingdom,991,703,3.61
2011-08-25,Canada,555,372,2.88
2011-08-25,United Kingdom,243,168,3.08
2011-08-25,United Kingdom,1039,750,3.2
2011-08-25,United Kingdom,1470,946,4.4
2011-08-25,United Kingdom,2136,1555,1.44
2011-08-25,United Kingdom,2961,2277,3.58
2011-08-25,United Kingdom,3163,2260,3.52
2011-08-25,United Kingdom,1450,789,1.03
2011-08-25,United Kingdom,100,43,2.83
2011-08-25,United Kingdom,1446,819,2.52
2011-08-25,United Kingdom,1143,558,2.0
2011-08-25,United Kingdom,1329,578,1.12
2011-08-25,France,2933,1484,4.07
2011-08-25,United Kingdom,2592,1830,3.96
2011-08-25,United Kingdom,1545,740,2.99
2011-08-25,Germany,1379,574,3.09
2011-08-25,Italy,2932,1585,1.09
2011-08-25,United Kingdom,2224,973,2.24
2011-08-25,France,1618,1133,3.14
2011-08-25,United Kingdom,2619,2017,2.26
2011-08-25,United Kingdom,3188,1966,3.19
2011-08-25,Belgium,1178,687,2.43
2011-08-25,United Kingdom,1487,688,4.14
2011-08-25,United Kingdom,100,48,2.63
2011-08-25,United Kingdom,1109,625,2.5
2011-08-25,United Kingdom,1403,765,2.84
2011-08-25,United Kingdom,1629,913,1.71
2011-08-25,United Kingdom,3130,1574,3.36
2011-08-25,United Kingdom,1823,1009,2.54
2011-08-25,United Kingdom,3319,2541,4.13
2011-08-25,United Kingdom,1797,989,4.42
2011-08-25,United Kingdom,2867,2071,3.14
2011-08-25,United Kingdom,1919,1297,2.5
2011-08-25,United Kingdom,1321,988,2.74
2011-08-25,United Kingdom,100,76,3.23
2011-08-25,United Kingdom,2064,965,3.9
2011-08-25,United Kingdom,1907,1523,1.54
2011-08-25,United Kingdom,372,223,1.42
2011-08-25,United Kingdom,1651,1299,1.27
2011-08-25,United Kingdom,515,340,2.05
2011-08-25,United Kingdom,2400,1838,1.88
2011-08-25,United Kingdom,1484,816,2.73
2011-08-25,United Kingdom,979,723,1.82
2011-08-25,United Kingdom,2666,1835,3.18
2011-08-25,United Kingdom,1968,1062,3.12
2011-08-25,France,387,156,2.4
2011-08-25,United Kingdom,1563,690,3.24
2011-08-25,United Kingdom,2055,1279,3.3
2011-08-25,United Kingdom,1505,1159,2.56
2011-08-25,United Kingdom,100,63,2.74
2011-08-25,United Kingdom,1781,1421,1.04
2011-08-25,United Kingdom,2550,1870,3.58
2011-08-25,Sweden,1056,659,1.22
2011-08-25,United Kingdom,3368,2280,1.54
2011-08-25,United Kingdom,2446,1741,1.86
2011-08-25,United Kingdom,1761,1396,3.7
2011-08-25,United Kingdom,1900,1323,1.2
2011-08-25,United Kingdom,1568,964,1.15
2011-08-25,United Kingdom,1210,843,1.08
2011-08-25,United Kingdom,1782,1206,2.16
2011-08-25,United Kingdom,2147,1410,1.33
2011-08-25,United Kingdom,1279,977,1.98
2011-08-25,United Kingdom,2157,1169,4.16
2011-08-25,United Kingdom,2707,1682,2.51
2011-08-25,United Kingdom,904,686,3.03
2011-08-25,United Kingdom,517,234,1.89
2011-08-26,Finland,1391,1083,2.74
2011-08-26,United Kingdom,1709,1319,2.89
2011-08-26,United Kingdom,799,621,2.0
2011-08-26,United Kingdom,2290,1726,2.24
2011-08-26,United Kingdom,2258,1425,2.11
2011-08-26,United Kingdom,506,340,1.6
2011-08-26,EIRE,3044,1875,2.54
2011-08-26,United Kingdom,1166,885,4.04
2011-08-26,United Kingdom,1515,643,1.82
2011-08-26,United Kingdom,1688,936,3.69
2011-08-26,United Kingdom,731,348,3.0
2011-08-26,United Kingdom,1229,675,2.5
2011-08-26,United Kingdom,468,223,2.79
2011-08-26,United Kingdom,910,480,4.09
2011-08-26,United Kingdom,603,273,1.52
2011-08-26,United Kingdom,2351,1436,2.31
2011-08-26,United Kingdom,2589,1414,1.5
2011-08-26,United Kingdom,929,511,4.25
2011-08-26,United Kingdom,1923,1254,2.22
2011-08-26,United Kingdom,1972,881,3.96
2011-08-26,United Kingdom,348,236,2.82
2011-08-26,United Kingdom,1477,717,1.77
2011-08-26,United Kingdom,2036,852,3.5
2011-08-26,United Kingdom,3474,1953,3.02
2011-08-26,Germany,655,439,2.91
2011-08-26,United Kingdom,1167,725,3.71
2011-08-26,United Kingdom,1498,840,4.36
2011-08-26,United Kingdom,2101,963,3.88
2011-08-26,United Kingdom,1498,1039,3.51
2011-08-26,United Kingdom,2448,1323,3.63
2011-08-26,United Kingdom,1600,975,3.54
2011-08-26,United Kingdom,2692,1518,3.78
2011-08-26,United Kingdom,1194,490,2.52
2011-08-26,United Kingdom,2064,1164,3.01
2011-08-26,United Kingdom,1337,949,4.35
2011-08-26,United Kingdom,1964,894,3.61
2011-08-26,Netherlands,971,710,4.49
2011-08-26,Netherlands,1906,785,2.79
2011-08-26,Netherlands,1479,606,1.68
2011-08-26,United Kingdom,847,420,4.02
2011-08-26,EIRE,2314,1654,1.96
2011-08-26,United Kingdom,1057,775,1.71
2011-08-26,United Kingdom,796,617,4.5
2011-08-26,United Kingdom,1881,777,4.24
2011-08-26,United Kingdom,2136,1245,3.88
2011-08-26,United Kingdom,2040,1579,2.48
2011-08-26,Germany,1569,1207,3.33
2011-08-26,United Kingdom,715,319,3.88
2011-08-26,United Kingdom,843,491,2.95
2011-08-26,United Kingdom,1195,764,4.1
2011-08-26,France,1169,598,3.2
2011-08-28,United Kingdom,2547,1699,1.58
2011-08-28,United Kingdom,804,401,1.97
2011-08-28,United Kingdom,2015,1243,2.5
2011-08-28,United Kingdom,1546,744,1.05
2011-08-28,United Kingdom,2327,1728,4.16
2011-08-28,United Kingdom,2987,2212,3.66
2011-08-28,United Kingdom,663,408,2.65
2011-08-28,United Kingdom,2396,1571,2.41
2011-08-28,United Kingdom,910,528,3.12
2011-08-28,United Kingdom,2603,1650,3.0
2011-08-28,United Kingdom,2143,1615,3.65
2011-08-28,United Kingdom,1090,471,1.32
2011-08-28,United Kingdom,2690,1698,2.42
2011-08-28,United Kingdom,490,196,3.71
2011-08-28,United Kingdom,519,391,2.7
2011-08-28,United Kingdom,897,690,3.94
2011-08-28,United Kingdom,2106,897,1.99
2011-08-28,United Kingdom,1206,883,3.48
2011-08-28,United Kingdom,100,42,3.02
2011-08-28,United Kingdom,100,64,4.2
2011-08-28,United Kingdom,1698,921,3.56
2011-08-28,United Kingdom,1234,942,1.24
2011-08-28,United Kingdom,485,250,3.41
2011-08-28,United Kingdom,1403,761,2.53
2011-08-28,United Kingdom,3168,1613,3.33
2011-08-28,Spain,876,432,2.19
2011-08-28,United Kingdom,100,54,4.02
2011-08-28,United Kingdom,1237,506,2.89
2011-08-28,United Kingdom,940,542,1.12
2011-08-28,United Kingdom,2199,1561,1.33
2011-08-28,United Kingdom,2329,1528,1.59
2011-08-28,United Kingdom,631,272,2.91
2011-08-28,United Kingdom,1478,999,3.53
2011-08-28,United Kingdom,2265,1691,1.62
2011-08-28,United Kingdom,867,371,1.82
2011-08-28,United Kingdom,2663,1169,2.3
2011-08-28,United Kingdom,1547,1236,2.24
2011-08-28,United Kingdom,100,43,3.86
2011-08-28,United Kingdom,2211,1022,4.34
2011-08-30,EIRE,1226,964,1.99
2011-08-30,Germany,2193,1445,2.01
2011-08-30,United Kingdom,1736,946,1.64
2011-08-30,Malta,875,412,1.14
2011-08-30,United Kingdom,405,181,1.57
2011-08-30,United Kingdom,2508,1717,2.75
2011-08-30,United Kingdom,345,174,3.02
2011-08-30,United Kingdom,855,394,2.52
2011-08-30,United Kingdom,100,49,3.72
2011-08-30,United Kingdom,1513,972,2.15
2011-08-30,United Kingdom,2439,1669,1.79
2011-08-30,EIRE,1067,656,1.9
2011-08-30,United Kingdom,770,314,4.13
2011-08-30,United Kingdom,2121,910,1.92
2011-08-30,United Kingdom,1631,1024,1.91
2011-08-30,United Kingdom,630,450,1.25
2011-08-30,United Kingdom,1864,947,3.62
2011-08-30,United Kingdom,1740,1189,4.0
2011-08-30,United Kingdom,835,543,3.48
2011-08-30,United Kingdom,1914,868,2.35
2011-08-30,United Kingdom,1669,771,4.32
2011-08-30,United Kingdom,1671,1149,3.92
2011-08-30,United Kingdom,2051,1510,1.61
2011-08-30,United Kingdom,2503,1660,1.31
2011-08-30,Poland,2333,1792,3.5
2011-08-30,United Kingdom,1611,1083,1.53
2011-08-30,United Kingdom,1261,688,3.9
2011-08-30,United Kingdom,1201,693,3.12
2011-08-30,United Kingdom,1184,615,1.54
2011-08-30,United Kingdom,2115,940,3.88
2011-08-30,United Kingdom,2699,1491,1.38
2011-08-30,United Kingdom,1228,594,3.24
2011-08-30,United Kingdom,1978,1037,2.46
2011-08-30,United Kingdom,1491,1039,2.36
2011-08-30,United Kingdom,1225,903,2.57
2011-08-30,United Kingdom,463,200,3.77
2011-08-30,United Kingdom,2821,1708,4.29
2011-08-30,United Kingdom,2096,847,2.31
2011-08-30,United Kingdom,1753,954,4.19
2011-08-30,United Kingdom,100,43,3.86
2011-08-30,United Kingdom,1552,688,3.54
2011-08-30,United Kingdom,2633,1747,4.21
2011-08-30,United Kingdom,1185,675,3.11
2011-08-30,United Kingdom,100,50,2.33
2011-08-30,United Kingdom,1698,691,1.7
2011-08-31,Belgium,1723,695,1.45
2011-08-31,United Kingdom,1519,957,1.49
2011-08-31,United Kingdom,2818,1343,3.96
2011-08-31,Germany,895,687,3.71
2011-08-31,United Kingdom,2177,1389,3.81
2011-08-31,Spain,1534,676,4.38
2011-08-31,United Kingdom,1829,776,2.38
2011-08-31,United Kingdom,1733,1156,3.57
2011-08-31,United Kingdom,1337,704,3.89
2011-08-31,France,1044,755,2.24
2011-08-31,United Kingdom,1352,886,2.42
2011-08-31,United Kingdom,450,246,2.49
2011-08-31,United Kingdom,829,552,3.42
2011-08-31,United Kingdom,680,537,2.31
2011-08-31,United Kingdom,1444,1035,1.77
2011-08-31,United Kingdom,186,113,1.71
2011-08-31,United Kingdom,2275,1127,1.56
2011-08-31,France,159,114,1.22
2011-08-31,United Kingdom,1262,767,1.68
2011-08-31,Netherlands,2724,1431,2.85
2011-08-31,United Kingdom,814,390,2.95
2011-08-31,United Kingdom,807,333,1.08
2011-08-31,United Kingdom,1021,803,2.77
2011-08-31,United Kingdom,2972,2226,3.64
2011-08-31,United Kingdom,1807,993,4.12
2011-08-31,United Kingdom,2613,1167,1.89
2011-08-31,France,376,154,1.13
2011-08-31,United Kingdom,692,503,2.59
2011-08-31,United Kingdom,1264,953,2.58
2011-08-31,United Kingdom,1812,1326,1.85
2011-08-31,United Kingdom,1070,468,3.0
2011-08-31,United Kingdom,1926,1246,3.8
2011-08-31,France,1190,903,2.06
2011-08-31,Germany,2211,1709,3.56
2011-08-31,United Kingdom,1183,702,1.71
2011-08-31,United Kingdom,1553,1209,3.38
2011-08-31,United Kingdom,1697,1205,1.81
2011-08-31,United Kingdom,807,485,1.81
2011-08-31,United Kingdom,966,471,1.75
2011-08-31,United Kingdom,908,490,2.04
2011-08-31,United Kingdom,2029,1271,2.92
2011-08-31,United Kingdom,1239,522,2.69
2011-08-31,United Kingdom,1085,624,1.3
2011-08-31,United Kingdom,927,631,1.7
2011-08-31,United Kingdom,994,413,4.28
2011-08-31,United Kingdom,2555,1489,1.68
2011-08-31,United Kingdom,428,337,3.62
2011-08-31,United Kingdom,2056,1357,1.88
2011-08-31,United Kingdom,3082,1418,2.32
2011-08-31,United Kingdom,375,174,4.02
2011-08-31,United Kingdom,2191,1048,2.32
2011-08-31,United Kingdom,1437,624,2.46
2011-08-31,United Kingdom,1687,941,1.5
2011-08-31,United Kingdom,100,65,4.06
2011-08-31,United Kingdom,1680,1227,2.28
2011-08-31,United Kingdom,1949,1042,1.33
2011-08-31,United Kingdom,1554,1092,1.27
2011-08-31,United Kingdom,1816,1030,4.07
2011-08-31,United Kingdom,1463,602,1.33
2011-08-31,United Kingdom,1491,967,4.41
2011-08-31,United Kingdom,2127,1678,2.35
2011-08-31,United Kingdom,2268,1595,3.32
2011-08-31,United Kingdom,1261,544,2.78
2011-08-31,United Kingdom,1241,918,4.23
2011-08-31,United Kingdom,1767,820,3.98
2011-08-31,United Kingdom,1970,1081,2.97
2011-08-31,United Kingdom,224,112,2.21
2011-08-31,Germany,394,303,2.5
2011-08-31,United Kingdom,1436,749,4.12
2011-08-31,Spain,2352,1126,4.21
2011-08-31,United Kingdom,1496,815,2.41
2011-08-31,United Kingdom,926,543,3.82
2011-08-31,United Kingdom,2118,948,2.62
2011-08-31,United Kingdom,1874,1007,2.87
2011-08-31,United Kingdom,1936,1337,1.11
2011-08-31,United Kingdom,2980,1682,1.15
2011-08-31,United Kingdom,1044,481,2.11
2011-08-31,United Kingdom,1917,872,3.97
2011-08-31,United Kingdom,2281,1099,1.0
2011-08-31,United Kingdom,2247,1429,2.58
2011-08-31,United Kingdom,2621,1092,2.62
2011-08-31,United Kingdom,2140,1582,1.26
2011-08-31,United Kingdom,1851,904,3.56
2011-08-31,United Kingdom,2425,1767,3.46
2011-08-31,United Kingdom,100,56,3.27
2011-08-31,United Kingdom,1310,524,2.47
2011-08-31,Norway,1074,710,4.46
2011-08-31,United Kingdom,1224,884,2.55
2011-08-31,United Kingdom,1691,1249,1.91
2011-08-31,United Kingdom,336,154,4.41
2011-08-31,United Kingdom,1064,664,2.96
2011-08-31,United Kingdom,2642,1487,2.9
2011-08-31,United Kingdom,394,199,2.85
2011-08-31,United Kingdom,617,312,1.51
2011-08-31,United Kingdom,1092,776,1.25
2011-08-31,United Kingdom,635,449,1.11
2011-08-31,United Kingdom,1986,1271,1.11
2011-08-31,United Kingdom,1613,1259,1.22
2011-09-01,United Kingdom,250,119,4.26
2011-09-01,United Kingdom,2614,1713,2.5
2011-09-01,United Kingdom,987,456,1.82
2011-09-01,United Kingdom,2003,1345,2.79
2011-09-01,United Kingdom,267,117,1.45
2011-09-01,Germany,1335,715,1.6
2011-09-01,United Kingdom,1171,723,2.96
2011-09-01,United Kingdom,2173,1013,3.26
2011-09-01,United Kingdom,2132,1430,2.76
2011-09-01,Germany,2392,1608,2.14
2011-09-01,United Kingdom,1760,748,1.8
2011-09-01,United Kingdom,894,404,1.22
2011-09-01,United Kingdom,1766,760,4.16
2011-09-01,United Kingdom,1788,989,3.06
2011-09-01,United Kingdom,2272,1315,2.37
2011-09-01,United Kingdom,1181,877,3.0
2011-09-01,United Kingdom,1100,861,3.45
2011-09-01,United Kingdom,1639,1238,2.99
2011-09-01,United Kingdom,1446,653,2.46
2011-09-01,United Kingdom,1925,893,3.38
2011-09-01,United Kingdom,1970,1233,3.69
2011-09-01,United Kingdom,3129,1769,3.74
2011-09-01,Norway,1343,1040,3.82
2011-09-01,United Kingdom,2202,1300,2.11
2011-09-01,United Kingdom,2166,1628,1.57
2011-09-01,United Kingdom,1680,925,4.31
2011-09-01,United Kingdom,1980,845,2.74
2011-09-01,United Kingdom,1397,908,2.58
2011-09-01,United Kingdom,3030,1460,3.15
2011-09-01,United Kingdom,836,564,1.2
2011-09-01,United Kingdom,3115,2256,4.13
2011-09-01,United Kingdom,2269,1609,1.26
2011-09-01,United Kingdom,2443,1329,2.56
2011-09-01,United Kingdom,1412,778,3.43
2011-09-01,United Kingdom,1118,465,1.36
2011-09-01,Australia,1030,633,1.68
2011-09-01,Australia,1271,841,4.4
2011-09-01,United Kingdom,2566,1585,3.69
2011-09-01,United Kingdom,3495,1685,1.86
2011-09-01,United Kingdom,504,246,3.64
2011-09-01,United Kingdom,2423,1776,3.12
2011-09-01,United Kingdom,1049,734,3.98
2011-09-01,United Kingdom,197,129,1.3
2011-09-01,United Kingdom,2407,1367,2.16
2011-09-01,United Kingdom,1314,1031,1.25
2011-09-01,United Kingdom,396,229,4.17
2011-09-01,United Kingdom,1046,492,3.12
2011-09-01,United Kingdom,1560,796,2.85
2011-09-01,United Kingdom,693,380,3.27
2011-09-01,United Kingdom,100,47,3.43
2011-09-01,United Kingdom,2651,1771,3.71
2011-09-01,United Kingdom,1594,823,3.49
2011-09-01,United Kingdom,2609,1713,1.36
2011-09-01,United Kingdom,2489,1653,2.74
2011-09-01,United Kingdom,1568,648,1.8
2011-09-01,United Kingdom,1788,951,1.19
2011-09-01,United Kingdom,2067,855,2.94
2011-09-01,United Kingdom,1622,1268,4.27
2011-09-01,United Kingdom,2882,1783,1.84
2011-09-01,United Kingdom,1512,1201,2.69
2011-09-01,United Kingdom,1870,852,4.08
2011-09-01,United Kingdom,630,439,3.87
2011-09-01,EIRE,193,106,4.1
2011-09-01,EIRE,2046,1414,3.6
2011-09-01,United Kingdom,1488,735,2.06
2011-09-01,United Kingdom,2986,2157,2.02
2011-09-01,United Kingdom,100,41,2.02
2011-09-01,United Arab Emirates,1587,951,3.06
2011-09-01,United Kingdom,3104,1783,4.41
2011-09-01,United Kingdom,762,578,1.69
2011-09-01,United Kingdom,3257,2291,4.1
2011-09-01,United Kingdom,2592,1343,2.79
2011-09-01,United Kingdom,2400,1176,3.54
2011-09-01,United Kingdom,1378,587,3.91
2011-09-01,United Kingdom,1427,1112,1.0
2011-09-02,United Kingdom,836,420,3.4
2011-09-02,Germany,1207,963,3.71
2011-09-02,United Kingdom,1971,963,1.37
2011-09-02,United Kingdom,2991,1760,3.9
2011-09-02,United Kingdom,2268,1232,1.8
2011-09-02,United Kingdom,1440,658,3.59
2011-09-02,United Kingdom,1555,934,2.93
2011-09-02,United Kingdom,1464,1091,2.58
2011-09-02,United Kingdom,1647,1178,2.92
2011-09-02,United Kingdom,1614,685,3.95
2011-09-02,United Kingdom,2061,1562,1.41
2011-09-02,United Kingdom,2119,1083,3.55
2011-09-02,United Kingdom,1707,886,1.15
2011-09-02,France,1508,946,2.84
2011-09-02,United Kingdom,831,397,4.07
2011-09-02,United Kingdom,522,375,2.52
2011-09-02,United Kingdom,2321,1534,2.32
2011-09-02,United Kingdom,2257,1620,2.32
2011-09-02,United Kingdom,2344,1462,4.4
2011-09-02,United Kingdom,832,514,2.09
2011-09-02,Belgium,100,44,1.78
2011-09-02,United Kingdom,1009,455,3.78
2011-09-02,United Kingdom,1175,672,1.33
2011-09-02,United Kingdom,1351,810,3.47
2011-09-02,United Kingdom,523,351,3.41
2011-09-02,United Kingdom,1558,821,3.64
2011-09-02,Germany,393,303,1.81
2011-09-02,United Kingdom,2307,941,3.06
2011-09-02,Germany,614,298,1.68
2011-09-02,United Kingdom,1973,1039,3.72
2011-09-02,United Kingdom,1266,555,3.79
2011-09-02,Sweden,1480,832,3.66
2011-09-02,United Kingdom,940,740,1.56
2011-09-02,EIRE,874,352,1.12
2011-09-02,United Kingdom,795,446,3.86
2011-09-02,United Kingdom,1707,902,3.76
2011-09-02,United Kingdom,1287,718,2.03
2011-09-02,United Kingdom,1718,1367,4.37
2011-09-02,Belgium,1475,1012,1.13
2011-09-02,Portugal,2891,1328,3.03
2011-09-02,United Kingdom,1365,685,4.04
2011-09-02,United Kingdom,1406,1072,1.22
2011-09-02,United Kingdom,442,272,1.37
2011-09-02,Unspecified,2326,967,1.36
2011-09-02,United Kingdom,813,448,2.12
2011-09-02,United Kingdom,697,327,1.23
2011-09-02,United Kingdom,2405,1016,3.28
2011-09-02,United Kingdom,1514,859,1.61
2011-09-02,United Kingdom,2364,1550,2.09
2011-09-02,United Kingdom,2178,1278,3.13
2011-09-02,United Kingdom,2848,1547,2.25
2011-09-02,United Kingdom,1174,809,4.01
2011-09-02,United Kingdom,1177,770,2.05
2011-09-02,United Kingdom,946,571,2.97
2011-09-02,United Kingdom,1873,1271,2.32
2011-09-02,United Kingdom,1607,1077,3.43
2011-09-02,United Kingdom,1187,546,1.57
2011-09-02,United Kingdom,1067,773,3.71
2011-09-02,United Kingdom,1091,461,2.11
2011-09-02,France,1907,1276,1.96
2011-09-02,France,1381,979,2.02
2011-09-02,United Kingdom,2578,1709,3.28
2011-09-02,United Kingdom,2499,1934,3.64
2011-09-02,United Kingdom,100,73,1.1
2011-09-02,United Kingdom,1811,1387,4.08
2011-09-02,United Kingdom,3298,2542,3.45
2011-09-02,United Kingdom,2447,1516,1.55
2011-09-02,United Kingdom,809,605,3.92
2011-09-02,United Kingdom,100,43,1.84
2011-09-02,United Kingdom,2460,1021,1.37
2011-09-02,United Kingdom,100,52,1.63
2011-09-02,Finland,636,428,2.76
2011-09-02,United Kingdom,1836,767,1.2
2011-09-02,United Kingdom,2577,1890,1.36
2011-09-02,United Kingdom,1119,851,2.17
2011-09-02,United Kingdom,2144,1186,2.7
2011-09-02,United Kingdom,2412,1634,4.28
2011-09-02,United Kingdom,1633,1265,3.42
2011-09-02,United Kingdom,814,490,3.45
2011-09-02,United Kingdom,1848,1207,3.34
2011-09-02,United Kingdom,100,64,2.45
2011-09-02,United Kingdom,2135,1096,2.74
2011-09-02,United Kingdom,1128,485,1.07
2011-09-02,United Kingdom,1340,710,3.75
2011-09-02,United Kingdom,1943,812,4.38
2011-09-02,United Kingdom,1059,808,2.03
2011-09-02,United Kingdom,1846,1112,3.41
2011-09-02,United Kingdom,2030,1128,3.05
2011-09-02,United Kingdom,1383,781,1.58
2011-09-02,United Kingdom,100,53,1.09
2011-09-02,United Kingdom,1657,921,2.6
2011-09-02,United Kingdom,1686,788,1.74
2011-09-02,United Kingdom,2221,1669,3.31
2011-09-02,United Kingdom,2066,1420,2.02
2011-09-02,United Kingdom,224,145,3.54
2011-09-02,United Kingdom,2234,1615,2.21
2011-09-02,United Kingdom,1534,1091,2.59
2011-09-02,United Kingdom,559,382,1.03
2011-09-02,United Kingdom,1155,700,2.78
2011-09-02,United Kingdom,641,320,3.19
2011-09-02,United Kingdom,1989,1517,4.49
2011-09-04,United Kingdom,1108,451,1.33
2011-09-04,United Kingdom,1415,766,2.58
2011-09-04,United Kingdom,663,305,1.12
2011-09-04,United Kingdom,1723,1210,1.44
2011-09-04,United Kingdom,1051,822,2.86
2011-09-04,United Kingdom,1140,576,4.33
2011-09-04,United Kingdom,1938,1039,2.24
2011-09-04,United Kingdom,929,425,2.85
2011-09-04,EIRE,1958,839,2.09
2011-09-04,United Kingdom,2937,2190,1.53
2011-09-04,United Kingdom,2298,1404,4.05
2011-09-04,United Kingdom,1289,734,3.22
2011-09-04,Germany,2256,1745,1.03
2011-09-04,United Kingdom,1421,825,2.45
2011-09-04,United Kingdom,999,580,3.76
2011-09-04,United Kingdom,1218,914,1.01
2011-09-04,United Kingdom,1030,671,4.33
2011-09-04,United Kingdom,1489,608,1.54
2011-09-04,Germany,1655,995,1.75
2011-09-04,United Kingdom,2045,1092,3.11
2011-09-04,United Kingdom,2948,2258,3.47
2011-09-04,United Kingdom,1047,546,1.21
2011-09-04,United Kingdom,2907,1759,1.17
2011-09-04,United Kingdom,1766,973,2.79
2011-09-04,United Kingdom,1350,864,3.76
2011-09-04,Germany,1931,1043,2.18
2011-09-04,United Kingdom,1227,775,3.31
2011-09-04,United Kingdom,2313,1759,2.05
2011-09-04,United Kingdom,1775,1297,4.26
2011-09-04,United Kingdom,100,62,1.66
2011-09-04,United Kingdom,706,522,4.01
2011-09-04,United Kingdom,3467,1642,4.41
2011-09-04,United Kingdom,1127,562,2.32
2011-09-04,United Kingdom,2420,1910,3.32
2011-09-04,Germany,1946,1394,1.44
2011-09-04,United Kingdom,1050,457,2.77
2011-09-04,Germany,661,481,2.76
2011-09-04,France,2755,1492,3.37
2011-09-04,United Kingdom,1309,798,4.42
2011-09-04,United Kingdom,1427,773,4.17
2011-09-04,United Kingdom,625,306,4.01
2011-09-04,United Kingdom,2288,1477,4.39
2011-09-04,United Kingdom,1788,1111,2.0
2011-09-04,United Kingdom,1360,997,3.11
2011-09-04,United Kingdom,893,416,1.54
2011-09-04,United Kingdom,100,42,1.66
2011-09-04,United Kingdom,1321,711,3.24
2011-09-04,United Kingdom,1846,1159,2.8
2011-09-04,United Kingdom,2376,1333,1.83
2011-09-04,United Kingdom,2352,1725,3.62
2011-09-05,United Kingdom,100,47,3.59
2011-09-05,United Kingdom,2899,1982,4.03
2011-09-05,United Kingdom,1948,912,1.84
2011-09-05,United Kingdom,1722,1268,3.46
2011-09-05,United Kingdom,265,173,1.01
2011-09-05,United Kingdom,497,314,3.17
2011-09-05,United Kingdom,431,290,2.97
2011-09-05,United Kingdom,100,71,3.61
2011-09-05,Australia,2480,1674,4.03
2011-09-05,United Kingdom,2527,1099,4.11
2011-09-05,United Kingdom,2156,1494,2.88
2011-09-05,Poland,1309,603,2.83
2011-09-05,United Kingdom,1303,742,2.32
2011-09-05,United Kingdom,2537,1198,3.07
2011-09-05,United Kingdom,1164,582,4.21
2011-09-05,EIRE,279,155,3.66
2011-09-05,EIRE,1518,1186,4.12
2011-09-05,EIRE,100,46,1.25
2011-09-05,United Kingdom,1781,882,4.35
2011-09-05,United Kingdom,1780,1116,1.29
2011-09-05,United Kingdom,1913,1308,2.31
2011-09-05,United Kingdom,571,270,1.72
2011-09-05,United Kingdom,1994,1307,1.42
2011-09-05,United Kingdom,606,388,1.47
2011-09-05,United Kingdom,2603,1969,1.88
2011-09-05,United Kingdom,2246,1599,2.44
2011-09-05,United Kingdom,2023,1116,2.72
2011-09-05,Spain,2410,1337,3.89
2011-09-05,United Kingdom,2042,1221,4.46
2011-09-05,United Kingdom,1949,940,1.77
2011-09-05,United Kingdom,1859,877,3.72
2011-09-05,United Kingdom,2275,1380,1.3
2011-09-05,United Kingdom,758,489,1.15
2011-09-05,United Kingdom,1364,590,3.81
2011-09-05,United Kingdom,1653,760,4.0
2011-09-05,United Kingdom,814,617,3.97
2011-09-05,United Kingdom,830,541,1.42
2011-09-05,United Kingdom,708,394,3.41
2011-09-05,United Kingdom,3385,1699,1.75
2011-09-05,United Kingdom,2572,1988,1.1
2011-09-05,EIRE,1260,880,1.52
2011-09-05,Poland,1522,986,4.14
2011-09-05,United Kingdom,3429,1695,2.88
2011-09-05,United Kingdom,1374,985,1.74
2011-09-05,France,1674,1117,1.13
2011-09-05,United Kingdom,2548,2029,3.69
2011-09-05,United Kingdom,1188,863,3.22
2011-09-05,United Kingdom,1594,977,1.69
2011-09-05,United Kingdom,859,644,1.66
2011-09-05,United Kingdom,2001,1340,2.7
2011-09-05,United Kingdom,1947,956,3.04
2011-09-05,United Kingdom,1492,1045,2.35
2011-09-05,United Kingdom,325,190,2.89
2011-09-05,Germany,1616,1141,3.16
2011-09-05,United Kingdom,955,590,2.37
2011-09-05,United Kingdom,2910,1486,2.06
2011-09-05,United Kingdom,2324,1404,2.64
2011-09-05,France,353,274,4.48
2011-09-05,United Kingdom,385,252,2.61
2011-09-05,United Kingdom,2309,1602,2.44
2011-09-05,France,2303,1338,1.05
2011-09-05,United Kingdom,1249,730,3.0
2011-09-05,United Kingdom,2081,1645,4.19
2011-09-05,United Kingdom,1911,1226,2.96
2011-09-05,United Kingdom,1155,838,3.29
2011-09-05,United Kingdom,1000,416,4.07
2011-09-05,United Kingdom,1832,1088,1.15
2011-09-05,United Kingdom,1301,766,1.17
2011-09-05,United Kingdom,1555,1061,3.03
2011-09-05,United Kingdom,1613,680,3.54
2011-09-05,United Kingdom,1086,859,3.23
2011-09-06,United Kingdom,1043,640,3.65
2011-09-06,United Kingdom,1918,933,2.39
2011-09-06,United Kingdom,730,359,1.41
2011-09-06,United Kingdom,193,132,3.34
2011-09-06,United Kingdom,2341,1030,2.42
2011-09-06,United Kingdom,2344,1278,2.87
2011-09-06,United Kingdom,1132,667,4.04
2011-09-06,United Kingdom,1417,648,3.9
2011-09-06,United Kingdom,1435,1126,1.93
2011-09-06,United Kingdom,1678,716,3.31
2011-09-06,United Kingdom,2076,1551,3.09
2011-09-06,United Kingdom,394,217,3.87
2011-09-06,United Kingdom,1434,1141,3.65
2011-09-06,United Kingdom,1675,1247,1.41
2011-09-06,United Kingdom,2623,1161,2.79
2011-09-06,United Kingdom,1112,533,2.63
2011-09-06,United Kingdom,837,488,1.67
2011-09-06,United Kingdom,2647,1717,3.2
2011-09-06,United Kingdom,100,59,2.69
2011-09-06,United Kingdom,1128,761,1.56
2011-09-06,United Kingdom,2102,1321,2.85
2011-09-06,United Kingdom,1751,869,2.59
2011-09-06,United Kingdom,2283,1516,1.33
2011-09-06,United Kingdom,1866,797,4.33
2011-09-06,United Kingdom,1457,1054,2.01
2011-09-06,United Kingdom,1166,671,3.39
2011-09-06,United Kingdom,1262,667,4.43
2011-09-06,United Kingdom,455,261,2.47
2011-09-06,United Kingdom,1293,977,2.65
2011-09-06,United Kingdom,1538,1159,1.25
2011-09-06,United Kingdom,1696,1096,1.03
2011-09-06,United Kingdom,1899,789,2.01
2011-09-06,EIRE,1967,857,1.66
2011-09-06,EIRE,2574,1293,3.25
2011-09-06,United Kingdom,2286,1812,1.9
2011-09-06,United Kingdom,1685,834,3.15
2011-09-06,United Kingdom,1545,1168,1.38
2011-09-06,United Kingdom,1151,919,2.24
2011-09-06,United Kingdom,987,635,1.43
2011-09-06,United Kingdom,1111,548,4.31
2011-09-06,United Kingdom,100,60,2.22
2011-09-06,Germany,524,237,3.38
2011-09-06,Germany,1115,737,3.82
2011-09-06,United Kingdom,886,560,4.37
2011-09-06,United Kingdom,756,453,2.8
2011-09-06,United Kingdom,2371,1784,1.61
2011-09-06,United Kingdom,1038,565,2.06
2011-09-06,Germany,1279,696,2.44
2011-09-06,United Kingdom,100,44,1.16
2011-09-06,United Kingdom,371,179,2.58
2011-09-06,United Kingdom,1401,569,1.42
2011-09-06,United Kingdom,451,277,3.67
2011-09-06,United Kingdom,554,378,1.65
2011-09-06,Germany,1138,860,2.73
2011-09-06,United Kingdom,1305,758,1.75
2011-09-06,United Kingdom,314,189,1.86
2011-09-06,United Kingdom,1521,647,3.85
2011-09-06,United Kingdom,1674,986,3.15
2011-09-06,United Kingdom,1595,1201,3.25
2011-09-06,United Kingdom,488,382,4.06
2011-09-06,United Kingdom,981,615,3.1
2011-09-06,Switzerland,1033,747,2.57
2011-09-07,United Kingdom,257,180,2.22
2011-09-07,United Kingdom,2075,1609,2.77
2011-09-07,United Kingdom,841,361,1.76
2011-09-07,United Kingdom,234,99,1.9
2011-09-07,United Kingdom,2128,1442,2.95
2011-09-07,United Kingdom,2077,901,3.04
2011-09-07,United Kingdom,1989,1010,3.01
2011-09-07,United Kingdom,2543,1934,3.71
2011-09-07,United Kingdom,1528,1124,1.88
2011-09-07,United Kingdom,1541,924,1.61
2011-09-07,United Kingdom,1479,966,4.15
2011-09-07,EIRE,351,178,2.14
2011-09-07,France,247,178,2.94
2011-09-07,United Kingdom,467,210,1.41
2011-09-07,United Kingdom,1212,576,3.7
2011-09-07,United Kingdom,1288,829,2.73
2011-09-07,United Kingdom,1232,950,3.98
2011-09-07,United Kingdom,1175,634,3.17
2011-09-07,United Kingdom,2618,1249,2.39
2011-09-07,United Kingdom,1673,936,3.42
2011-09-07,United Kingdom,1836,1091,3.98
2011-09-07,United Kingdom,4387,2681,1.26
2011-09-07,United Kingdom,2153,1702,3.11
2011-09-07,United Kingdom,1009,685,2.14
2011-09-07,United Kingdom,1034,592,4.34
2011-09-07,United Kingdom,2413,1106,2.59
2011-09-07,United Kingdom,647,333,2.74
2011-09-07,United Kingdom,1384,1009,4.01
2011-09-07,United Kingdom,1677,819,1.0
2011-09-07,United Kingdom,1128,796,2.64
2011-09-07,United Kingdom,1124,613,3.67
2011-09-07,United Kingdom,1531,956,4.0
2011-09-07,United Kingdom,1707,1090,2.99
2011-09-07,United Kingdom,777,429,3.63
2011-09-07,EIRE,2195,1477,2.97
2011-09-07,United Kingdom,437,240,1.56
2011-09-07,United Kingdom,507,319,3.34
2011-09-07,France,2037,836,1.88
2011-09-07,United Kingdom,1662,1309,1.43
2011-09-07,United Kingdom,1531,849,3.93
2011-09-07,EIRE,1336,983,1.98
2011-09-07,United Kingdom,3239,1341,2.31
2011-09-07,United Kingdom,1678,964,2.73
2011-09-07,United Kingdom,895,637,4.39
2011-09-07,United Kingdom,237,130,2.37
2011-09-07,United Kingdom,548,353,2.32
2011-09-07,United Kingdom,1748,701,3.27
2011-09-07,France,1942,889,3.38
2011-09-07,United Kingdom,1556,1228,2.04
2011-09-07,United Kingdom,1297,747,2.13
2011-09-07,United Kingdom,343,192,2.16
2011-09-07,United Kingdom,1115,807,3.98
2011-09-07,United Kingdom,1185,621,2.57
2011-09-07,EIRE,2446,1878,1.05
2011-09-07,United Kingdom,100,45,1.8
2011-09-07,United Kingdom,2633,1964,4.41
2011-09-07,United Kingdom,1011,737,1.38
2011-09-08,United Kingdom,1820,780,2.64
2011-09-08,United Kingdom,2804,2233,3.3
2011-09-08,United Kingdom,1362,989,1.3
2011-09-08,United Kingdom,1757,946,1.03
2011-09-08,United Kingdom,811,640,3.93
2011-09-08,United Kingdom,1539,913,3.17
2011-09-08,Germany,586,324,2.91
2011-09-08,EIRE,2746,2041,3.9
2011-09-08,EIRE,1927,1089,1.61
2011-09-08,United Kingdom,2039,1534,3.34
2011-09-08,France,2740,1376,1.69
2011-09-08,France,618,377,4.45
2011-09-08,United Kingdom,1340,656,1.35
2011-09-08,United Kingdom,769,412,4.23
2011-09-08,United Kingdom,1030,595,4.23
2011-09-08,United Kingdom,1365,713,4.19
2011-09-08,United Kingdom,2617,1271,2.25
2011-09-08,United Kingdom,1583,795,1.75
2011-09-08,United Kingdom,1862,1219,3.7
2011-09-08,United Kingdom,1789,1343,2.02
2011-09-08,Netherlands,1449,601,1.94
2011-09-08,United Kingdom,2165,988,2.23
2011-09-08,Netherlands,1332,862,2.19
2011-09-08,United Kingdom,100,71,3.63
2011-09-08,United Kingdom,1770,1219,1.13
2011-09-08,United Kingdom,100,43,1.63
2011-09-08,United Kingdom,1433,916,2.46
2011-09-08,United Kingdom,954,491,2.01
2011-09-08,United Kingdom,1336,984,2.07
2011-09-08,United Kingdom,1461,621,3.84
2011-09-08,United Kingdom,2081,895,1.76
2011-09-08,United Kingdom,1595,835,1.68
2011-09-08,United Kingdom,100,70,3.26
2011-09-08,United Kingdom,216,129,2.9
2011-09-08,United Kingdom,1242,650,1.76
2011-09-08,United Kingdom,2001,1480,1.36
2011-09-08,United Kingdom,1903,1276,3.92
2011-09-08,United Kingdom,1287,959,2.06
2011-09-08,United Kingdom,2306,1609,2.17
2011-09-08,United Kingdom,2391,1462,1.08
2011-09-08,United Kingdom,2070,1281,1.46
2011-09-08,United Kingdom,1729,826,3.49
2011-09-08,United Kingdom,1652,966,2.74
2011-09-08,United Kingdom,187,147,4.11
2011-09-08,United Kingdom,1450,1075,1.51
2011-09-08,United Kingdom,1075,659,4.09
2011-09-08,United Kingdom,649,309,4.0
2011-09-08,United Kingdom,1975,1338,4.2
2011-09-08,United Kingdom,946,608,1.98
2011-09-08,United Kingdom,1452,908,2.86
2011-09-08,United Kingdom,796,531,2.56
2011-09-08,United Kingdom,1199,897,2.84
2011-09-08,Spain,2252,1170,1.32
2011-09-08,Germany,1067,567,4.08
2011-09-08,United Kingdom,2328,1528,1.15
2011-09-08,United Kingdom,2289,966,2.1
2011-09-08,United Kingdom,2351,1408,3.85
2011-09-08,United Kingdom,3274,1312,3.54
2011-09-08,United Kingdom,2337,1678,2.57
2011-09-08,United Kingdom,1117,764,2.76
2011-09-08,United Kingdom,1622,717,3.45
2011-09-08,United Kingdom,2278,1163,2.51
2011-09-08,United Kingdom,1856,920,1.63
2011-09-08,United Kingdom,1799,852,3.52
2011-09-08,United Kingdom,186,108,3.46
2011-09-08,United Kingdom,1937,1213,4.3
2011-09-08,Germany,2238,1229,4.21
2011-09-08,United Kingdom,1286,530,2.44
2011-09-08,United Kingdom,2586,1708,2.12
2011-09-08,United Kingdom,1074,590,3.54
2011-09-08,Germany,491,341,3.98
2011-09-08,United Kingdom,976,760,2.85
2011-09-08,United Kingdom,2077,1523,2.51
2011-09-08,United Kingdom,1307,572,3.33
2011-09-08,United Kingdom,1567,1106,2.36
2011-09-08,United Kingdom,1447,1106,2.78
2011-09-08,United Kingdom,1204,668,1.95
2011-09-08,United Kingdom,913,400,4.18
2011-09-08,United Kingdom,1591,757,2.23
2011-09-08,United Kingdom,1945,1475,1.92
2011-09-08,United Kingdom,1085,500,4.28
2011-09-08,United Kingdom,1398,933,1.91
2011-09-09,France,808,364,4.04
2011-09-09,United Kingdom,673,468,2.93
2011-09-09,Belgium,1003,677,2.95
2011-09-09,United Kingdom,100,65,3.91
2011-09-09,United Kingdom,2334,998,3.47
2011-09-09,United Kingdom,895,661,3.42
2011-09-09,United Kingdom,2792,1130,1.2
2011-09-09,United Kingdom,2595,1763,3.59
2011-09-09,Germany,1306,559,2.1
2011-09-09,United Kingdom,1931,1054,3.13
2011-09-09,United Kingdom,1442,978,3.8
2011-09-09,United Kingdom,2091,959,4.46
2011-09-09,EIRE,783,479,3.72
2011-09-09,United Kingdom,2605,1507,3.94
2011-09-09,Germany,2941,1319,3.12
2011-09-09,United Kingdom,1051,620,1.98
2011-09-09,United Kingdom,1275,957,2.53
2011-09-09,United Kingdom,1872,995,3.8
2011-09-09,France,2645,1420,2.25
2011-09-09,United Kingdom,1434,1135,3.88
2011-09-09,United Kingdom,1888,805,2.55
2011-09-09,United Kingdom,2451,1346,4.4
2011-09-09,United Kingdom,1829,1319,2.19
2011-09-09,United Kingdom,269,180,3.34
2011-09-09,United Kingdom,2231,1331,2.8
2011-09-09,France,2214,1359,3.48
2011-09-09,United Kingdom,1239,964,3.2
2011-09-09,EIRE,1309,879,2.08
2011-09-09,United Kingdom,2383,1242,2.86
2011-09-09,United Kingdom,2766,1841,1.81
2011-09-09,United Kingdom,2561,1532,3.63
2011-09-09,United Kingdom,1366,814,2.62
2011-09-09,United Kingdom,517,384,2.49
2011-09-09,United Kingdom,552,365,3.68
2011-09-09,United Kingdom,1393,960,4.34
2011-09-09,Netherlands,2455,1351,3.97
2011-09-09,United Kingdom,2016,846,3.04
2011-09-09,United Kingdom,1321,961,1.36
2011-09-09,United Kingdom,1145,650,4.18
2011-09-09,United Kingdom,1429,884,2.74
2011-09-09,United Kingdom,100,75,2.0
2011-09-09,United Kingdom,1111,668,3.97
2011-09-09,United Kingdom,534,287,4.44
2011-09-09,United Kingdom,2287,1184,2.79
2011-09-09,United Kingdom,2397,1797,3.13
2011-09-09,United Kingdom,2589,1994,2.92
2011-09-09,United Kingdom,2689,1497,3.54
2011-09-09,United Kingdom,1351,765,1.76
2011-09-09,United Kingdom,878,485,1.71
2011-09-09,United Kingdom,2467,1081,3.4
2011-09-09,United Kingdom,1551,1217,3.81
2011-09-09,United Kingdom,1636,1235,2.14
2011-09-09,United Kingdom,1312,635,3.94
2011-09-09,United Kingdom,1158,852,4.26
2011-09-09,United Kingdom,962,549,2.83
2011-09-09,Norway,981,435,1.36
2011-09-09,United Kingdom,1204,952,3.96
2011-09-09,United Kingdom,2476,1017,3.76
2011-09-09,United Kingdom,2427,1135,2.05
2011-09-09,United Kingdom,100,79,1.28
2011-09-09,United Kingdom,2722,1549,2.01
2011-09-09,United Kingdom,1699,1325,1.7
2011-09-09,United Kingdom,559,280,3.2
2011-09-09,United Kingdom,2190,1040,2.85
2011-09-09,United Kingdom,2108,1513,2.73
2011-09-09,United Kingdom,754,381,2.83
2011-09-09,United Kingdom,629,320,3.72
2011-09-09,United Kingdom,1549,1063,2.11
2011-09-09,United Kingdom,2570,1475,1.4
2011-09-09,United Kingdom,1271,661,4.0
2011-09-09,United Kingdom,2229,1409,1.79
2011-09-09,United Kingdom,974,466,1.06
2011-09-09,United Kingdom,1437,795,2.28
2011-09-09,United Kingdom,270,177,1.4
2011-09-09,United Kingdom,100,63,3.64
2011-09-09,United Kingdom,2681,1471,3.26
2011-09-09,United Kingdom,3230,1308,1.99
2011-09-09,United Kingdom,2309,1307,3.25
2011-09-09,United Kingdom,1542,670,3.35
2011-09-09,United Kingdom,1011,497,4.48
2011-09-11,United Kingdom,1693,713,3.46
2011-09-11,United Kingdom,653,472,2.68
2011-09-11,United Kingdom,1479,976,1.02
2011-09-11,United Kingdom,1810,1441,1.88
2011-09-11,United Kingdom,485,303,3.35
2011-09-11,United Kingdom,1710,1252,1.03
2011-09-11,United Kingdom,942,601,1.41
2011-09-11,Germany,3173,2100,2.98
2011-09-11,United Kingdom,971,460,2.82
2011-09-11,United Kingdom,575,438,3.0
2011-09-11,United Kingdom,2024,1324,3.38
2011-09-11,United Kingdom,2547,1093,2.73
2011-09-11,United Kingdom,1318,599,1.43
2011-09-11,United Kingdom,2595,1349,4.48
2011-09-11,United Kingdom,2220,1689,1.33
2011-09-11,United Kingdom,2867,2285,1.47
2011-09-11,United Kingdom,2875,2225,1.34
2011-09-11,United Kingdom,729,480,3.53
2011-09-11,United Kingdom,962,408,3.59
2011-09-11,United Kingdom,100,75,1.77
2011-09-11,United Kingdom,1623,1080,3.42
2011-09-11,United Kingdom,1200,504,4.08
2011-09-11,United Kingdom,2672,1426,1.39
2011-09-11,United Kingdom,2047,1387,4.23
2011-09-11,United Kingdom,1765,970,2.86
2011-09-11,United Kingdom,919,583,2.99
2011-09-11,United Kingdom,1018,439,2.2
2011-09-11,United Kingdom,2585,1569,2.71
2011-09-11,United Kingdom,2195,1464,1.78
2011-09-11,France,1055,626,3.9
2011-09-11,United Kingdom,1538,824,3.84
2011-09-11,United Kingdom,1409,847,3.86
2011-09-11,United Kingdom,755,415,3.77
2011-09-11,United Kingdom,2119,1171,3.13
2011-09-11,United Kingdom,2119,1115,4.13
2011-09-11,United Kingdom,1235,799,2.59
2011-09-11,United Kingdom,899,475,1.88
2011-09-11,United Kingdom,1922,1339,2.94
2011-09-11,Germany,1095,585,2.64
2011-09-11,Germany,2055,1539,1.69
2011-09-11,United Kingdom,1440,1003,3.01
2011-09-11,United Kingdom,2042,1266,2.18
2011-09-11,United Kingdom,2028,1494,4.37
2011-09-11,United Kingdom,1399,828,2.56
2011-09-11,United Kingdom,1103,756,3.17
2011-09-11,United Kingdom,1349,547,1.19
2011-09-11,United Kingdom,2721,2087,3.32
2011-09-11,United Kingdom,1005,469,1.6
2011-09-11,United Kingdom,2163,1316,2.36
2011-09-11,United Kingdom,1114,877,1.96
2011-09-11,United Kingdom,1010,583,3.58
2011-09-11,United Kingdom,2047,1071,1.03
2011-09-11,United Kingdom,574,443,2.66
2011-09-11,United Kingdom,2269,1010,1.0
2011-09-11,United Kingdom,1477,822,2.31
2011-09-11,United Kingdom,1159,590,1.67
2011-09-11,United Kingdom,588,374,1.41
2011-09-11,United Kingdom,3559,1528,3.4
2011-09-11,United Kingdom,874,529,1.41
2011-09-11,United Kingdom,1045,588,1.1
2011-09-11,United Kingdom,1495,853,2.7
2011-09-11,United Kingdom,640,267,4.15
2011-09-11,United Kingdom,148,111,2.82
2011-09-11,United Kingdom,1659,829,2.88
2011-09-11,United Kingdom,1230,533,2.83
2011-09-11,United Kingdom,1525,1109,3.93
2011-09-11,United Kingdom,1570,635,2.48
2011-09-11,United Kingdom,1341,661,4.16
2011-09-11,United Kingdom,1049,727,2.93
2011-09-11,United Kingdom,1058,588,1.47
2011-09-11,United Kingdom,101,52,2.08
2011-09-11,United Kingdom,2642,1568,2.32
2011-09-12,United Kingdom,1118,494,4.19
2011-09-12,United Kingdom,1974,1079,2.46
2011-09-12,United Kingdom,913,419,1.45
2011-09-12,United Kingdom,1358,656,2.16
2011-09-12,United Kingdom,1558,1022,4.01
2011-09-12,United Kingdom,1801,826,4.47
2011-09-12,United Kingdom,567,302,4.12
2011-09-12,United Kingdom,964,761,3.09
2011-09-12,United Kingdom,2321,1631,1.24
2011-09-12,United Kingdom,1566,1145,3.85
2011-09-12,United Kingdom,225,119,1.65
2011-09-12,United Kingdom,1091,470,3.09
2011-09-12,United Kingdom,100,52,1.35
2011-09-12,United Kingdom,2045,1602,2.87
2011-09-12,United Kingdom,546,252,3.53
2011-09-12,United Kingdom,2078,853,1.49
2011-09-12,United Kingdom,843,669,3.76
2011-09-12,United Kingdom,2112,1486,1.74
2011-09-12,United Kingdom,581,413,3.78
2011-09-12,United Kingdom,2532,1390,3.16
2011-09-12,United Kingdom,3199,1609,3.87
2011-09-12,United Kingdom,914,727,2.31
2011-09-12,United Kingdom,858,451,3.69
2011-09-12,United Kingdom,2304,1754,1.47
2011-09-12,United Kingdom,1094,514,1.77
2011-09-12,United Kingdom,1039,586,2.07
2011-09-12,United Kingdom,1676,1264,2.24
2011-09-12,United Kingdom,1088,853,3.84
2011-09-12,United Kingdom,1231,574,4.44
2011-09-12,United Kingdom,1942,1090,2.13
2011-09-12,United Kingdom,990,737,2.52
2011-09-12,United Kingdom,2601,1047,2.92
2011-09-12,United Kingdom,1087,653,2.95
2011-09-12,United Kingdom,954,693,3.95
2011-09-12,United Kingdom,1288,861,3.33
2011-09-12,United Kingdom,1526,1196,1.41
2011-09-12,United Kingdom,1245,727,3.11
2011-09-12,United Kingdom,2738,1519,1.65
2011-09-12,United Kingdom,1481,620,3.69
2011-09-12,United Kingdom,1143,747,2.63
2011-09-12,United Kingdom,686,339,1.45
2011-09-12,United Kingdom,1750,1207,2.37
2011-09-12,United Kingdom,936,419,1.39
2011-09-12,United Kingdom,1126,537,2.46
2011-09-12,United Kingdom,1110,868,1.84
2011-09-12,United Kingdom,2702,1398,3.22
2011-09-12,United Kingdom,1934,806,3.06
2011-09-12,United Kingdom,907,672,1.32
2011-09-12,United Kingdom,1853,1012,1.42
2011-09-12,United Kingdom,2712,1828,1.5
2011-09-12,United Kingdom,1266,657,1.46
2011-09-12,United Kingdom,3183,2444,2.49
2011-09-12,United Kingdom,1082,604,3.72
2011-09-12,United Kingdom,2996,1919,3.46
2011-09-12,United Kingdom,1350,944,3.58
2011-09-12,United Kingdom,1858,964,1.71
2011-09-12,United Kingdom,100,59,3.84
2011-09-12,United Kingdom,2659,1104,3.94
2011-09-12,United Kingdom,926,718,1.58
2011-09-12,United Kingdom,1660,1297,4.32
2011-09-12,United Kingdom,3148,2285,2.7
2011-09-12,United Kingdom,1349,897,2.24
2011-09-12,United Kingdom,2004,957,3.45
2011-09-12,United Kingdom,1774,1246,3.31
2011-09-12,United Kingdom,100,44,2.54
2011-09-12,United Kingdom,2527,1078,1.29
2011-09-12,United Kingdom,1118,775,4.3
2011-09-12,United Kingdom,1802,1237,2.43
2011-09-12,United Kingdom,1624,699,3.03
2011-09-12,United Kingdom,100,73,1.22
2011-09-12,United Kingdom,973,704,3.35
2011-09-12,United Kingdom,2069,986,1.57
2011-09-12,United Kingdom,710,337,3.2
2011-09-12,United Kingdom,2470,1071,1.66
2011-09-12,United Kingdom,2820,2038,4.42
2011-09-12,United Kingdom,780,441,1.85
2011-09-12,United Kingdom,2472,1213,1.42
2011-09-12,United Kingdom,1305,835,2.84
2011-09-12,United Kingdom,2102,1228,2.52
2011-09-12,United Kingdom,1263,728,2.06
2011-09-12,United Kingdom,1215,495,3.41
2011-09-12,United Kingdom,1541,843,3.39
2011-09-12,United Kingdom,4069,2748,3.11
2011-09-12,United Kingdom,377,269,2.72
2011-09-12,United Kingdom,1322,848,3.6
2011-09-12,United Kingdom,646,293,1.9
2011-09-13,United Kingdom,2478,1629,3.85
2011-09-13,United Kingdom,124,53,3.37
2011-09-13,United Kingdom,1493,785,2.01
2011-09-13,United Kingdom,694,460,1.82
2011-09-13,United Kingdom,1255,591,3.05
2011-09-13,United Kingdom,1329,551,2.18
2011-09-13,United Kingdom,1037,420,3.02
2011-09-13,United Kingdom,1845,1278,2.46
2011-09-13,United Kingdom,2289,1431,4.07
2011-09-13,United Kingdom,1404,840,1.6
2011-09-13,United Kingdom,361,283,3.02
2011-09-13,United Kingdom,440,199,2.88
2011-09-13,United Kingdom,1071,625,4.22
2011-09-13,United Kingdom,853,618,4.02
2011-09-13,United Kingdom,945,628,1.26
2011-09-13,France,2420,1477,3.03
2011-09-13,United Kingdom,927,411,1.56
2011-09-13,Sweden,2299,1117,1.33
2011-09-13,United Kingdom,470,318,2.24
2011-09-13,United Kingdom,1634,666,1.03
2011-09-13,United Kingdom,3072,1493,3.27
2011-09-13,United Kingdom,2570,1873,2.73
2011-09-13,United Kingdom,3212,2000,3.72
2011-09-13,United Kingdom,1925,1102,1.37
2011-09-13,United Kingdom,1549,934,2.34
2011-09-13,United Kingdom,1736,1261,2.43
2011-09-13,Netherlands,100,71,4.03
2011-09-13,United Kingdom,1120,618,1.23
2011-09-13,United Kingdom,1532,640,2.01
2011-09-13,United Kingdom,2033,1568,4.13
2011-09-13,United Kingdom,1472,673,2.13
2011-09-13,United Kingdom,1585,652,2.65
2011-09-13,United Kingdom,1434,980,1.59
2011-09-13,United Kingdom,1313,791,2.78
2011-09-13,United Kingdom,639,288,2.18
2011-09-13,United Kingdom,1001,607,1.36
2011-09-13,United Kingdom,892,413,1.18
2011-09-13,United Kingdom,3059,1754,3.69
2011-09-13,United Kingdom,683,535,2.83
2011-09-13,United Kingdom,1947,965,1.11
2011-09-13,United Kingdom,1929,1249,2.74
2011-09-13,United Kingdom,756,580,2.41
2011-09-13,United Kingdom,2245,1610,4.0
2011-09-13,United Kingdom,1587,863,4.38
2011-09-13,United Kingdom,2678,1251,2.66
2011-09-13,United Kingdom,100,40,3.66
2011-09-13,United Kingdom,2324,1717,2.97
2011-09-13,United Kingdom,954,473,4.29
2011-09-13,United Kingdom,100,42,2.12
2011-09-13,United Kingdom,1588,1195,2.59
2011-09-13,United Kingdom,1598,954,3.0
2011-09-13,Germany,2149,1604,3.77
2011-09-13,United Kingdom,1731,1108,1.41
2011-09-13,United Kingdom,994,503,1.53
2011-09-13,United Kingdom,954,471,4.19
2011-09-13,United Kingdom,2363,1129,2.78
2011-09-13,United Kingdom,1765,1358,1.45
2011-09-13,United Kingdom,1822,1009,1.34
2011-09-13,United Kingdom,1444,1128,3.72
2011-09-13,United Kingdom,2655,1667,2.28
2011-09-13,United Kingdom,1916,1252,1.37
2011-09-13,Finland,370,222,3.22
2011-09-13,United Kingdom,2043,1025,1.78
2011-09-13,United Kingdom,530,283,2.67
2011-09-13,United Kingdom,1575,655,4.14
2011-09-13,United Kingdom,3131,1514,4.23
2011-09-13,United Kingdom,1420,1064,1.42
2011-09-13,United Kingdom,2302,1435,2.49
2011-09-13,United Kingdom,982,664,3.82
2011-09-13,United Kingdom,3786,2367,1.39
2011-09-13,United Kingdom,574,303,2.53
2011-09-13,United Kingdom,1935,1041,3.49
2011-09-13,United Kingdom,1308,787,3.35
2011-09-13,United Kingdom,1588,826,4.42
2011-09-13,United Kingdom,210,167,1.14
2011-09-13,United Kingdom,1736,800,4.02
2011-09-13,United Kingdom,2738,1226,1.49
2011-09-14,United Kingdom,1027,538,2.23
2011-09-14,United Kingdom,1532,619,2.62
2011-09-14,United Kingdom,1782,728,3.65
2011-09-14,United Kingdom,1269,853,4.09
2011-09-14,United Kingdom,2809,1395,2.77
2011-09-14,United Kingdom,695,555,1.85
2011-09-14,United Kingdom,1046,683,2.98
2011-09-14,Japan,870,580,4.38
2011-09-14,United Kingdom,1378,805,3.73
2011-09-14,EIRE,105,79,3.53
2011-09-14,United Kingdom,2192,1382,2.52
2011-09-14,United Kingdom,1444,799,4.03
2011-09-14,United Kingdom,2088,902,3.89
2011-09-14,United Kingdom,226,128,2.82
2011-09-14,United Kingdom,1272,780,3.44
2011-09-14,United Kingdom,1285,927,2.2
2011-09-14,United Kingdom,1432,670,1.72
2011-09-14,United Kingdom,1166,888,2.51
2011-09-14,United Kingdom,2428,1615,1.32
2011-09-14,United Kingdom,3609,2803,2.17
2011-09-14,United Kingdom,774,594,2.8
2011-09-14,United Kingdom,966,400,4.11
2011-09-14,United Kingdom,1039,676,1.42
2011-09-14,United Kingdom,770,509,2.81
2011-09-14,United Kingdom,2661,1194,2.39
2011-09-14,United Kingdom,1040,819,4.44
2011-09-14,United Kingdom,1210,889,1.08
2011-09-14,United Kingdom,2482,1742,1.5
2011-09-14,United Kingdom,1077,450,4.39
2011-09-14,United Kingdom,1354,810,1.83
2011-09-14,United Kingdom,438,258,2.09
2011-09-14,United Kingdom,100,46,4.13
2011-09-14,United Kingdom,1345,761,3.12
2011-09-14,United Kingdom,2084,1037,1.52
2011-09-14,United Kingdom,1290,585,1.51
2011-09-14,United Kingdom,598,475,1.91
2011-09-14,United Kingdom,100,68,1.94
2011-09-14,United Kingdom,1448,938,3.48
2011-09-14,United Kingdom,1270,976,4.33
2011-09-14,United Kingdom,1733,787,2.18
2011-09-14,United Kingdom,2272,909,3.53
2011-09-14,United Kingdom,850,370,3.96
2011-09-14,United Kingdom,1060,637,3.83
2011-09-14,United Kingdom,1439,893,2.42
2011-09-14,United Kingdom,1247,696,2.52
2011-09-14,United Kingdom,1870,1286,1.12
2011-09-14,United Kingdom,1062,449,2.89
2011-09-14,United Kingdom,1189,483,4.16
2011-09-14,United Kingdom,529,222,3.67
2011-09-14,United Kingdom,2057,1464,1.64
2011-09-14,United Kingdom,2558,1026,2.42
2011-09-14,United Kingdom,714,320,2.73
2011-09-14,United Kingdom,3512,1948,2.93
2011-09-14,United Kingdom,203,125,2.07
2011-09-14,France,2112,1335,2.69
2011-09-14,United Kingdom,1690,955,2.1
2011-09-14,United Kingdom,1072,724,1.96
2011-09-14,Germany,1737,811,1.29
2011-09-14,United Kingdom,1401,806,2.93
2011-09-14,United Kingdom,377,275,2.59
2011-09-14,United Kingdom,1439,743,3.53
2011-09-14,United Kingdom,1125,663,3.9
2011-09-14,United Kingdom,2029,1019,1.82
2011-09-14,United Kingdom,1574,1107,1.79
2011-09-14,United Kingdom,1065,787,2.75
2011-09-14,United Kingdom,1634,1064,2.7
2011-09-14,United Kingdom,436,200,3.26
2011-09-14,United Kingdom,1897,1465,3.55
2011-09-14,United Kingdom,2067,1037,3.51
2011-09-14,EIRE,912,657,1.91
2011-09-14,United Kingdom,1288,698,2.37
2011-09-14,EIRE,1564,913,2.23
2011-09-14,United Kingdom,1802,1194,1.19
2011-09-14,Switzerland,822,442,2.69
2011-09-14,United Kingdom,2008,1143,1.48
2011-09-14,United Kingdom,1165,486,1.76
2011-09-14,United Kingdom,1935,1438,1.12
2011-09-14,United Kingdom,2273,1228,2.72
2011-09-14,United Kingdom,2655,1663,2.05
2011-09-14,United Kingdom,100,46,1.06
2011-09-14,United Kingdom,1113,809,3.04
2011-09-14,United Kingdom,1877,1258,3.47
2011-09-14,United Kingdom,1866,1286,3.3
2011-09-14,United Kingdom,1332,852,1.13
2011-09-14,United Kingdom,2989,1302,4.15
2011-09-14,United Kingdom,769,518,1.11
2011-09-15,United Kingdom,100,76,3.43
2011-09-15,United Kingdom,1372,786,1.99
2011-09-15,United Kingdom,796,358,1.12
2011-09-15,United Kingdom,100,54,4.41
2011-09-15,Norway,469,276,1.04
2011-09-15,United Kingdom,2895,1552,3.1
2011-09-15,United Kingdom,1271,1006,1.64
2011-09-15,EIRE,324,195,2.35
2011-09-15,EIRE,587,305,3.5
2011-09-15,United Kingdom,2786,1597,4.09
2011-09-15,United Kingdom,1516,831,2.67
2011-09-15,United Kingdom,1362,728,3.97
2011-09-15,United Kingdom,349,260,1.59
2011-09-15,United Kingdom,539,408,1.03
2011-09-15,United Kingdom,100,54,2.38
2011-09-15,United Kingdom,2568,1467,4.34
2011-09-15,United Kingdom,1388,1100,1.68
2011-09-15,United Kingdom,100,72,1.58
2011-09-15,United Kingdom,1980,865,3.22
2011-09-15,United Kingdom,1372,912,3.6
2011-09-15,France,2438,1533,1.19
2011-09-15,United Kingdom,318,155,4.3
2011-09-15,United Kingdom,1323,955,1.48
2011-09-15,United Kingdom,1328,869,1.42
2011-09-15,United Kingdom,1497,709,1.61
2011-09-15,United Kingdom,819,626,4.46
2011-09-15,United Kingdom,1978,1064,2.19
2011-09-15,United Kingdom,1197,526,1.2
2011-09-15,EIRE,1344,809,2.3
2011-09-15,United Kingdom,2124,1166,2.43
2011-09-15,United Kingdom,2329,1206,2.01
2011-09-15,United Kingdom,2342,1311,2.81
2011-09-15,United Kingdom,579,461,4.41
2011-09-15,United Kingdom,1081,754,4.42
2011-09-15,United Kingdom,1721,1101,4.41
2011-09-15,United Kingdom,1391,1083,3.49
2011-09-15,United Kingdom,2322,1073,2.98
2011-09-15,United Kingdom,1320,620,2.01
2011-09-15,United Kingdom,1558,780,2.05
2011-09-15,United Kingdom,2495,1215,1.24
2011-09-15,United Kingdom,1257,791,4.32
2011-09-15,United Kingdom,509,361,2.55
2011-09-15,United Kingdom,919,483,2.31
2011-09-15,United Kingdom,1605,1095,3.62
2011-09-15,United Kingdom,2315,1056,4.21
2011-09-15,United Kingdom,1624,1110,3.9
2011-09-15,United Kingdom,1608,1181,3.24
2011-09-15,France,1361,897,2.47
2011-09-15,United Kingdom,2131,1618,1.35
2011-09-15,United Kingdom,1855,1011,3.19
2011-09-15,United Kingdom,1566,716,2.86
2011-09-15,United Kingdom,1605,870,2.38
2011-09-15,United Kingdom,1539,1055,1.63
2011-09-15,United Kingdom,995,563,3.58
2011-09-15,United Kingdom,2024,1439,3.61
2011-09-15,United Kingdom,610,358,3.17
2011-09-15,United Kingdom,1086,484,2.45
2011-09-15,United Kingdom,1869,1391,2.4
2011-09-15,United Kingdom,633,317,1.99
2011-09-15,Switzerland,1295,627,4.19
2011-09-15,United Kingdom,2464,1388,2.43
2011-09-15,France,2637,1832,3.08
2011-09-15,United Kingdom,778,580,1.33
2011-09-15,United Kingdom,1350,760,3.87
2011-09-15,United Kingdom,1654,918,1.22
2011-09-15,United Kingdom,1997,1352,3.87
2011-09-15,United Kingdom,1426,592,2.8
2011-09-15,United Kingdom,2065,1577,3.77
2011-09-15,United Kingdom,1929,1387,3.26
2011-09-15,United Kingdom,591,358,2.45
2011-09-15,United Kingdom,2711,1953,1.93
2011-09-15,United Kingdom,878,456,1.72
2011-09-15,United Kingdom,1488,726,2.91
2011-09-15,United Kingdom,371,201,3.07
2011-09-15,United Kingdom,2407,988,1.24
2011-09-15,United Kingdom,1078,654,1.77
2011-09-15,United Kingdom,1359,562,1.01
2011-09-15,United Kingdom,2058,1372,3.74
2011-09-15,United Kingdom,2502,1474,1.52
2011-09-15,United Kingdom,2819,1531,2.52
2011-09-15,United Kingdom,100,61,4.33
2011-09-15,United Kingdom,3146,1813,2.3
2011-09-15,United Kingdom,1224,629,1.43
2011-09-15,United Kingdom,2303,1001,1.4
2011-09-15,United Kingdom,1166,885,2.98
2011-09-15,United Kingdom,274,156,2.32
2011-09-15,United Kingdom,595,344,3.2
2011-09-15,United Kingdom,2025,1376,2.65
2011-09-15,United Kingdom,1685,1249,4.28
2011-09-15,United Kingdom,1045,572,2.53
2011-09-15,United Kingdom,1897,1273,1.77
2011-09-15,United Kingdom,1242,580,2.62
2011-09-15,United Kingdom,2827,1605,3.94
2011-09-15,United Kingdom,1289,794,4.38
2011-09-15,United Kingdom,1488,707,3.68
2011-09-15,United Kingdom,1674,929,4.41
2011-09-15,France,1486,1110,1.4
2011-09-15,United Kingdom,1014,618,1.22
2011-09-15,United Kingdom,1492,921,2.31
2011-09-15,United Kingdom,1035,416,2.54
2011-09-15,United Kingdom,2634,1387,2.09
2011-09-15,United Kingdom,690,277,3.81
2011-09-15,United Kingdom,527,389,3.27
2011-09-15,United Kingdom,2642,1302,3.82
2011-09-15,United Kingdom,1160,534,3.09
2011-09-16,United Kingdom,443,331,4.33
2011-09-16,United Kingdom,3680,1556,3.46
2011-09-16,United Kingdom,1755,997,3.19
2011-09-16,United Kingdom,1840,1446,2.62
2011-09-16,United Kingdom,100,59,3.58
2011-09-16,United Kingdom,1839,1124,3.65
2011-09-16,United Kingdom,1451,832,1.68
2011-09-16,United Kingdom,1012,643,3.47
2011-09-16,United Kingdom,3166,1507,1.48
2011-09-16,United Kingdom,2514,1268,1.19
2011-09-16,United Kingdom,1206,688,2.36
2011-09-16,United Kingdom,879,405,1.25
2011-09-16,United Kingdom,498,244,3.49
2011-09-16,Germany,665,277,1.29
2011-09-16,United Kingdom,1334,716,4.36
2011-09-16,Germany,2661,1106,1.99
2011-09-16,Germany,2247,1234,2.49
2011-09-16,United Kingdom,1489,619,1.11
2011-09-16,United Kingdom,682,335,3.79
2011-09-16,United Kingdom,1914,1193,4.34
2011-09-16,United Kingdom,1151,900,1.63
2011-09-16,United Kingdom,1457,652,1.27
2011-09-16,United Kingdom,1626,1238,2.37
2011-09-16,United Kingdom,961,585,4.41
2011-09-16,United Kingdom,996,457,2.21
2011-09-16,United Kingdom,1529,650,1.61
2011-09-16,United Kingdom,1743,1076,3.85
2011-09-16,United Kingdom,2208,1692,1.55
2011-09-16,United Kingdom,682,350,1.63
2011-09-16,United Kingdom,1772,1126,2.16
2011-09-16,United Kingdom,1071,625,4.3
2011-09-16,United Kingdom,2920,1597,4.47
2011-09-16,Australia,2564,1067,3.94
2011-09-16,France,1739,895,1.86
2011-09-16,United Kingdom,2474,1531,4.46
2011-09-16,United Kingdom,1858,927,2.14
2011-09-16,United Kingdom,1497,1089,2.07
2011-09-16,United Kingdom,2197,1338,3.86
2011-09-16,United Kingdom,100,78,3.37
2011-09-16,United Kingdom,656,273,4.24
2011-09-16,United Kingdom,2215,1515,2.47
2011-09-16,United Kingdom,1655,1084,2.39
2011-09-16,United Kingdom,1610,1194,4.39
2011-09-16,United Kingdom,2447,1900,2.38
2011-09-16,United Kingdom,2076,1330,2.92
2011-09-16,United Kingdom,2266,1702,3.4
2011-09-16,United Kingdom,2356,1524,1.93
2011-09-16,United Kingdom,2382,1068,2.29
2011-09-16,United Kingdom,1283,770,2.68
2011-09-16,United Kingdom,1601,1021,1.48
2011-09-16,United Kingdom,1174,728,4.29
2011-09-16,United Kingdom,100,53,1.77
2011-09-16,United Kingdom,735,455,1.45
2011-09-16,United Kingdom,1185,554,4.45
2011-09-16,United Kingdom,943,419,1.36
2011-09-16,Germany,1358,1063,1.91
2011-09-16,United Kingdom,1585,1023,3.5
2011-09-16,United Kingdom,1946,1485,1.69
2011-09-16,United Kingdom,1360,952,1.66
2011-09-16,United Kingdom,1677,1123,1.64
2011-09-16,United Kingdom,688,346,1.35
2011-09-16,United Kingdom,1536,910,2.21
2011-09-16,United Kingdom,2549,1600,1.67
2011-09-16,United Kingdom,445,222,3.23
2011-09-16,United Kingdom,1996,991,2.46
2011-09-16,United Kingdom,2453,1498,2.75
2011-09-16,Germany,1553,1150,2.98
2011-09-16,United Kingdom,170,129,3.52
2011-09-16,United Kingdom,2335,1049,3.84
2011-09-16,United Kingdom,1633,1058,1.67
2011-09-16,United Kingdom,1152,799,1.53
2011-09-16,United Kingdom,603,396,4.11
2011-09-16,United Kingdom,1505,1179,3.73
2011-09-16,United Kingdom,1682,749,2.66
2011-09-16,United Kingdom,2403,1692,2.73
2011-09-16,United Kingdom,1689,1104,2.62
2011-09-16,United Kingdom,3291,1792,2.59
2011-09-18,United Kingdom,1339,845,4.38
2011-09-18,United Kingdom,1196,920,2.38
2011-09-18,United Kingdom,834,558,3.33
2011-09-18,United Kingdom,1604,1236,3.11
2011-09-18,United Kingdom,2283,1535,2.84
2011-09-18,United Kingdom,954,446,2.25
2011-09-18,United Kingdom,1754,848,2.68
2011-09-18,United Kingdom,685,449,3.49
2011-09-18,United Kingdom,1486,1045,1.48
2011-09-18,United Kingdom,2490,1217,2.48
2011-09-18,United Kingdom,565,433,3.93
2011-09-18,United Kingdom,2479,1960,1.3
2011-09-18,United Kingdom,1469,954,2.23
2011-09-18,United Kingdom,977,739,4.21
2011-09-18,United Kingdom,1484,895,1.22
2011-09-18,United Kingdom,403,264,1.98
2011-09-18,United Kingdom,507,219,1.51
2011-09-18,United Kingdom,2231,936,2.6
2011-09-18,United Kingdom,1682,1285,3.16
2011-09-18,United Kingdom,1257,962,2.15
2011-09-18,United Kingdom,2791,2001,4.31
2011-09-18,United Kingdom,806,441,1.75
2011-09-18,United Kingdom,274,218,1.85
2011-09-18,United Kingdom,2165,1303,1.47
2011-09-18,United Kingdom,408,196,3.45
2011-09-18,United Kingdom,1444,848,1.02
2011-09-18,United Kingdom,1176,471,1.94
2011-09-19,Germany,1576,742,1.19
2011-09-19,Cyprus,1708,1176,2.39
2011-09-19,United Kingdom,207,94,4.41
2011-09-19,United Kingdom,1695,941,3.96
2011-09-19,France,332,148,1.53
2011-09-19,United Kingdom,688,545,3.16
2011-09-19,United Kingdom,2293,967,3.2
2011-09-19,United Kingdom,342,235,2.6
2011-09-19,United Kingdom,1749,1190,3.65
2011-09-19,Belgium,2122,1130,4.32
2011-09-19,Channel Islands,2045,835,3.72
2011-09-19,United Kingdom,1386,1078,3.13
2011-09-19,United Kingdom,1002,738,3.8
2011-09-19,United Kingdom,1123,622,3.99
2011-09-19,United Kingdom,1605,922,1.64
2011-09-19,United Kingdom,1867,1368,3.35
2011-09-19,United Kingdom,1864,1411,1.8
2011-09-19,United Kingdom,687,326,4.21
2011-09-19,United Kingdom,1672,1211,2.55
2011-09-19,United Kingdom,2760,1511,4.34
2011-09-19,United Kingdom,1738,1389,2.1
2011-09-19,United Kingdom,1828,794,4.05
2011-09-19,United Kingdom,1748,1360,1.74
2011-09-19,United Kingdom,797,603,1.71
2011-09-19,United Kingdom,2621,1318,3.99
2011-09-19,Netherlands,1552,796,1.76
2011-09-19,United Kingdom,2062,1455,2.98
2011-09-19,United Kingdom,754,340,3.85
2011-09-19,Netherlands,2048,898,3.55
2011-09-19,Germany,1537,1196,3.31
2011-09-19,United Kingdom,2205,1618,3.91
2011-09-19,France,2277,1644,1.21
2011-09-19,United Kingdom,1464,1035,3.18
2011-09-19,United Kingdom,1756,987,4.14
2011-09-19,France,1912,898,2.37
2011-09-19,United Kingdom,1010,566,3.63
2011-09-19,Germany,1345,1012,2.1
2011-09-19,United Kingdom,2177,1325,4.08
2011-09-19,France,1810,787,1.81
2011-09-19,United Kingdom,2670,1502,1.08
2011-09-19,United Kingdom,3101,2275,1.88
2011-09-19,United Kingdom,834,658,1.87
2011-09-19,United Kingdom,1407,935,1.54
2011-09-19,Germany,2389,1527,1.75
2011-09-19,Norway,440,336,2.86
2011-09-19,United Kingdom,1448,938,4.32
2011-09-19,United Kingdom,1134,559,1.98
2011-09-19,United Kingdom,1953,924,3.32
2011-09-19,United Kingdom,2681,1634,2.28
2011-09-19,United Kingdom,1125,664,2.29
2011-09-19,United Kingdom,236,186,2.45
2011-09-19,United Kingdom,2182,896,2.9
2011-09-19,United Kingdom,100,74,3.25
2011-09-19,United Kingdom,1179,505,4.0
2011-09-19,United Kingdom,185,104,2.19
2011-09-19,United Kingdom,1218,605,1.07
2011-09-19,United Kingdom,1710,1244,3.0
2011-09-19,United Kingdom,3364,2038,3.66
2011-09-19,United Kingdom,2206,1252,2.84
2011-09-19,EIRE,1688,721,3.11
2011-09-19,Germany,708,329,1.3
2011-09-19,United Kingdom,2904,2233,1.37
2011-09-19,United Kingdom,998,697,1.6
2011-09-19,United Kingdom,1682,937,4.46
2011-09-19,Spain,1012,486,3.2
2011-09-19,United Kingdom,1616,986,2.92
2011-09-19,United Kingdom,1098,462,2.99
2011-09-19,United Kingdom,2603,1492,1.26
2011-09-19,United Kingdom,955,589,4.29
2011-09-19,EIRE,854,375,3.2
2011-09-19,United Kingdom,372,268,1.09
2011-09-19,United Kingdom,886,571,3.97
2011-09-19,United Kingdom,2066,1243,2.92
2011-09-19,United Kingdom,148,87,3.69
2011-09-19,United Kingdom,2124,1021,2.52
2011-09-19,Hong Kong,1512,1205,3.2
2011-09-19,Hong Kong,100,53,2.7
2011-09-19,United Kingdom,2171,1135,3.63
2011-09-19,United Kingdom,2574,1896,4.47
2011-09-19,United Kingdom,100,77,2.89
2011-09-19,United Kingdom,1786,894,1.03
2011-09-19,United Kingdom,2047,1493,1.37
2011-09-19,United Kingdom,360,204,2.75
2011-09-19,United Kingdom,934,503,2.18
2011-09-19,United Kingdom,1482,990,1.43
2011-09-19,United Kingdom,2889,2040,1.53
2011-09-19,United Kingdom,2571,1625,2.63
2011-09-19,United Kingdom,1385,556,3.32
2011-09-19,United Kingdom,1561,1018,3.18
2011-09-20,United Kingdom,464,205,3.44
2011-09-20,United Kingdom,1228,878,3.68
2011-09-20,United Kingdom,2391,1839,4.2
2011-09-20,United Kingdom,565,415,3.1
2011-09-20,United Kingdom,1262,609,4.16
2011-09-20,United Kingdom,2096,1160,1.48
2011-09-20,United Kingdom,995,793,1.93
2011-09-20,United Kingdom,2056,1224,4.0
2011-09-20,United Kingdom,1809,1117,2.91
2011-09-20,EIRE,783,625,1.36
2011-09-20,United Kingdom,1605,1028,3.47
2011-09-20,France,848,517,1.3
2011-09-20,United Kingdom,1045,632,4.37
2011-09-20,United Kingdom,1026,420,3.14
2011-09-20,United Kingdom,1994,1396,1.48
2011-09-20,United Kingdom,373,226,3.4
2011-09-20,United Kingdom,2030,1234,1.06
2011-09-20,United Kingdom,2072,1472,4.36
2011-09-20,United Kingdom,1170,859,2.28
2011-09-20,United Kingdom,1616,669,1.85
2011-09-20,United Kingdom,913,659,1.4
2011-09-20,United Kingdom,705,354,3.03
2011-09-20,United Kingdom,1446,605,1.07
2011-09-20,United Kingdom,1409,880,1.09
2011-09-20,EIRE,1438,969,1.23
2011-09-20,United Kingdom,751,578,4.19
2011-09-20,United Kingdom,1709,1104,1.2
2011-09-20,United Kingdom,1658,820,3.58
2011-09-20,United Kingdom,2249,1734,1.88
2011-09-20,United Kingdom,2425,1648,2.79
2011-09-20,United Kingdom,2585,1553,4.05
2011-09-20,United Kingdom,1811,1109,1.13
2011-09-20,United Kingdom,2869,2220,2.1
2011-09-20,United Kingdom,1618,821,3.05
2011-09-20,United Kingdom,2074,1207,1.43
2011-09-20,United Kingdom,2009,1489,3.45
2011-09-20,United Kingdom,788,555,2.91
2011-09-20,United Kingdom,1922,1140,2.85
2011-09-20,United Kingdom,1986,1076,2.11
2011-09-20,United Kingdom,977,650,2.66
2011-09-20,United Kingdom,1392,1034,2.02
2011-09-20,United Kingdom,1351,890,4.04
2011-09-20,United Kingdom,200,154,1.5
2011-09-20,Italy,1797,1262,3.43
2011-09-20,United Kingdom,278,159,2.55
2011-09-20,United Kingdom,704,330,2.5
2011-09-20,United Kingdom,100,64,4.38
2011-09-20,United Kingdom,1107,569,3.2
2011-09-20,United Kingdom,909,719,3.91
2011-09-20,United Kingdom,2322,1387,3.1
2011-09-20,United Kingdom,1275,727,4.12
2011-09-20,United Kingdom,1270,732,1.94
2011-09-20,United Kingdom,1212,596,1.79
2011-09-20,United Kingdom,1036,460,3.27
2011-09-20,Norway,1787,1016,2.32
2011-09-20,United Kingdom,2401,1405,2.61
2011-09-20,United Kingdom,211,165,3.87
2011-09-20,United Kingdom,716,569,3.86
2011-09-20,United Kingdom,1753,1102,3.21
2011-09-20,United Kingdom,900,373,4.21
2011-09-20,United Kingdom,1311,949,4.12
2011-09-20,Germany,1159,730,2.86
2011-09-20,United Kingdom,2432,1027,3.58
2011-09-20,United Kingdom,100,63,1.27
2011-09-20,United Kingdom,1505,953,2.47
2011-09-20,United Kingdom,100,55,3.25
2011-09-20,United Kingdom,1463,1064,2.87
2011-09-20,EIRE,1064,792,2.44
2011-09-20,Germany,677,486,1.01
2011-09-20,United Kingdom,1891,1507,1.54
2011-09-20,Spain,2173,871,3.31
2011-09-20,United Kingdom,2423,1720,3.75
2011-09-21,United Kingdom,1441,877,3.73
2011-09-21,United Kingdom,545,225,1.82
2011-09-21,United Kingdom,2065,1156,1.28
2011-09-21,Denmark,682,456,2.9
2011-09-21,United Kingdom,2536,1286,2.05
2011-09-21,United Kingdom,729,545,1.14
2011-09-21,United Kingdom,370,209,3.54
2011-09-21,Belgium,2870,2233,3.62
2011-09-21,United Kingdom,1841,1412,3.03
2011-09-21,United Kingdom,2502,1716,3.96
2011-09-21,United Kingdom,2296,1742,4.33
2011-09-21,United Kingdom,1426,1131,3.47
2011-09-21,United Kingdom,2341,1499,4.12
2011-09-21,United Kingdom,100,71,4.19
2011-09-21,United Kingdom,1439,1008,2.44
2011-09-21,United Kingdom,2404,1812,4.07
2011-09-21,Switzerland,2699,1090,3.86
2011-09-21,United Kingdom,2084,1528,3.77
2011-09-21,United Kingdom,1190,483,1.62
2011-09-21,United Kingdom,516,400,4.26
2011-09-21,United Kingdom,2560,1200,3.62
2011-09-21,United Kingdom,530,402,4.46
2011-09-21,France,1558,678,1.92
2011-09-21,Germany,1459,977,3.12
2011-09-21,United Kingdom,1505,825,3.84
2011-09-21,United Kingdom,1617,772,4.3
2011-09-21,United Kingdom,2192,1644,2.19
2011-09-21,United Kingdom,2786,2065,2.04
2011-09-21,United Kingdom,2261,1767,1.21
2011-09-21,United Kingdom,3012,2229,3.67
2011-09-21,United Kingdom,1453,646,2.25
2011-09-21,United Kingdom,1224,669,1.74
2011-09-21,EIRE,1605,979,3.68
2011-09-21,United Kingdom,1458,870,4.1
2011-09-21,France,2370,1746,2.1
2011-09-21,United Kingdom,643,266,2.06
2011-09-21,United Kingdom,981,506,3.72
2011-09-21,United Kingdom,261,162,4.42
2011-09-21,United Kingdom,162,117,3.06
2011-09-21,United Kingdom,1321,706,3.86
2011-09-21,United Kingdom,2055,826,3.83
2011-09-21,United Kingdom,1098,635,1.19
2011-09-21,United Kingdom,2569,1218,2.4
2011-09-21,United Kingdom,1456,933,1.88
2011-09-21,United Kingdom,1595,1192,4.13
2011-09-21,United Kingdom,1230,800,2.52
2011-09-21,United Kingdom,1827,832,1.37
2011-09-21,United Kingdom,2543,1726,3.14
2011-09-21,United Kingdom,2171,1072,1.19
2011-09-21,United Kingdom,1189,608,2.44
2011-09-21,United Kingdom,2224,1635,3.25
2011-09-21,United Kingdom,2189,1120,4.02
2011-09-21,France,2238,1764,2.71
2011-09-21,Switzerland,2140,1613,3.78
2011-09-21,Switzerland,2953,1677,3.85
2011-09-21,Switzerland,1193,623,2.72
2011-09-21,United Kingdom,2073,944,3.98
2011-09-21,United Kingdom,1007,686,1.66
2011-09-21,Spain,568,422,1.76
2011-09-21,United Kingdom,1404,807,4.3
2011-09-21,United Kingdom,674,425,2.52
2011-09-21,France,2282,1742,1.95
2011-09-21,United Kingdom,747,586,2.38
2011-09-21,United Kingdom,993,668,3.63
2011-09-21,United Kingdom,1348,688,3.55
2011-09-21,United Kingdom,2115,1389,1.64
2011-09-21,United Kingdom,2337,1674,3.6
2011-09-21,United Kingdom,1859,860,4.5
2011-09-21,United Kingdom,2671,1880,1.78
2011-09-21,Germany,469,267,4.42
2011-09-21,United Kingdom,100,59,2.8
2011-09-21,United Kingdom,1040,596,2.42
2011-09-21,United Kingdom,1451,1123,2.22
2011-09-21,United Kingdom,2075,1535,1.81
2011-09-21,United Kingdom,1228,561,4.45
2011-09-21,United Kingdom,2174,948,2.07
2011-09-21,United Kingdom,791,357,2.34
2011-09-21,United Kingdom,2228,1591,1.77
2011-09-21,United Kingdom,2542,1454,3.37
2011-09-21,Switzerland,885,640,3.83
2011-09-21,United Kingdom,2037,1507,3.17
2011-09-21,United Kingdom,1296,913,4.42
2011-09-21,United Kingdom,1624,747,4.08
2011-09-21,United Kingdom,2264,1095,1.93
2011-09-21,United Kingdom,998,724,3.16
2011-09-21,United Kingdom,527,354,2.35
2011-09-21,United Kingdom,1359,983,2.0
2011-09-21,United Kingdom,1498,603,1.22
2011-09-21,United Kingdom,2639,1414,4.13
2011-09-21,United Kingdom,1926,1311,1.16
2011-09-21,United Kingdom,100,62,4.17
2011-09-21,United Kingdom,2240,1399,2.22
2011-09-21,United Kingdom,1999,1189,3.79
2011-09-21,United Kingdom,2294,1678,3.54
2011-09-21,United Kingdom,1485,788,2.61
2011-09-21,United Kingdom,2342,1546,2.8
2011-09-21,United Kingdom,915,396,4.39
2011-09-22,United Kingdom,2120,1426,4.08
2011-09-22,United Kingdom,2224,1688,2.29
2011-09-22,United Kingdom,2048,1239,1.21
2011-09-22,United Kingdom,754,346,2.75
2011-09-22,United Kingdom,1756,709,3.14
2011-09-22,United Kingdom,1350,951,1.9
2011-09-22,United Kingdom,100,78,3.79
2011-09-22,United Kingdom,1421,741,1.01
2011-09-22,United Kingdom,856,559,1.54
2011-09-22,United Kingdom,495,364,1.73
2011-09-22,United Kingdom,1667,1131,1.73
2011-09-22,United Kingdom,1934,1302,2.7
2011-09-22,United Kingdom,1268,710,2.35
2011-09-22,United Kingdom,1884,1340,3.67
2011-09-22,United Kingdom,2392,1456,2.18
2011-09-22,United Kingdom,100,60,1.48
2011-09-22,United Kingdom,1234,939,2.53
2011-09-22,United Kingdom,171,74,2.28
2011-09-22,United Kingdom,234,171,4.31
2011-09-22,United Kingdom,534,425,1.26
2011-09-22,United Kingdom,1111,714,1.54
2011-09-22,EIRE,790,547,1.5
2011-09-22,Switzerland,1067,692,1.22
2011-09-22,United Kingdom,852,607,1.03
2011-09-22,United Kingdom,2287,1114,3.31
2011-09-22,France,1363,902,2.41
2011-09-22,United Kingdom,469,361,1.58
2011-09-22,United Kingdom,2259,1521,2.29
2011-09-22,United Kingdom,1186,931,3.79
2011-09-22,United Kingdom,2625,1712,2.34
2011-09-22,France,2710,2145,1.75
2011-09-22,United Kingdom,2957,1657,4.28
2011-09-22,Netherlands,2383,1545,2.94
2011-09-22,United Kingdom,2163,1354,1.79
2011-09-22,United Kingdom,1422,651,3.62
2011-09-22,United Kingdom,100,48,2.79
2011-09-22,United Kingdom,1629,1288,2.98
2011-09-22,United Kingdom,328,249,1.25
2011-09-22,United Kingdom,2811,1848,3.35
2011-09-22,United Kingdom,1324,1016,3.56
2011-09-22,United Kingdom,2288,1810,2.64
2011-09-22,United Kingdom,1948,1142,2.58
2011-09-22,United Kingdom,1776,927,1.6
2011-09-22,United Kingdom,1446,786,4.28
2011-09-22,United Kingdom,1554,658,3.68
2011-09-22,United Kingdom,625,453,3.46
2011-09-22,United Kingdom,1695,861,1.28
2011-09-22,United Kingdom,820,436,3.27
2011-09-22,United Kingdom,897,449,2.82
2011-09-22,United Kingdom,1193,715,1.35
2011-09-22,United Kingdom,2066,1477,3.55
2011-09-22,United Kingdom,646,335,3.24
2011-09-22,United Arab Emirates,758,448,4.23
2011-09-22,United Kingdom,715,464,1.21
2011-09-22,United Kingdom,1623,749,3.61
2011-09-22,United Kingdom,765,313,1.32
2011-09-22,United Kingdom,2605,1700,2.25
2011-09-22,United Kingdom,793,594,3.86
2011-09-22,United Kingdom,877,501,3.43
2011-09-22,United Kingdom,448,294,2.34
2011-09-22,United Kingdom,1136,772,1.91
2011-09-22,United Kingdom,1293,538,4.01
2011-09-22,United Kingdom,2057,1270,2.59
2011-09-22,United Kingdom,1723,827,3.23
2011-09-22,United Kingdom,993,724,1.25
2011-09-22,United Kingdom,263,178,1.05
2011-09-22,United Kingdom,558,427,3.6
2011-09-22,United Kingdom,1289,852,2.54
2011-09-22,United Kingdom,1999,977,2.8
2011-09-22,United Kingdom,1802,1072,4.3
2011-09-22,United Kingdom,782,441,3.67
2011-09-22,United Kingdom,512,386,2.27
2011-09-22,United Kingdom,1637,726,3.04
2011-09-22,United Kingdom,736,302,3.24
2011-09-22,United Kingdom,100,72,4.47
2011-09-22,United Kingdom,1620,1195,1.04
2011-09-22,United Kingdom,1852,1016,3.11
2011-09-22,United Kingdom,1134,805,1.1
2011-09-22,United Kingdom,1257,624,2.6
2011-09-22,United Kingdom,1434,717,3.08
2011-09-22,United Kingdom,1742,1187,3.39
2011-09-22,United Kingdom,177,105,4.08
2011-09-22,United Kingdom,1833,877,2.07
2011-09-22,United Kingdom,1115,476,4.01
2011-09-22,United Kingdom,2371,1542,1.98
2011-09-22,United Kingdom,844,544,1.73
2011-09-22,United Kingdom,2245,1446,2.69
2011-09-22,United Kingdom,2246,1655,3.3
2011-09-22,United Kingdom,2111,955,2.42
2011-09-22,United Kingdom,707,502,3.58
2011-09-22,United Kingdom,1015,807,2.34
2011-09-22,United Kingdom,1957,1138,3.59
2011-09-22,United Kingdom,2096,845,2.93
2011-09-22,Belgium,617,401,3.35
2011-09-22,United Kingdom,2100,1171,3.88
2011-09-22,EIRE,2250,992,1.04
2011-09-22,EIRE,1309,722,3.07
2011-09-22,United Kingdom,2209,1174,1.31
2011-09-22,United Kingdom,1683,1147,1.8
2011-09-22,Germany,278,113,1.65
2011-09-22,United Kingdom,1566,728,4.22
2011-09-22,United Kingdom,2320,1210,3.41
2011-09-22,United Kingdom,998,610,1.58
2011-09-22,United Kingdom,1582,999,1.22
2011-09-22,France,729,485,2.4
2011-09-22,United Kingdom,1444,1148,1.33
2011-09-22,United Kingdom,1772,1269,1.83
2011-09-22,United Kingdom,1606,955,4.22
2011-09-22,Germany,3229,1811,3.39
2011-09-22,France,1082,855,1.7
2011-09-22,United Kingdom,2383,1579,1.61
2011-09-22,France,1866,768,4.21
2011-09-22,United Kingdom,201,105,4.18
2011-09-22,United Kingdom,334,166,1.02
2011-09-22,United Kingdom,808,535,2.38
2011-09-22,Germany,2263,1195,3.71
2011-09-22,United Kingdom,1453,892,2.67
2011-09-22,United Kingdom,1677,1039,1.61
2011-09-22,United Kingdom,469,360,2.61
2011-09-22,Belgium,3148,1284,3.16
2011-09-22,Portugal,2042,1227,2.78
2011-09-22,United Kingdom,2534,1037,1.83
2011-09-22,United Kingdom,1696,827,2.28
2011-09-22,United Kingdom,1572,1125,4.39
2011-09-22,United Kingdom,2015,878,1.26
2011-09-22,United Kingdom,1732,753,2.19
2011-09-22,United Kingdom,1660,1133,1.71
2011-09-22,Finland,844,519,3.35
2011-09-22,United Kingdom,1614,1141,1.67
2011-09-22,United Kingdom,1516,830,1.8
2011-09-22,United Kingdom,882,665,3.42
2011-09-22,United Kingdom,289,152,1.36
2011-09-22,United Kingdom,1482,702,2.96
2011-09-22,United Kingdom,1041,441,1.52
2011-09-23,United Kingdom,1267,645,2.01
2011-09-23,United Kingdom,1553,1132,4.41
2011-09-23,United Kingdom,335,153,2.02
2011-09-23,United Kingdom,1771,1201,3.35
2011-09-23,United Kingdom,1389,996,4.41
2011-09-23,United Kingdom,593,426,3.23
2011-09-23,United Kingdom,1490,658,3.81
2011-09-23,United Kingdom,1211,681,3.8
2011-09-23,United Kingdom,1817,816,1.14
2011-09-23,United Kingdom,1544,1005,4.37
2011-09-23,United Kingdom,772,593,3.09
2011-09-23,United Kingdom,925,727,1.02
2011-09-23,United Kingdom,2390,1619,4.24
2011-09-23,Germany,532,278,1.95
2011-09-23,Germany,1034,443,2.22
2011-09-23,United Kingdom,100,60,4.18
2011-09-23,United Kingdom,725,527,1.65
2011-09-23,United Kingdom,2127,1497,1.1
2011-09-23,United Kingdom,2226,1515,1.11
2011-09-23,EIRE,1256,865,2.99
2011-09-23,United Kingdom,1644,1130,2.13
2011-09-23,United Kingdom,2191,1047,1.65
2011-09-23,Spain,1004,550,3.17
2011-09-23,United Kingdom,915,410,3.66
2011-09-23,United Kingdom,1469,661,1.11
2011-09-23,United Kingdom,3425,1834,2.45
2011-09-23,United Kingdom,2185,1098,1.34
2011-09-23,United Kingdom,1873,973,1.49
2011-09-23,United Kingdom,2397,1200,2.34
2011-09-23,United Kingdom,538,244,1.72
2011-09-23,United Kingdom,100,76,2.84
2011-09-23,United Kingdom,162,123,2.59
2011-09-23,United Kingdom,957,754,2.55
2011-09-23,United Kingdom,2631,1379,1.93
2011-09-23,United Kingdom,1420,810,2.58
2011-09-23,United Kingdom,3222,1843,2.63
2011-09-23,United Kingdom,1279,739,4.07
2011-09-23,Spain,1331,629,1.59
2011-09-23,United Kingdom,100,57,2.22
2011-09-23,France,1754,806,1.37
2011-09-23,United Kingdom,366,263,1.1
2011-09-23,United Kingdom,1296,538,1.03
2011-09-23,United Kingdom,1030,623,2.78
2011-09-23,EIRE,2003,1110,3.91
2011-09-23,United Kingdom,2141,1596,3.0
2011-09-23,United Kingdom,229,149,3.55
2011-09-23,United Kingdom,2597,1870,2.91
2011-09-23,United Kingdom,2301,1637,3.01
2011-09-23,United Kingdom,100,69,2.06
2011-09-23,Germany,1662,1173,2.11
2011-09-23,United Kingdom,606,392,4.26
2011-09-23,United Kingdom,503,322,3.06
2011-09-23,United Kingdom,900,585,3.79
2011-09-23,United Kingdom,1668,817,1.15
2011-09-23,United Kingdom,3433,1575,3.11
2011-09-23,United Kingdom,2205,974,2.25
2011-09-23,United Kingdom,978,479,1.39
2011-09-23,United Kingdom,966,685,3.03
2011-09-23,United Kingdom,2004,1206,2.41
2011-09-23,United Kingdom,1865,1348,1.76
2011-09-23,United Kingdom,1837,1212,2.46
2011-09-23,United Kingdom,2118,1558,3.55
2011-09-23,United Kingdom,100,58,1.38
2011-09-23,United Kingdom,1127,520,4.31
2011-09-23,United Kingdom,1397,951,3.71
2011-09-23,United Kingdom,691,452,4.45
2011-09-23,United Kingdom,698,475,2.9
2011-09-23,United Kingdom,1133,618,1.12
2011-09-23,United Kingdom,2918,1304,2.19
2011-09-23,United Kingdom,381,203,3.7
2011-09-23,EIRE,730,335,1.19
2011-09-23,United Kingdom,2761,1400,1.93
2011-09-23,United Kingdom,1852,994,3.11
2011-09-23,United Kingdom,2018,875,4.43
2011-09-23,United Kingdom,355,254,2.71
2011-09-23,United Kingdom,1219,884,4.15
2011-09-23,United Kingdom,1758,798,2.91
2011-09-23,United Kingdom,2459,1040,2.96
2011-09-23,Germany,1954,1388,2.11
2011-09-23,United Kingdom,2203,1465,3.75
2011-09-23,United Kingdom,1620,748,3.93
2011-09-23,United Kingdom,843,466,4.48
2011-09-23,United Kingdom,2556,1744,2.49
2011-09-23,United Kingdom,2323,1156,1.31
2011-09-25,United Kingdom,1050,718,3.85
2011-09-25,France,1732,821,2.73
2011-09-25,United Kingdom,592,396,3.27
2011-09-25,United Kingdom,1451,1148,1.92
2011-09-25,United Kingdom,2140,1324,1.28
2011-09-25,United Kingdom,863,688,4.29
2011-09-25,United Kingdom,2636,1573,3.05
2011-09-25,United Kingdom,1791,774,2.68
2011-09-25,United Kingdom,2309,1338,3.07
2011-09-25,Australia,1756,790,2.4
2011-09-25,United Kingdom,2030,1045,3.58
2011-09-25,United Kingdom,846,526,3.31
2011-09-25,United Kingdom,1979,1446,2.31
2011-09-25,United Kingdom,1149,704,3.89
2011-09-25,United Kingdom,100,45,3.46
2011-09-25,United Kingdom,3615,2781,2.89
2011-09-25,United Kingdom,2227,1589,1.53
2011-09-25,United Kingdom,2513,1775,3.93
2011-09-25,United Kingdom,1551,639,2.32
2011-09-25,United Kingdom,134,95,2.62
2011-09-25,United Kingdom,336,182,2.35
2011-09-25,United Kingdom,751,559,2.69
2011-09-25,United Kingdom,1003,549,2.51
2011-09-25,United Kingdom,1193,613,2.14
2011-09-25,United Kingdom,862,574,2.13
2011-09-25,United Kingdom,2607,1706,2.04
2011-09-25,United Kingdom,887,654,3.48
2011-09-25,United Kingdom,2553,1821,2.96
2011-09-25,United Kingdom,1432,735,1.82
2011-09-25,United Kingdom,1557,820,4.12
2011-09-25,United Kingdom,2475,1679,3.32
2011-09-25,United Kingdom,1572,966,4.25
2011-09-25,United Kingdom,2004,1374,3.97
2011-09-25,Finland,1289,807,4.45
2011-09-25,United Kingdom,1250,628,2.92
2011-09-25,United Kingdom,2106,1172,1.95
2011-09-25,United Kingdom,1133,600,4.15
2011-09-25,France,1076,674,1.34
2011-09-25,United Kingdom,1144,747,3.96
2011-09-25,United Kingdom,1831,843,1.67
2011-09-25,Spain,2383,1565,3.67
2011-09-25,United Kingdom,1090,516,1.05
2011-09-25,United Kingdom,1399,1036,1.38
2011-09-25,United Kingdom,2461,1059,4.19
2011-09-25,United Kingdom,1411,721,4.0
2011-09-25,United Kingdom,2185,1124,3.28
2011-09-25,United Kingdom,1135,606,2.75
2011-09-25,United Kingdom,919,544,3.69
2011-09-25,United Kingdom,1293,647,3.33
2011-09-25,United Kingdom,1064,755,2.84
2011-09-25,United Kingdom,1503,1187,3.45
2011-09-25,United Kingdom,1466,637,1.9
2011-09-25,United Kingdom,1252,850,2.14
2011-09-25,United Kingdom,1267,1003,3.48
2011-09-25,United Kingdom,1669,1174,3.44
2011-09-25,United Kingdom,1741,1218,2.22
2011-09-25,United Kingdom,2149,1505,2.8
2011-09-25,United Kingdom,1789,1038,3.07
2011-09-25,United Kingdom,2186,1126,3.22
2011-09-25,United Kingdom,2313,1360,3.05
2011-09-25,United Kingdom,1741,1290,1.32
2011-09-25,Portugal,966,626,2.45
2011-09-25,United Kingdom,1902,1046,3.52
2011-09-25,United Kingdom,2335,1543,2.06
2011-09-25,United Kingdom,1549,1065,1.75
2011-09-25,United Kingdom,1074,661,3.29
2011-09-25,United Kingdom,1379,776,1.56
2011-09-26,United Kingdom,1729,934,1.52
2011-09-26,United Kingdom,1905,890,2.37
2011-09-26,United Kingdom,1724,1109,1.21
2011-09-26,United Kingdom,100,40,2.73
2011-09-26,United Kingdom,2631,1451,1.07
2011-09-26,United Kingdom,2692,2021,3.42
2011-09-26,United Kingdom,2231,1061,1.16
2011-09-26,EIRE,3007,1361,3.7
2011-09-26,United Kingdom,2070,1213,1.74
2011-09-26,Denmark,2696,1721,2.26
2011-09-26,United Kingdom,1559,922,2.26
2011-09-26,United Kingdom,2116,1083,1.49
2011-09-26,United Kingdom,2373,1165,4.14
2011-09-26,United Kingdom,2790,1998,2.54
2011-09-26,United Kingdom,114,74,4.08
2011-09-26,United Kingdom,100,63,1.49
2011-09-26,United Kingdom,2791,1345,2.49
2011-09-26,United Kingdom,1463,586,3.09
2011-09-26,United Kingdom,1957,962,2.72
2011-09-26,United Kingdom,1665,1059,3.87
2011-09-26,United Kingdom,2024,1152,3.68
2011-09-26,United Kingdom,100,53,1.04
2011-09-26,United Kingdom,440,275,1.14
2011-09-26,United Kingdom,123,49,3.63
2011-09-26,United Kingdom,2050,835,3.98
2011-09-26,United Kingdom,1567,751,4.49
2011-09-26,United Kingdom,1794,1059,2.91
2011-09-26,United Kingdom,528,367,4.3
2011-09-26,Channel Islands,2097,1322,3.66
2011-09-26,United Kingdom,1142,509,2.93
2011-09-26,France,1676,829,1.24
2011-09-26,United Kingdom,1995,1224,3.57
2011-09-26,United Kingdom,1420,1132,4.46
2011-09-26,United Kingdom,1724,896,3.87
2011-09-26,EIRE,2023,1038,2.44
2011-09-26,United Kingdom,996,670,2.5
2011-09-26,United Kingdom,1691,1248,3.0
2011-09-26,United Kingdom,138,60,1.39
2011-09-26,United Kingdom,1217,586,1.28
2011-09-26,United Kingdom,1137,830,1.65
2011-09-26,United Kingdom,1194,685,1.36
2011-09-26,United Kingdom,2308,1740,3.98
2011-09-26,United Kingdom,2305,1841,2.32
2011-09-26,United Kingdom,1031,547,3.86
2011-09-26,United Kingdom,1317,821,2.16
2011-09-26,United Kingdom,1213,687,4.47
2011-09-26,United Kingdom,1174,889,1.35
2011-09-26,United Kingdom,706,434,3.63
2011-09-26,United Kingdom,1757,788,1.66
2011-09-26,United Kingdom,331,200,3.97
2011-09-26,United Kingdom,1334,1021,2.82
2011-09-26,United Kingdom,100,44,4.02
2011-09-26,United Kingdom,963,685,2.91
2011-09-26,United Kingdom,1258,609,1.66
2011-09-26,United Kingdom,1474,907,1.22
2011-09-26,United Kingdom,1680,855,1.36
2011-09-26,United Kingdom,2130,986,1.06
2011-09-26,United Kingdom,1747,936,4.14
2011-09-26,United Kingdom,1247,520,4.25
2011-09-26,United Kingdom,1589,716,2.94
2011-09-26,United Kingdom,895,414,3.85
2011-09-26,United Kingdom,1739,1343,3.43
2011-09-26,United Kingdom,448,192,2.22
2011-09-26,Germany,1438,635,2.05
2011-09-26,United Kingdom,1112,628,4.16
2011-09-26,United Kingdom,100,55,1.28
2011-09-26,United Kingdom,3598,2051,4.09
2011-09-26,United Kingdom,1332,669,4.42
2011-09-26,United Kingdom,898,454,4.09
2011-09-26,United Kingdom,1427,753,1.57
2011-09-26,United Kingdom,1798,1215,3.66
2011-09-26,United Kingdom,2166,1132,2.6
2011-09-26,United Kingdom,1587,1197,3.75
2011-09-26,United Kingdom,672,363,3.84
2011-09-26,United Kingdom,2876,1917,4.46
2011-09-26,United Kingdom,1968,867,4.09
2011-09-27,EIRE,100,77,2.08
2011-09-27,United Kingdom,1111,698,2.0
2011-09-27,United Kingdom,1642,797,2.99
2011-09-27,United Kingdom,1668,1075,3.81
2011-09-27,United Kingdom,2744,1826,2.91
2011-09-27,United Kingdom,1970,1063,4.15
2011-09-27,United Kingdom,2680,2012,2.16
2011-09-27,United Kingdom,1901,1045,3.17
2011-09-27,United Kingdom,1097,733,3.84
2011-09-27,Germany,100,44,2.05
2011-09-27,United Kingdom,680,379,1.0
2011-09-27,United Kingdom,2448,1459,4.18
2011-09-27,United Kingdom,758,479,2.57
2011-09-27,United Kingdom,1066,817,2.41
2011-09-27,United Kingdom,2343,1304,1.72
2011-09-27,United Kingdom,2312,1795,2.78
2011-09-27,United Kingdom,2367,1360,4.27
2011-09-27,United Kingdom,1728,762,2.72
2011-09-27,United Kingdom,2784,1887,3.48
2011-09-27,United Kingdom,2141,1338,2.19
2011-09-27,United Kingdom,3269,1781,3.47
2011-09-27,United Kingdom,1671,1321,4.37
2011-09-27,United Kingdom,1130,705,1.94
2011-09-27,United Kingdom,1213,949,3.59
2011-09-27,United Kingdom,3105,1981,3.76
2011-09-27,United Kingdom,1071,682,1.99
2011-09-27,United Kingdom,2821,1136,1.98
2011-09-27,United Kingdom,1410,656,2.5
2011-09-27,United Kingdom,2137,1544,2.81
2011-09-27,United Kingdom,1948,895,2.96
2011-09-27,United Kingdom,1268,908,1.84
2011-09-27,United Kingdom,1489,716,2.61
2011-09-27,United Kingdom,2503,1433,2.07
2011-09-27,United Kingdom,266,162,3.86
2011-09-27,United Kingdom,2295,1590,3.57
2011-09-27,United Kingdom,100,62,2.49
2011-09-27,EIRE,928,557,3.4
2011-09-27,United Kingdom,1226,953,2.63
2011-09-27,United Kingdom,951,515,2.25
2011-09-27,United Kingdom,481,296,4.05
2011-09-27,United Kingdom,2605,1452,1.34
2011-09-27,United Kingdom,1257,571,3.34
2011-09-27,United Kingdom,1950,901,2.26
2011-09-27,United Kingdom,797,437,1.18
2011-09-27,United Kingdom,1053,755,3.24
2011-09-27,United Kingdom,3024,1887,2.14
2011-09-27,United Kingdom,2336,1325,2.32
2011-09-27,United Kingdom,1847,993,1.7
2011-09-27,Germany,1077,655,4.2
2011-09-27,United Kingdom,1915,893,2.91
2011-09-27,United Kingdom,2937,1517,3.81
2011-09-27,United Kingdom,1992,1102,2.08
2011-09-27,United Kingdom,2043,1283,4.03
2011-09-27,United Kingdom,3086,1440,1.67
2011-09-27,United Kingdom,1329,674,3.37
2011-09-27,United Kingdom,2702,1590,1.16
2011-09-27,United Kingdom,406,279,3.03
2011-09-27,United Kingdom,2774,1547,3.42
2011-09-27,United Kingdom,879,424,4.38
2011-09-27,United Kingdom,1091,650,2.11
2011-09-27,United Kingdom,101,44,4.44
2011-09-27,United Kingdom,825,479,4.2
2011-09-27,France,2005,1400,3.96
2011-09-27,United Kingdom,100,55,3.32
2011-09-27,United Kingdom,914,660,4.25
2011-09-27,United Kingdom,626,394,2.91
2011-09-27,United Kingdom,1085,676,4.1
2011-09-27,United Kingdom,1117,569,4.42
2011-09-27,United Kingdom,2031,1143,3.95
2011-09-27,United Kingdom,1808,1282,1.96
2011-09-27,United Kingdom,182,94,2.63
2011-09-27,United Kingdom,1570,1111,3.19
2011-09-27,France,1449,872,1.75
2011-09-27,United Kingdom,1412,634,4.09
2011-09-27,United Kingdom,829,375,2.6
2011-09-27,United Kingdom,1949,1426,1.89
2011-09-27,United Kingdom,860,385,4.4
2011-09-27,United Kingdom,2584,2037,2.17
2011-09-27,United Kingdom,2712,2133,2.08
2011-09-27,United Kingdom,772,539,2.2
2011-09-27,United Kingdom,444,302,1.14
2011-09-27,United Kingdom,989,700,3.3
2011-09-27,United Kingdom,627,339,2.39
2011-09-27,United Kingdom,2663,1141,1.57
2011-09-27,United Kingdom,1264,975,3.74
2011-09-27,United Kingdom,1299,712,3.21
2011-09-27,United Kingdom,2946,1533,3.42
2011-09-27,United Kingdom,1935,1425,1.88
2011-09-27,Spain,1162,588,3.04
2011-09-27,United Kingdom,722,332,1.1
2011-09-27,United Kingdom,1135,771,1.14
2011-09-27,France,1908,1489,1.74
2011-09-27,United Kingdom,2476,1950,4.36
2011-09-27,United Kingdom,1763,1348,1.7
2011-09-27,United Kingdom,1235,817,3.03
2011-09-27,United Kingdom,281,196,1.91
2011-09-27,United Kingdom,1319,851,4.34
2011-09-27,United Kingdom,2902,2262,2.76
2011-09-27,United Kingdom,1036,751,1.89
2011-09-27,United Kingdom,2737,2167,1.91
2011-09-27,United Kingdom,652,388,3.84
2011-09-28,United Kingdom,3121,1559,4.29
2011-09-28,United Kingdom,3842,1822,2.65
2011-09-28,United Kingdom,1203,530,3.13
2011-09-28,United Kingdom,2752,1476,2.76
2011-09-28,United Kingdom,1101,825,3.14
2011-09-28,United Kingdom,1452,976,1.66
2011-09-28,United Kingdom,258,196,3.73
2011-09-28,United Kingdom,1349,570,2.66
2011-09-28,United Kingdom,2173,1179,3.0
2011-09-28,United Kingdom,2418,1917,1.74
2011-09-28,United Kingdom,1926,1302,3.61
2011-09-28,Channel Islands,1055,775,3.42
2011-09-28,Germany,234,132,3.15
2011-09-28,United Kingdom,2291,1651,2.44
2011-09-28,United Kingdom,853,531,2.74
2011-09-28,United Kingdom,2220,971,1.82
2011-09-28,United Kingdom,2449,1320,1.8
2011-09-28,United Kingdom,3416,1856,2.35
2011-09-28,United Kingdom,2656,1170,4.26
2011-09-28,United Kingdom,2110,1540,1.41
2011-09-28,United Kingdom,2986,2059,1.55
2011-09-28,United Kingdom,2107,983,3.53
2011-09-28,United Kingdom,2360,1389,1.31
2011-09-28,United Kingdom,1026,638,2.13
2011-09-28,United Kingdom,2132,1230,1.68
2011-09-28,United Kingdom,961,559,1.97
2011-09-28,United Kingdom,2683,1808,1.47
2011-09-28,United Kingdom,786,502,3.72
2011-09-28,United Kingdom,1510,620,3.28
2011-09-28,United Kingdom,2440,1604,2.46
2011-09-28,United Kingdom,1124,555,4.44
2011-09-28,United Kingdom,1580,1127,3.97
2011-09-28,United Kingdom,100,65,4.01
2011-09-28,United Kingdom,1710,1330,4.39
2011-09-28,France,2093,1503,2.79
2011-09-28,United Kingdom,2338,1689,1.2
2011-09-28,United Kingdom,2795,2054,4.3
2011-09-28,United Kingdom,1744,1022,2.06
2011-09-28,United Kingdom,1625,1102,3.55
2011-09-28,Switzerland,100,72,2.38
2011-09-28,Belgium,1485,982,2.36
2011-09-28,United Kingdom,2906,1803,1.64
2011-09-28,United Kingdom,1922,1015,3.02
2011-09-28,EIRE,1001,608,1.26
2011-09-28,United Kingdom,1395,559,1.35
2011-09-28,EIRE,2389,1126,3.21
2011-09-28,United Kingdom,2533,1949,2.79
2011-09-28,United Kingdom,1382,593,2.63
2011-09-28,United Kingdom,1276,513,1.46
2011-09-28,United Kingdom,826,416,3.3
2011-09-28,United Kingdom,2054,1342,3.73
2011-09-28,United Kingdom,848,676,3.61
2011-09-28,United Kingdom,583,404,2.73
2011-09-28,EIRE,2849,2218,4.33
2011-09-28,United Kingdom,478,200,2.72
2011-09-28,United Kingdom,2258,1574,1.22
2011-09-28,United Kingdom,2800,1243,4.01
2011-09-28,United Kingdom,2560,1935,2.56
2011-09-28,United Kingdom,1770,1012,2.42
2011-09-28,United Kingdom,2370,1578,3.47
2011-09-28,United Kingdom,883,684,1.06
2011-09-28,United Kingdom,100,54,2.24
2011-09-28,Germany,486,346,3.29
2011-09-28,United Kingdom,2191,1652,2.25
2011-09-28,United Kingdom,1476,641,1.2
2011-09-28,Germany,1390,933,1.12
2011-09-28,United Kingdom,1126,701,3.52
2011-09-28,United Kingdom,728,336,1.08
2011-09-28,United Kingdom,2900,2205,3.67
2011-09-28,Australia,1874,1130,1.73
2011-09-28,United Kingdom,976,408,1.81
2011-09-28,United Kingdom,3012,1663,3.43
2011-09-28,United Kingdom,1702,720,3.08
2011-09-28,United Kingdom,1212,743,2.88
2011-09-28,United Kingdom,365,218,1.11
2011-09-28,United Kingdom,440,315,2.58
2011-09-28,Australia,2111,945,3.66
2011-09-28,United Kingdom,985,739,1.42
2011-09-28,United Kingdom,1501,1090,2.43
2011-09-28,EIRE,1337,876,3.86
2011-09-28,Norway,2240,1340,3.49
2011-09-28,United Kingdom,660,479,2.01
2011-09-28,United Kingdom,2161,1074,2.04
2011-09-28,United Kingdom,1432,1091,1.41
2011-09-28,United Kingdom,604,255,1.07
2011-09-28,United Kingdom,1495,652,2.35
2011-09-28,United Kingdom,864,544,3.73
2011-09-28,EIRE,1719,829,3.31
2011-09-28,EIRE,1477,826,1.85
2011-09-28,Australia,1292,867,2.74
2011-09-28,United Kingdom,1267,946,4.33
2011-09-28,United Kingdom,317,178,3.63
2011-09-28,United Kingdom,2052,1413,1.4
2011-09-28,United Kingdom,1252,631,2.87
2011-09-28,United Kingdom,1201,756,2.39
2011-09-28,United Kingdom,1482,920,4.03
2011-09-28,United Kingdom,1307,857,2.45
2011-09-28,United Kingdom,2503,1158,4.31
2011-09-28,United Kingdom,2487,1517,2.17
2011-09-28,United Kingdom,1397,574,1.57
2011-09-28,United Kingdom,1223,858,1.35
2011-09-28,United Kingdom,1247,603,1.56
2011-09-28,United Kingdom,723,400,2.71
2011-09-28,United Kingdom,2126,1408,1.35
2011-09-28,United Kingdom,1643,826,2.46
2011-09-28,United Kingdom,100,43,2.46
2011-09-29,United Kingdom,178,120,2.42
2011-09-29,United Kingdom,1126,538,1.88
2011-09-29,United Kingdom,1214,841,1.42
2011-09-29,United Kingdom,1059,569,4.06
2011-09-29,United Kingdom,1956,988,1.12
2011-09-29,United Kingdom,644,308,3.63
2011-09-29,United Kingdom,987,581,4.04
2011-09-29,United Kingdom,946,662,1.69
2011-09-29,United Kingdom,1813,1343,2.62
2011-09-29,United Kingdom,1294,821,3.81
2011-09-29,United Kingdom,2449,1187,2.84
2011-09-29,United Kingdom,665,386,3.59
2011-09-29,United Kingdom,856,473,1.44
2011-09-29,United Kingdom,1429,795,3.34
2011-09-29,United Kingdom,2187,1446,1.71
2011-09-29,United Kingdom,3083,2185,1.29
2011-09-29,United Kingdom,2740,1863,4.2
2011-09-29,France,1838,1080,4.35
2011-09-29,United Kingdom,2642,1476,2.57
2011-09-29,United Kingdom,1345,958,3.51
2011-09-29,United Kingdom,3034,2300,1.88
2011-09-29,United Kingdom,100,43,3.1
2011-09-29,United Kingdom,463,254,2.55
2011-09-29,United Kingdom,1809,946,1.16
2011-09-29,United Kingdom,308,179,4.47
2011-09-29,United Kingdom,1267,716,3.52
2011-09-29,United Kingdom,610,267,1.09
2011-09-29,United Kingdom,1682,1011,3.68
2011-09-29,United Kingdom,1784,1304,2.76
2011-09-29,United Kingdom,361,187,4.31
2011-09-29,United Kingdom,1526,658,3.55
2011-09-29,United Kingdom,545,237,2.42
2011-09-29,United Kingdom,903,510,1.93
2011-09-29,United Kingdom,1308,888,1.51
2011-09-29,Denmark,1548,1018,1.85
2011-09-29,United Kingdom,828,341,2.46
2011-09-29,United Kingdom,1879,1479,3.97
2011-09-29,United Kingdom,837,585,1.76
2011-09-29,United Kingdom,715,457,4.15
2011-09-29,United Kingdom,100,42,4.45
2011-09-29,United Kingdom,2407,1085,1.66
2011-09-29,United Kingdom,1730,1041,2.97
2011-09-29,United Kingdom,2560,1252,3.6
2011-09-29,United Kingdom,2086,1125,4.09
2011-09-29,United Kingdom,592,342,2.11
2011-09-29,United Kingdom,473,210,4.28
2011-09-29,United Kingdom,2019,1265,1.7
2011-09-29,United Kingdom,808,489,4.29
2011-09-29,United Kingdom,3135,1818,1.93
2011-09-29,United Kingdom,705,478,2.67
2011-09-29,Germany,1491,934,4.18
2011-09-29,United Kingdom,522,283,1.77
2011-09-29,United Kingdom,196,118,4.41
2011-09-29,United Kingdom,1526,757,3.17
2011-09-29,United Kingdom,1684,686,4.25
2011-09-29,United Kingdom,920,624,2.02
2011-09-29,United Kingdom,790,568,1.11
2011-09-29,United Kingdom,683,533,1.98
2011-09-29,United Kingdom,3013,2254,4.41
2011-09-29,United Kingdom,2404,1311,3.37
2011-09-29,United Kingdom,100,76,2.12
2011-09-29,United Kingdom,585,416,3.48
2011-09-29,United Kingdom,2197,1328,4.27
2011-09-29,United Kingdom,1563,899,1.68
2011-09-29,United Kingdom,2386,1116,2.31
2011-09-29,United Kingdom,1568,771,2.41
2011-09-29,United Kingdom,1726,808,2.03
2011-09-29,United Kingdom,1730,869,2.53
2011-09-29,United Kingdom,2520,2007,2.56
2011-09-29,United Kingdom,1479,657,4.43
2011-09-29,United Kingdom,2738,1863,2.29
2011-09-29,United Kingdom,1423,706,3.94
2011-09-29,United Kingdom,100,78,4.31
2011-09-29,United Kingdom,359,193,1.7
2011-09-29,United Kingdom,2228,1590,3.56
2011-09-29,Switzerland,2557,1450,3.15
2011-09-29,United Kingdom,100,70,2.7
2011-09-29,United Kingdom,1157,513,4.27
2011-09-29,France,819,541,3.05
2011-09-29,United Kingdom,1421,997,2.37
2011-09-29,United Kingdom,622,285,2.33
2011-09-29,United Kingdom,485,298,1.54
2011-09-29,United Kingdom,1868,835,3.39
2011-09-29,Germany,2192,1552,1.97
2011-09-29,France,1726,907,2.57
2011-09-29,United Kingdom,1930,814,4.42
2011-09-29,United Kingdom,1668,1175,3.07
2011-09-29,United Kingdom,2600,1064,3.42
2011-09-29,United Kingdom,1791,740,1.24
2011-09-29,United Kingdom,2646,1563,3.82
2011-09-29,France,1342,1066,1.42
2011-09-29,United Kingdom,2081,1658,2.47
2011-09-29,United Kingdom,2299,1291,1.77
2011-09-29,United Kingdom,2326,1074,2.55
2011-09-29,United Kingdom,1557,1153,2.24
2011-09-29,United Kingdom,1214,741,4.09
2011-09-29,United Kingdom,1552,939,4.28
2011-09-29,Germany,1078,575,3.83
2011-09-29,United Kingdom,1674,729,1.51
2011-09-29,United Kingdom,100,51,2.98
2011-09-29,United Kingdom,834,513,3.08
2011-09-29,United Kingdom,947,544,4.01
2011-09-29,United Kingdom,440,319,2.18
2011-09-29,United Kingdom,1302,975,1.07
2011-09-29,United Kingdom,1989,1471,2.8
2011-09-30,EIRE,908,469,3.08
2011-09-30,United Kingdom,737,382,3.22
2011-09-30,United Kingdom,2352,1545,1.58
2011-09-30,United Kingdom,854,638,2.02
2011-09-30,United Kingdom,1963,1084,4.33
2011-09-30,United Kingdom,1606,1061,4.12
2011-09-30,Germany,590,248,3.76
2011-09-30,Sweden,1143,499,3.85
2011-09-30,United Kingdom,1816,941,3.98
2011-09-30,United Kingdom,2279,1633,3.76
2011-09-30,United Kingdom,1590,924,4.41
2011-09-30,United Kingdom,2322,1655,2.53
2011-09-30,United Kingdom,1540,991,2.94
2011-09-30,United Kingdom,1385,959,3.68
2011-09-30,United Kingdom,2110,1572,1.37
2011-09-30,United Kingdom,1814,1033,3.08
2011-09-30,EIRE,661,357,4.13
2011-09-30,United Kingdom,1019,795,2.6
2011-09-30,United Kingdom,1717,1174,2.27
2011-09-30,United Kingdom,1906,1474,3.33
2011-09-30,United Kingdom,2751,2160,3.15
2011-09-30,United Kingdom,2380,1391,3.65
2011-09-30,United Kingdom,2044,872,3.01
2011-09-30,United Kingdom,1866,1439,1.3
2011-09-30,United Kingdom,1949,800,2.6
2011-09-30,United Kingdom,3768,2157,3.5
2011-09-30,United Kingdom,2339,1821,1.15
2011-09-30,United Kingdom,100,61,2.06
2011-09-30,United Kingdom,100,45,3.17
2011-09-30,United Kingdom,733,520,1.49
2011-09-30,United Kingdom,1785,1322,3.22
2011-09-30,United Kingdom,629,487,2.42
2011-09-30,United Kingdom,2241,1269,1.12
2011-09-30,United Kingdom,1571,845,2.71
2011-09-30,United Kingdom,2624,2082,3.83
2011-09-30,United Kingdom,1014,434,2.74
2011-09-30,United Kingdom,1043,771,1.78
2011-09-30,France,2477,1333,2.71
2011-09-30,United Kingdom,1853,788,2.08
2011-09-30,United Kingdom,1883,1005,2.45
2011-09-30,United Kingdom,1471,913,1.35
2011-09-30,United Kingdom,1597,711,3.81
2011-09-30,United Kingdom,2133,1177,1.7
2011-09-30,United Kingdom,1588,827,2.89
2011-09-30,United Kingdom,1430,1096,3.46
2011-09-30,United Kingdom,822,588,3.64
2011-09-30,United Kingdom,454,275,1.58
2011-09-30,United Kingdom,1333,789,4.5
2011-09-30,United Kingdom,2510,1406,2.13
2011-09-30,United Kingdom,1469,1082,2.93
2011-09-30,United Kingdom,100,61,2.68
2011-09-30,EIRE,1062,533,2.44
2011-09-30,United Kingdom,680,359,1.18
2011-09-30,United Kingdom,1499,639,1.29
2011-09-30,United Kingdom,1793,872,3.16
2011-09-30,United Kingdom,1752,1343,4.34
2011-09-30,France,835,507,1.68
2011-09-30,United Kingdom,3000,2170,1.3
2011-09-30,France,558,370,2.93
2011-09-30,United Kingdom,1059,463,1.02
2011-09-30,United Kingdom,2240,1171,2.05
2011-09-30,United Kingdom,1474,973,4.38
2011-09-30,United Kingdom,1303,553,1.0
2011-09-30,United Kingdom,2921,1655,2.71
2011-09-30,United Kingdom,982,675,1.13
2011-09-30,United Kingdom,2861,1167,2.98
2011-09-30,EIRE,1405,652,3.59
2011-09-30,United Kingdom,1985,1505,1.65
2011-09-30,United Kingdom,335,245,2.49
2011-09-30,United Kingdom,803,490,2.8
2011-09-30,United Kingdom,1424,1058,3.24
2011-09-30,United Kingdom,524,342,3.01
2011-09-30,United Kingdom,2915,1319,1.08
2011-09-30,United Kingdom,1521,867,3.26
2011-09-30,EIRE,1464,945,1.16
2011-09-30,United Kingdom,1235,726,1.32
2011-09-30,United Kingdom,1720,754,3.5
2011-09-30,United Kingdom,1555,1084,3.18
2011-09-30,United Kingdom,3392,1968,1.57
2011-09-30,United Kingdom,689,363,2.34
2011-09-30,United Kingdom,2775,1855,1.02
2011-09-30,United Kingdom,659,501,3.27
2011-09-30,United Kingdom,2523,1163,4.47
2011-09-30,United Kingdom,1516,613,4.36
2011-09-30,United Kingdom,2252,1752,3.37
2011-09-30,United Kingdom,984,520,4.39
2011-10-02,United Kingdom,1669,680,3.46
2011-10-02,United Kingdom,1689,898,3.74
2011-10-02,United Kingdom,1248,955,2.62
2011-10-02,United Kingdom,1189,606,1.42
2011-10-02,United Kingdom,2103,1346,2.15
2011-10-02,United Kingdom,1468,625,2.71
2011-10-02,United Kingdom,247,153,2.62
2011-10-02,United Kingdom,175,114,1.48
2011-10-02,United Kingdom,1504,1109,1.2
2011-10-02,United Kingdom,1178,538,3.43
2011-10-02,United Kingdom,2521,1289,3.48
2011-10-02,United Kingdom,100,58,3.94
2011-10-02,United Kingdom,100,60,2.39
2011-10-02,United Kingdom,1182,760,3.73
2011-10-02,United Kingdom,130,97,3.05
2011-10-02,United Kingdom,1460,766,1.27
2011-10-02,United Kingdom,2160,899,4.36
2011-10-02,United Kingdom,1514,806,1.68
2011-10-02,United Kingdom,787,508,3.93
2011-10-02,United Kingdom,1060,616,4.18
2011-10-02,United Kingdom,1100,785,4.46
2011-10-02,United Kingdom,1902,1424,1.96
2011-10-02,United Kingdom,2544,1042,4.43
2011-10-02,United Kingdom,2902,1704,1.85
2011-10-02,United Kingdom,2025,1307,2.73
2011-10-02,United Kingdom,1284,814,1.22
2011-10-02,United Kingdom,1952,1281,4.47
2011-10-02,United Kingdom,1779,1158,3.12
2011-10-02,United Kingdom,2306,1712,3.89
2011-10-02,United Kingdom,865,648,4.23
2011-10-02,United Kingdom,1745,1198,4.0
2011-10-02,United Kingdom,3570,2832,1.44
2011-10-02,United Kingdom,1048,720,4.39
2011-10-02,United Kingdom,1808,858,3.58
2011-10-02,United Kingdom,1648,1108,3.95
2011-10-03,United Kingdom,1452,818,2.06
2011-10-03,United Kingdom,1745,1181,3.31
2011-10-03,United Kingdom,1515,692,2.4
2011-10-03,United Kingdom,2071,855,2.11
2011-10-03,United Kingdom,641,317,3.07
2011-10-03,United Kingdom,1337,789,2.04
2011-10-03,United Kingdom,1561,631,1.2
2011-10-03,United Kingdom,1297,597,4.05
2011-10-03,United Kingdom,372,293,3.09
2011-10-03,United Kingdom,1206,922,1.78
2011-10-03,United Kingdom,2406,1881,1.36
2011-10-03,United Kingdom,1623,1243,1.64
2011-10-03,United Kingdom,2430,1193,4.27
2011-10-03,United Kingdom,1502,1099,2.84
2011-10-03,United Kingdom,1826,1264,2.97
2011-10-03,United Kingdom,759,411,1.61
2011-10-03,United Kingdom,1509,759,1.77
2011-10-03,United Kingdom,2652,1322,3.33
2011-10-03,United Kingdom,597,464,2.28
2011-10-03,United Kingdom,1661,712,1.16
2011-10-03,United Kingdom,1256,637,1.86
2011-10-03,United Kingdom,1005,545,2.14
2011-10-03,Switzerland,100,65,2.15
2011-10-03,United Kingdom,1102,627,3.3
2011-10-03,United Kingdom,1302,543,1.82
2011-10-03,United Kingdom,2116,1688,2.28
2011-10-03,United Kingdom,1449,809,1.6
2011-10-03,United Kingdom,414,285,3.56
2011-10-03,United Kingdom,100,59,1.39
2011-10-03,United Kingdom,2079,948,2.57
2011-10-03,United Kingdom,381,198,3.05
2011-10-03,United Kingdom,760,534,3.84
2011-10-03,United Kingdom,600,373,1.62
2011-10-03,United Kingdom,1742,989,1.43
2011-10-03,France,1978,867,3.23
2011-10-03,United Kingdom,2185,972,3.51
2011-10-03,United Kingdom,3882,3055,2.56
2011-10-03,United Kingdom,1360,1022,1.84
2011-10-03,United Kingdom,1371,949,3.51
2011-10-03,United Kingdom,1845,1430,3.5
2011-10-03,United Kingdom,1566,802,2.22
2011-10-03,United Kingdom,1416,1038,3.9
2011-10-03,United Kingdom,2355,1096,2.9
2011-10-03,United Kingdom,1080,746,4.34
2011-10-03,United Kingdom,1838,808,4.18
2011-10-03,United Kingdom,1759,1294,1.64
2011-10-03,United Kingdom,2172,1507,1.05
2011-10-03,United Kingdom,2102,889,4.43
2011-10-03,United Kingdom,2867,1706,3.13
2011-10-03,United Kingdom,3231,2213,2.69
2011-10-03,United Kingdom,881,690,3.76
2011-10-03,United Kingdom,1295,809,2.47
2011-10-03,United Kingdom,1787,891,1.84
2011-10-03,United Kingdom,853,460,1.54
2011-10-03,United Kingdom,1264,555,2.27
2011-10-03,United Kingdom,2344,1731,2.27
2011-10-03,United Kingdom,861,449,4.39
2011-10-03,Spain,2420,1294,3.34
2011-10-03,United Kingdom,485,384,1.29
2011-10-03,United Kingdom,2087,1644,1.2
2011-10-03,United Kingdom,2154,879,2.82
2011-10-03,United Kingdom,1100,735,3.74
2011-10-03,United Kingdom,1284,854,2.16
2011-10-03,United Kingdom,2076,1623,3.68
2011-10-03,United Kingdom,971,594,3.24
2011-10-03,United Kingdom,920,395,3.47
2011-10-03,United Kingdom,1761,742,1.6
2011-10-03,United Kingdom,740,501,2.49
2011-10-03,United Kingdom,1798,849,3.93
2011-10-03,United Kingdom,1502,809,4.5
2011-10-03,United Kingdom,1503,730,2.35
2011-10-03,United Kingdom,2318,1488,2.33
2011-10-03,United Kingdom,1552,1183,2.07
2011-10-03,United Kingdom,485,356,1.37
2011-10-03,United Kingdom,1467,732,4.32
2011-10-03,United Kingdom,3366,1720,2.51
2011-10-03,United Kingdom,1025,534,2.41
2011-10-03,United Kingdom,1264,775,2.96
2011-10-03,United Kingdom,1259,517,4.4
2011-10-03,United Kingdom,1552,1127,3.31
2011-10-04,United Kingdom,794,373,4.49
2011-10-04,United Kingdom,1998,1111,2.75
2011-10-04,United Kingdom,1465,939,1.09
2011-10-04,United Kingdom,1962,1089,4.41
2011-10-04,United Kingdom,921,385,2.65
2011-10-04,France,1245,900,3.17
2011-10-04,United Kingdom,1536,623,2.09
2011-10-04,United Kingdom,347,274,2.2
2011-10-04,United Kingdom,1911,930,2.02
2011-10-04,United Kingdom,1341,577,1.57
2011-10-04,United Kingdom,1167,485,4.05
2011-10-04,United Kingdom,896,516,1.76
2011-10-04,United Kingdom,1325,1048,2.6
2011-10-04,United Kingdom,620,291,3.64
2011-10-04,United Kingdom,591,362,3.99
2011-10-04,United Kingdom,2242,1380,3.57
2011-10-04,United Kingdom,1009,626,2.14
2011-10-04,United Kingdom,1943,1106,4.28
2011-10-04,United Kingdom,1126,731,2.99
2011-10-04,United Kingdom,1233,802,3.72
2011-10-04,United Kingdom,2382,1748,4.29
2011-10-04,United Kingdom,1543,819,1.37
2011-10-04,United Kingdom,1400,584,3.99
2011-10-04,United Kingdom,2070,879,3.83
2011-10-04,Spain,1715,939,3.75
2011-10-04,United Kingdom,1529,744,2.68
2011-10-04,United Kingdom,1406,1088,1.14
2011-10-04,United Kingdom,3135,1871,2.64
2011-10-04,United Kingdom,2336,1217,2.25
2011-10-04,United Kingdom,2205,1314,3.26
2011-10-04,United Kingdom,1106,555,2.77
2011-10-04,United Kingdom,2228,989,1.04
2011-10-04,United Kingdom,1128,850,4.3
2011-10-04,United Kingdom,1710,1265,1.66
2011-10-04,United Kingdom,2104,1560,2.62
2011-10-04,United Kingdom,1123,642,3.33
2011-10-04,United Kingdom,1175,778,1.69
2011-10-04,United Kingdom,1151,719,2.59
2011-10-04,United Kingdom,774,447,3.68
2011-10-04,United Kingdom,425,200,4.38
2011-10-04,United Kingdom,3055,1234,3.62
2011-10-04,United Kingdom,1021,432,2.73
2011-10-04,United Kingdom,3561,2169,2.91
2011-10-04,United Kingdom,1562,1003,1.65
2011-10-04,United Kingdom,2805,1855,2.55
2011-10-04,United Kingdom,1336,548,2.64
2011-10-04,United Kingdom,1117,762,4.43
2011-10-04,Germany,1934,845,4.36
2011-10-04,United Kingdom,1479,769,2.91
2011-10-04,United Kingdom,100,74,4.05
2011-10-04,United Kingdom,2689,2059,1.37
2011-10-04,Cyprus,1438,604,4.35
2011-10-04,Cyprus,1729,1354,1.55
2011-10-04,United Kingdom,2204,899,2.52
2011-10-04,United Kingdom,1330,657,3.06
2011-10-04,United Kingdom,1215,664,2.82
2011-10-04,United Kingdom,385,219,2.51
2011-10-04,Hong Kong,2347,1527,2.52
2011-10-04,Belgium,2180,1012,4.43
2011-10-04,United Kingdom,1785,1012,1.18
2011-10-04,United Kingdom,2707,1646,3.32
2011-10-04,United Kingdom,365,186,1.24
2011-10-04,United Kingdom,1987,1096,2.8
2011-10-04,United Kingdom,1746,788,2.92
2011-10-04,United Kingdom,1678,1062,3.81
2011-10-04,United Kingdom,1931,1197,3.32
2011-10-04,United Kingdom,1894,1312,1.56
2011-10-04,United Kingdom,809,558,3.99
2011-10-04,Finland,1662,1024,2.05
2011-10-04,United Kingdom,1894,1438,1.27
2011-10-04,United Kingdom,1407,818,4.47
2011-10-04,United Kingdom,1413,916,3.32
2011-10-04,United Kingdom,1091,672,1.84
2011-10-04,United Kingdom,530,393,1.23
2011-10-04,United Kingdom,100,56,3.95
2011-10-04,France,1008,453,1.66
2011-10-04,United Kingdom,100,66,3.58
2011-10-04,United Kingdom,1509,834,1.1
2011-10-04,United Kingdom,1664,1199,4.19
2011-10-04,United Kingdom,1210,654,2.51
2011-10-04,United Kingdom,1173,692,4.47
2011-10-04,United Kingdom,2787,1497,1.66
2011-10-04,United Kingdom,2031,998,2.55
2011-10-04,United Kingdom,2242,1418,1.77
2011-10-04,United Kingdom,2859,1468,2.34
2011-10-04,United Kingdom,2011,1204,3.29
2011-10-04,United Kingdom,1368,911,1.52
2011-10-04,United Kingdom,546,333,1.48
2011-10-04,United Kingdom,2046,1268,1.13
2011-10-04,United Kingdom,1603,929,2.81
2011-10-04,United Kingdom,1705,1065,1.79
2011-10-04,United Kingdom,754,333,3.91
2011-10-04,United Kingdom,546,260,1.16
2011-10-04,United Kingdom,655,506,1.68
2011-10-04,United Kingdom,1242,616,1.43
2011-10-04,United Kingdom,2325,1226,4.08
2011-10-05,United Kingdom,2203,1701,3.54
2011-10-05,Channel Islands,1575,755,2.03
2011-10-05,Channel Islands,1366,588,2.12
2011-10-05,Channel Islands,1229,876,3.41
2011-10-05,United Kingdom,946,579,4.09
2011-10-05,United Kingdom,3605,2348,3.29
2011-10-05,Germany,1307,684,2.59
2011-10-05,Germany,1853,916,1.43
2011-10-05,United Kingdom,2033,1223,4.47
2011-10-05,United Kingdom,2658,1789,2.19
2011-10-05,United Kingdom,100,56,2.22
2011-10-05,United Kingdom,1864,1051,2.9
2011-10-05,France,1490,1065,3.6
2011-10-05,United Kingdom,1402,735,1.41
2011-10-05,United Kingdom,1638,1280,1.21
2011-10-05,United Kingdom,2809,1790,3.98
2011-10-05,United Kingdom,1917,932,2.69
2011-10-05,United Kingdom,1743,936,4.49
2011-10-05,United Kingdom,1752,955,3.93
2011-10-05,United Kingdom,2378,1186,4.28
2011-10-05,United Kingdom,1376,642,3.52
2011-10-05,United Kingdom,1830,1308,1.21
2011-10-05,United Kingdom,2265,972,2.76
2011-10-05,United Kingdom,1830,1316,1.42
2011-10-05,United Kingdom,1314,601,4.37
2011-10-05,United Kingdom,493,387,1.69
2011-10-05,United Kingdom,606,273,2.2
2011-10-05,United Kingdom,1547,816,1.23
2011-10-05,United Kingdom,659,354,1.51
2011-10-05,United Kingdom,100,70,2.56
2011-10-05,United Kingdom,1344,857,1.09
2011-10-05,United Kingdom,811,479,2.12
2011-10-05,United Kingdom,1668,819,1.94
2011-10-05,United Kingdom,100,56,2.74
2011-10-05,United Kingdom,1399,1053,3.81
2011-10-05,Germany,100,40,2.71
2011-10-05,Germany,100,76,3.3
2011-10-05,United Kingdom,1074,717,1.59
2011-10-05,United Kingdom,2185,1481,4.14
2011-10-05,Australia,1634,980,3.93
2011-10-05,United Kingdom,2299,1680,1.07
2011-10-05,United Kingdom,1322,818,3.68
2011-10-05,Australia,1168,540,3.49
2011-10-05,United Kingdom,1480,1144,3.34
2011-10-05,United Kingdom,885,431,4.48
2011-10-05,Switzerland,2415,1264,2.35
2011-10-05,United Kingdom,1546,693,2.5
2011-10-05,United Kingdom,1251,702,2.36
2011-10-05,United Kingdom,1636,1182,1.37
2011-10-05,United Kingdom,1001,520,4.38
2011-10-05,United Kingdom,1837,1357,2.97
2011-10-05,United Kingdom,844,486,4.08
2011-10-05,United Kingdom,975,672,2.5
2011-10-05,United Kingdom,1090,643,3.82
2011-10-05,United Kingdom,2778,1212,2.9
2011-10-05,United Kingdom,624,411,2.63
2011-10-05,Netherlands,1821,1401,3.97
2011-10-05,United Kingdom,1354,1073,3.85
2011-10-05,United Kingdom,1650,1299,4.34
2011-10-05,United Kingdom,1941,1507,2.55
2011-10-05,United Kingdom,1530,1169,3.24
2011-10-05,United Kingdom,1150,880,1.64
2011-10-05,United Kingdom,726,382,3.13
2011-10-05,United Kingdom,543,430,1.21
2011-10-05,United Kingdom,2431,1806,3.25
2011-10-05,United Kingdom,735,568,1.16
2011-10-05,United Kingdom,1301,636,1.11
2011-10-05,United Kingdom,606,362,4.03
2011-10-05,United Kingdom,1570,1163,2.76
2011-10-05,United Kingdom,2027,854,1.2
2011-10-05,United Kingdom,942,444,1.42
2011-10-05,United Kingdom,1695,716,1.63
2011-10-05,United Kingdom,2530,1839,2.59
2011-10-05,United Kingdom,937,599,2.7
2011-10-05,France,1510,898,3.86
2011-10-05,United Kingdom,1474,1062,1.08
2011-10-05,United Kingdom,1594,1167,2.7
2011-10-05,United Kingdom,2092,1296,2.4
2011-10-05,United Kingdom,1180,554,2.25
2011-10-05,United Kingdom,158,97,1.37
2011-10-05,United Kingdom,1692,1265,3.22
2011-10-05,United Kingdom,2322,939,3.35
2011-10-05,United Kingdom,1776,1292,2.52
2011-10-05,United Kingdom,1209,631,2.88
2011-10-05,United Kingdom,1760,990,1.05
2011-10-05,United Kingdom,2889,1367,1.6
2011-10-05,United Kingdom,1905,947,2.07
2011-10-05,France,1276,525,1.13
2011-10-05,United Kingdom,1572,1032,4.35
2011-10-05,France,1579,1223,1.9
2011-10-05,United Kingdom,1511,962,3.41
2011-10-05,United Kingdom,2160,1378,1.7
2011-10-05,United Kingdom,100,52,4.06
2011-10-05,United Kingdom,2406,1623,1.68
2011-10-05,United Kingdom,1756,1016,2.83
2011-10-06,United Kingdom,1397,1105,2.67
2011-10-06,United Kingdom,1236,615,4.22
2011-10-06,United Kingdom,1123,762,4.34
2011-10-06,Netherlands,100,75,1.04
2011-10-06,Netherlands,688,437,3.97
2011-10-06,Germany,766,514,3.85
2011-10-06,Australia,1697,953,4.16
2011-10-06,Australia,1321,1031,2.2
2011-10-06,United Kingdom,2191,925,2.05
2011-10-06,United Kingdom,2482,1969,1.03
2011-10-06,Germany,1072,589,1.48
2011-10-06,United Kingdom,1341,954,2.38
2011-10-06,United Kingdom,978,498,1.98
2011-10-06,United Kingdom,1522,655,3.91
2011-10-06,United Kingdom,2867,1721,1.77
2011-10-06,United Kingdom,2377,1123,1.86
2011-10-06,Germany,1268,980,3.93
2011-10-06,United Kingdom,1817,1415,3.02
2011-10-06,Netherlands,1002,562,4.45
2011-10-06,United Kingdom,1514,1111,3.41
2011-10-06,United Kingdom,820,552,3.75
2011-10-06,United Kingdom,362,250,3.12
2011-10-06,EIRE,1375,584,1.86
2011-10-06,United Kingdom,100,56,1.73
2011-10-06,United Kingdom,1835,815,3.32
2011-10-06,United Kingdom,791,563,1.73
2011-10-06,United Kingdom,810,567,1.07
2011-10-06,United Kingdom,2061,1261,4.4
2011-10-06,United Kingdom,912,504,1.95
2011-10-06,United Kingdom,1449,1121,4.13
2011-10-06,United Kingdom,1148,570,2.82
2011-10-06,United Kingdom,1930,1516,1.72
2011-10-06,United Kingdom,1070,484,3.36
2011-10-06,United Kingdom,1154,731,3.66
2011-10-06,United Kingdom,1932,1100,1.25
2011-10-06,United Kingdom,3247,2088,2.35
2011-10-06,United Kingdom,379,214,3.04
2011-10-06,United Kingdom,2364,1691,2.03
2011-10-06,United Kingdom,874,620,4.48
2011-10-06,United Kingdom,981,519,2.78
2011-10-06,United Kingdom,2497,1327,2.72
2011-10-06,United Kingdom,1411,1051,1.87
2011-10-06,United Kingdom,1344,612,3.45
2011-10-06,United Kingdom,588,420,2.32
2011-10-06,United Kingdom,100,78,2.12
2011-10-06,United Kingdom,1796,1073,3.98
2011-10-06,United Kingdom,2243,1643,2.36
2011-10-06,United Kingdom,2561,1293,2.91
2011-10-06,United Kingdom,2155,993,3.04
2011-10-06,United Kingdom,795,359,4.3
2011-10-06,United Kingdom,1590,680,4.32
2011-10-06,United Kingdom,1507,901,3.38
2011-10-06,United Kingdom,1710,1051,1.25
2011-10-06,United Kingdom,565,312,1.35
2011-10-06,United Kingdom,1075,502,4.23
2011-10-06,United Kingdom,1349,828,1.3
2011-10-06,United Kingdom,1619,1184,2.18
2011-10-06,United Kingdom,2244,1705,3.12
2011-10-06,United Kingdom,664,501,3.93
2011-10-06,United Kingdom,2398,989,3.09
2011-10-06,Germany,1079,844,1.12
2011-10-06,United Kingdom,1542,866,3.21
2011-10-06,United Kingdom,1562,856,2.99
2011-10-06,United Kingdom,100,44,2.68
2011-10-06,United Kingdom,548,313,3.3
2011-10-06,United Kingdom,2949,1623,1.28
2011-10-06,United Kingdom,1301,947,1.48
2011-10-06,United Kingdom,2263,1093,1.99
2011-10-06,United Kingdom,2073,1299,1.75
2011-10-06,United Kingdom,1032,475,1.02
2011-10-06,United Kingdom,2398,1154,2.93
2011-10-06,United Kingdom,1040,572,4.4
2011-10-06,United Kingdom,747,387,2.93
2011-10-06,United Kingdom,1700,898,3.62
2011-10-06,United Kingdom,2008,1048,2.62
2011-10-06,United Kingdom,435,268,2.24
2011-10-06,Germany,100,49,1.03
2011-10-06,United Kingdom,955,620,4.4
2011-10-06,United Kingdom,1897,1063,2.76
2011-10-06,United Kingdom,2393,1724,4.03
2011-10-06,United Kingdom,2744,1753,3.17
2011-10-06,Portugal,1570,1067,3.98
2011-10-06,Germany,324,206,3.35
2011-10-06,United Kingdom,1881,1366,4.09
2011-10-06,Portugal,3071,1851,2.14
2011-10-06,United Kingdom,657,505,3.23
2011-10-06,United Kingdom,2251,1775,4.42
2011-10-06,United Kingdom,891,405,1.29
2011-10-06,United Kingdom,1159,918,2.09
2011-10-06,United Kingdom,997,652,2.39
2011-10-06,United Kingdom,1863,1349,3.91
2011-10-06,United Kingdom,1521,1093,2.77
2011-10-06,United Kingdom,100,69,2.6
2011-10-06,United Kingdom,419,279,1.46
2011-10-06,United Kingdom,1941,1234,4.04
2011-10-06,United Kingdom,3126,2013,2.85
2011-10-06,United Kingdom,1983,1135,4.25
2011-10-06,United Kingdom,2106,1014,3.53
2011-10-06,United Kingdom,100,68,3.41
2011-10-06,United Kingdom,1561,927,1.98
2011-10-06,United Kingdom,1449,935,2.31
2011-10-06,United Kingdom,2556,1795,4.43
2011-10-06,United Kingdom,1319,1032,3.88
2011-10-06,Germany,197,99,3.97
2011-10-06,United Kingdom,1290,835,1.94
2011-10-06,United Kingdom,778,357,3.31
2011-10-06,United Kingdom,2636,1939,3.57
2011-10-06,United Kingdom,2207,1200,3.6
2011-10-06,United Kingdom,1312,883,3.05
2011-10-06,United Kingdom,3068,2196,4.47
2011-10-06,United Kingdom,1960,1161,1.64
2011-10-06,United Kingdom,2429,1481,3.96
2011-10-06,United Kingdom,1337,948,1.8
2011-10-06,United Kingdom,2638,2071,2.4
2011-10-06,United Kingdom,100,61,3.85
2011-10-06,United Kingdom,3430,2089,3.24
2011-10-06,Germany,1751,1345,3.21
2011-10-06,United Kingdom,856,676,2.25
2011-10-06,United Kingdom,1850,1021,3.35
2011-10-06,United Kingdom,742,390,3.41
2011-10-06,United Kingdom,1669,1023,1.59
2011-10-06,United Kingdom,1126,721,1.43
2011-10-06,United Kingdom,1874,982,3.0
2011-10-06,United Kingdom,2417,1142,3.43
2011-10-06,United Kingdom,1349,1030,2.62
2011-10-06,United Kingdom,1027,579,4.2
2011-10-06,United Kingdom,2485,1220,3.45
2011-10-06,United Kingdom,1926,1504,3.1
2011-10-06,France,1390,560,3.67
2011-10-06,United Kingdom,975,678,1.77
2011-10-06,United Kingdom,231,129,4.39
2011-10-06,United Kingdom,2029,1306,1.56
2011-10-06,United Kingdom,753,484,2.86
2011-10-06,United Kingdom,335,245,3.59
2011-10-06,United Kingdom,1093,794,1.32
2011-10-06,United Kingdom,2701,1778,2.52
2011-10-06,United Kingdom,1497,773,2.21
2011-10-06,United Kingdom,571,267,4.45
2011-10-06,United Kingdom,929,450,2.04
2011-10-06,United Kingdom,793,374,2.76
2011-10-06,United Kingdom,1235,568,4.12
2011-10-06,United Kingdom,936,386,3.37
2011-10-06,United Kingdom,225,126,1.06
2011-10-06,United Kingdom,2200,1666,2.4
2011-10-06,United Kingdom,1194,861,4.24
2011-10-06,United Kingdom,2565,1177,3.43
2011-10-06,United Kingdom,2130,1184,2.39
2011-10-06,Italy,1148,552,3.85
2011-10-06,United Kingdom,2494,1539,2.07
2011-10-06,United Kingdom,682,343,2.93
2011-10-06,United Kingdom,2122,1695,1.98
2011-10-06,United Kingdom,2401,1881,2.61
2011-10-06,United Kingdom,1880,1098,1.7
2011-10-06,United Kingdom,3541,2026,3.85
2011-10-06,United Kingdom,533,302,2.63
2011-10-06,United Kingdom,1122,581,3.3
2011-10-06,United Kingdom,1726,731,2.51
2011-10-06,United Kingdom,1021,659,1.6
2011-10-06,United Kingdom,2049,896,2.15
2011-10-06,United Kingdom,1475,873,1.2
2011-10-06,United Kingdom,2023,1070,3.04
2011-10-06,United Kingdom,496,343,3.24
2011-10-06,United Kingdom,1121,770,1.59
2011-10-06,United Kingdom,886,576,3.64
2011-10-06,United Kingdom,1989,1465,3.86
2011-10-06,United Kingdom,1660,765,3.61
2011-10-06,United Kingdom,1583,923,3.3
2011-10-06,United Kingdom,711,315,4.23
2011-10-06,United Kingdom,756,539,2.69
2011-10-06,Germany,1382,956,3.72
2011-10-06,United Kingdom,1908,1102,1.09
2011-10-06,United Kingdom,100,63,1.86
2011-10-06,United Kingdom,252,142,3.0
2011-10-06,United Kingdom,915,501,1.7
2011-10-06,United Kingdom,1450,736,3.55
2011-10-06,United Kingdom,977,656,4.04
2011-10-06,France,377,222,1.38
2011-10-06,United Kingdom,1910,1123,1.36
2011-10-06,United Kingdom,1664,803,1.99
2011-10-06,United Kingdom,2650,1992,2.35
2011-10-06,United Kingdom,845,360,2.52
2011-10-06,United Kingdom,1554,744,1.63
2011-10-06,United Kingdom,1102,787,2.05
2011-10-06,United Kingdom,2569,1353,3.87
2011-10-06,United Kingdom,1731,1050,1.32
2011-10-06,United Kingdom,1041,610,3.28
2011-10-06,United Kingdom,1393,967,3.35
2011-10-06,United Kingdom,808,545,2.56
2011-10-06,United Kingdom,1345,731,2.49
2011-10-06,United Kingdom,497,266,3.42
2011-10-06,United Kingdom,2199,1648,1.68
2011-10-06,United Kingdom,1661,934,3.77
2011-10-07,Denmark,3326,1510,4.29
2011-10-07,Spain,390,254,1.05
2011-10-07,United Kingdom,3075,1439,4.07
2011-10-07,Cyprus,1821,852,3.16
2011-10-07,United Kingdom,2312,1092,1.12
2011-10-07,Germany,2155,1206,3.05
2011-10-07,United Kingdom,434,192,1.13
2011-10-07,United Kingdom,2610,2082,3.89
2011-10-07,United Kingdom,545,281,1.26
2011-10-07,United Kingdom,469,318,2.3
2011-10-07,Germany,528,217,2.72
2011-10-07,United Kingdom,1966,1163,1.19
2011-10-07,United Kingdom,100,73,3.77
2011-10-07,United Kingdom,2157,1321,1.59
2011-10-07,United Kingdom,2120,1480,2.55
2011-10-07,United Kingdom,100,69,2.22
2011-10-07,United Kingdom,955,424,2.27
2011-10-07,United Kingdom,100,69,1.22
2011-10-07,EIRE,3162,2245,3.8
2011-10-07,United Kingdom,1430,829,3.39
2011-10-07,United Kingdom,2588,1134,2.85
2011-10-07,United Kingdom,1430,653,1.6
2011-10-07,France,1890,1362,3.56
2011-10-07,United Kingdom,1372,852,2.44
2011-10-07,United Kingdom,1553,632,2.94
2011-10-07,United Kingdom,1585,779,2.83
2011-10-07,United Kingdom,2055,1371,2.92
2011-10-07,Czech Republic,650,477,4.17
2011-10-07,United Kingdom,1110,498,3.36
2011-10-07,United Kingdom,1894,1433,3.49
2011-10-07,France,3667,2772,2.1
2011-10-07,United Kingdom,2584,1057,3.73
2011-10-07,United Kingdom,1656,1001,1.93
2011-10-07,United Kingdom,1654,748,2.5
2011-10-07,United Kingdom,741,422,4.03
2011-10-07,United Kingdom,131,67,2.12
2011-10-07,Germany,1244,661,2.05
2011-10-07,United Kingdom,1896,864,4.41
2011-10-07,United Kingdom,1852,1383,3.22
2011-10-07,United Kingdom,1449,622,3.74
2011-10-07,United Kingdom,1059,434,4.24
2011-10-07,United Kingdom,1067,751,3.93
2011-10-07,United Kingdom,3091,2346,1.08
2011-10-07,United Kingdom,1270,835,2.54
2011-10-07,United Kingdom,2567,1116,3.2
2011-10-07,United Kingdom,586,248,4.05
2011-10-07,Germany,2332,1850,2.1
2011-10-07,United Kingdom,1311,555,3.33
2011-10-07,United Kingdom,910,460,1.31
2011-10-07,United Kingdom,2036,1153,1.71
2011-10-07,United Kingdom,2485,1880,1.2
2011-10-07,United Kingdom,951,499,1.48
2011-10-07,United Kingdom,2908,2225,2.11
2011-10-07,United Kingdom,2569,1409,2.21
2011-10-07,United Kingdom,2006,919,3.87
2011-10-07,United Kingdom,1882,1374,3.68
2011-10-07,United Kingdom,867,683,2.81
2011-10-07,United Kingdom,2001,1241,1.33
2011-10-07,United Kingdom,794,622,4.38
2011-10-07,United Kingdom,1629,1221,3.26
2011-10-07,United Kingdom,2732,1429,3.45
2011-10-07,United Kingdom,1701,1309,2.07
2011-10-07,United Kingdom,2911,2088,1.83
2011-10-07,United Kingdom,1493,625,2.65
2011-10-07,United Kingdom,1322,858,1.93
2011-10-07,United Kingdom,1072,564,1.87
2011-10-07,United Kingdom,1063,507,1.86
2011-10-07,United Kingdom,1071,504,3.54
2011-10-07,United Kingdom,1624,1012,2.8
2011-10-07,United Kingdom,1689,995,3.62
2011-10-07,United Kingdom,226,168,3.19
2011-10-07,United Kingdom,1485,879,3.78
2011-10-07,United Kingdom,1063,586,3.02
2011-10-07,United Kingdom,1458,1156,3.5
2011-10-07,United Kingdom,2489,1449,2.51
2011-10-07,United Kingdom,1583,894,1.64
2011-10-07,United Kingdom,2009,1540,1.12
2011-10-07,United Kingdom,2345,1181,4.06
2011-10-07,United Kingdom,921,704,2.8
2011-10-07,United Kingdom,2808,1912,2.43
2011-10-07,United Kingdom,3413,1978,1.91
2011-10-07,United Kingdom,1039,670,3.31
2011-10-07,United Kingdom,1882,841,2.13
2011-10-07,United Kingdom,2176,1159,1.46
2011-10-07,United Kingdom,100,73,2.06
2011-10-07,United Kingdom,1368,617,2.6
2011-10-07,United Kingdom,1378,998,3.41
2011-10-07,Germany,745,451,2.66
2011-10-07,United Kingdom,3330,1859,3.94
2011-10-07,Netherlands,1888,1000,1.01
2011-10-07,United Kingdom,1762,1161,2.48
2011-10-07,United Kingdom,1406,687,2.47
2011-10-07,United Kingdom,2470,1699,3.44
2011-10-07,United Kingdom,1118,840,1.48
2011-10-07,United Kingdom,1903,1361,3.72
2011-10-07,United Kingdom,1964,1336,2.39
2011-10-07,United Kingdom,1107,537,2.79
2011-10-07,United Kingdom,1147,759,1.76
2011-10-07,United Kingdom,1686,1072,3.86
2011-10-07,United Kingdom,805,486,2.62
2011-10-07,United Kingdom,972,761,1.23
2011-10-07,United Kingdom,1685,740,2.13
2011-10-09,United Kingdom,959,577,2.1
2011-10-09,United Kingdom,2488,1577,3.9
2011-10-09,United Kingdom,2222,1697,4.37
2011-10-09,United Kingdom,1197,719,3.44
2011-10-09,United Kingdom,1144,820,2.23
2011-10-09,United Kingdom,1245,720,1.65
2011-10-09,United Kingdom,1231,505,2.07
2011-10-09,United Kingdom,1248,829,1.34
2011-10-09,United Kingdom,1225,567,4.49
2011-10-09,United Kingdom,2326,1678,3.45
2011-10-09,United Kingdom,978,525,3.81
2011-10-09,United Kingdom,1911,1496,3.1
2011-10-09,United Kingdom,1123,665,3.7
2011-10-09,United Kingdom,2066,944,3.8
2011-10-09,United Kingdom,100,59,2.6
2011-10-09,United Kingdom,1991,1034,4.42
2011-10-09,United Kingdom,1884,1083,4.42
2011-10-09,United Kingdom,1493,731,2.03
2011-10-09,United Kingdom,1435,1138,1.33
2011-10-09,United Kingdom,1364,817,1.18
2011-10-09,United Kingdom,1127,592,2.83
2011-10-09,United Kingdom,2792,1838,3.47
2011-10-09,United Kingdom,1332,882,1.67
2011-10-09,United Kingdom,1371,659,3.16
2011-10-09,United Kingdom,1517,746,2.24
2011-10-09,United Kingdom,1031,472,2.21
2011-10-09,United Kingdom,100,66,2.4
2011-10-09,United Kingdom,1194,902,1.13
2011-10-09,United Kingdom,1259,552,1.25
2011-10-09,United Kingdom,1827,1055,1.58
2011-10-09,United Kingdom,3023,2185,2.94
2011-10-09,United Kingdom,521,390,1.35
2011-10-09,United Kingdom,3954,2128,3.99
2011-10-09,United Kingdom,1786,941,4.31
2011-10-09,United Kingdom,2163,1162,2.68
2011-10-09,United Kingdom,3303,2194,1.76
2011-10-09,United Kingdom,1604,1127,4.42
2011-10-09,United Kingdom,226,103,1.41
2011-10-09,United Kingdom,2467,1524,4.04
2011-10-10,United Kingdom,1552,665,2.75
2011-10-10,United Kingdom,154,102,2.33
2011-10-10,United Kingdom,2010,1380,1.04
2011-10-10,United Kingdom,1669,889,2.73
2011-10-10,United Kingdom,1324,977,3.29
2011-10-10,United Kingdom,1440,596,2.33
2011-10-10,EIRE,2566,1396,3.36
2011-10-10,United Kingdom,1655,1245,3.27
2011-10-10,United Kingdom,1711,838,1.62
2011-10-10,United Kingdom,2732,1301,2.08
2011-10-10,United Kingdom,1179,706,1.27
2011-10-10,United Kingdom,288,204,2.18
2011-10-10,United Kingdom,1039,644,2.96
2011-10-10,United Kingdom,1925,1533,2.26
2011-10-10,United Kingdom,2566,1198,2.55
2011-10-10,France,551,238,3.41
2011-10-10,United Kingdom,2652,1205,1.5
2011-10-10,United Kingdom,239,147,3.51
2011-10-10,United Kingdom,1124,784,1.18
2011-10-10,United Kingdom,2204,1307,1.59
2011-10-10,United Kingdom,482,234,3.88
2011-10-10,United Kingdom,2803,1177,3.51
2011-10-10,United Kingdom,1110,842,3.65
2011-10-10,United Kingdom,1224,561,4.04
2011-10-10,United Kingdom,490,271,3.45
2011-10-10,United Kingdom,1588,793,3.1
2011-10-10,United Kingdom,858,382,2.06
2011-10-10,United Kingdom,1961,1420,3.33
2011-10-10,United Kingdom,1505,1138,3.92
2011-10-10,Germany,425,304,1.08
2011-10-10,United Kingdom,2774,1489,2.6
2011-10-10,United Kingdom,3477,1673,1.06
2011-10-10,United Kingdom,1909,1100,3.53
2011-10-10,United Kingdom,1693,1085,1.09
2011-10-10,United Kingdom,1843,1142,3.49
2011-10-10,United Kingdom,930,505,2.08
2011-10-10,France,1974,1401,1.05
2011-10-10,United Kingdom,863,465,3.89
2011-10-10,United Kingdom,1809,911,4.15
2011-10-10,United Kingdom,1511,653,1.07
2011-10-10,United Kingdom,100,56,2.5
2011-10-10,United Kingdom,2488,1228,3.65
2011-10-10,United Kingdom,1174,805,2.67
2011-10-10,United Kingdom,1617,1079,2.67
2011-10-10,United Kingdom,390,258,3.12
2011-10-10,United Kingdom,100,71,1.13
2011-10-10,United Kingdom,1813,1166,2.09
2011-10-10,United Kingdom,1330,743,3.92
2011-10-10,United Kingdom,1033,480,1.68
2011-10-10,United Kingdom,1120,722,4.05
2011-10-10,EIRE,3070,1672,4.2
2011-10-10,United Kingdom,795,454,2.31
2011-10-10,United Kingdom,1252,601,1.89
2011-10-10,United Kingdom,1443,753,1.41
2011-10-10,United Kingdom,1554,826,2.41
2011-10-10,United Kingdom,2213,1642,3.84
2011-10-10,France,100,50,4.06
2011-10-10,United Kingdom,1987,1169,4.43
2011-10-10,United Kingdom,904,675,3.49
2011-10-10,United Kingdom,2055,980,3.19
2011-10-10,United Kingdom,2790,1809,2.25
2011-10-10,United Kingdom,1535,1028,3.4
2011-10-10,United Kingdom,1775,1205,2.27
2011-10-10,United Kingdom,1759,1316,2.59
2011-10-10,United Kingdom,2036,1354,3.12
2011-10-10,United Kingdom,2572,1882,4.21
2011-10-10,United Kingdom,2031,1440,1.59
2011-10-10,United Kingdom,1677,825,2.67
2011-10-10,United Kingdom,2824,1866,2.34
2011-10-10,United Kingdom,1243,556,2.86
2011-10-10,United Kingdom,1143,525,4.36
2011-10-10,United Kingdom,1122,806,3.44
2011-10-10,United Kingdom,1965,1183,3.67
2011-10-10,United Kingdom,1723,811,2.48
2011-10-10,United Kingdom,1610,1247,4.49
2011-10-10,United Kingdom,1364,877,4.12
2011-10-10,United Kingdom,1320,635,2.58
2011-10-10,United Kingdom,1629,1213,4.07
2011-10-10,United Kingdom,814,438,2.37
2011-10-10,United Kingdom,2146,1513,3.2
2011-10-10,Belgium,2162,1728,2.49
2011-10-10,United Kingdom,1966,1206,4.0
2011-10-10,United Kingdom,1783,1097,3.54
2011-10-10,United Kingdom,2456,1718,4.12
2011-10-10,United Kingdom,1729,1297,3.32
2011-10-10,United Kingdom,100,49,3.53
2011-10-10,Germany,1432,728,2.87
2011-10-10,United Kingdom,1659,1118,3.28
2011-10-10,United Kingdom,1479,756,2.71
2011-10-10,United Kingdom,2640,1363,3.76
2011-10-10,United Kingdom,2144,1047,1.9
2011-10-10,United Kingdom,999,744,3.46
2011-10-10,United Kingdom,100,65,1.83
2011-10-10,United Kingdom,449,254,1.25
2011-10-10,United Kingdom,363,194,3.08
2011-10-10,United Kingdom,100,50,1.7
2011-10-10,United Kingdom,1998,1590,1.57
2011-10-10,United Kingdom,2140,1411,1.79
2011-10-10,United Kingdom,1220,762,4.44
2011-10-10,USA,1690,1204,4.36
2011-10-10,United Kingdom,2230,1678,3.76
2011-10-10,United Kingdom,1321,827,1.59
2011-10-10,United Kingdom,1985,1118,1.22
2011-10-10,United Kingdom,1458,1160,1.99
2011-10-10,United Kingdom,325,251,1.11
2011-10-10,United Kingdom,2300,1346,3.3
2011-10-10,United Kingdom,100,57,2.49
2011-10-10,United Kingdom,1906,1040,3.11
2011-10-10,United Kingdom,696,458,3.71
2011-10-10,United Kingdom,1390,711,4.36
2011-10-10,United Kingdom,2093,1630,3.91
2011-10-10,EIRE,1419,1015,3.69
2011-10-10,EIRE,1309,594,4.43
2011-10-10,United Kingdom,1012,648,1.3
2011-10-10,United Kingdom,3237,1691,3.19
2011-10-10,United Kingdom,1797,913,3.0
2011-10-10,United Kingdom,1368,654,1.5
2011-10-10,United Kingdom,2570,1900,1.83
2011-10-11,United Kingdom,100,69,4.04
2011-10-11,United Kingdom,695,315,2.43
2011-10-11,United Kingdom,838,663,3.66
2011-10-11,United Kingdom,100,65,2.98
2011-10-11,United Kingdom,2051,1332,2.89
2011-10-11,United Kingdom,1641,959,2.36
2011-10-11,Portugal,2464,1474,2.76
2011-10-11,United Kingdom,941,397,3.0
2011-10-11,United Kingdom,2107,1459,1.06
2011-10-11,United Kingdom,1563,1227,1.28
2011-10-11,United Kingdom,760,506,1.24
2011-10-11,United Kingdom,2389,1286,3.09
2011-10-11,United Kingdom,2158,1066,1.46
2011-10-11,United Kingdom,2607,1615,3.87
2011-10-11,United Kingdom,2055,1528,2.36
2011-10-11,United Kingdom,1738,758,3.59
2011-10-11,United Kingdom,2430,1459,3.4
2011-10-11,United Kingdom,345,189,3.29
2011-10-11,United Kingdom,1042,487,2.4
2011-10-11,United Kingdom,2492,1776,2.53
2011-10-11,United Kingdom,2537,1182,1.13
2011-10-11,United Kingdom,800,482,2.98
2011-10-11,United Kingdom,2209,1422,1.75
2011-10-11,France,1152,664,1.01
2011-10-11,United Kingdom,1460,1067,4.49
2011-10-11,United Kingdom,1685,717,1.48
2011-10-11,United Kingdom,2532,1187,3.03
2011-10-11,Switzerland,1173,655,2.65
2011-10-11,United Kingdom,2341,1021,3.04
2011-10-11,United Kingdom,2475,1869,3.36
2011-10-11,United Kingdom,1474,937,2.65
2011-10-11,United Kingdom,2234,1590,1.57
2011-10-11,United Kingdom,1053,521,2.99
2011-10-11,United Kingdom,1162,748,2.99
2011-10-11,United Kingdom,2898,1686,4.34
2011-10-11,United Kingdom,1638,820,1.45
2011-10-11,United Kingdom,1226,799,3.49
2011-10-11,United Kingdom,2544,2020,1.36
2011-10-11,United Kingdom,1545,765,2.83
2011-10-11,United Kingdom,1285,970,4.01
2011-10-11,United Kingdom,700,533,3.93
2011-10-11,United Kingdom,2370,1328,2.39
2011-10-11,United Kingdom,2319,997,3.89
2011-10-11,United Kingdom,1392,992,2.56
2011-10-11,United Kingdom,1998,888,3.85
2011-10-11,United Kingdom,939,598,3.19
2011-10-11,United Kingdom,1896,1176,3.25
2011-10-11,United Kingdom,690,315,2.73
2011-10-11,United Kingdom,131,81,2.33
2011-10-11,Germany,1331,1064,4.14
2011-10-11,United Kingdom,1368,612,1.51
2011-10-11,Germany,1792,800,2.58
2011-10-11,United Kingdom,100,57,3.53
2011-10-11,United Kingdom,1989,864,2.79
2011-10-11,United Kingdom,2047,1448,3.9
2011-10-11,United Kingdom,509,254,3.73
2011-10-11,United Kingdom,828,332,3.73
2011-10-11,United Kingdom,2468,1469,2.93
2011-10-11,EIRE,828,487,2.17
2011-10-11,United Kingdom,1783,908,1.16
2011-10-11,United Kingdom,1756,794,3.94
2011-10-11,United Kingdom,1739,1027,1.1
2011-10-11,United Kingdom,1583,1048,3.0
2011-10-11,United Kingdom,1131,703,2.29
2011-10-11,EIRE,566,257,4.08
2011-10-11,United Kingdom,1499,921,1.09
2011-10-11,United Kingdom,384,177,2.57
2011-10-11,United Kingdom,906,533,2.78
2011-10-11,United Kingdom,2854,1961,2.78
2011-10-11,United Kingdom,940,738,3.77
2011-10-11,United Kingdom,1183,486,3.84
2011-10-11,United Kingdom,443,346,2.77
2011-10-11,Denmark,100,70,4.06
2011-10-11,Belgium,2109,1437,1.68
2011-10-11,United Kingdom,714,329,3.2
2011-10-11,United Kingdom,2218,926,2.82
2011-10-11,United Kingdom,378,271,1.83
2011-10-11,United Kingdom,2926,2227,1.99
2011-10-11,France,2118,1048,4.42
2011-10-11,United Kingdom,2089,1367,4.38
2011-10-11,EIRE,546,346,3.22
2011-10-11,United Kingdom,872,423,3.69
2011-10-11,United Kingdom,864,654,1.01
2011-10-11,United Kingdom,2116,1117,2.71
2011-10-11,United Kingdom,1750,1093,3.23
2011-10-11,United Kingdom,1168,645,4.07
2011-10-11,Norway,1669,668,4.38
2011-10-11,United Kingdom,2220,1717,1.02
2011-10-11,United Kingdom,1998,924,3.28
2011-10-11,United Kingdom,1735,705,4.46
2011-10-11,United Kingdom,1631,1277,1.41
2011-10-11,United Kingdom,1193,751,1.76
2011-10-11,United Kingdom,1288,673,2.19
2011-10-11,United Kingdom,1304,644,2.2
2011-10-11,United Kingdom,201,87,4.45
2011-10-11,United Kingdom,1994,848,1.92
2011-10-11,United Kingdom,1543,882,3.19
2011-10-11,United Kingdom,1578,1130,2.97
2011-10-12,EIRE,1743,795,2.31
2011-10-12,United Kingdom,2144,1562,2.76
2011-10-12,United Kingdom,1417,639,3.65
2011-10-12,United Kingdom,933,621,2.64
2011-10-12,United Kingdom,2502,1355,3.57
2011-10-12,United Kingdom,308,175,4.33
2011-10-12,EIRE,1271,608,4.03
2011-10-12,United Kingdom,1281,558,3.61
2011-10-12,United Kingdom,2334,960,4.18
2011-10-12,EIRE,1514,1164,3.94
2011-10-12,United Kingdom,1310,638,2.57
2011-10-12,EIRE,2034,1425,3.77
2011-10-12,United Kingdom,2403,1036,3.35
2011-10-12,United Kingdom,807,330,4.0
2011-10-12,United Kingdom,1287,530,3.95
2011-10-12,United Kingdom,2847,1316,4.3
2011-10-12,United Kingdom,100,73,3.47
2011-10-12,United Kingdom,100,49,3.42
2011-10-12,Switzerland,1568,798,2.31
2011-10-12,United Kingdom,2590,1494,3.93
2011-10-12,United Kingdom,1633,771,3.13
2011-10-12,United Kingdom,395,254,2.73
2011-10-12,Germany,1308,902,4.23
2011-10-12,United Kingdom,1678,962,1.99
2011-10-12,United Kingdom,1870,1200,3.95
2011-10-12,United Kingdom,1889,1211,4.4
2011-10-12,United Kingdom,1571,1134,4.17
2011-10-12,United Kingdom,2328,1816,3.36
2011-10-12,France,1142,546,3.91
2011-10-12,Norway,818,401,4.09
2011-10-12,United Kingdom,1222,747,2.32
2011-10-12,Germany,1655,712,4.1
2011-10-12,United Kingdom,2016,1256,3.48
2011-10-12,Germany,1989,1363,2.19
2011-10-12,United Kingdom,1587,887,2.97
2011-10-12,Finland,1584,1013,1.77
2011-10-12,United Kingdom,2472,1956,3.71
2011-10-12,Finland,691,296,2.69
2011-10-12,Germany,100,54,3.82
2011-10-12,United Kingdom,1944,1302,2.96
2011-10-12,United Kingdom,1738,771,2.92
2011-10-12,Germany,881,697,3.07
2011-10-12,Norway,1872,1089,1.9
2011-10-12,United Kingdom,1178,705,2.0
2011-10-12,United Kingdom,1135,755,2.12
2011-10-12,United Kingdom,2811,1773,2.39
2011-10-12,United Kingdom,1950,1124,3.09
2011-10-12,France,664,444,1.73
2011-10-12,United Kingdom,1473,628,2.54
2011-10-12,United Kingdom,648,312,4.02
2011-10-12,United Kingdom,1398,1110,3.68
2011-10-12,United Kingdom,100,60,4.01
2011-10-12,United Kingdom,723,369,3.51
2011-10-12,United Kingdom,1677,673,1.35
2011-10-12,France,2449,1817,2.08
2011-10-12,United Kingdom,2788,2017,1.88
2011-10-12,United Kingdom,2086,895,3.51
2011-10-12,United Kingdom,2213,1690,2.8
2011-10-12,EIRE,806,644,1.69
2011-10-12,United Kingdom,1420,808,4.03
2011-10-12,United Kingdom,2083,1213,1.15
2011-10-12,EIRE,851,668,1.17
2011-10-12,United Kingdom,2257,1244,3.59
2011-10-12,United Kingdom,2086,904,2.13
2011-10-12,United Kingdom,250,181,2.13
2011-10-12,Switzerland,986,647,3.45
2011-10-12,United Kingdom,1074,813,3.28
2011-10-12,United Kingdom,813,473,1.85
2011-10-12,EIRE,1131,767,3.52
2011-10-12,United Kingdom,892,548,2.16
2011-10-12,France,1232,581,3.82
2011-10-12,United Kingdom,1224,955,1.65
2011-10-12,United Kingdom,258,112,1.05
2011-10-12,United Kingdom,2468,1754,4.08
2011-10-12,United Kingdom,1047,513,3.65
2011-10-12,United Kingdom,1938,1002,1.18
2011-10-12,United Kingdom,1504,919,2.35
2011-10-12,United Kingdom,1214,963,3.69
2011-10-12,United Kingdom,559,233,2.72
2011-10-12,France,2592,1067,3.67
2011-10-12,United Kingdom,1640,694,3.17
2011-10-12,United Kingdom,1563,1156,3.68
2011-10-12,United Kingdom,1961,855,3.89
2011-10-12,United Kingdom,2020,1221,1.8
2011-10-12,United Kingdom,1208,938,4.35
2011-10-12,United Kingdom,1265,783,3.65
2011-10-12,United Kingdom,1079,773,3.57
2011-10-12,United Kingdom,174,93,1.14
2011-10-12,United Kingdom,2602,2031,3.51
2011-10-12,United Kingdom,2802,1328,2.54
2011-10-12,United Kingdom,2137,1046,1.95
2011-10-12,United Kingdom,215,145,3.63
2011-10-12,United Kingdom,1609,1185,1.04
2011-10-12,United Kingdom,959,563,4.37
2011-10-12,United Kingdom,1019,674,1.71
2011-10-12,USA,2410,1134,3.21
2011-10-12,United Kingdom,3040,1445,2.16
2011-10-12,United Kingdom,2162,1058,1.9
2011-10-12,United Kingdom,177,139,3.37
2011-10-12,United Kingdom,1205,861,2.04
2011-10-12,United Kingdom,1354,673,1.38
2011-10-12,United Kingdom,1083,828,2.51
2011-10-12,Finland,2681,1916,2.62
2011-10-12,United Kingdom,1725,1275,1.11
2011-10-13,United Kingdom,874,477,2.22
2011-10-13,United Kingdom,1375,909,1.35
2011-10-13,France,2925,1796,2.62
2011-10-13,United Kingdom,979,745,3.16
2011-10-13,Germany,659,321,3.97
2011-10-13,United Kingdom,993,405,2.75
2011-10-13,United Kingdom,1071,652,1.72
2011-10-13,United Kingdom,567,316,3.47
2011-10-13,United Kingdom,1215,557,2.32
2011-10-13,United Kingdom,100,72,3.67
2011-10-13,United Kingdom,2066,1621,1.56
2011-10-13,United Kingdom,1683,951,3.88
2011-10-13,United Kingdom,1998,1113,4.42
2011-10-13,United Kingdom,608,405,2.9
2011-10-13,United Kingdom,100,73,2.29
2011-10-13,United Kingdom,2375,1652,3.37
2011-10-13,United Kingdom,2782,1516,3.91
2011-10-13,Italy,1384,704,4.36
2011-10-13,United Kingdom,1832,851,1.61
2011-10-13,United Kingdom,397,166,1.98
2011-10-13,United Kingdom,2329,1188,3.56
2011-10-13,Germany,1700,818,4.43
2011-10-13,Portugal,1457,978,1.73
2011-10-13,United Kingdom,1405,594,2.42
2011-10-13,United Kingdom,1775,923,3.11
2011-10-13,United Kingdom,1810,1416,2.31
2011-10-13,United Kingdom,2151,1440,2.43
2011-10-13,United Kingdom,2519,1408,3.68
2011-10-13,United Kingdom,585,390,3.53
2011-10-13,United Kingdom,1603,1270,2.79
2011-10-13,Germany,100,68,3.92
2011-10-13,United Kingdom,428,270,1.13
2011-10-13,United Kingdom,1690,1180,1.55
2011-10-13,United Kingdom,242,185,1.04
2011-10-13,United Kingdom,1962,1073,4.07
2011-10-13,United Kingdom,100,52,3.91
2011-10-13,United Kingdom,1721,1198,2.87
2011-10-13,United Kingdom,1599,1143,3.98
2011-10-13,United Kingdom,1448,754,4.02
2011-10-13,Belgium,2100,1070,1.01
2011-10-13,United Kingdom,1414,886,1.1
2011-10-13,United Kingdom,1314,538,2.59
2011-10-13,United Kingdom,3081,2133,1.4
2011-10-13,Cyprus,1631,732,1.02
2011-10-13,RSA,1373,633,3.7
2011-10-13,United Kingdom,680,516,1.38
2011-10-13,United Kingdom,1969,1097,2.91
2011-10-13,United Kingdom,1778,847,1.36
2011-10-13,United Kingdom,686,282,1.36
2011-10-13,United Kingdom,1056,473,3.89
2011-10-13,United Kingdom,1987,958,3.24
2011-10-13,United Kingdom,688,306,2.04
2011-10-13,United Kingdom,1864,1215,1.77
2011-10-13,United Kingdom,891,501,3.54
2011-10-13,United Kingdom,1793,1147,2.35
2011-10-13,United Kingdom,1409,1070,3.12
2011-10-13,United Kingdom,1792,1117,2.6
2011-10-13,United Kingdom,2386,1150,2.0
2011-10-13,United Kingdom,818,564,4.25
2011-10-13,Finland,1614,941,1.85
2011-10-13,United Kingdom,2146,1622,3.86
2011-10-13,United Kingdom,2643,1892,2.41
2011-10-13,United Kingdom,2590,1106,2.35
2011-10-13,United Kingdom,2538,1190,3.38
2011-10-13,United Kingdom,866,524,2.27
2011-10-13,United Kingdom,701,374,1.13
2011-10-13,United Kingdom,1944,1477,3.37
2011-10-13,United Kingdom,1378,898,2.48
2011-10-13,United Kingdom,182,117,1.15
2011-10-13,United Kingdom,2885,2199,3.82
2011-10-13,United Kingdom,2515,1019,3.53
2011-10-13,Germany,100,42,4.11
2011-10-13,Germany,917,608,4.15
2011-10-13,United Kingdom,1735,712,2.52
2011-10-13,United Kingdom,100,73,3.78
2011-10-13,United Kingdom,1772,1255,2.74
2011-10-13,United Kingdom,609,375,3.92
2011-10-13,United Kingdom,1489,602,3.41
2011-10-13,United Kingdom,1876,1127,2.98
2011-10-13,United Kingdom,1811,929,4.06
2011-10-13,United Kingdom,1116,655,1.09
2011-10-13,United Kingdom,1352,990,1.18
2011-10-13,United Kingdom,102,56,1.12
2011-10-13,United Kingdom,1000,647,3.69
2011-10-13,United Kingdom,975,668,3.89
2011-10-13,United Kingdom,1074,659,4.25
2011-10-13,United Kingdom,1818,801,2.44
2011-10-13,United Kingdom,2466,1923,1.53
2011-10-13,United Kingdom,2212,1606,3.55
2011-10-13,United Kingdom,2276,1303,3.69
2011-10-13,United Kingdom,943,705,2.11
2011-10-13,United Kingdom,1210,827,2.76
2011-10-13,United Kingdom,3546,1444,1.26
2011-10-13,United Kingdom,100,44,1.26
2011-10-13,United Kingdom,2242,926,2.49
2011-10-13,United Kingdom,903,474,1.75
2011-10-14,United Kingdom,877,601,3.85
2011-10-14,United Kingdom,2917,1691,1.9
2011-10-14,United Kingdom,1546,1197,2.09
2011-10-14,United Kingdom,1705,861,2.33
2011-10-14,United Kingdom,2649,1472,4.27
2011-10-14,United Kingdom,882,391,3.35
2011-10-14,United Kingdom,1568,1111,2.91
2011-10-14,United Kingdom,561,374,3.19
2011-10-14,United Kingdom,1528,963,2.97
2011-10-14,France,396,295,1.92
2011-10-14,United Kingdom,883,481,4.01
2011-10-14,EIRE,1734,834,1.71
2011-10-14,United Kingdom,1915,1407,2.46
2011-10-14,United Kingdom,1306,1030,3.84
2011-10-14,United Kingdom,1787,1131,2.6
2011-10-14,United Kingdom,3380,1994,2.97
2011-10-14,United Kingdom,1954,932,3.57
2011-10-14,United Kingdom,711,421,4.37
2011-10-14,United Kingdom,2522,1902,1.74
2011-10-14,United Kingdom,1876,1313,4.25
2011-10-14,United Kingdom,1745,1231,1.07
2011-10-14,United Kingdom,950,748,4.1
2011-10-14,United Kingdom,1080,638,3.58
2011-10-14,United Kingdom,1738,1045,2.47
2011-10-14,United Kingdom,1545,1226,2.94
2011-10-14,United Kingdom,607,365,4.49
2011-10-14,Belgium,1525,1106,2.03
2011-10-14,Portugal,260,120,1.05
2011-10-14,United Kingdom,2787,2188,2.41
2011-10-14,United Kingdom,1925,1458,3.43
2011-10-14,Sweden,2107,1101,1.27
2011-10-14,United Kingdom,1933,1464,1.98
2011-10-14,United Kingdom,2030,1084,4.1
2011-10-14,United Kingdom,1869,1361,2.85
2011-10-14,United Kingdom,1927,1270,1.38
2011-10-14,United Kingdom,1136,696,4.49
2011-10-14,United Kingdom,679,332,4.49
2011-10-14,United Kingdom,801,479,1.51
2011-10-14,Channel Islands,1720,1313,3.09
2011-10-14,Channel Islands,665,448,1.1
2011-10-14,United Kingdom,1243,957,1.9
2011-10-14,United Kingdom,100,43,3.81
2011-10-14,United Kingdom,1657,686,4.19
2011-10-14,United Kingdom,1802,1006,1.23
2011-10-14,United Kingdom,2231,1569,3.04
2011-10-14,United Kingdom,1942,1481,1.49
2011-10-14,Germany,863,602,1.92
2011-10-14,United Kingdom,100,43,3.06
2011-10-14,United Kingdom,2471,1515,2.77
2011-10-14,United Kingdom,1292,747,2.46
2011-10-14,Germany,1508,1043,3.3
2011-10-14,United Kingdom,1463,1028,1.43
2011-10-14,Germany,1777,810,1.26
2011-10-14,United Kingdom,1329,718,3.22
2011-10-14,United Kingdom,2489,1351,1.1
2011-10-14,Germany,2455,1493,3.58
2011-10-14,United Kingdom,2845,1427,3.37
2011-10-14,United Kingdom,1473,1088,1.13
2011-10-14,United Kingdom,1103,649,2.64
2011-10-14,United Kingdom,1613,1228,2.27
2011-10-14,United Kingdom,422,190,2.93
2011-10-14,United Kingdom,2043,1402,3.67
2011-10-14,United Kingdom,2628,1554,1.03
2011-10-14,United Kingdom,1787,871,4.35
2011-10-14,Singapore,1289,818,1.54
2011-10-14,France,658,420,2.44
2011-10-14,United Kingdom,1103,801,1.58
2011-10-14,United Kingdom,2691,1855,1.82
2011-10-14,United Kingdom,1328,884,1.07
2011-10-14,United Kingdom,2029,1229,3.79
2011-10-14,United Kingdom,1544,927,1.5
2011-10-14,United Kingdom,2941,1366,2.1
2011-10-14,United Kingdom,2041,1472,3.2
2011-10-14,United Kingdom,248,125,3.18
2011-10-14,United Kingdom,2046,1272,2.31
2011-10-14,United Kingdom,1730,1198,3.22
2011-10-14,Germany,2142,1227,2.73
2011-10-14,United Kingdom,546,352,1.79
2011-10-14,Spain,987,737,3.15
2011-10-14,United Kingdom,1495,706,1.57
2011-10-14,United Kingdom,100,54,4.41
2011-10-14,United Kingdom,1860,1061,3.07
2011-10-16,United Kingdom,1468,1042,1.55
2011-10-16,United Kingdom,1771,1319,2.67
2011-10-16,United Kingdom,333,204,1.08
2011-10-16,United Kingdom,1989,880,3.76
2011-10-16,United Kingdom,1812,858,2.56
2011-10-16,United Kingdom,310,183,3.25
2011-10-16,United Kingdom,1740,848,1.24
2011-10-16,United Kingdom,462,248,3.49
2011-10-16,United Kingdom,340,177,3.22
2011-10-16,United Kingdom,1891,1002,3.93
2011-10-16,United Kingdom,1677,1188,1.12
2011-10-16,United Kingdom,2933,1524,1.55
2011-10-16,United Kingdom,1716,1115,1.42
2011-10-16,United Kingdom,1692,1095,2.1
2011-10-16,United Kingdom,1934,856,1.12
2011-10-16,United Kingdom,2288,1389,2.7
2011-10-16,United Kingdom,609,309,1.57
2011-10-16,United Kingdom,1275,771,1.03
2011-10-16,United Kingdom,1980,1575,2.08
2011-10-16,United Kingdom,738,315,3.66
2011-10-16,United Kingdom,1010,563,3.03
2011-10-16,United Kingdom,780,596,1.43
2011-10-16,United Kingdom,1323,839,2.02
2011-10-16,United Kingdom,1383,680,1.94
2011-10-16,United Kingdom,2369,1210,1.45
2011-10-16,United Kingdom,100,40,2.49
2011-10-16,United Kingdom,1961,1214,1.81
2011-10-16,United Kingdom,1665,1278,2.95
2011-10-16,United Kingdom,750,563,1.05
2011-10-16,United Kingdom,1973,1159,2.22
2011-10-16,United Kingdom,902,623,2.83
2011-10-16,United Kingdom,1109,774,2.1
2011-10-16,United Kingdom,1110,604,3.26
2011-10-16,United Kingdom,1910,1075,3.44
2011-10-16,United Kingdom,1564,863,1.33
2011-10-16,United Kingdom,1873,886,2.7
2011-10-16,United Kingdom,1583,734,4.3
2011-10-16,United Kingdom,2895,2238,1.67
2011-10-17,United Kingdom,1445,625,3.39
2011-10-17,United Kingdom,1714,1157,2.64
2011-10-17,United Kingdom,1409,783,2.26
2011-10-17,United Kingdom,1175,878,3.1
2011-10-17,United Kingdom,1615,701,2.1
2011-10-17,United Kingdom,474,340,2.23
2011-10-17,Germany,2755,1183,2.64
2011-10-17,United Kingdom,748,532,1.57
2011-10-17,United Kingdom,1545,1182,3.12
2011-10-17,United Kingdom,1985,852,3.03
2011-10-17,Germany,100,58,2.22
2011-10-17,United Kingdom,431,289,1.4
2011-10-17,United Kingdom,1059,742,3.58
2011-10-17,Germany,913,618,1.26
2011-10-17,EIRE,1543,1058,2.79
2011-10-17,EIRE,1342,539,1.63
2011-10-17,United Kingdom,2065,1147,2.39
2011-10-17,United Kingdom,1815,840,2.98
2011-10-17,Sweden,1028,478,4.46
2011-10-17,United Kingdom,883,419,4.22
2011-10-17,United Kingdom,1253,947,3.08
2011-10-17,United Kingdom,1578,1115,1.26
2011-10-17,United Kingdom,1361,862,3.95
2011-10-17,United Kingdom,2290,1094,2.93
2011-10-17,Portugal,1947,1226,3.3
2011-10-17,Portugal,1792,897,2.0
2011-10-17,Portugal,1713,1117,1.93
2011-10-17,Portugal,879,587,4.31
2011-10-17,Germany,100,47,3.15
2011-10-17,United Kingdom,1450,1015,1.41
2011-10-17,United Kingdom,2085,895,2.96
2011-10-17,United Kingdom,1000,610,3.72
2011-10-17,United Kingdom,2305,1429,3.19
2011-10-17,United Kingdom,879,598,2.84
2011-10-17,United Kingdom,3324,1723,2.31
2011-10-17,EIRE,306,169,4.15
2011-10-17,United Kingdom,2407,1918,4.19
2011-10-17,United Kingdom,2023,1397,3.57
2011-10-17,United Kingdom,2270,1041,4.02
2011-10-17,United Kingdom,670,387,3.48
2011-10-17,EIRE,1556,1005,3.27
2011-10-17,United Kingdom,1672,1326,2.64
2011-10-17,United Kingdom,930,456,2.73
2011-10-17,United Kingdom,586,321,2.04
2011-10-17,EIRE,2624,2028,2.27
2011-10-17,United Kingdom,2453,1874,2.52
2011-10-17,United Kingdom,2569,1844,2.58
2011-10-17,United Kingdom,2659,1966,3.88
2011-10-17,United Kingdom,1712,1349,2.32
2011-10-17,United Kingdom,1265,900,2.22
2011-10-17,United Kingdom,2870,2271,3.55
2011-10-17,United Kingdom,1072,639,3.58
2011-10-17,United Kingdom,930,408,2.03
2011-10-17,United Kingdom,303,211,2.96
2011-10-17,United Kingdom,1382,1065,4.17
2011-10-17,United Kingdom,2764,1503,2.37
2011-10-17,United Kingdom,578,370,1.13
2011-10-17,United Kingdom,1478,842,1.24
2011-10-17,United Kingdom,1052,746,1.51
2011-10-17,United Kingdom,855,599,3.12
2011-10-17,Belgium,1794,1333,1.03
2011-10-17,EIRE,1015,794,2.96
2011-10-17,EIRE,906,435,2.13
2011-10-17,United Kingdom,1053,427,3.47
2011-10-17,United Kingdom,1788,1357,2.81
2011-10-17,United Kingdom,970,549,2.52
2011-10-17,United Kingdom,652,437,2.58
2011-10-17,United Kingdom,2450,1917,1.77
2011-10-17,United Kingdom,1392,623,2.36
2011-10-17,United Kingdom,589,289,2.15
2011-10-17,United Kingdom,1105,691,1.66
2011-10-17,United Kingdom,783,470,2.85
2011-10-17,United Kingdom,2236,1054,2.56
2011-10-17,United Kingdom,1728,1000,2.87
2011-10-17,France,100,54,2.9
2011-10-17,United Kingdom,2290,983,2.89
2011-10-17,United Kingdom,1843,1280,1.11
2011-10-17,United Kingdom,1078,439,1.79
2011-10-17,Portugal,586,379,3.98
2011-10-17,United Kingdom,2765,1290,2.12
2011-10-17,United Kingdom,1324,959,1.9
2011-10-17,United Kingdom,1566,829,2.41
2011-10-17,United Kingdom,1079,556,4.03
2011-10-17,Spain,915,707,4.33
2011-10-17,United Kingdom,1948,1440,1.67
2011-10-17,United Kingdom,1178,484,3.71
2011-10-17,United Kingdom,1934,1315,4.15
2011-10-17,United Kingdom,446,207,1.44
2011-10-17,United Kingdom,1129,861,2.24
2011-10-17,Denmark,1963,1083,1.38
2011-10-17,United Kingdom,1483,999,4.39
2011-10-17,United Kingdom,639,350,3.96
2011-10-17,United Kingdom,1371,893,4.27
2011-10-17,United Kingdom,2232,1182,2.02
2011-10-17,United Kingdom,1414,700,1.99
2011-10-17,United Kingdom,3656,1701,1.94
2011-10-17,United Kingdom,2724,1462,1.62
2011-10-18,United Kingdom,1461,978,2.95
2011-10-18,United Kingdom,2064,948,3.84
2011-10-18,United Kingdom,2351,1086,2.98
2011-10-18,United Kingdom,2575,1417,4.15
2011-10-18,United Kingdom,2840,1250,2.93
2011-10-18,United Kingdom,1182,779,2.97
2011-10-18,United Kingdom,2097,1268,2.99
2011-10-18,United Kingdom,1956,946,3.4
2011-10-18,United Kingdom,1656,719,4.46
2011-10-18,Germany,1857,1024,2.27
2011-10-18,United Kingdom,2565,1568,1.47
2011-10-18,United Kingdom,1972,953,2.37
2011-10-18,EIRE,1887,974,1.62
2011-10-18,United Kingdom,1111,757,1.73
2011-10-18,United Kingdom,831,563,4.41
2011-10-18,EIRE,1551,1066,1.59
2011-10-18,United Kingdom,753,425,3.95
2011-10-18,United Kingdom,1303,718,2.31
2011-10-18,Germany,100,71,2.01
2011-10-18,United Kingdom,1401,1099,1.31
2011-10-18,United Kingdom,1939,1517,1.61
2011-10-18,United Kingdom,100,53,1.27
2011-10-18,United Kingdom,1927,1214,2.74
2011-10-18,United Kingdom,3294,2127,1.72
2011-10-18,United Kingdom,1694,1122,4.45
2011-10-18,United Kingdom,100,70,2.52
2011-10-18,United Kingdom,2956,1433,2.06
2011-10-18,United Kingdom,2289,1025,1.92
2011-10-18,United Kingdom,2183,1288,3.91
2011-10-18,United Kingdom,1785,1249,1.1
2011-10-18,United Kingdom,1869,1174,2.14
2011-10-18,United Kingdom,1793,1330,2.74
2011-10-18,United Kingdom,1123,607,3.69
2011-10-18,United Kingdom,641,269,4.38
2011-10-18,United Kingdom,891,475,3.63
2011-10-18,Hong Kong,838,669,2.06
2011-10-18,United Kingdom,1629,863,4.46
2011-10-18,United Kingdom,519,349,3.99
2011-10-18,United Kingdom,742,352,1.14
2011-10-18,United Kingdom,3075,1243,2.95
2011-10-18,Germany,2733,1793,1.35
2011-10-18,United Kingdom,1839,1079,3.5
2011-10-18,United Kingdom,2184,1519,3.88
2011-10-18,United Kingdom,1780,1365,1.77
2011-10-18,United Kingdom,1661,1165,1.15
2011-10-18,Spain,1214,847,2.62
2011-10-18,United Kingdom,2025,1078,3.78
2011-10-18,United Kingdom,313,208,1.78
2011-10-18,United Kingdom,1069,615,1.73
2011-10-18,United Kingdom,1502,1123,3.2
2011-10-18,Italy,2361,1327,2.8
2011-10-18,United Kingdom,1100,757,2.63
2011-10-18,United Kingdom,1617,1236,2.59
2011-10-18,United Kingdom,1356,689,2.94
2011-10-18,United Kingdom,1559,1068,2.49
2011-10-18,United Kingdom,1920,1428,1.21
2011-10-18,United Kingdom,1672,802,1.15
2011-10-18,France,1446,606,3.12
2011-10-18,United Kingdom,884,614,2.13
2011-10-18,France,1401,738,1.14
2011-10-18,United Kingdom,1982,1002,1.39
2011-10-18,United Kingdom,2576,1343,1.54
2011-10-18,United Kingdom,232,135,2.81
2011-10-18,United Kingdom,603,383,1.2
2011-10-18,United Kingdom,2486,1699,1.2
2011-10-18,United Kingdom,100,43,1.2
2011-10-18,United Kingdom,2452,1613,2.24
2011-10-18,United Kingdom,844,477,2.36
2011-10-18,United Kingdom,2164,877,4.35
2011-10-18,United Kingdom,2341,1722,4.02
2011-10-18,United Kingdom,1624,849,1.16
2011-10-18,United Kingdom,1843,949,4.27
2011-10-18,United Kingdom,1926,856,4.41
2011-10-18,United Kingdom,989,603,4.02
2011-10-18,Netherlands,1657,907,4.36
2011-10-18,United Kingdom,827,592,2.31
2011-10-18,United Kingdom,2096,851,3.54
2011-10-18,United Kingdom,1344,694,3.81
2011-10-18,United Kingdom,814,525,1.18
2011-10-18,United Kingdom,140,102,2.13
2011-10-18,United Kingdom,1804,1238,1.54
2011-10-18,United Kingdom,674,451,4.49
2011-10-18,Austria,1615,982,2.85
2011-10-18,United Kingdom,2002,819,1.09
2011-10-18,United Kingdom,677,276,2.32
2011-10-18,United Kingdom,548,337,2.4
2011-10-18,United Kingdom,1589,1155,2.35
2011-10-18,United Kingdom,458,342,1.33
2011-10-18,United Kingdom,327,155,3.13
2011-10-18,United Kingdom,2150,1066,1.4
2011-10-18,United Kingdom,2696,1272,2.85
2011-10-18,United Kingdom,2039,1628,1.89
2011-10-18,United Kingdom,2100,1144,4.49
2011-10-18,United Kingdom,799,513,3.11
2011-10-18,United Kingdom,2676,1259,1.24
2011-10-18,United Kingdom,2244,928,4.11
2011-10-18,United Kingdom,996,751,1.67
2011-10-19,Germany,2220,986,1.45
2011-10-19,United Kingdom,719,478,2.47
2011-10-19,United Kingdom,1343,955,4.26
2011-10-19,United Kingdom,1685,1025,2.07
2011-10-19,Germany,100,43,2.42
2011-10-19,United Kingdom,670,341,1.58
2011-10-19,United Kingdom,1316,673,3.16
2011-10-19,United Kingdom,2238,1063,4.1
2011-10-19,United Kingdom,320,195,3.82
2011-10-19,United Kingdom,1604,861,2.84
2011-10-19,United Kingdom,639,504,2.1
2011-10-19,United Kingdom,1914,773,1.82
2011-10-19,United Kingdom,1765,824,1.68
2011-10-19,United Kingdom,521,293,1.16
2011-10-19,Germany,2102,1005,3.0
2011-10-19,United Kingdom,1878,1452,1.88
2011-10-19,United Kingdom,1198,570,2.6
2011-10-19,United Kingdom,2321,1662,1.63
2011-10-19,United Kingdom,1915,1327,3.57
2011-10-19,EIRE,2032,1063,3.16
2011-10-19,United Kingdom,359,167,2.04
2011-10-19,United Kingdom,272,210,2.99
2011-10-19,United Kingdom,177,99,1.73
2011-10-19,United Kingdom,1069,477,1.83
2011-10-19,Singapore,771,528,3.94
2011-10-19,Singapore,571,329,2.79
2011-10-19,United Kingdom,852,372,2.16
2011-10-19,United Kingdom,675,526,2.37
2011-10-19,United Kingdom,2931,1270,1.51
2011-10-19,United Kingdom,1049,590,1.76
2011-10-19,United Kingdom,1611,923,3.26
2011-10-19,Germany,541,234,3.08
2011-10-19,United Kingdom,1289,563,2.36
2011-10-19,United Kingdom,1712,1317,3.64
2011-10-19,United Kingdom,1681,997,2.12
2011-10-19,United Kingdom,2131,939,2.99
2011-10-19,United Kingdom,100,42,3.94
2011-10-19,United Kingdom,1823,1100,3.49
2011-10-19,United Kingdom,1911,1470,3.81
2011-10-19,United Kingdom,1575,777,3.91
2011-10-19,United Kingdom,1353,946,2.68
2011-10-19,United Kingdom,1418,1109,4.14
2011-10-19,United Kingdom,540,291,1.88
2011-10-19,United Kingdom,1807,1247,3.87
2011-10-19,United Kingdom,1769,1094,2.23
2011-10-19,United Kingdom,1565,1176,2.49
2011-10-19,United Kingdom,2586,1543,1.82
2011-10-19,United Kingdom,744,330,1.48
2011-10-19,Spain,852,639,3.93
2011-10-19,United Kingdom,1360,891,1.95
2011-10-19,United Kingdom,518,350,1.83
2011-10-19,United Kingdom,2249,1492,3.74
2011-10-19,United Kingdom,1761,771,2.76
2011-10-19,United Kingdom,1577,693,3.61
2011-10-19,United Kingdom,100,70,3.6
2011-10-19,United Kingdom,479,303,3.37
2011-10-19,United Kingdom,1940,930,3.48
2011-10-19,United Kingdom,1194,745,1.6
2011-10-19,United Kingdom,2012,933,1.98
2011-10-19,United Kingdom,127,80,3.3
2011-10-19,France,2004,879,3.38
2011-10-19,United Kingdom,2021,1091,1.78
2011-10-19,United Kingdom,1376,992,1.37
2011-10-19,United Kingdom,1593,1134,1.07
2011-10-19,United Kingdom,1008,780,2.26
2011-10-19,United Kingdom,2238,1500,1.77
2011-10-19,United Kingdom,1942,1174,4.01
2011-10-19,United Kingdom,3000,2134,1.94
2011-10-19,United Kingdom,792,557,1.45
2011-10-19,United Kingdom,2441,1794,2.4
2011-10-19,United Kingdom,1433,651,1.02
2011-10-19,United Kingdom,1606,835,2.31
2011-10-19,Portugal,1547,1003,2.13
2011-10-19,United Kingdom,2172,1100,2.71
2011-10-19,United Kingdom,690,533,4.16
2011-10-19,Germany,1891,974,1.55
2011-10-19,Cyprus,616,291,3.53
2011-10-19,United Kingdom,2511,1283,1.46
2011-10-19,United Kingdom,1619,1255,1.16
2011-10-19,United Kingdom,2055,1121,2.63
2011-10-19,United Kingdom,1803,1165,2.53
2011-10-19,United Kingdom,1781,1111,2.36
2011-10-19,United Kingdom,2257,987,4.19
2011-10-19,United Kingdom,2859,2264,4.31
2011-10-19,United Kingdom,1857,1473,4.27
2011-10-19,United Kingdom,1666,702,3.98
2011-10-19,United Kingdom,780,549,2.88
2011-10-19,United Kingdom,2981,1558,4.23
2011-10-19,United Kingdom,1645,1311,1.5
2011-10-19,United Kingdom,1424,938,3.65
2011-10-19,France,1488,1054,2.14
2011-10-19,United Kingdom,1443,960,2.33
2011-10-19,United Kingdom,2551,1605,2.53
2011-10-19,Germany,3452,1926,3.32
2011-10-19,United Kingdom,420,171,3.18
2011-10-19,United Kingdom,918,470,2.78
2011-10-19,United Kingdom,2300,1824,2.28
2011-10-19,United Kingdom,668,443,3.34
2011-10-20,United Kingdom,1917,1287,3.26
2011-10-20,United Kingdom,1667,861,4.38
2011-10-20,United Kingdom,1837,919,2.7
2011-10-20,United Kingdom,2336,1729,2.14
2011-10-20,EIRE,1179,909,2.91
2011-10-20,United Kingdom,1785,1238,3.33
2011-10-20,United Kingdom,1775,1410,4.44
2011-10-20,United Kingdom,919,549,4.27
2011-10-20,United Kingdom,540,314,3.89
2011-10-20,United Kingdom,1588,704,3.0
2011-10-20,United Kingdom,671,332,1.29
2011-10-20,United Kingdom,1044,451,1.39
2011-10-20,United Kingdom,1184,531,2.15
2011-10-20,United Kingdom,875,551,1.98
2011-10-20,United Kingdom,1319,574,2.13
2011-10-20,United Kingdom,2026,955,4.4
2011-10-20,United Kingdom,2694,1435,1.64
2011-10-20,United Kingdom,3096,1290,3.19
2011-10-20,United Kingdom,1716,987,2.56
2011-10-20,United Kingdom,127,52,3.08
2011-10-20,United Kingdom,2367,1521,1.41
2011-10-20,United Kingdom,1295,804,1.43
2011-10-20,United Kingdom,2025,1233,1.75
2011-10-20,United Kingdom,2596,1855,3.57
2011-10-20,United Kingdom,2048,1227,1.17
2011-10-20,United Kingdom,2945,1227,3.84
2011-10-20,United Kingdom,2026,976,3.34
2011-10-20,United Kingdom,1970,1163,2.34
2011-10-20,United Kingdom,2092,1429,2.23
2011-10-20,Netherlands,727,312,4.47
2011-10-20,United Kingdom,2297,1471,4.08
2011-10-20,United Kingdom,2496,1609,1.44
2011-10-20,United Kingdom,2340,1332,2.97
2011-10-20,United Kingdom,332,174,3.21
2011-10-20,United Kingdom,3027,2145,1.21
2011-10-20,United Kingdom,1978,1051,1.07
2011-10-20,Netherlands,100,66,1.79
2011-10-20,Netherlands,1118,497,4.48
2011-10-20,United Kingdom,1262,745,4.2
2011-10-20,Germany,1663,937,1.61
2011-10-20,United Kingdom,838,664,2.16
2011-10-20,United Kingdom,2118,1406,1.38
2011-10-20,United Kingdom,1523,764,4.04
2011-10-20,United Kingdom,2548,1246,3.96
2011-10-20,United Kingdom,1312,796,1.73
2011-10-20,Germany,2250,1692,1.06
2011-10-20,Germany,447,235,3.15
2011-10-20,United Kingdom,100,63,1.32
2011-10-20,United Kingdom,1765,1108,2.22
2011-10-20,Spain,3114,1865,2.64
2011-10-20,United Kingdom,2387,1458,3.6
2011-10-20,United Kingdom,2438,1923,2.34
2011-10-20,United Kingdom,1729,1358,4.01
2011-10-20,EIRE,2512,1706,1.72
2011-10-20,United Kingdom,1652,751,4.17
2011-10-20,United Kingdom,2773,2052,1.24
2011-10-20,United Kingdom,2218,1231,2.67
2011-10-20,United Kingdom,1560,922,4.3
2011-10-20,United Kingdom,1567,1160,1.21
2011-10-20,United Kingdom,1820,878,2.1
2011-10-20,United Kingdom,1733,1169,3.77
2011-10-20,United Kingdom,866,571,3.25
2011-10-20,United Kingdom,1016,421,4.24
2011-10-20,United Kingdom,1764,1064,1.93
2011-10-20,United Kingdom,1074,554,2.51
2011-10-20,United Kingdom,1705,1162,3.34
2011-10-20,United Kingdom,1708,1128,3.81
2011-10-20,United Kingdom,1697,1120,3.48
2011-10-20,France,1833,1280,2.02
2011-10-20,United Kingdom,2448,1761,2.06
2011-10-20,United Kingdom,773,452,3.23
2011-10-20,United Kingdom,762,557,3.13
2011-10-20,United Kingdom,1159,872,2.47
2011-10-20,United Kingdom,1817,1310,2.27
2011-10-20,United Kingdom,1964,852,4.34
2011-10-20,United Kingdom,1024,818,2.44
2011-10-20,United Kingdom,992,633,1.84
2011-10-20,United Kingdom,334,204,3.41
2011-10-20,United Kingdom,1010,660,1.42
2011-10-20,United Kingdom,787,439,3.99
2011-10-20,United Kingdom,916,610,2.64
2011-10-20,United Kingdom,1917,1017,1.39
2011-10-20,United Kingdom,1363,593,1.75
2011-10-20,United Kingdom,810,520,3.32
2011-10-20,United Kingdom,1720,1223,2.95
2011-10-20,United Kingdom,1890,979,1.98
2011-10-20,United Kingdom,2628,1426,2.95
2011-10-20,United Kingdom,219,169,3.09
2011-10-20,United Kingdom,1898,1060,2.49
2011-10-20,United Kingdom,203,113,1.6
2011-10-20,United Kingdom,840,386,3.12
2011-10-20,United Kingdom,2824,1823,4.28
2011-10-20,United Kingdom,1694,1283,3.97
2011-10-20,United Kingdom,1566,707,1.39
2011-10-20,United Kingdom,2463,1253,4.27
2011-10-20,United Kingdom,2293,1795,2.23
2011-10-20,United Kingdom,2391,1749,2.76
2011-10-20,United Kingdom,206,141,3.96
2011-10-20,EIRE,1490,1045,3.7
2011-10-20,United Kingdom,1833,1069,2.05
2011-10-21,United Kingdom,1813,1283,3.91
2011-10-21,Netherlands,714,375,1.8
2011-10-21,EIRE,850,621,2.2
2011-10-21,United Kingdom,2099,1643,2.19
2011-10-21,United Kingdom,2108,1339,2.35
2011-10-21,EIRE,495,327,3.64
2011-10-21,United Kingdom,2958,1653,2.74
2011-10-21,United Kingdom,2892,1719,2.39
2011-10-21,United Kingdom,1674,1296,4.34
2011-10-21,United Kingdom,1408,983,1.28
2011-10-21,United Kingdom,1670,1020,4.09
2011-10-21,Belgium,755,520,3.11
2011-10-21,Germany,1815,1178,2.72
2011-10-21,United Kingdom,789,381,2.82
2011-10-21,United Kingdom,2044,1276,1.85
2011-10-21,United Kingdom,2614,1600,2.27
2011-10-21,Denmark,2731,1754,1.12
2011-10-21,United Kingdom,2756,1644,2.33
2011-10-21,United Kingdom,2581,1321,2.39
2011-10-21,Denmark,2814,1801,4.02
2011-10-21,United Kingdom,102,42,4.15
2011-10-21,United Kingdom,2572,1331,4.38
2011-10-21,United Kingdom,3259,1442,3.59
2011-10-21,United Kingdom,497,300,2.83
2011-10-21,United Kingdom,988,673,2.61
2011-10-21,United Kingdom,1373,713,3.29
2011-10-21,United Kingdom,1014,734,3.01
2011-10-21,United Kingdom,633,414,4.3
2011-10-21,United Kingdom,1302,576,1.99
2011-10-21,United Kingdom,1129,611,3.73
2011-10-21,United Kingdom,2315,1123,4.47
2011-10-21,United Kingdom,1697,707,1.38
2011-10-21,United Kingdom,2046,847,1.16
2011-10-21,United Kingdom,1155,639,3.97
2011-10-21,United Kingdom,1354,1002,4.25
2011-10-21,United Kingdom,1919,1035,4.3
2011-10-21,USA,1803,743,1.82
2011-10-21,United Kingdom,1405,590,1.69
2011-10-21,United Kingdom,1326,960,3.94
2011-10-21,United Kingdom,1311,696,1.37
2011-10-21,United Kingdom,1826,1189,2.86
2011-10-21,United Kingdom,1778,872,2.41
2011-10-21,United Kingdom,3638,1982,1.23
2011-10-21,United Kingdom,1195,565,3.03
2011-10-21,United Kingdom,1197,490,3.05
2011-10-21,United Kingdom,2703,2117,1.76
2011-10-21,United Kingdom,1707,800,3.05
2011-10-21,United Kingdom,888,406,1.05
2011-10-21,United Kingdom,1432,718,2.97
2011-10-21,United Kingdom,1570,781,2.76
2011-10-21,United Kingdom,1579,819,1.96
2011-10-21,United Kingdom,1104,869,3.89
2011-10-21,Netherlands,1258,904,1.02
2011-10-21,United Kingdom,1147,543,2.23
2011-10-21,Netherlands,100,79,2.82
2011-10-21,United Kingdom,2794,1613,4.31
2011-10-21,United Kingdom,1436,581,3.05
2011-10-21,United Kingdom,2424,1412,3.84
2011-10-21,United Kingdom,459,211,4.43
2011-10-21,Germany,935,392,1.93
2011-10-21,United Kingdom,2429,1607,1.65
2011-10-21,United Kingdom,206,155,1.22
2011-10-21,United Kingdom,295,139,3.98
2011-10-21,United Kingdom,2424,1208,4.19
2011-10-21,United Kingdom,2964,1478,2.04
2011-10-23,Germany,2766,1634,2.4
2011-10-23,United Kingdom,1259,542,4.43
2011-10-23,United Kingdom,2204,1744,3.63
2011-10-23,United Kingdom,782,602,1.61
2011-10-23,United Kingdom,167,91,1.03
2011-10-23,United Kingdom,2214,1067,1.42
2011-10-23,United Kingdom,2121,1587,2.01
2011-10-23,United Kingdom,1009,604,1.54
2011-10-23,United Kingdom,3979,2856,2.62
2011-10-23,United Kingdom,1090,751,4.16
2011-10-23,United Kingdom,607,254,1.18
2011-10-23,United Kingdom,1491,623,4.21
2011-10-23,United Kingdom,3756,2051,3.09
2011-10-23,United Kingdom,1445,646,3.3
2011-10-23,United Kingdom,1574,1113,3.44
2011-10-23,United Kingdom,1217,611,3.14
2011-10-23,United Kingdom,2850,1766,4.01
2011-10-23,United Kingdom,1829,1312,1.45
2011-10-23,United Kingdom,2360,1581,3.29
2011-10-23,United Kingdom,1335,959,3.98
2011-10-23,United Kingdom,2664,1366,4.23
2011-10-23,United Kingdom,719,348,2.39
2011-10-23,United Kingdom,1363,651,2.5
2011-10-23,United Kingdom,2616,1648,4.46
2011-10-23,United Kingdom,1466,954,4.37
2011-10-23,United Kingdom,1234,938,2.12
2011-10-23,United Kingdom,1817,1110,2.87
2011-10-23,United Kingdom,1736,1016,2.96
2011-10-23,United Kingdom,194,118,1.76
2011-10-23,United Kingdom,1567,779,3.72
2011-10-23,United Kingdom,3063,1663,1.24
2011-10-23,United Kingdom,1255,854,1.42
2011-10-23,United Kingdom,1162,844,1.84
2011-10-23,United Kingdom,1109,709,1.61
2011-10-23,United Kingdom,1356,1044,3.45
2011-10-23,United Kingdom,1271,804,1.08
2011-10-23,United Kingdom,2017,968,4.07
2011-10-23,United Kingdom,134,87,1.9
2011-10-23,United Kingdom,2041,1398,3.21
2011-10-23,United Kingdom,1610,805,2.88
2011-10-23,United Kingdom,671,425,3.26
2011-10-23,United Kingdom,2692,1241,4.22
2011-10-24,United Kingdom,2548,1484,2.65
2011-10-24,United Kingdom,1295,753,3.37
2011-10-24,United Kingdom,2310,1111,1.91
2011-10-24,United Kingdom,848,648,2.34
2011-10-24,United Kingdom,1074,589,1.07
2011-10-24,United Kingdom,2508,1465,3.24
2011-10-24,United Kingdom,774,435,2.68
2011-10-24,United Kingdom,1510,935,2.81
2011-10-24,United Kingdom,2485,1537,2.21
2011-10-24,United Kingdom,1075,550,1.4
2011-10-24,United Kingdom,1227,889,2.25
2011-10-24,United Kingdom,491,204,2.97
2011-10-24,United Kingdom,3188,1392,2.45
2011-10-24,United Kingdom,2171,1485,2.39
2011-10-24,United Kingdom,1455,1063,1.14
2011-10-24,United Kingdom,100,71,2.66
2011-10-24,United Kingdom,727,567,1.33
2011-10-24,United Kingdom,1033,621,3.88
2011-10-24,United Kingdom,2054,932,1.79
2011-10-24,United Kingdom,100,54,1.23
2011-10-24,United Kingdom,1707,1173,1.22
2011-10-24,United Kingdom,1761,1362,3.35
2011-10-24,United Kingdom,1168,827,3.27
2011-10-24,United Kingdom,205,133,2.3
2011-10-24,United Kingdom,2023,1089,2.68
2011-10-24,United Kingdom,2789,1354,1.56
2011-10-24,United Kingdom,1637,1239,1.32
2011-10-24,United Kingdom,1745,759,1.83
2011-10-24,United Kingdom,2476,1449,1.94
2011-10-24,United Kingdom,1846,1182,1.92
2011-10-24,United Kingdom,1970,1223,1.53
2011-10-24,United Kingdom,1007,562,1.58
2011-10-24,United Kingdom,1191,922,3.34
2011-10-24,United Kingdom,1269,870,4.48
2011-10-24,United Kingdom,1760,1087,3.07
2011-10-24,United Kingdom,1140,628,2.87
2011-10-24,United Kingdom,1660,801,4.47
2011-10-24,United Kingdom,1736,1176,2.67
2011-10-24,United Kingdom,2796,1415,2.55
2011-10-24,United Kingdom,2241,1674,2.15
2011-10-24,United Kingdom,2502,1629,3.77
2011-10-24,Spain,1633,1176,1.86
2011-10-24,United Kingdom,1769,1055,3.94
2011-10-24,United Kingdom,1113,787,2.81
2011-10-24,United Kingdom,1639,790,2.01
2011-10-24,United Kingdom,835,450,1.48
2011-10-24,United Kingdom,3698,2870,2.93
2011-10-24,United Kingdom,1246,885,1.42
2011-10-24,United Kingdom,1902,1134,1.0
2011-10-24,United Kingdom,1677,1301,3.47
2011-10-24,United Kingdom,1815,834,1.25
2011-10-24,United Kingdom,1342,656,4.05
2011-10-24,United Kingdom,1822,798,3.9
2011-10-24,United Kingdom,1779,1338,3.2
2011-10-24,Italy,359,246,2.62
2011-10-24,United Kingdom,2784,1187,2.61
2011-10-24,United Kingdom,3565,1801,2.56
2011-10-24,EIRE,2355,1390,4.22
2011-10-24,United Kingdom,3120,2368,1.05
2011-10-24,United Kingdom,2698,1407,3.16
2011-10-24,United Kingdom,796,381,3.6
2011-10-24,United Kingdom,1023,552,3.77
2011-10-24,United Kingdom,1077,591,3.64
2011-10-24,United Kingdom,1348,1012,2.03
2011-10-24,United Kingdom,2149,1560,3.8
2011-10-24,United Kingdom,772,442,4.12
2011-10-24,United Kingdom,1777,1204,1.74
2011-10-24,United Kingdom,1035,746,2.68
2011-10-24,United Kingdom,740,298,2.43
2011-10-24,United Kingdom,1774,1051,1.29
2011-10-24,United Kingdom,1116,468,2.06
2011-10-24,United Kingdom,2260,1332,1.95
2011-10-24,United Kingdom,333,233,2.44
2011-10-24,United Kingdom,2202,1419,3.83
2011-10-24,Belgium,923,420,2.83
2011-10-24,United Kingdom,1418,1074,1.18
2011-10-24,United Kingdom,1160,563,1.32
2011-10-24,United Kingdom,1135,697,3.75
2011-10-24,EIRE,2562,1177,1.22
2011-10-24,United Kingdom,1315,609,1.88
2011-10-24,Germany,100,55,2.52
2011-10-24,United Kingdom,3643,2118,4.47
2011-10-24,United Kingdom,1305,754,2.74
2011-10-24,United Kingdom,544,427,2.4
2011-10-24,United Kingdom,1440,1075,2.5
2011-10-24,United Kingdom,1670,1145,3.55
2011-10-24,United Kingdom,484,219,1.4
2011-10-24,United Kingdom,1513,1115,2.85
2011-10-24,United Kingdom,1843,1197,3.78
2011-10-24,United Kingdom,2143,1638,3.98
2011-10-24,United Kingdom,1754,1302,2.19
2011-10-24,United Kingdom,1832,1089,2.98
2011-10-24,United Kingdom,734,427,4.23
2011-10-24,United Kingdom,2151,1258,2.91
2011-10-24,United Kingdom,1949,819,4.23
2011-10-24,United Kingdom,540,241,3.23
2011-10-24,United Kingdom,848,365,4.39
2011-10-24,United Kingdom,1795,979,1.72
2011-10-24,United Kingdom,2217,1624,3.41
2011-10-24,United Kingdom,1316,561,4.0
2011-10-24,United Kingdom,1145,531,2.94
2011-10-24,United Kingdom,1090,468,3.02
2011-10-24,United Kingdom,218,141,3.29
2011-10-24,Belgium,2346,1458,3.22
2011-10-24,United Kingdom,1414,1109,2.86
2011-10-24,United Kingdom,1715,1298,2.81
2011-10-24,United Kingdom,1374,945,4.01
2011-10-24,United Kingdom,1364,762,2.44
2011-10-24,United Kingdom,561,297,3.2
2011-10-24,United Kingdom,2813,1445,2.25
2011-10-24,United Kingdom,2054,939,3.36
2011-10-24,United Kingdom,100,52,1.59
2011-10-24,United Kingdom,983,511,2.57
2011-10-24,United Kingdom,2390,1234,1.44
2011-10-24,United Kingdom,2073,850,3.41
2011-10-24,United Kingdom,732,581,3.21
2011-10-24,United Kingdom,1045,483,1.24
2011-10-24,United Kingdom,535,298,3.94
2011-10-24,United Kingdom,1250,552,3.42
2011-10-24,United Kingdom,2157,880,3.04
2011-10-24,United Kingdom,852,494,3.2
2011-10-24,United Kingdom,2372,984,3.72
2011-10-24,United Kingdom,2033,845,1.29
2011-10-24,United Kingdom,1382,778,3.21
2011-10-25,United Kingdom,1897,1053,2.34
2011-10-25,Germany,1424,722,1.14
2011-10-25,Germany,1260,509,3.09
2011-10-25,United Kingdom,2202,1034,1.88
2011-10-25,United Kingdom,1495,907,3.24
2011-10-25,United Kingdom,1664,1169,3.44
2011-10-25,United Kingdom,1370,633,1.24
2011-10-25,United Kingdom,1938,1209,2.12
2011-10-25,Switzerland,2071,1463,3.19
2011-10-25,United Kingdom,100,78,1.74
2011-10-25,United Kingdom,1167,536,1.73
2011-10-25,United Kingdom,2522,1843,3.53
2011-10-25,United Kingdom,632,336,1.78
2011-10-25,United Kingdom,1792,812,3.68
2011-10-25,United Kingdom,1445,886,1.05
2011-10-25,United Kingdom,1101,833,2.99
2011-10-25,United Kingdom,2501,1429,2.19
2011-10-25,United Kingdom,2696,1265,2.05
2011-10-25,United Kingdom,1714,949,3.08
2011-10-25,United Kingdom,2539,1955,4.16
2011-10-25,United Kingdom,2772,1305,2.4
2011-10-25,United Kingdom,1179,545,4.0
2011-10-25,United Kingdom,1198,688,4.17
2011-10-25,United Kingdom,2236,1481,2.59
2011-10-25,United Kingdom,674,397,3.61
2011-10-25,United Kingdom,2454,1896,3.1
2011-10-25,United Kingdom,781,473,2.76
2011-10-25,United Kingdom,2827,2124,3.13
2011-10-25,United Kingdom,2271,1324,3.65
2011-10-25,United Kingdom,935,535,2.3
2011-10-25,United Kingdom,221,117,3.3
2011-10-25,United Kingdom,1403,592,3.81
2011-10-25,United Kingdom,3135,1367,2.82
2011-10-25,United Kingdom,960,585,3.49
2011-10-25,United Kingdom,1256,697,3.64
2011-10-25,United Kingdom,2140,1611,3.63
2011-10-25,United Kingdom,1752,701,1.56
2011-10-25,United Kingdom,1812,931,2.1
2011-10-25,United Kingdom,1466,833,3.51
2011-10-25,United Kingdom,1974,1520,4.18
2011-10-25,United Kingdom,1163,540,2.68
2011-10-25,United Kingdom,2238,897,2.91
2011-10-25,Portugal,346,163,2.94
2011-10-25,United Kingdom,2481,1615,2.47
2011-10-25,United Kingdom,827,345,4.22
2011-10-25,United Kingdom,1034,530,2.47
2011-10-25,United Kingdom,2508,1365,1.14
2011-10-25,United Kingdom,691,475,1.6
2011-10-25,United Kingdom,1824,1020,2.78
2011-10-25,United Kingdom,2938,1853,3.85
2011-10-25,United Kingdom,2399,1715,1.15
2011-10-25,United Kingdom,2739,1436,2.63
2011-10-25,United Kingdom,1821,1253,2.94
2011-10-25,United Kingdom,2352,1681,1.51
2011-10-25,United Kingdom,2454,1948,4.16
2011-10-25,United Kingdom,240,133,3.67
2011-10-25,United Kingdom,2079,1130,3.07
2011-10-25,Italy,2506,1777,2.18
2011-10-25,United Kingdom,100,40,2.78
2011-10-25,United Kingdom,2028,857,2.52
2011-10-25,United Kingdom,1006,742,2.47
2011-10-25,United Kingdom,1170,683,1.15
2011-10-25,United Kingdom,598,449,2.08
2011-10-25,United Kingdom,810,507,4.21
2011-10-25,United Kingdom,444,286,3.49
2011-10-25,United Kingdom,2394,1763,4.49
2011-10-25,United Kingdom,1838,1040,4.37
2011-10-25,United Kingdom,1150,607,3.34
2011-10-25,United Kingdom,660,271,3.04
2011-10-25,United Kingdom,1218,901,3.32
2011-10-25,United Kingdom,947,647,3.95
2011-10-25,United Kingdom,2420,984,2.46
2011-10-25,United Kingdom,309,231,2.79
2011-10-25,United Kingdom,908,547,3.23
2011-10-25,United Kingdom,1531,1018,4.42
2011-10-25,United Kingdom,1965,802,3.16
2011-10-25,United Kingdom,2518,1183,3.87
2011-10-25,United Kingdom,1610,697,1.28
2011-10-25,United Kingdom,2168,1253,3.52
2011-10-25,United Kingdom,2564,1514,1.86
2011-10-25,United Kingdom,100,71,1.93
2011-10-25,United Kingdom,1114,633,1.93
2011-10-25,United Kingdom,1371,689,1.4
2011-10-25,United Kingdom,2301,1320,1.27
2011-10-25,United Kingdom,745,335,2.78
2011-10-25,United Kingdom,1700,1063,3.49
2011-10-25,United Kingdom,2438,1687,1.27
2011-10-25,United Kingdom,2391,1235,3.41
2011-10-25,United Kingdom,2018,1147,4.01
2011-10-25,United Kingdom,2221,1469,2.07
2011-10-25,United Kingdom,1838,1341,2.93
2011-10-25,United Kingdom,764,408,3.57
2011-10-25,United Kingdom,1363,801,1.91
2011-10-25,United Kingdom,2239,1175,3.71
2011-10-25,United Kingdom,1976,1244,1.1
2011-10-25,United Kingdom,1780,896,3.88
2011-10-25,United Kingdom,1591,700,4.2
2011-10-25,United Kingdom,1628,783,3.58
2011-10-25,United Kingdom,1688,895,1.16
2011-10-25,United Kingdom,1091,729,1.3
2011-10-25,United Kingdom,736,411,4.18
2011-10-25,United Kingdom,100,63,2.66
2011-10-26,United Kingdom,2455,1021,1.4
2011-10-26,Italy,1559,996,1.76
2011-10-26,United Kingdom,768,431,2.16
2011-10-26,Japan,1260,908,1.61
2011-10-26,United Kingdom,188,147,4.05
2011-10-26,United Kingdom,958,448,4.44
2011-10-26,United Kingdom,1400,1112,2.15
2011-10-26,United Kingdom,2248,1756,3.84
2011-10-26,United Kingdom,1133,511,3.65
2011-10-26,United Kingdom,112,74,4.0
2011-10-26,Switzerland,2348,1306,1.6
2011-10-26,United Kingdom,1291,869,1.5
2011-10-26,United Kingdom,1843,948,3.84
2011-10-26,United Kingdom,530,334,1.41
2011-10-26,United Kingdom,1660,1033,1.48
2011-10-26,United Kingdom,2579,1286,3.87
2011-10-26,United Kingdom,733,533,2.29
2011-10-26,United Kingdom,100,76,3.34
2011-10-26,United Kingdom,1655,896,2.93
2011-10-26,United Kingdom,1913,1134,1.23
2011-10-26,United Kingdom,2517,1587,1.95
2011-10-26,United Kingdom,2069,1034,3.25
2011-10-26,United Kingdom,1076,591,2.57
2011-10-26,United Kingdom,1583,852,2.78
2011-10-26,United Kingdom,175,78,2.24
2011-10-26,United Kingdom,1212,754,2.89
2011-10-26,United Kingdom,1492,862,4.08
2011-10-26,United Kingdom,130,52,3.69
2011-10-26,United Kingdom,2637,1555,4.07
2011-10-26,United Kingdom,1505,1150,1.06
2011-10-26,United Kingdom,757,421,2.35
2011-10-26,United Kingdom,525,355,4.14
2011-10-26,United Kingdom,1497,766,1.91
2011-10-26,United Kingdom,386,174,3.5
2011-10-26,United Kingdom,2677,1666,1.64
2011-10-26,United Kingdom,1563,1078,3.69
2011-10-26,United Kingdom,100,43,2.46
2011-10-26,United Kingdom,857,632,2.6
2011-10-26,United Kingdom,2958,1834,2.93
2011-10-26,United Kingdom,2001,1223,4.25
2011-10-26,United Kingdom,1838,830,3.98
2011-10-26,United Kingdom,1877,1215,3.3
2011-10-26,United Kingdom,485,222,2.81
2011-10-26,United Kingdom,2759,1186,2.11
2011-10-26,United Kingdom,3201,2411,1.02
2011-10-26,United Kingdom,2429,1033,2.38
2011-10-26,United Kingdom,1552,1034,3.2
2011-10-26,United Kingdom,1866,1046,1.46
2011-10-26,United Kingdom,1783,772,1.04
2011-10-26,United Kingdom,965,579,2.62
2011-10-26,Japan,1628,942,3.75
2011-10-26,United Kingdom,1334,679,2.06
2011-10-26,United Kingdom,419,295,1.74
2011-10-26,United Kingdom,2418,1925,2.51
2011-10-26,United Kingdom,1204,755,1.24
2011-10-26,United Kingdom,1140,881,2.88
2011-10-26,United Kingdom,100,66,1.26
2011-10-26,United Kingdom,2597,1465,1.36
2011-10-26,United Kingdom,2062,1520,4.41
2011-10-26,United Kingdom,375,217,1.18
2011-10-26,United Kingdom,100,68,1.83
2011-10-26,United Kingdom,244,133,3.6
2011-10-26,Spain,654,470,1.4
2011-10-26,Belgium,1115,885,3.88
2011-10-26,United Kingdom,917,594,3.71
2011-10-26,United Kingdom,1266,778,4.05
2011-10-26,United Kingdom,1410,1001,1.62
2011-10-26,United Kingdom,258,130,1.57
2011-10-26,United Kingdom,2577,1964,1.44
2011-10-26,Germany,1983,1504,1.68
2011-10-26,Switzerland,2577,1825,4.34
2011-10-26,United Kingdom,166,126,3.74
2011-10-26,United Kingdom,2341,1225,4.38
2011-10-26,United Kingdom,2092,944,1.87
2011-10-26,United Kingdom,750,319,1.25
2011-10-26,United Kingdom,1762,1226,3.14
2011-10-26,United Kingdom,762,534,2.61
2011-10-26,United Kingdom,650,345,3.94
2011-10-26,United Kingdom,1662,856,1.2
2011-10-26,United Kingdom,1808,1135,3.42
2011-10-26,United Kingdom,2010,875,2.94
2011-10-26,United Kingdom,1028,435,3.5
2011-10-26,United Kingdom,1668,1320,1.49
2011-10-26,United Kingdom,543,415,1.84
2011-10-26,United Kingdom,2571,1287,4.18
2011-10-26,United Kingdom,1050,816,4.46
2011-10-26,United Kingdom,684,312,2.6
2011-10-26,United Kingdom,1834,1027,2.67
2011-10-26,United Kingdom,1321,557,1.07
2011-10-26,United Kingdom,959,681,3.25
2011-10-26,United Kingdom,1282,550,1.78
2011-10-26,United Kingdom,1507,926,1.6
2011-10-26,United Kingdom,1492,912,4.0
2011-10-26,United Kingdom,2011,1070,1.72
2011-10-26,United Kingdom,1790,1094,1.44
2011-10-27,United Kingdom,2106,1590,3.27
2011-10-27,United Kingdom,2879,1807,2.2
2011-10-27,France,2178,875,1.66
2011-10-27,United Kingdom,1787,1011,4.35
2011-10-27,United Kingdom,1079,677,1.7
2011-10-27,United Kingdom,1072,718,1.63
2011-10-27,United Kingdom,1939,1410,2.37
2011-10-27,United Kingdom,1511,681,3.97
2011-10-27,United Kingdom,1484,842,3.76
2011-10-27,United Kingdom,1264,647,3.15
2011-10-27,United Kingdom,853,430,3.41
2011-10-27,Italy,1709,1188,2.03
2011-10-27,United Kingdom,1204,901,4.27
2011-10-27,United Kingdom,1766,806,3.68
2011-10-27,United Kingdom,1201,775,3.98
2011-10-27,Finland,1044,632,1.94
2011-10-27,United Kingdom,100,74,2.85
2011-10-27,France,1735,1007,3.48
2011-10-27,United Kingdom,933,480,2.64
2011-10-27,United Kingdom,1488,727,2.91
2011-10-27,United Kingdom,420,278,2.7
2011-10-27,France,1152,650,3.16
2011-10-27,United Kingdom,2108,1596,3.45
2011-10-27,United Kingdom,100,41,1.64
2011-10-27,United Kingdom,410,252,1.28
2011-10-27,United Kingdom,2199,1293,1.89
2011-10-27,United Kingdom,225,162,1.79
2011-10-27,United Kingdom,2172,1023,3.45
2011-10-27,United Kingdom,2359,1366,1.74
2011-10-27,United Kingdom,2119,1407,4.31
2011-10-27,United Kingdom,106,55,2.96
2011-10-27,Netherlands,1519,1066,3.02
2011-10-27,Netherlands,384,291,2.11
2011-10-27,Netherlands,3186,1579,1.37
2011-10-27,United Kingdom,959,479,3.43
2011-10-27,United Kingdom,1609,999,4.11
2011-10-27,United Kingdom,2605,1551,3.38
2011-10-27,United Kingdom,318,144,1.2
2011-10-27,United Kingdom,782,442,3.06
2011-10-27,United Kingdom,1046,581,2.95
2011-10-27,United Kingdom,763,599,2.08
2011-10-27,EIRE,150,88,4.09
2011-10-27,United Kingdom,1090,677,2.28
2011-10-27,United Kingdom,1577,1091,2.61
2011-10-27,United Kingdom,143,90,1.47
2011-10-27,United Kingdom,984,584,3.93
2011-10-27,United Kingdom,1891,975,3.4
2011-10-27,United Kingdom,1966,1469,2.28
2011-10-27,United Kingdom,984,500,4.18
2011-10-27,United Kingdom,2206,1127,1.25
2011-10-27,United Kingdom,507,269,2.81
2011-10-27,United Kingdom,1390,637,1.08
2011-10-27,United Kingdom,1462,1160,2.34
2011-10-27,United Kingdom,1177,940,1.55
2011-10-27,Norway,905,699,3.54
2011-10-27,France,1588,883,3.33
2011-10-27,Germany,405,210,1.63
2011-10-27,United Kingdom,1880,1030,1.71
2011-10-27,United Kingdom,1560,835,1.85
2011-10-27,United Kingdom,2404,1812,3.8
2011-10-27,United Kingdom,1342,661,2.04
2011-10-27,United Kingdom,1736,806,2.48
2011-10-27,United Kingdom,1780,903,3.13
2011-10-27,United Kingdom,1148,557,1.46
2011-10-27,United Kingdom,999,479,2.09
2011-10-27,France,1420,759,2.53
2011-10-27,United Kingdom,2283,1170,3.58
2011-10-27,France,1128,831,1.76
2011-10-27,France,1456,1093,2.62
2011-10-27,United Kingdom,1470,774,3.31
2011-10-27,United Kingdom,1235,721,3.85
2011-10-27,United Kingdom,1705,1296,3.96
2011-10-27,United Kingdom,2065,1140,1.61
2011-10-27,United Kingdom,756,367,2.94
2011-10-27,United Kingdom,1115,493,2.42
2011-10-27,United Kingdom,1001,568,4.31
2011-10-27,United Kingdom,2017,1163,2.87
2011-10-27,United Kingdom,1454,1112,3.96
2011-10-27,United Kingdom,1467,1158,1.46
2011-10-27,United Kingdom,450,316,3.68
2011-10-27,United Kingdom,1754,1143,3.38
2011-10-27,United Kingdom,2448,1822,2.54
2011-10-27,United Kingdom,1444,659,4.3
2011-10-27,United Kingdom,741,418,1.62
2011-10-27,United Kingdom,1498,936,1.44
2011-10-27,United Kingdom,856,682,4.1
2011-10-27,Germany,678,419,3.77
2011-10-27,United Kingdom,3349,2513,4.34
2011-10-27,Norway,2578,1879,4.29
2011-10-27,United Kingdom,1091,651,3.36
2011-10-27,United Kingdom,1359,868,1.9
2011-10-27,United Kingdom,1557,1185,4.01
2011-10-27,United Kingdom,1727,1003,4.09
2011-10-27,United Kingdom,1328,801,4.02
2011-10-27,United Kingdom,1813,735,3.64
2011-10-27,United Kingdom,1738,1009,1.0
2011-10-27,United Kingdom,2302,1113,1.21
2011-10-27,United Kingdom,536,263,2.24
2011-10-27,United Kingdom,1029,652,3.44
2011-10-27,United Kingdom,100,75,2.01
2011-10-27,United Kingdom,1424,1099,2.59
2011-10-27,United Kingdom,1061,610,1.08
2011-10-27,United Kingdom,3081,1580,1.26
2011-10-27,United Kingdom,754,399,3.01
2011-10-27,United Kingdom,809,485,2.25
2011-10-27,United Kingdom,2338,1480,2.85
2011-10-27,United Kingdom,2156,1130,3.55
2011-10-27,United Kingdom,608,348,3.41
2011-10-27,United Kingdom,724,313,3.85
2011-10-27,United Kingdom,364,175,2.2
2011-10-27,United Kingdom,1014,623,3.65
2011-10-27,United Kingdom,2413,1326,4.3
2011-10-27,Germany,2162,1598,4.38
2011-10-27,United Kingdom,1557,961,1.43
2011-10-27,United Kingdom,408,280,3.61
2011-10-27,United Kingdom,2521,1963,1.45
2011-10-27,United Kingdom,100,46,4.48
2011-10-27,United Kingdom,2638,1707,2.46
2011-10-27,United Kingdom,2089,1453,4.14
2011-10-27,United Kingdom,2017,1159,2.63
2011-10-27,United Kingdom,699,486,2.44
2011-10-27,United Kingdom,2356,1333,3.78
2011-10-27,United Kingdom,1325,791,1.76
2011-10-27,United Kingdom,3023,1395,3.3
2011-10-27,United Kingdom,2099,1230,1.03
2011-10-27,United Kingdom,1224,627,2.98
2011-10-27,United Kingdom,1028,602,2.28
2011-10-27,United Kingdom,2068,1239,4.01
2011-10-27,United Kingdom,775,404,3.04
2011-10-28,France,1554,989,3.67
2011-10-28,Hong Kong,2237,1396,2.94
2011-10-28,United Kingdom,1792,1182,4.0
2011-10-28,United Kingdom,1650,852,2.54
2011-10-28,United Kingdom,1497,1062,3.98
2011-10-28,United Kingdom,2802,1585,2.81
2011-10-28,United Kingdom,416,262,3.66
2011-10-28,United Kingdom,906,543,2.94
2011-10-28,United Kingdom,721,349,2.55
2011-10-28,United Kingdom,2280,1009,4.07
2011-10-28,United Kingdom,2570,1998,3.88
2011-10-28,United Kingdom,1198,504,1.24
2011-10-28,United Kingdom,995,775,2.14
2011-10-28,United Kingdom,1678,1066,2.66
2011-10-28,United Kingdom,660,348,2.65
2011-10-28,United Kingdom,1200,501,1.3
2011-10-28,United Kingdom,2308,1707,2.36
2011-10-28,United Kingdom,1010,619,2.54
2011-10-28,Belgium,316,166,3.92
2011-10-28,United Kingdom,966,403,3.11
2011-10-28,United Kingdom,1849,905,3.0
2011-10-28,United Kingdom,1932,1254,1.32
2011-10-28,United Kingdom,1316,762,3.97
2011-10-28,United Kingdom,1379,670,3.6
2011-10-28,United Kingdom,777,610,3.35
2011-10-28,United Kingdom,101,63,1.44
2011-10-28,United Kingdom,1490,790,2.64
2011-10-28,United Kingdom,779,597,3.18
2011-10-28,United Kingdom,2051,1610,3.16
2011-10-28,Germany,2180,1311,3.26
2011-10-28,Norway,100,75,2.98
2011-10-28,United Kingdom,1869,1073,1.75
2011-10-28,Norway,2546,1932,1.01
2011-10-28,United Kingdom,924,611,2.81
2011-10-28,United Kingdom,1149,822,1.13
2011-10-28,United Kingdom,1878,1489,3.73
2011-10-28,United Kingdom,522,346,1.66
2011-10-28,United Kingdom,1663,893,2.66
2011-10-28,United Kingdom,2895,1785,4.18
2011-10-28,United Kingdom,1129,877,2.32
2011-10-28,United Kingdom,870,468,1.32
2011-10-28,United Kingdom,2063,1095,2.12
2011-10-28,United Kingdom,1973,945,1.43
2011-10-28,United Kingdom,2219,1139,2.8
2011-10-28,United Kingdom,2401,1694,2.63
2011-10-28,United Kingdom,1331,828,3.99
2011-10-28,United Kingdom,1573,794,1.75
2011-10-28,United Kingdom,1885,1106,1.85
2011-10-28,United Kingdom,1046,516,4.2
2011-10-28,United Kingdom,2926,2281,3.93
2011-10-28,United Kingdom,894,712,1.06
2011-10-28,United Kingdom,1730,708,2.12
2011-10-28,United Kingdom,929,639,3.69
2011-10-28,United Kingdom,1291,877,4.06
2011-10-28,France,980,530,2.63
2011-10-28,United Kingdom,882,377,1.86
2011-10-28,United Kingdom,1003,748,4.48
2011-10-28,United Kingdom,1828,756,2.61
2011-10-28,United Kingdom,1498,657,2.68
2011-10-28,United Kingdom,2083,1386,4.48
2011-10-28,United Kingdom,2374,1129,1.8
2011-10-28,United Kingdom,1966,1434,2.55
2011-10-28,United Kingdom,2507,1721,2.41
2011-10-28,United Kingdom,2510,1527,2.81
2011-10-28,United Kingdom,2745,2041,4.0
2011-10-28,Germany,1905,972,1.47
2011-10-28,United Kingdom,156,107,1.11
2011-10-28,Switzerland,1912,1025,3.41
2011-10-28,United Kingdom,2157,1051,2.52
2011-10-28,Germany,1434,792,4.14
2011-10-28,Switzerland,2367,1349,4.18
2011-10-28,United Kingdom,1163,735,3.1
2011-10-28,United Kingdom,1132,655,4.49
2011-10-28,United Kingdom,1202,616,4.15
2011-10-28,United Kingdom,1795,925,3.47
2011-10-28,United Kingdom,2691,1949,1.75
2011-10-28,United Kingdom,1690,886,3.75
2011-10-28,United Kingdom,2014,1171,2.24
2011-10-28,United Kingdom,2956,1943,4.35
2011-10-28,United Kingdom,2376,1677,4.39
2011-10-28,United Kingdom,100,70,2.27
2011-10-28,United Kingdom,1756,1005,2.38
2011-10-28,United Kingdom,1974,1414,2.4
2011-10-28,United Kingdom,1495,972,3.32
2011-10-28,United Kingdom,732,379,3.38
2011-10-28,United Kingdom,1494,817,4.48
2011-10-28,United Kingdom,2405,1056,1.73
2011-10-28,France,1904,1085,3.56
2011-10-28,United Kingdom,1132,556,1.7
2011-10-28,United Kingdom,1674,1268,1.66
2011-10-30,United Kingdom,1023,750,1.98
2011-10-30,United Kingdom,1525,746,1.69
2011-10-30,United Kingdom,2417,1685,3.92
2011-10-30,United Kingdom,100,64,3.57
2011-10-30,United Kingdom,1794,935,4.1
2011-10-30,United Kingdom,2669,1503,1.05
2011-10-30,United Kingdom,954,544,1.84
2011-10-30,United Kingdom,100,52,3.14
2011-10-30,United Kingdom,492,348,3.96
2011-10-30,United Kingdom,1741,952,2.96
2011-10-30,United Kingdom,980,517,3.77
2011-10-30,United Kingdom,1954,936,4.39
2011-10-30,United Kingdom,1289,913,2.3
2011-10-30,Sweden,100,40,3.94
2011-10-30,United Kingdom,791,401,3.85
2011-10-30,United Kingdom,2329,1482,2.83
2011-10-30,United Kingdom,100,60,2.91
2011-10-30,United Kingdom,1070,509,3.31
2011-10-30,United Kingdom,689,354,1.78
2011-10-30,United Kingdom,1382,1026,3.3
2011-10-30,United Kingdom,863,366,1.07
2011-10-30,United Kingdom,568,431,2.49
2011-10-30,United Kingdom,1576,890,1.04
2011-10-30,United Kingdom,1539,805,3.18
2011-10-30,United Kingdom,1499,1086,1.14
2011-10-30,United Kingdom,2442,1589,2.05
2011-10-30,United Kingdom,2027,1067,3.67
2011-10-30,United Kingdom,1756,764,3.6
2011-10-30,United Kingdom,852,677,1.47
2011-10-30,United Kingdom,274,151,3.33
2011-10-30,United Kingdom,635,269,3.02
2011-10-30,United Kingdom,185,90,2.78
2011-10-30,United Kingdom,1878,983,1.27
2011-10-30,United Kingdom,855,625,2.71
2011-10-30,United Kingdom,1760,945,4.37
2011-10-30,United Kingdom,2569,2001,3.59
2011-10-30,United Kingdom,1017,673,4.21
2011-10-30,United Kingdom,3654,2504,1.53
2011-10-30,United Kingdom,2160,1640,2.61
2011-10-30,Spain,1259,518,1.03
2011-10-30,United Kingdom,1390,1042,2.16
2011-10-30,United Kingdom,1783,885,4.06
2011-10-30,Italy,1603,1167,3.32
2011-10-30,United Kingdom,1165,768,1.22
2011-10-30,United Kingdom,759,587,1.93
2011-10-30,United Kingdom,1593,1041,1.4
2011-10-30,United Kingdom,1279,765,3.61
2011-10-30,United Kingdom,2542,1736,3.97
2011-10-30,United Kingdom,1103,734,3.79
2011-10-30,United Kingdom,1088,623,3.92
2011-10-30,United Kingdom,936,538,1.64
2011-10-30,United Kingdom,1511,1134,3.98
2011-10-30,United Kingdom,2005,1592,2.14
2011-10-30,United Kingdom,2154,1644,1.49
2011-10-30,United Kingdom,1272,743,2.68
2011-10-30,United Kingdom,1771,1337,3.33
2011-10-30,United Kingdom,1648,911,2.37
2011-10-30,United Kingdom,1065,673,1.68
2011-10-30,United Kingdom,498,308,1.32
2011-10-30,United Kingdom,1396,597,4.16
2011-10-30,United Kingdom,1441,977,3.26
2011-10-30,United Kingdom,2640,1981,2.46
2011-10-30,United Kingdom,1068,664,1.62
2011-10-30,United Kingdom,986,408,2.36
2011-10-30,United Kingdom,1190,870,3.52
2011-10-30,United Kingdom,687,475,1.71
2011-10-30,United Kingdom,632,356,3.85
2011-10-30,EIRE,1832,1330,4.19
2011-10-30,United Kingdom,699,535,3.29
2011-10-30,United Kingdom,1193,691,1.66
2011-10-30,United Kingdom,1924,1220,3.31
2011-10-30,United Kingdom,2128,1599,2.68
2011-10-30,United Kingdom,1530,683,2.36
2011-10-30,United Kingdom,1335,782,4.21
2011-10-30,United Kingdom,1083,725,3.96
2011-10-30,United Kingdom,469,275,1.7
2011-10-30,United Kingdom,2745,1471,3.81
2011-10-30,Belgium,661,528,2.23
2011-10-30,France,100,58,3.36
2011-10-30,United Kingdom,2680,1198,3.2
2011-10-30,United Kingdom,1377,1056,1.82
2011-10-30,United Kingdom,1423,728,3.77
2011-10-30,United Kingdom,2020,1518,1.18
2011-10-30,United Kingdom,1756,1006,2.04
2011-10-30,United Kingdom,2074,1463,3.61
2011-10-30,United Kingdom,1188,846,2.69
2011-10-30,United Kingdom,1258,650,2.47
2011-10-30,United Kingdom,1514,829,4.23
2011-10-30,United Kingdom,2634,1715,3.32
2011-10-30,United Kingdom,1637,910,4.4
2011-10-30,United Kingdom,1801,1431,2.59
2011-10-31,United Kingdom,927,620,4.41
2011-10-31,Germany,2049,1446,4.49
2011-10-31,United Kingdom,1616,933,3.91
2011-10-31,United Kingdom,1630,936,1.26
2011-10-31,United Kingdom,2175,1413,3.44
2011-10-31,United Kingdom,1887,1440,2.88
2011-10-31,United Kingdom,2201,1028,2.21
2011-10-31,United Kingdom,1911,902,3.67
2011-10-31,Germany,1638,784,4.33
2011-10-31,United Kingdom,655,425,2.05
2011-10-31,United Kingdom,1778,1369,3.74
2011-10-31,United Kingdom,950,418,4.4
2011-10-31,France,976,652,1.14
2011-10-31,Germany,2626,2080,3.0
2011-10-31,France,971,549,1.85
2011-10-31,United Kingdom,713,289,3.93
2011-10-31,United Kingdom,560,237,4.16
2011-10-31,United Kingdom,827,620,2.33
2011-10-31,United Kingdom,1621,1038,1.68
2011-10-31,United Kingdom,1219,518,3.0
2011-10-31,United Kingdom,1950,1498,1.3
2011-10-31,United Kingdom,1714,1221,2.19
2011-10-31,United Kingdom,1149,628,1.43
2011-10-31,United Kingdom,1987,1074,2.92
2011-10-31,United Kingdom,553,370,3.61
2011-10-31,United Kingdom,2883,2087,2.71
2011-10-31,United Kingdom,1374,1091,2.99
2011-10-31,United Kingdom,1754,817,4.29
2011-10-31,United Kingdom,2642,1080,4.29
2011-10-31,United Kingdom,430,284,3.03
2011-10-31,United Kingdom,1841,812,1.99
2011-10-31,United Kingdom,1736,744,2.65
2011-10-31,United Kingdom,636,274,1.67
2011-10-31,United Kingdom,1485,1010,4.16
2011-10-31,United Kingdom,740,389,1.55
2011-10-31,United Kingdom,1767,1174,2.66
2011-10-31,United Kingdom,1301,803,1.52
2011-10-31,United Kingdom,1677,1182,3.22
2011-10-31,United Kingdom,1760,762,3.82
2011-10-31,Italy,100,45,1.65
2011-10-31,United Kingdom,2460,1382,1.61
2011-10-31,Iceland,1564,1195,4.35
2011-10-31,United Kingdom,579,424,1.37
2011-10-31,United Kingdom,100,40,2.05
2011-10-31,United Kingdom,2363,1652,4.22
2011-10-31,United Kingdom,2025,1046,3.85
2011-10-31,United Kingdom,1131,513,2.12
2011-10-31,United Kingdom,1193,798,2.55
2011-10-31,United Kingdom,2209,1570,2.01
2011-10-31,United Kingdom,2040,1481,1.35
2011-10-31,United Kingdom,1048,691,3.42
2011-10-31,United Kingdom,2161,1722,1.74
2011-10-31,United Kingdom,1971,1024,1.62
2011-10-31,United Kingdom,662,324,3.8
2011-10-31,United Kingdom,2433,1515,1.85
2011-10-31,United Kingdom,1137,585,4.32
2011-10-31,United Kingdom,2415,1058,3.04
2011-10-31,United Kingdom,367,155,4.39
2011-10-31,United Kingdom,1043,501,3.15
2011-10-31,United Kingdom,1602,1057,1.4
2011-10-31,United Kingdom,1972,1147,1.88
2011-10-31,United Kingdom,124,50,1.06
2011-10-31,United Kingdom,1206,828,4.38
2011-10-31,United Kingdom,3104,2152,4.41
2011-10-31,United Kingdom,1185,768,3.05
2011-10-31,United Kingdom,100,62,2.18
2011-10-31,United Kingdom,1562,782,3.63
2011-10-31,EIRE,1426,870,3.04
2011-10-31,United Kingdom,2700,1609,1.74
2011-10-31,United Kingdom,989,536,4.36
2011-10-31,United Kingdom,1657,839,1.09
2011-10-31,United Kingdom,492,235,3.05
2011-10-31,United Kingdom,1904,802,4.32
2011-10-31,Finland,1486,929,2.54
2011-10-31,United Kingdom,1971,1096,1.38
2011-10-31,United Kingdom,1110,512,4.31
2011-10-31,United Kingdom,896,487,1.09
2011-10-31,United Kingdom,1329,991,3.62
2011-10-31,United Kingdom,2009,935,2.86
2011-10-31,United Kingdom,516,293,2.2
2011-10-31,United Kingdom,951,748,1.44
2011-10-31,United Kingdom,2646,1239,1.98
2011-10-31,Germany,1769,1105,2.46
2011-10-31,United Kingdom,2680,1678,3.4
2011-10-31,United Kingdom,1884,822,4.0
2011-10-31,Belgium,1175,619,3.77
2011-10-31,United Kingdom,1949,1091,2.15
2011-10-31,United Kingdom,1730,750,1.3
2011-10-31,United Kingdom,1931,1125,2.11
2011-10-31,United Kingdom,1677,675,3.95
2011-10-31,United Kingdom,1535,824,1.06
2011-10-31,United Kingdom,2066,1081,1.86
2011-10-31,United Kingdom,1910,1394,3.09
2011-10-31,United Kingdom,1270,904,3.93
2011-11-01,United Kingdom,140,61,3.89
2011-11-01,United Kingdom,267,121,2.09
2011-11-01,United Kingdom,354,246,2.39
2011-11-01,United Kingdom,1346,785,2.82
2011-11-01,EIRE,1550,832,2.95
2011-11-01,United Kingdom,100,64,4.01
2011-11-01,United Kingdom,2351,1627,2.56
2011-11-01,United Kingdom,208,105,4.29
2011-11-01,United Kingdom,1401,934,3.19
2011-11-01,United Kingdom,383,300,1.57
2011-11-01,United Kingdom,2023,1606,2.32
2011-11-01,United Kingdom,1758,1234,2.44
2011-11-01,United Kingdom,1828,939,2.67
2011-11-01,United Kingdom,2152,1387,1.68
2011-11-01,United Kingdom,890,437,1.63
2011-11-01,United Kingdom,1064,770,4.1
2011-11-01,United Kingdom,1694,876,3.48
2011-11-01,United Kingdom,1794,810,2.82
2011-11-01,United Kingdom,1846,1289,4.34
2011-11-01,United Kingdom,3523,2093,2.83
2011-11-01,Italy,296,168,3.36
2011-11-01,United Kingdom,1667,793,4.0
2011-11-01,United Kingdom,1757,1022,4.04
2011-11-01,United Kingdom,1074,799,2.61
2011-11-01,United Kingdom,1160,780,4.25
2011-11-01,United Kingdom,1616,1139,2.75
2011-11-01,United Kingdom,284,117,2.43
2011-11-01,United Kingdom,1620,864,4.15
2011-11-01,United Kingdom,1260,906,1.45
2011-11-01,United Kingdom,1313,618,2.6
2011-11-01,United Kingdom,2660,1577,2.56
2011-11-01,United Kingdom,398,235,1.91
2011-11-01,United Kingdom,1633,1296,3.1
2011-11-01,United Kingdom,1866,746,4.2
2011-11-01,United Kingdom,809,539,3.62
2011-11-01,United Kingdom,1226,658,4.42
2011-11-01,United Kingdom,1117,798,3.17
2011-11-01,United Kingdom,1127,886,1.03
2011-11-01,United Kingdom,1141,740,2.11
2011-11-01,United Kingdom,2913,2034,2.25
2011-11-01,United Kingdom,197,139,3.77
2011-11-01,United Kingdom,1487,895,2.59
2011-11-01,United Kingdom,1462,771,2.83
2011-11-01,United Kingdom,1092,828,4.4
2011-11-01,France,1647,1169,2.4
2011-11-01,France,100,74,4.25
2011-11-01,France,1558,1054,2.59
2011-11-01,United Kingdom,1148,686,1.94
2011-11-01,United Kingdom,1572,930,4.49
2011-11-01,United Kingdom,1772,1391,3.73
2011-11-01,United Kingdom,578,426,2.38
2011-11-01,United Kingdom,1807,1000,1.06
2011-11-01,United Kingdom,1902,1271,1.91
2011-11-01,United Kingdom,1736,972,1.72
2011-11-01,United Kingdom,1272,735,3.1
2011-11-01,United Kingdom,132,77,1.84
2011-11-01,United Kingdom,1252,640,2.32
2011-11-01,United Kingdom,717,423,3.89
2011-11-01,United Kingdom,1548,686,4.03
2011-11-01,United Kingdom,1015,600,3.09
2011-11-01,United Kingdom,1644,1105,3.77
2011-11-01,United Kingdom,1541,684,2.94
2011-11-01,United Kingdom,2773,1506,1.92
2011-11-01,United Kingdom,100,41,2.18
2011-11-01,United Kingdom,2946,1471,4.05
2011-11-01,United Kingdom,2575,1334,2.82
2011-11-01,United Kingdom,2301,1033,3.98
2011-11-01,France,1228,495,2.02
2011-11-01,EIRE,892,412,2.16
2011-11-01,United Kingdom,3232,1619,1.81
2011-11-01,United Kingdom,1532,1205,1.05
2011-11-01,United Kingdom,1163,643,2.28
2011-11-01,United Kingdom,1716,969,4.35
2011-11-01,United Kingdom,2188,1706,2.96
2011-11-01,United Kingdom,1885,756,4.19
2011-11-01,United Kingdom,934,495,1.96
2011-11-01,United Kingdom,1992,1127,1.67
2011-11-01,United Kingdom,1455,1072,2.59
2011-11-01,United Kingdom,492,241,3.82
2011-11-01,United Kingdom,1027,725,2.79
2011-11-01,United Kingdom,1160,718,1.57
2011-11-01,United Kingdom,257,192,4.33
2011-11-01,United Kingdom,2729,1980,1.78
2011-11-01,United Kingdom,100,61,4.15
2011-11-01,United Kingdom,1675,1001,2.74
2011-11-01,United Kingdom,424,287,2.44
2011-11-01,United Kingdom,2395,1658,3.56
2011-11-01,United Kingdom,1658,1166,1.47
2011-11-01,United Kingdom,1738,950,2.11
2011-11-01,United Kingdom,1723,1260,3.39
2011-11-01,United Kingdom,1201,870,3.18
2011-11-01,United Kingdom,1897,1501,3.1
2011-11-01,United Kingdom,2592,1553,3.92
2011-11-01,United Kingdom,2461,1332,2.56
2011-11-01,United Kingdom,1780,1051,4.33
2011-11-01,United Kingdom,1968,1164,2.21
2011-11-02,United Kingdom,288,178,3.5
2011-11-02,United Kingdom,2595,1610,3.52
2011-11-02,United Kingdom,1901,1512,1.76
2011-11-02,United Kingdom,1797,848,1.33
2011-11-02,United Kingdom,497,329,3.89
2011-11-02,United Kingdom,2838,1411,2.27
2011-11-02,United Kingdom,1805,1064,3.78
2011-11-02,United Kingdom,2786,1360,1.69
2011-11-02,United Kingdom,1691,944,3.59
2011-11-02,United Kingdom,1114,606,2.67
2011-11-02,United Kingdom,720,294,4.28
2011-11-02,United Kingdom,2915,1718,3.02
2011-11-02,United Kingdom,351,197,3.25
2011-11-02,United Kingdom,1921,936,2.68
2011-11-02,United Kingdom,2231,1069,4.31
2011-11-02,United Kingdom,1947,1143,2.11
2011-11-02,United Kingdom,1893,926,1.81
2011-11-02,United Kingdom,1762,1333,1.35
2011-11-02,United Kingdom,2578,1540,3.48
2011-11-02,United Kingdom,2341,1439,4.23
2011-11-02,United Kingdom,121,83,1.12
2011-11-02,United Kingdom,2171,1034,3.48
2011-11-02,United Kingdom,2416,1412,4.18
2011-11-02,United Kingdom,1423,777,1.18
2011-11-02,United Kingdom,1887,1423,2.49
2011-11-02,United Kingdom,2063,993,4.29
2011-11-02,United Kingdom,1588,770,3.31
2011-11-02,United Kingdom,427,260,3.34
2011-11-02,United Kingdom,2381,1544,2.44
2011-11-02,United Kingdom,1928,1189,1.67
2011-11-02,United Kingdom,1468,917,1.74
2011-11-02,United Kingdom,2210,993,2.62
2011-11-02,Poland,3259,1374,1.79
2011-11-02,United Kingdom,2365,1682,1.09
2011-11-02,United Kingdom,429,274,2.96
2011-11-02,United Kingdom,1889,835,2.78
2011-11-02,United Kingdom,100,75,4.49
2011-11-02,United Kingdom,3066,1965,1.54
2011-11-02,United Kingdom,2771,1982,4.44
2011-11-02,Australia,2374,1511,3.1
2011-11-02,United Kingdom,1705,747,3.24
2011-11-02,United Kingdom,1331,733,4.04
2011-11-02,Australia,538,270,3.53
2011-11-02,United Kingdom,1355,895,4.23
2011-11-02,United Kingdom,1483,892,1.14
2011-11-02,Italy,1036,592,3.6
2011-11-02,United Kingdom,2575,1751,3.24
2011-11-02,United Kingdom,1600,880,4.41
2011-11-02,United Kingdom,895,512,3.13
2011-11-02,United Kingdom,2362,1561,4.11
2011-11-02,United Kingdom,1657,705,2.18
2011-11-02,United Kingdom,1941,1456,3.16
2011-11-02,United Kingdom,1081,764,2.31
2011-11-02,United Kingdom,3004,1694,2.62
2011-11-02,United Kingdom,2803,1193,3.72
2011-11-02,United Kingdom,1811,1189,2.94
2011-11-02,United Kingdom,100,62,4.06
2011-11-02,United Kingdom,769,530,2.54
2011-11-02,United Kingdom,878,662,1.27
2011-11-02,United Kingdom,2435,1039,3.63
2011-11-02,United Kingdom,2398,1623,1.36
2011-11-02,United Kingdom,1696,847,3.53
2011-11-02,United Kingdom,2715,1303,3.78
2011-11-02,United Kingdom,100,65,3.53
2011-11-02,United Kingdom,1315,601,3.99
2011-11-02,United Kingdom,2080,1455,2.87
2011-11-02,United Kingdom,2400,1901,3.49
2011-11-02,United Kingdom,652,358,4.07
2011-11-02,United Kingdom,1546,790,4.1
2011-11-02,United Kingdom,1725,1076,2.24
2011-11-02,United Kingdom,1261,704,2.13
2011-11-02,United Kingdom,100,65,1.36
2011-11-02,United Kingdom,2315,1507,3.51
2011-11-02,United Kingdom,100,50,1.09
2011-11-02,United Kingdom,861,443,4.07
2011-11-02,United Kingdom,1456,864,3.27
2011-11-02,Netherlands,2614,1145,3.83
2011-11-02,Netherlands,100,50,2.7
2011-11-02,United Kingdom,769,489,2.25
2011-11-02,Netherlands,1912,1111,3.61
2011-11-02,United Kingdom,2789,1220,2.23
2011-11-02,Germany,2006,1437,3.19
2011-11-02,United Kingdom,1354,577,3.11
2011-11-02,United Kingdom,934,490,4.48
2011-11-02,United Kingdom,2295,1027,1.26
2011-11-02,United Kingdom,1438,801,3.82
2011-11-02,United Kingdom,1142,470,3.13
2011-11-02,France,1572,833,1.89
2011-11-02,United Kingdom,920,403,1.02
2011-11-02,Germany,463,273,4.04
2011-11-02,United Kingdom,1115,773,1.37
2011-11-02,United Kingdom,100,59,1.19
2011-11-02,United Kingdom,1225,670,2.75
2011-11-02,United Kingdom,429,302,2.78
2011-11-02,United Kingdom,1480,935,3.82
2011-11-02,United Kingdom,2824,1508,4.22
2011-11-02,EIRE,1055,484,1.76
2011-11-02,United Kingdom,1510,969,2.62
2011-11-02,United Kingdom,1076,759,3.39
2011-11-02,United Kingdom,100,76,2.92
2011-11-02,United Kingdom,2170,1732,3.2
2011-11-02,United Kingdom,2246,1225,3.0
2011-11-02,United Kingdom,877,485,1.38
2011-11-03,United Kingdom,774,523,4.0
2011-11-03,United Kingdom,539,227,4.2
2011-11-03,United Kingdom,3232,1905,1.65
2011-11-03,United Kingdom,508,404,3.72
2011-11-03,United Kingdom,1832,920,4.44
2011-11-03,United Kingdom,896,474,1.2
2011-11-03,United Kingdom,4138,2746,3.77
2011-11-03,France,962,574,3.14
2011-11-03,United Kingdom,691,284,4.17
2011-11-03,France,2865,2178,4.34
2011-11-03,United Kingdom,1079,838,1.62
2011-11-03,Germany,1278,940,1.32
2011-11-03,United Kingdom,1053,655,2.08
2011-11-03,Portugal,1407,587,1.37
2011-11-03,United Kingdom,544,378,3.23
2011-11-03,United Kingdom,1193,663,1.39
2011-11-03,United Kingdom,885,513,1.14
2011-11-03,France,264,172,1.44
2011-11-03,United Kingdom,1435,1081,1.46
2011-11-03,United Kingdom,1569,1183,1.4
2011-11-03,United Kingdom,1318,546,2.79
2011-11-03,United Kingdom,847,404,3.1
2011-11-03,Australia,1335,982,2.0
2011-11-03,United Kingdom,4079,2228,2.7
2011-11-03,United Kingdom,1859,1299,4.37
2011-11-03,United Kingdom,788,511,1.15
2011-11-03,United Kingdom,3069,2347,1.59
2011-11-03,United Kingdom,868,605,2.46
2011-11-03,United Kingdom,2510,1817,1.71
2011-11-03,United Kingdom,1654,900,1.94
2011-11-03,United Kingdom,1623,1052,3.97
2011-11-03,United Kingdom,2245,1624,1.89
2011-11-03,United Kingdom,2148,930,2.25
2011-11-03,United Kingdom,2638,1173,2.53
2011-11-03,United Kingdom,1673,905,1.06
2011-11-03,United Kingdom,2212,1181,3.68
2011-11-03,United Kingdom,1924,958,2.68
2011-11-03,United Kingdom,1183,638,1.45
2011-11-03,United Kingdom,1837,1101,1.95
2011-11-03,United Kingdom,1180,504,4.44
2011-11-03,United Kingdom,3466,1911,3.11
2011-11-03,United Kingdom,2342,1567,1.86
2011-11-03,United Kingdom,1935,944,3.41
2011-11-03,United Kingdom,1964,1275,1.47
2011-11-03,United Kingdom,2450,1887,2.12
2011-11-03,United Kingdom,2437,1280,4.29
2011-11-03,United Kingdom,2923,1649,4.24
2011-11-03,United Kingdom,2420,1391,3.36
2011-11-03,United Kingdom,538,303,2.56
2011-11-03,United Kingdom,100,74,3.93
2011-11-03,United Kingdom,2897,1294,4.47
2011-11-03,United Kingdom,1499,753,1.1
2011-11-03,United Kingdom,1908,1249,1.74
2011-11-03,United Kingdom,1172,780,4.49
2011-11-03,United Kingdom,669,303,1.83
2011-11-03,France,1386,1106,1.64
2011-11-03,United Kingdom,1630,1129,2.33
2011-11-03,Germany,1685,757,2.7
2011-11-03,United Kingdom,1465,1005,2.53
2011-11-03,United Kingdom,229,177,3.09
2011-11-03,United Kingdom,2321,1609,2.88
2011-11-03,United Kingdom,1820,987,3.41
2011-11-03,United Kingdom,1248,995,1.57
2011-11-03,France,1412,775,2.28
2011-11-03,United Kingdom,1102,670,4.25
2011-11-03,United Kingdom,474,251,2.49
2011-11-03,United Kingdom,1504,1163,1.02
2011-11-03,United Kingdom,1099,730,1.61
2011-11-03,United Kingdom,1188,749,1.69
2011-11-03,United Kingdom,2264,1342,3.19
2011-11-03,United Kingdom,1413,1126,1.48
2011-11-03,Norway,100,45,1.85
2011-11-03,United Kingdom,1668,710,3.29
2011-11-03,United Kingdom,869,596,4.2
2011-11-03,United Kingdom,374,271,1.14
2011-11-03,United Kingdom,2316,1012,3.53
2011-11-03,United Kingdom,2867,1345,3.77
2011-11-03,United Kingdom,1845,1457,4.01
2011-11-03,United Kingdom,1223,555,2.7
2011-11-03,United Kingdom,1585,1262,4.27
2011-11-03,United Kingdom,3318,2454,3.1
2011-11-03,United Kingdom,2011,971,1.33
2011-11-03,United Kingdom,960,689,1.34
2011-11-03,United Kingdom,1125,482,1.45
2011-11-03,United Kingdom,787,541,2.05
2011-11-03,United Kingdom,242,136,2.1
2011-11-03,United Kingdom,1756,1307,3.32
2011-11-03,United Kingdom,1796,1248,3.73
2011-11-03,United Kingdom,1021,682,3.33
2011-11-03,United Kingdom,2006,1420,4.44
2011-11-03,United Kingdom,695,465,4.47
2011-11-03,Spain,681,527,3.22
2011-11-03,United Kingdom,100,62,2.17
2011-11-03,United Kingdom,2709,1268,4.19
2011-11-03,United Kingdom,2751,1451,1.17
2011-11-03,United Kingdom,1512,650,2.84
2011-11-03,United Kingdom,2386,1195,1.25
2011-11-03,United Kingdom,648,395,1.2
2011-11-03,United Kingdom,100,55,1.63
2011-11-03,United Kingdom,1531,1008,2.75
2011-11-03,United Kingdom,177,109,4.1
2011-11-03,United Kingdom,100,70,2.48
2011-11-03,United Kingdom,1402,1059,4.23
2011-11-03,United Kingdom,2643,1401,3.37
2011-11-03,United Kingdom,1687,1019,2.84
2011-11-03,United Kingdom,2907,1248,3.18
2011-11-03,United Kingdom,240,161,3.5
2011-11-03,United Kingdom,1514,1000,1.03
2011-11-03,United Kingdom,1153,747,4.46
2011-11-03,United Kingdom,1392,995,1.16
2011-11-03,United Kingdom,1433,813,3.65
2011-11-04,United Kingdom,1352,1023,3.72
2011-11-04,United Kingdom,3424,2274,2.34
2011-11-04,United Kingdom,2952,1298,3.05
2011-11-04,United Kingdom,1700,1282,3.35
2011-11-04,United Kingdom,1476,610,4.09
2011-11-04,Belgium,629,270,3.86
2011-11-04,United Kingdom,613,401,2.99
2011-11-04,United Kingdom,1262,930,3.56
2011-11-04,Finland,895,436,4.21
2011-11-04,United Kingdom,1555,914,3.97
2011-11-04,United Kingdom,613,350,2.5
2011-11-04,United Kingdom,643,297,2.58
2011-11-04,Belgium,1679,889,2.18
2011-11-04,United Kingdom,2025,1560,1.74
2011-11-04,United Kingdom,1439,628,2.35
2011-11-04,United Kingdom,1550,754,3.69
2011-11-04,United Kingdom,508,402,2.78
2011-11-04,United Kingdom,2283,1024,3.86
2011-11-04,United Kingdom,1269,977,2.19
2011-11-04,Poland,2484,1800,3.65
2011-11-04,United Kingdom,878,428,3.66
2011-11-04,Australia,2077,1546,1.4
2011-11-04,United Kingdom,604,415,3.11
2011-11-04,United Kingdom,1229,748,3.25
2011-11-04,Germany,1022,582,4.17
2011-11-04,United Kingdom,166,92,2.07
2011-11-04,United Kingdom,1858,1470,1.59
2011-11-04,United Kingdom,1738,1282,2.99
2011-11-04,United Kingdom,1247,722,3.16
2011-11-04,United Kingdom,1528,935,1.35
2011-11-04,United Kingdom,1741,1014,2.02
2011-11-04,United Kingdom,2199,1588,1.33
2011-11-04,United Kingdom,793,395,3.91
2011-11-04,United Kingdom,2892,2008,3.51
2011-11-04,United Kingdom,501,264,3.12
2011-11-04,United Kingdom,2894,1973,3.31
2011-11-04,United Kingdom,100,68,2.91
2011-11-04,United Kingdom,416,297,3.79
2011-11-04,United Kingdom,1839,1452,4.01
2011-11-04,United Kingdom,1425,815,3.08
2011-11-04,United Kingdom,809,329,1.78
2011-11-04,Finland,543,231,1.98
2011-11-04,United Kingdom,1481,1029,2.45
2011-11-04,United Kingdom,1984,1008,1.23
2011-11-04,Finland,1650,1216,1.73
2011-11-04,United Kingdom,961,747,1.46
2011-11-04,United Kingdom,1500,1108,3.85
2011-11-04,Australia,2883,1403,3.25
2011-11-04,United Kingdom,1857,989,4.01
2011-11-04,United Kingdom,3059,1385,1.72
2011-11-04,United Kingdom,2246,1438,1.69
2011-11-04,United Kingdom,671,499,3.95
2011-11-04,United Kingdom,425,252,1.4
2011-11-04,United Kingdom,100,67,1.93
2011-11-04,United Kingdom,2967,2302,2.03
2011-11-04,United Kingdom,1937,1514,1.08
2011-11-04,United Kingdom,2022,901,2.23
2011-11-04,United Kingdom,973,683,3.01
2011-11-04,United Kingdom,1364,1042,3.02
2011-11-04,United Kingdom,1730,1264,1.65
2011-11-04,United Kingdom,2040,1246,3.42
2011-11-04,United Kingdom,2396,1101,4.4
2011-11-04,United Kingdom,1824,1128,4.24
2011-11-04,United Kingdom,651,390,3.17
2011-11-04,United Kingdom,2584,1816,1.16
2011-11-04,United Kingdom,2334,1004,1.06
2011-11-04,United Kingdom,1591,698,4.17
2011-11-04,United Kingdom,725,483,1.73
2011-11-04,United Kingdom,1930,794,1.39
2011-11-04,United Kingdom,473,301,4.21
2011-11-04,United Kingdom,773,434,1.88
2011-11-04,EIRE,1667,731,1.99
2011-11-04,United Kingdom,935,433,2.88
2011-11-04,France,2252,1675,4.41
2011-11-04,United Kingdom,1983,807,1.69
2011-11-04,United Kingdom,939,468,2.05
2011-11-04,United Kingdom,1151,548,1.86
2011-11-04,United Kingdom,1670,1090,4.43
2011-11-04,France,666,525,1.76
2011-11-04,United Kingdom,2251,1524,4.14
2011-11-04,United Kingdom,3073,1613,1.34
2011-11-04,United Kingdom,1469,1070,3.15
2011-11-04,France,1632,893,1.29
2011-11-04,United Kingdom,1756,1139,3.38
2011-11-04,United Kingdom,1068,451,1.37
2011-11-04,United Kingdom,506,268,2.59
2011-11-04,United Kingdom,1833,1125,4.17
2011-11-04,United Kingdom,2519,1746,3.59
2011-11-04,United Kingdom,1904,1413,2.51
2011-11-04,United Kingdom,2905,1272,3.28
2011-11-04,United Kingdom,2905,2286,1.61
2011-11-04,United Kingdom,2000,1137,2.21
2011-11-04,United Kingdom,1440,1018,1.96
2011-11-04,United Kingdom,982,507,4.45
2011-11-04,EIRE,1962,1420,1.16
2011-11-04,United Kingdom,1555,861,4.18
2011-11-04,United Kingdom,1928,1383,2.15
2011-11-04,United Kingdom,2173,1220,3.91
2011-11-04,United Kingdom,2309,1685,3.36
2011-11-04,United Kingdom,1482,891,3.67
2011-11-04,United Kingdom,777,515,1.25
2011-11-04,United Kingdom,3026,1488,2.55
2011-11-04,United Kingdom,1837,808,3.22
2011-11-04,United Kingdom,387,276,2.13
2011-11-04,United Kingdom,761,411,1.91
2011-11-04,United Kingdom,1491,693,1.47
2011-11-04,United Kingdom,2214,1486,2.19
2011-11-04,United Kingdom,1124,879,1.93
2011-11-04,United Kingdom,1353,889,2.67
2011-11-04,United Kingdom,1808,995,2.76
2011-11-04,United Kingdom,446,352,2.33
2011-11-04,Spain,614,454,2.82
2011-11-04,United Kingdom,996,747,4.13
2011-11-04,United Kingdom,1675,879,3.66
2011-11-04,United Kingdom,2414,1461,4.12
2011-11-04,United Kingdom,1746,1360,1.77
2011-11-04,United Kingdom,1207,617,3.68
2011-11-04,United Kingdom,878,368,1.51
2011-11-04,United Kingdom,422,179,3.04
2011-11-04,United Kingdom,150,117,3.94
2011-11-04,United Kingdom,679,408,1.71
2011-11-04,United Kingdom,772,607,1.72
2011-11-04,United Kingdom,1604,971,4.04
2011-11-04,United Kingdom,1636,1208,4.4
2011-11-04,United Kingdom,1906,1327,3.36
2011-11-04,United Kingdom,2214,1252,3.07
2011-11-04,United Kingdom,1993,1380,1.26
2011-11-04,United Kingdom,1668,1299,3.31
2011-11-04,United Kingdom,1588,679,4.27
2011-11-06,United Kingdom,2296,1529,1.84
2011-11-06,United Kingdom,100,47,1.4
2011-11-06,Channel Islands,2112,992,1.3
2011-11-06,Channel Islands,1544,786,3.15
2011-11-06,United Kingdom,1304,593,3.07
2011-11-06,United Kingdom,1081,700,2.93
2011-11-06,United Kingdom,1782,1079,3.91
2011-11-06,United Kingdom,1528,1176,3.44
2011-11-06,United Kingdom,3030,2143,3.98
2011-11-06,United Kingdom,2427,1553,4.03
2011-11-06,United Kingdom,1624,1195,2.4
2011-11-06,United Kingdom,541,362,2.54
2011-11-06,United Kingdom,226,166,1.04
2011-11-06,Germany,766,512,1.49
2011-11-06,United Kingdom,2957,1411,1.7
2011-11-06,United Kingdom,2777,2192,1.5
2011-11-06,United Kingdom,3281,1679,1.52
2011-11-06,United Kingdom,1182,849,1.14
2011-11-06,United Kingdom,2276,934,1.49
2011-11-06,United Kingdom,960,739,2.54
2011-11-06,United Kingdom,1362,935,1.06
2011-11-06,United Kingdom,1203,780,2.62
2011-11-06,United Kingdom,1986,805,2.94
2011-11-06,United Kingdom,3666,2264,1.04
2011-11-06,United Kingdom,740,475,2.13
2011-11-06,United Kingdom,1279,587,3.76
2011-11-06,United Kingdom,1483,1022,4.21
2011-11-06,United Kingdom,1781,1241,3.08
2011-11-06,United Kingdom,816,415,1.21
2011-11-06,United Kingdom,922,582,1.45
2011-11-06,United Kingdom,1086,495,2.41
2011-11-06,United Kingdom,2183,1077,3.39
2011-11-06,United Kingdom,1381,865,3.26
2011-11-06,United Kingdom,1177,909,4.26
2011-11-06,United Kingdom,2869,1972,2.81
2011-11-06,United Kingdom,1339,957,3.37
2011-11-06,Germany,2749,1313,2.28
2011-11-06,United Kingdom,396,311,3.39
2011-11-06,United Kingdom,860,426,3.95
2011-11-06,United Kingdom,1151,704,1.95
2011-11-06,United Kingdom,1865,1378,2.1
2011-11-06,United Kingdom,2144,1584,3.03
2011-11-06,United Kingdom,1490,752,4.18
2011-11-06,United Kingdom,1575,1124,1.87
2011-11-06,United Kingdom,100,64,2.75
2011-11-06,United Kingdom,733,417,1.6
2011-11-06,United Kingdom,877,495,1.82
2011-11-06,Sweden,976,622,4.12
2011-11-06,United Kingdom,1150,798,1.74
2011-11-06,United Kingdom,1140,871,3.18
2011-11-06,United Kingdom,2554,1674,1.42
2011-11-06,Norway,1681,1250,2.77
2011-11-06,United Kingdom,334,240,2.66
2011-11-06,United Kingdom,550,397,1.23
2011-11-06,United Kingdom,1156,755,3.88
2011-11-06,United Kingdom,3325,2371,2.85
2011-11-06,United Kingdom,760,587,3.0
2011-11-06,United Kingdom,1537,825,4.25
2011-11-06,United Kingdom,2452,1678,1.63
2011-11-06,United Kingdom,968,754,4.18
2011-11-06,United Kingdom,2038,1005,1.66
2011-11-06,United Kingdom,1420,950,1.27
2011-11-06,United Kingdom,435,268,3.57
2011-11-06,United Kingdom,848,352,3.66
2011-11-06,United Kingdom,326,254,4.28
2011-11-06,United Kingdom,1974,1424,3.56
2011-11-06,Germany,1474,1177,2.99
2011-11-06,United Kingdom,1617,1160,2.54
2011-11-06,United Kingdom,1536,846,2.69
2011-11-06,United Kingdom,2046,1438,1.14
2011-11-06,United Kingdom,2272,1138,1.26
2011-11-06,United Kingdom,1675,896,3.73
2011-11-06,United Kingdom,653,341,3.84
2011-11-06,United Kingdom,271,189,1.24
2011-11-06,United Kingdom,517,220,1.69
2011-11-06,United Kingdom,1500,887,3.97
2011-11-06,United Kingdom,1972,857,3.47
2011-11-06,United Kingdom,1298,971,3.66
2011-11-06,United Kingdom,1515,888,1.96
2011-11-06,United Kingdom,1090,502,3.03
2011-11-06,United Kingdom,1051,770,4.35
2011-11-06,United Kingdom,1198,763,2.97
2011-11-06,United Kingdom,2041,874,2.51
2011-11-06,United Kingdom,2441,1364,1.44
2011-11-06,United Kingdom,849,432,4.16
2011-11-06,United Kingdom,1534,1215,1.1
2011-11-06,United Kingdom,2497,1394,2.36
2011-11-06,United Kingdom,1532,1002,1.91
2011-11-06,United Kingdom,687,368,1.13
2011-11-06,United Kingdom,1872,1431,1.64
2011-11-06,United Kingdom,2265,1313,3.27
2011-11-06,Switzerland,100,59,1.74
2011-11-06,United Kingdom,763,598,2.48
2011-11-06,United Kingdom,2294,1801,2.94
2011-11-07,United Kingdom,2529,1435,1.36
2011-11-07,EIRE,3983,2254,1.46
2011-11-07,United Kingdom,169,109,3.36
2011-11-07,United Kingdom,969,605,1.66
2011-11-07,United Kingdom,2399,1324,3.78
2011-11-07,United Kingdom,1620,809,2.09
2011-11-07,United Kingdom,1081,605,1.76
2011-11-07,United Kingdom,3134,1294,3.61
2011-11-07,United Kingdom,429,303,2.05
2011-11-07,United Kingdom,1107,828,3.38
2011-11-07,United Kingdom,1522,1141,2.77
2011-11-07,United Kingdom,1632,685,3.55
2011-11-07,United Kingdom,240,133,2.89
2011-11-07,United Kingdom,1336,835,1.7
2011-11-07,United Kingdom,100,43,1.25
2011-11-07,United Kingdom,2259,1146,1.64
2011-11-07,United Kingdom,1156,804,2.56
2011-11-07,United Kingdom,857,350,3.01
2011-11-07,United Kingdom,2048,1262,2.07
2011-11-07,United Kingdom,1404,880,1.44
2011-11-07,United Kingdom,839,429,3.67
2011-11-07,United Kingdom,468,192,3.98
2011-11-07,United Kingdom,435,186,1.48
2011-11-07,United Kingdom,1993,1428,2.8
2011-11-07,United Kingdom,1850,1175,1.24
2011-11-07,United Kingdom,2345,1234,1.62
2011-11-07,United Kingdom,1222,902,4.3
2011-11-07,United Kingdom,565,308,1.21
2011-11-07,United Kingdom,953,411,2.23
2011-11-07,Spain,1027,737,1.92
2011-11-07,United Kingdom,2091,1360,1.95
2011-11-07,United Kingdom,1558,810,1.61
2011-11-07,EIRE,737,366,3.98
2011-11-07,United Kingdom,3352,1555,2.85
2011-11-07,Portugal,488,203,3.14
2011-11-07,United Kingdom,1315,1025,2.96
2011-11-07,United Kingdom,2345,1212,1.57
2011-11-07,United Kingdom,1143,840,1.4
2011-11-07,United Kingdom,1679,780,4.24
2011-11-07,United Kingdom,2164,1293,4.36
2011-11-07,United Kingdom,1789,1056,4.41
2011-11-07,Belgium,1244,679,2.58
2011-11-07,United Kingdom,1766,989,3.92
2011-11-07,Belgium,1602,942,2.21
2011-11-07,United Kingdom,1846,1201,3.18
2011-11-07,United Kingdom,1806,1079,1.75
2011-11-07,United Kingdom,654,285,2.0
2011-11-07,Germany,410,297,3.2
2011-11-07,United Kingdom,2713,1098,4.24
2011-11-07,United Kingdom,881,517,1.23
2011-11-07,United Kingdom,1888,1249,1.53
2011-11-07,United Kingdom,1079,452,2.54
2011-11-07,EIRE,100,75,2.54
2011-11-07,United Kingdom,942,695,1.97
2011-11-07,United Kingdom,1125,855,1.4
2011-11-07,United Kingdom,2414,1886,3.71
2011-11-07,United Kingdom,470,357,2.02
2011-11-07,United Kingdom,1956,1048,1.18
2011-11-07,United Kingdom,2281,1141,3.0
2011-11-07,United Kingdom,710,356,2.33
2011-11-07,United Kingdom,100,52,1.53
2011-11-07,United Kingdom,2479,1453,1.2
2011-11-07,United Kingdom,2468,1313,3.74
2011-11-07,Germany,3236,1908,2.24
2011-11-07,United Kingdom,1668,872,4.33
2011-11-07,United Kingdom,1715,923,4.1
2011-11-07,United Kingdom,100,77,1.1
2011-11-07,United Kingdom,808,492,2.6
2011-11-07,United Kingdom,766,448,1.59
2011-11-07,United Kingdom,1435,1099,2.67
2011-11-07,United Kingdom,1714,952,1.72
2011-11-07,Spain,1742,1163,1.96
2011-11-07,United Kingdom,2739,2001,2.35
2011-11-07,United Kingdom,1066,760,3.03
2011-11-07,United Kingdom,1298,631,1.24
2011-11-07,United Kingdom,1914,1358,2.1
2011-11-07,United Kingdom,1518,846,3.21
2011-11-07,United Kingdom,752,344,3.75
2011-11-07,United Kingdom,842,566,3.19
2011-11-07,United Kingdom,773,370,1.29
2011-11-07,United Kingdom,1827,1317,1.9
2011-11-07,United Kingdom,556,230,2.23
2011-11-07,United Kingdom,2930,1489,4.02
2011-11-07,United Kingdom,1763,1324,3.01
2011-11-07,United Kingdom,100,58,2.13
2011-11-07,United Kingdom,741,469,3.47
2011-11-07,United Kingdom,1753,943,1.83
2011-11-07,United Kingdom,1543,807,3.1
2011-11-07,United Kingdom,828,549,1.91
2011-11-07,United Kingdom,287,169,1.39
2011-11-07,United Kingdom,2448,1085,2.89
2011-11-07,United Kingdom,123,92,2.23
2011-11-07,United Kingdom,2292,1163,2.56
2011-11-07,United Kingdom,1102,722,2.34
2011-11-07,France,2399,1653,3.99
2011-11-07,United Kingdom,1231,874,2.29
2011-11-07,United Kingdom,319,238,1.82
2011-11-07,United Kingdom,1217,693,2.63
2011-11-07,United Kingdom,1290,923,1.34
2011-11-07,United Kingdom,2024,1454,1.53
2011-11-07,United Kingdom,2020,884,1.12
2011-11-07,United Kingdom,2664,1497,4.39
2011-11-07,United Kingdom,1031,434,1.06
2011-11-07,United Kingdom,1812,767,2.95
2011-11-07,United Kingdom,2841,2151,3.06
2011-11-07,EIRE,465,281,1.35
2011-11-07,United Kingdom,1744,1007,2.08
2011-11-07,United Kingdom,1542,1067,4.34
2011-11-07,United Kingdom,1284,958,3.23
2011-11-07,United Kingdom,1894,1293,4.33
2011-11-08,United Kingdom,1748,985,2.16
2011-11-08,United Kingdom,3996,1891,1.49
2011-11-08,United Kingdom,973,766,4.43
2011-11-08,France,1443,634,1.57
2011-11-08,United Kingdom,1845,1212,4.06
2011-11-08,United Kingdom,1347,579,4.4
2011-11-08,United Kingdom,345,243,4.0
2011-11-08,United Kingdom,1106,579,2.9
2011-11-08,United Kingdom,1915,1112,2.5
2011-11-08,United Kingdom,1873,857,1.46
2011-11-08,United Kingdom,300,216,4.29
2011-11-08,United Kingdom,1912,1469,3.55
2011-11-08,United Kingdom,1261,828,1.7
2011-11-08,United Kingdom,548,368,3.26
2011-11-08,United Kingdom,1620,921,1.19
2011-11-08,United Kingdom,787,459,2.81
2011-11-08,United Kingdom,1364,585,2.58
2011-11-08,United Kingdom,874,408,2.06
2011-11-08,United Kingdom,2633,2046,3.21
2011-11-08,United Kingdom,1264,981,2.66
2011-11-08,United Kingdom,809,330,3.68
2011-11-08,United Kingdom,2180,1290,1.83
2011-11-08,United Kingdom,2664,1290,2.46
2011-11-08,United Kingdom,1112,549,3.65
2011-11-08,United Kingdom,1559,1205,1.8
2011-11-08,United Kingdom,2306,1200,1.97
2011-11-08,United Kingdom,2716,1715,4.22
2011-11-08,United Kingdom,2544,1904,1.94
2011-11-08,United Kingdom,100,62,2.73
2011-11-08,United Kingdom,1746,1200,3.0
2011-11-08,United Kingdom,2038,1011,2.15
2011-11-08,United Kingdom,2257,1246,4.06
2011-11-08,United Kingdom,2148,927,2.23
2011-11-08,United Kingdom,1629,752,3.29
2011-11-08,United Kingdom,1908,778,4.5
2011-11-08,United Kingdom,1029,816,2.38
2011-11-08,United Kingdom,100,71,4.04
2011-11-08,United Kingdom,303,171,2.19
2011-11-08,United Kingdom,1765,1260,1.82
2011-11-08,United Kingdom,272,214,2.67
2011-11-08,United Kingdom,962,440,1.45
2011-11-08,United Kingdom,1958,1520,2.98
2011-11-08,United Kingdom,1847,888,3.53
2011-11-08,United Kingdom,1616,1012,3.49
2011-11-08,United Kingdom,1965,1542,1.86
2011-11-08,France,1348,586,4.37
2011-11-08,United Kingdom,1567,660,3.31
2011-11-08,United Kingdom,2180,1304,3.99
2011-11-08,United Kingdom,1351,630,2.49
2011-11-08,United Kingdom,1723,795,1.36
2011-11-08,United Kingdom,1373,804,2.99
2011-11-08,United Kingdom,210,107,3.06
2011-11-08,United Kingdom,240,154,3.46
2011-11-08,United Kingdom,2336,1573,3.88
2011-11-08,United Kingdom,1370,833,2.13
2011-11-08,Germany,2089,1427,2.35
2011-11-08,United Kingdom,1233,660,4.42
2011-11-08,United Kingdom,1375,793,1.17
2011-11-08,France,822,603,4.35
2011-11-08,United Kingdom,1555,894,1.42
2011-11-08,United Kingdom,2023,930,2.58
2011-11-08,United Kingdom,2026,838,3.99
2011-11-08,United Kingdom,2204,1575,1.75
2011-11-08,United Kingdom,1206,725,4.13
2011-11-08,United Kingdom,2133,1062,1.7
2011-11-08,United Kingdom,724,448,3.64
2011-11-08,United Kingdom,1987,993,3.11
2011-11-08,United Kingdom,1501,889,1.55
2011-11-08,United Kingdom,1790,1027,1.36
2011-11-08,EIRE,1782,857,3.92
2011-11-08,United Kingdom,980,759,2.77
2011-11-08,Sweden,854,359,2.48
2011-11-08,Germany,1782,827,2.22
2011-11-08,United Kingdom,1727,887,3.61
2011-11-08,United Kingdom,2216,1130,3.25
2011-11-08,United Kingdom,100,55,1.51
2011-11-08,United Kingdom,1699,1210,4.24
2011-11-08,United Kingdom,2152,1206,4.48
2011-11-08,United Kingdom,2349,1622,1.88
2011-11-08,United Kingdom,936,677,2.91
2011-11-08,United Kingdom,1638,1181,3.16
2011-11-08,United Kingdom,794,535,2.73
2011-11-08,United Kingdom,1856,771,2.49
2011-11-08,United Kingdom,859,347,4.0
2011-11-08,United Kingdom,1212,559,3.17
2011-11-08,United Kingdom,1955,1431,2.07
2011-11-08,United Kingdom,2087,1135,1.06
2011-11-08,United Kingdom,1194,544,1.24
2011-11-08,United Kingdom,100,56,4.43
2011-11-08,United Kingdom,1094,788,1.69
2011-11-08,United Kingdom,1067,789,1.78
2011-11-08,United Kingdom,100,64,1.68
2011-11-08,United Kingdom,609,379,2.94
2011-11-08,United Kingdom,3335,1891,2.97
2011-11-08,United Kingdom,1602,1191,2.26
2011-11-08,United Kingdom,748,376,3.16
2011-11-08,United Kingdom,100,78,4.18
2011-11-08,United Kingdom,100,56,3.75
2011-11-08,Spain,1033,822,2.77
2011-11-08,United Kingdom,2017,1533,3.18
2011-11-08,United Kingdom,1296,766,3.25
2011-11-08,United Kingdom,1624,943,2.61
2011-11-08,United Kingdom,900,411,2.84
2011-11-08,Germany,1910,777,1.37
2011-11-08,Belgium,1925,1399,1.22
2011-11-08,United Kingdom,784,495,3.05
2011-11-08,Belgium,2576,1300,3.36
2011-11-08,United Kingdom,663,467,3.19
2011-11-08,United Kingdom,2307,1326,2.65
2011-11-08,United Kingdom,133,105,4.47
2011-11-08,United Kingdom,1815,1090,2.3
2011-11-08,United Kingdom,993,577,2.05
2011-11-08,United Kingdom,1922,860,2.01
2011-11-08,EIRE,2963,2201,1.87
2011-11-08,United Kingdom,1313,542,1.95
2011-11-08,United Kingdom,382,210,1.34
2011-11-08,United Kingdom,1819,751,2.38
2011-11-08,United Kingdom,1473,1002,3.51
2011-11-08,United Kingdom,1973,1552,2.08
2011-11-08,United Kingdom,1354,542,2.45
2011-11-08,United Kingdom,2270,1309,2.69
2011-11-08,United Kingdom,167,122,2.53
2011-11-08,United Kingdom,2867,1669,1.91
2011-11-08,United Kingdom,2602,1532,1.22
2011-11-08,United Kingdom,478,336,1.39
2011-11-08,United Kingdom,1466,819,1.71
2011-11-08,EIRE,973,718,4.23
2011-11-08,United Kingdom,1759,734,3.64
2011-11-08,United Kingdom,1493,758,4.17
2011-11-08,United Kingdom,1767,983,2.81
2011-11-09,United Kingdom,1870,1416,3.15
2011-11-09,United Kingdom,1325,565,3.72
2011-11-09,United Kingdom,764,471,2.96
2011-11-09,United Kingdom,895,540,1.84
2011-11-09,United Kingdom,2155,1366,4.24
2011-11-09,United Kingdom,2291,1627,4.08
2011-11-09,United Kingdom,2332,1623,2.14
2011-11-09,United Kingdom,2070,1520,2.56
2011-11-09,United Kingdom,2495,1100,3.82
2011-11-09,United Kingdom,2698,1882,2.32
2011-11-09,United Kingdom,2355,1587,2.71
2011-11-09,United Kingdom,759,446,3.73
2011-11-09,United Kingdom,2030,1604,3.77
2011-11-09,United Kingdom,349,157,4.5
2011-11-09,France,2124,1387,4.06
2011-11-09,United Kingdom,1260,680,3.79
2011-11-09,United Kingdom,935,747,3.49
2011-11-09,United Kingdom,228,98,2.18
2011-11-09,United Kingdom,1966,1178,2.7
2011-11-09,United Kingdom,2458,1947,2.71
2011-11-09,United Kingdom,1353,640,3.62
2011-11-09,United Kingdom,2581,1606,4.03
2011-11-09,United Kingdom,1219,794,4.32
2011-11-09,United Kingdom,474,221,4.16
2011-11-09,United Kingdom,998,585,1.8
2011-11-09,United Kingdom,2172,1550,1.17
2011-11-09,United Kingdom,2101,948,1.44
2011-11-09,United Kingdom,1489,1157,2.22
2011-11-09,United Kingdom,100,79,1.05
2011-11-09,United Kingdom,2380,1036,1.99
2011-11-09,United Kingdom,1550,747,2.76
2011-11-09,United Kingdom,775,318,4.39
2011-11-09,United Kingdom,786,339,3.79
2011-11-09,United Kingdom,1811,1404,2.17
2011-11-09,United Kingdom,2119,1514,3.0
2011-11-09,United Kingdom,2808,2075,3.04
2011-11-09,United Kingdom,1142,690,4.46
2011-11-09,United Kingdom,1135,489,2.1
2011-11-09,United Kingdom,2496,1062,2.59
2011-11-09,United Kingdom,1568,1164,3.57
2011-11-09,United Kingdom,332,160,3.89
2011-11-09,Germany,945,474,1.47
2011-11-09,United Kingdom,1361,698,3.23
2011-11-09,United Kingdom,2316,1539,1.48
2011-11-09,United Kingdom,499,321,1.96
2011-11-09,United Kingdom,958,480,2.95
2011-11-09,United Kingdom,1509,805,1.12
2011-11-09,United Kingdom,2687,2056,3.68
2011-11-09,United Kingdom,2433,1308,2.79
2011-11-09,United Kingdom,1357,1081,2.01
2011-11-09,United Kingdom,2080,1370,3.14
2011-11-09,United Kingdom,228,101,3.61
2011-11-09,United Kingdom,1666,1282,2.56
2011-11-09,United Kingdom,1244,988,1.72
2011-11-09,United Kingdom,1627,911,4.3
2011-11-09,United Kingdom,428,200,4.26
2011-11-09,United Kingdom,1554,836,2.67
2011-11-09,United Kingdom,1049,707,1.87
2011-11-09,United Kingdom,248,136,3.32
2011-11-09,United Kingdom,1489,1020,1.5
2011-11-09,United Kingdom,1241,782,4.44
2011-11-09,United Kingdom,1676,1234,1.11
2011-11-09,United Kingdom,1819,1058,3.24
2011-11-09,United Kingdom,1867,852,1.98
2011-11-09,United Kingdom,2053,1065,1.83
2011-11-09,United Kingdom,2219,1477,2.52
2011-11-09,United Kingdom,2384,1386,4.3
2011-11-09,United Kingdom,3098,1863,1.59
2011-11-09,France,1241,940,1.67
2011-11-09,EIRE,100,79,2.16
2011-11-09,United Kingdom,1817,1171,4.19
2011-11-09,United Kingdom,1725,716,1.23
2011-11-09,United Kingdom,977,643,1.82
2011-11-09,United Kingdom,2081,1296,1.28
2011-11-09,United Kingdom,1478,974,4.13
2011-11-09,United Kingdom,2696,1584,2.82
2011-11-09,United Kingdom,138,60,1.47
2011-11-09,United Kingdom,1797,1184,2.83
2011-11-09,United Kingdom,100,46,2.6
2011-11-09,United Kingdom,1933,1529,1.74
2011-11-09,United Kingdom,994,602,2.56
2011-11-09,United Kingdom,2715,1711,4.08
2011-11-09,United Kingdom,1203,946,2.19
2011-11-09,Germany,1161,801,2.44
2011-11-09,United Kingdom,1862,1419,3.15
2011-11-09,United Kingdom,2718,1903,1.71
2011-11-09,United Kingdom,2195,1509,3.0
2011-11-09,United Kingdom,1750,751,2.73
2011-11-09,United Kingdom,751,394,1.76
2011-11-09,United Kingdom,1123,466,2.51
2011-11-09,United Kingdom,3177,1477,1.05
2011-11-09,United Kingdom,1518,830,1.67
2011-11-09,United Kingdom,1753,1241,3.3
2011-11-09,United Kingdom,2662,1238,2.3
2011-11-09,United Kingdom,747,470,3.86
2011-11-09,United Kingdom,1055,736,3.72
2011-11-09,United Kingdom,325,159,1.46
2011-11-09,United Kingdom,100,57,1.75
2011-11-09,United Kingdom,1688,1209,3.59
2011-11-09,United Kingdom,1217,520,4.14
2011-11-09,United Kingdom,1374,1051,2.24
2011-11-09,United Kingdom,1658,840,1.76
2011-11-09,United Kingdom,1706,693,2.62
2011-11-09,United Kingdom,854,516,4.25
2011-11-09,United Kingdom,1841,1149,1.09
2011-11-09,United Kingdom,1594,1255,3.54
2011-11-09,United Kingdom,1699,1208,2.26
2011-11-09,United Kingdom,2388,1033,2.72
2011-11-09,United Kingdom,1483,848,1.06
2011-11-09,United Kingdom,458,245,4.33
2011-11-09,United Kingdom,1825,1395,1.76
2011-11-09,United Kingdom,991,691,3.37
2011-11-09,EIRE,1640,706,1.86
2011-11-09,United Kingdom,1218,643,3.29
2011-11-09,United Kingdom,2358,1814,4.26
2011-11-09,United Kingdom,1381,831,1.47
2011-11-10,United Kingdom,3107,2037,4.5
2011-11-10,United Kingdom,429,236,3.05
2011-11-10,United Kingdom,142,71,3.6
2011-11-10,United Kingdom,909,658,3.33
2011-11-10,United Kingdom,1890,782,2.7
2011-11-10,Germany,2074,1598,3.12
2011-11-10,United Kingdom,1926,827,4.12
2011-11-10,United Kingdom,502,282,2.64
2011-11-10,United Kingdom,1697,771,1.15
2011-11-10,United Kingdom,1940,1502,2.29
2011-11-10,United Kingdom,1462,869,1.8
2011-11-10,United Kingdom,2149,1104,3.56
2011-11-10,United Kingdom,1952,1429,1.89
2011-11-10,United Kingdom,1663,1029,3.67
2011-11-10,Netherlands,1841,1037,2.9
2011-11-10,Netherlands,1695,1075,4.47
2011-11-10,United Kingdom,1831,1359,3.29
2011-11-10,United Kingdom,1000,676,1.68
2011-11-10,United Kingdom,503,227,3.76
2011-11-10,Spain,1858,891,3.38
2011-11-10,United Kingdom,2969,1889,1.52
2011-11-10,United Kingdom,2581,1425,2.2
2011-11-10,United Kingdom,892,667,3.63
2011-11-10,United Kingdom,2967,1509,1.82
2011-11-10,France,1958,1487,2.62
2011-11-10,United Kingdom,857,509,2.06
2011-11-10,United Kingdom,1637,1160,2.75
2011-11-10,Spain,100,55,1.16
2011-11-10,United Kingdom,1270,733,3.0
2011-11-10,United Kingdom,1139,735,3.69
2011-11-10,United Kingdom,2395,1622,1.77
2011-11-10,United Kingdom,1851,965,2.02
2011-11-10,United Kingdom,1729,961,3.02
2011-11-10,United Kingdom,1323,671,4.37
2011-11-10,United Kingdom,2644,1391,3.24
2011-11-10,United Kingdom,1446,1150,1.17
2011-11-10,United Kingdom,2091,1007,2.25
2011-11-10,United Kingdom,1637,823,1.72
2011-11-10,United Kingdom,1380,927,4.37
2011-11-10,France,1641,737,2.9
2011-11-10,United Kingdom,1731,1112,1.03
2011-11-10,France,1117,890,3.88
2011-11-10,United Kingdom,3319,2593,3.63
2011-11-10,United Kingdom,987,404,4.07
2011-11-10,United Kingdom,1172,597,3.79
2011-11-10,United Kingdom,1786,1426,4.14
2011-11-10,United Kingdom,623,494,1.75
2011-11-10,United Kingdom,814,356,3.21
2011-11-10,United Kingdom,732,455,2.98
2011-11-10,Germany,1078,553,3.87
2011-11-10,United Kingdom,2348,1044,2.08
2011-11-10,United Kingdom,353,278,4.01
2011-11-10,United Kingdom,1385,1068,1.56
2011-11-10,United Kingdom,1280,954,4.25
2011-11-10,United Kingdom,1077,557,3.36
2011-11-10,United Kingdom,2136,1640,1.99
2011-11-10,United Kingdom,1916,1526,1.93
2011-11-10,United Kingdom,1589,893,3.71
2011-11-10,United Kingdom,1902,1405,2.37
2011-11-10,United Kingdom,1412,742,4.46
2011-11-10,United Kingdom,1661,766,1.78
2011-11-10,United Kingdom,1130,838,4.07
2011-11-10,United Kingdom,2127,905,1.97
2011-11-10,United Kingdom,1514,1071,4.48
2011-11-10,United Kingdom,2240,1057,4.11
2011-11-10,United Kingdom,1416,851,1.1
2011-11-10,United Kingdom,1375,679,2.93
2011-11-10,United Kingdom,995,404,2.75
2011-11-10,United Kingdom,582,455,4.28
2011-11-10,United Kingdom,2062,1020,2.88
2011-11-10,United Kingdom,950,741,2.2
2011-11-10,United Kingdom,907,606,1.29
2011-11-10,United Kingdom,920,455,1.5
2011-11-10,United Kingdom,559,231,4.04
2011-11-10,United Kingdom,1476,911,1.46
2011-11-10,United Kingdom,3771,2950,2.3
2011-11-10,United Kingdom,100,74,3.84
2011-11-10,France,1932,1206,2.06
2011-11-10,United Kingdom,1732,1323,4.37
2011-11-10,United Kingdom,100,41,1.37
2011-11-10,Germany,1716,1133,3.79
2011-11-10,United Kingdom,1986,1259,3.83
2011-11-10,Germany,2167,1732,1.32
2011-11-10,Germany,528,279,3.99
2011-11-10,United Kingdom,478,338,1.07
2011-11-10,Germany,925,688,3.25
2011-11-10,United Kingdom,1516,914,2.52
2011-11-10,United Kingdom,951,582,4.13
2011-11-10,United Kingdom,1429,893,3.24
2011-11-10,United Kingdom,1583,1200,4.19
2011-11-10,United Kingdom,1553,921,2.51
2011-11-10,United Kingdom,1550,899,3.01
2011-11-10,United Kingdom,2366,1217,3.61
2011-11-10,United Kingdom,1706,879,1.64
2011-11-10,United Kingdom,1264,528,1.82
2011-11-10,United Kingdom,1150,607,2.1
2011-11-10,United Kingdom,1775,1345,3.52
2011-11-10,United Kingdom,2304,1782,4.13
2011-11-10,United Kingdom,1806,1437,3.9
2011-11-10,United Kingdom,2693,1407,3.68
2011-11-10,United Kingdom,1946,1157,3.77
2011-11-10,United Kingdom,2739,1435,3.77
2011-11-10,France,1588,820,2.23
2011-11-10,United Kingdom,1868,980,1.12
2011-11-10,United Kingdom,1853,803,2.41
2011-11-10,United Kingdom,1516,1075,3.19
2011-11-10,United Kingdom,1465,915,1.52
2011-11-10,United Kingdom,701,356,1.68
2011-11-10,United Kingdom,2221,1215,1.89
2011-11-10,United Kingdom,2775,1701,1.11
2011-11-10,Belgium,2337,1605,1.89
2011-11-10,United Kingdom,878,512,3.78
2011-11-10,France,100,53,3.04
2011-11-10,United Kingdom,100,60,2.33
2011-11-10,United Kingdom,1530,905,2.28
2011-11-10,United Kingdom,100,58,2.71
2011-11-10,United Kingdom,1968,1029,2.04
2011-11-10,United Kingdom,1480,859,2.16
2011-11-10,United Kingdom,1708,1078,4.34
2011-11-10,United Kingdom,2147,1438,3.27
2011-11-10,United Kingdom,3571,1849,2.27
2011-11-10,United Kingdom,1391,1103,1.38
2011-11-10,United Kingdom,100,62,4.32
2011-11-10,United Kingdom,2036,921,3.89
2011-11-10,United Kingdom,1021,767,3.0
2011-11-10,United Kingdom,2213,1704,2.73
2011-11-10,United Kingdom,1092,774,1.2
2011-11-10,United Kingdom,839,642,2.14
2011-11-10,United Kingdom,1321,727,2.64
2011-11-10,United Kingdom,1434,625,1.35
2011-11-10,France,2094,1390,1.39
2011-11-10,United Kingdom,2384,1725,3.12
2011-11-10,United Kingdom,1233,881,2.45
2011-11-10,United Kingdom,936,587,2.85
2011-11-10,United Kingdom,497,297,3.99
2011-11-10,United Kingdom,1618,993,2.78
2011-11-10,United Kingdom,1257,804,3.97
2011-11-10,United Kingdom,1140,478,2.64
2011-11-10,United Kingdom,1309,610,1.78
2011-11-10,United Kingdom,1822,802,2.46
2011-11-10,United Kingdom,1393,688,3.98
2011-11-10,Spain,1590,890,3.09
2011-11-10,United Kingdom,790,373,2.99
2011-11-10,Netherlands,100,56,4.13
2011-11-10,United Kingdom,1601,1244,4.42
2011-11-10,United Kingdom,1135,850,1.76
2011-11-10,United Kingdom,1355,892,4.45
2011-11-10,Germany,1509,735,2.69
2011-11-10,United Kingdom,711,315,3.02
2011-11-10,United Kingdom,674,291,2.13
2011-11-10,United Kingdom,100,40,4.33
2011-11-10,United Kingdom,2808,1366,4.36
2011-11-10,United Kingdom,1595,674,4.21
2011-11-10,United Kingdom,100,66,2.52
2011-11-10,United Kingdom,2668,1453,1.91
2011-11-10,United Kingdom,1896,1035,1.21
2011-11-10,United Kingdom,1518,1122,2.58
2011-11-10,United Kingdom,1427,839,1.19
2011-11-10,United Kingdom,1597,702,3.48
2011-11-10,United Kingdom,1590,1017,1.27
2011-11-10,United Kingdom,549,237,3.96
2011-11-10,United Kingdom,195,99,2.97
2011-11-10,EIRE,1961,1301,2.62
2011-11-10,United Kingdom,1280,597,2.54
2011-11-10,United Kingdom,1693,1266,2.36
2011-11-10,United Kingdom,1689,1104,4.49
2011-11-11,Germany,1540,766,2.21
2011-11-11,Germany,1809,1204,1.51
2011-11-11,Switzerland,1179,840,2.72
2011-11-11,EIRE,956,681,1.21
2011-11-11,Sweden,1119,668,3.88
2011-11-11,United Kingdom,1834,996,1.36
2011-11-11,United Kingdom,1249,764,2.98
2011-11-11,United Kingdom,1046,726,4.44
2011-11-11,United Kingdom,1993,990,2.84
2011-11-11,United Kingdom,2119,1476,1.93
2011-11-11,Portugal,1361,633,2.6
2011-11-11,United Kingdom,376,300,1.57
2011-11-11,United Kingdom,2040,1016,3.12
2011-11-11,France,578,248,1.83
2011-11-11,United Kingdom,988,642,1.75
2011-11-11,United Kingdom,1586,870,3.79
2011-11-11,United Kingdom,1175,787,1.08
2011-11-11,Germany,100,56,2.4
2011-11-11,EIRE,100,78,3.44
2011-11-11,United Kingdom,2221,1358,2.93
2011-11-11,United Kingdom,1420,572,4.01
2011-11-11,United Kingdom,694,402,4.1
2011-11-11,United Kingdom,1382,933,2.02
2011-11-11,United Kingdom,1378,763,2.04
2011-11-11,United Kingdom,100,78,3.08
2011-11-11,France,2458,1679,4.15
2011-11-11,United Kingdom,1892,1424,2.82
2011-11-11,United Kingdom,2027,1371,4.1
2011-11-11,United Kingdom,726,560,3.77
2011-11-11,United Kingdom,1656,1163,3.53
2011-11-11,United Kingdom,1088,726,2.32
2011-11-11,United Kingdom,644,403,1.81
2011-11-11,Germany,1526,968,3.81
2011-11-11,United Kingdom,1833,1113,2.31
2011-11-11,United Kingdom,1807,1273,2.3
2011-11-11,United Kingdom,1928,1500,2.13
2011-11-11,Germany,975,412,1.81
2011-11-11,United Kingdom,2756,1708,3.56
2011-11-11,United Kingdom,1577,1029,1.06
2011-11-11,United Kingdom,1568,910,1.07
2011-11-11,United Kingdom,1265,927,2.98
2011-11-11,United Kingdom,1856,1113,3.56
2011-11-11,France,2067,1588,2.95
2011-11-11,United Kingdom,1703,1208,2.73
2011-11-11,United Kingdom,2191,1536,3.37
2011-11-11,United Kingdom,815,328,3.54
2011-11-11,United Kingdom,889,434,1.88
2011-11-11,United Kingdom,1221,795,3.64
2011-11-11,United Kingdom,3120,2298,1.99
2011-11-11,United Kingdom,1829,995,4.31
2011-11-11,United Kingdom,1600,1212,3.18
2011-11-11,United Kingdom,2243,1747,4.46
2011-11-11,United Kingdom,1748,800,1.25
2011-11-11,United Kingdom,2485,1297,1.12
2011-11-11,United Kingdom,2318,1267,2.14
2011-11-11,United Kingdom,2501,1725,4.05
2011-11-11,EIRE,169,126,4.23
2011-11-11,United Kingdom,981,763,2.83
2011-11-11,United Kingdom,1814,1373,1.22
2011-11-11,United Kingdom,2249,1351,3.57
2011-11-11,United Kingdom,705,553,2.49
2011-11-11,United Kingdom,2647,1384,3.75
2011-11-11,United Kingdom,1661,1094,1.58
2011-11-11,United Kingdom,631,467,1.81
2011-11-11,United Kingdom,819,573,4.45
2011-11-11,France,793,395,3.02
2011-11-11,United Kingdom,766,609,1.84
2011-11-11,United Kingdom,1068,847,2.5
2011-11-11,France,169,112,4.48
2011-11-11,United Kingdom,1105,710,1.39
2011-11-11,Germany,1884,1079,1.39
2011-11-11,United Kingdom,333,197,3.31
2011-11-11,Germany,1112,453,2.68
2011-11-11,United Kingdom,382,195,1.89
2011-11-11,United Kingdom,100,77,2.34
2011-11-11,United Kingdom,2003,1065,1.47
2011-11-11,United Kingdom,2207,1717,2.19
2011-11-11,United Kingdom,2686,1215,3.31
2011-11-11,United Kingdom,438,196,2.44
2011-11-11,Germany,1460,896,4.49
2011-11-11,United Kingdom,1257,612,4.27
2011-11-11,United Kingdom,2878,1424,1.81
2011-11-11,United Kingdom,2478,1071,4.06
2011-11-11,United Kingdom,2026,1185,2.37
2011-11-11,United Kingdom,2532,1074,4.19
2011-11-11,United Kingdom,1949,985,3.58
2011-11-11,United Kingdom,1545,1226,3.59
2011-11-11,United Kingdom,957,501,1.07
2011-11-11,United Kingdom,1697,1270,3.9
2011-11-11,United Kingdom,1143,872,1.35
2011-11-11,United Kingdom,2141,1283,1.55
2011-11-11,United Kingdom,1626,838,3.79
2011-11-11,United Kingdom,517,269,4.12
2011-11-11,United Kingdom,2057,1433,1.61
2011-11-11,United Kingdom,2370,1156,1.18
2011-11-11,United Kingdom,1553,802,2.54
2011-11-11,United Kingdom,2477,1607,2.22
2011-11-11,United Kingdom,1488,1060,1.27
2011-11-11,France,2688,1688,4.4
2011-11-11,United Kingdom,2250,1451,2.95
2011-11-11,United Kingdom,2522,1239,3.08
2011-11-11,United Kingdom,1341,908,1.96
2011-11-11,United Kingdom,1792,1285,1.4
2011-11-11,United Kingdom,1989,942,1.77
2011-11-11,United Kingdom,940,552,4.47
2011-11-11,United Kingdom,255,180,1.11
2011-11-11,United Kingdom,1664,1155,2.83
2011-11-11,United Kingdom,2084,967,3.56
2011-11-11,United Kingdom,2032,1171,3.08
2011-11-11,United Kingdom,1861,1198,3.97
2011-11-13,United Kingdom,915,402,1.63
2011-11-13,EIRE,1975,864,1.9
2011-11-13,United Kingdom,737,395,4.1
2011-11-13,United Kingdom,2432,1356,1.41
2011-11-13,United Kingdom,717,311,3.2
2011-11-13,United Kingdom,1702,1120,4.45
2011-11-13,United Kingdom,112,77,1.34
2011-11-13,United Kingdom,1267,634,1.02
2011-11-13,United Kingdom,1556,1072,1.04
2011-11-13,United Kingdom,2583,1478,3.1
2011-11-13,United Kingdom,306,235,4.47
2011-11-13,United Kingdom,1611,1022,3.94
2011-11-13,United Kingdom,1056,510,2.33
2011-11-13,United Kingdom,997,741,1.6
2011-11-13,United Kingdom,2198,1521,1.07
2011-11-13,United Kingdom,980,607,1.05
2011-11-13,United Kingdom,2166,1616,2.82
2011-11-13,United Kingdom,2740,1647,2.29
2011-11-13,United Kingdom,1875,1027,1.86
2011-11-13,United Kingdom,1052,579,4.28
2011-11-13,United Kingdom,1653,1104,2.39
2011-11-13,United Kingdom,1349,1072,3.56
2011-11-13,United Kingdom,855,465,1.08
2011-11-13,United Kingdom,2451,1953,2.07
2011-11-13,United Kingdom,364,279,2.66
2011-11-13,United Kingdom,1177,908,1.85
2011-11-13,United Kingdom,2155,1509,2.7
2011-11-13,United Kingdom,2281,1229,1.84
2011-11-13,United Kingdom,2593,1437,1.33
2011-11-13,United Kingdom,1256,576,2.87
2011-11-13,United Kingdom,1251,873,2.48
2011-11-13,United Kingdom,1478,690,1.36
2011-11-13,United Kingdom,886,541,3.64
2011-11-13,United Kingdom,1746,1388,2.89
2011-11-13,United Kingdom,1762,1027,1.2
2011-11-13,United Kingdom,3046,2265,3.48
2011-11-13,EIRE,1524,1198,1.62
2011-11-13,EIRE,3927,2975,2.18
2011-11-13,United Kingdom,1536,747,2.66
2011-11-13,United Kingdom,1120,775,4.29
2011-11-13,United Kingdom,1217,611,4.04
2011-11-13,United Kingdom,1396,589,1.87
2011-11-13,United Kingdom,1387,787,1.9
2011-11-13,United Kingdom,1504,977,2.82
2011-11-13,United Kingdom,1342,924,4.19
2011-11-13,United Kingdom,1324,918,1.66
2011-11-13,United Kingdom,100,73,3.62
2011-11-13,United Kingdom,1799,838,2.25
2011-11-13,United Kingdom,436,284,2.95
2011-11-13,United Kingdom,429,274,1.45
2011-11-13,United Kingdom,1348,599,1.71
2011-11-13,United Kingdom,1607,806,1.25
2011-11-13,United Kingdom,757,421,2.33
2011-11-13,Austria,1395,683,3.06
2011-11-13,United Kingdom,100,41,1.6
2011-11-13,United Kingdom,1649,1034,1.4
2011-11-13,United Kingdom,1708,1286,1.03
2011-11-13,EIRE,1746,1244,2.65
2011-11-13,United Kingdom,100,72,2.79
2011-11-13,United Kingdom,369,287,2.22
2011-11-13,United Kingdom,1624,781,2.1
2011-11-13,United Kingdom,2585,1720,1.52
2011-11-13,United Kingdom,1274,689,2.75
2011-11-13,United Kingdom,1469,873,4.22
2011-11-13,United Kingdom,2323,1698,2.63
2011-11-13,United Kingdom,2810,1821,4.2
2011-11-13,United Kingdom,2507,1084,4.27
2011-11-13,United Kingdom,1532,1159,4.18
2011-11-13,United Kingdom,1723,706,2.35
2011-11-13,United Kingdom,1210,507,2.81
2011-11-13,United Kingdom,544,263,3.49
2011-11-13,France,1793,866,1.76
2011-11-13,United Kingdom,1657,685,1.47
2011-11-13,United Kingdom,100,43,1.58
2011-11-13,United Kingdom,2415,1322,1.89
2011-11-13,United Kingdom,1403,1059,2.77
2011-11-13,United Kingdom,100,71,3.31
2011-11-13,United Kingdom,1677,776,3.14
2011-11-13,United Kingdom,302,218,1.43
2011-11-13,United Kingdom,2347,1766,2.53
2011-11-13,United Kingdom,801,468,1.34
2011-11-13,United Kingdom,2390,1784,3.47
2011-11-13,United Kingdom,3198,2462,2.93
2011-11-13,United Kingdom,812,514,3.6
2011-11-13,United Kingdom,1675,1182,2.74
2011-11-13,United Kingdom,1252,504,4.09
2011-11-14,United Kingdom,1959,1175,4.21
2011-11-14,United Kingdom,992,485,3.24
2011-11-14,Finland,1634,1186,1.92
2011-11-14,Sweden,1209,920,4.03
2011-11-14,United Kingdom,142,62,4.07
2011-11-14,United Kingdom,1189,629,3.34
2011-11-14,United Kingdom,2571,1943,1.73
2011-11-14,France,1949,1476,2.71
2011-11-14,United Kingdom,1014,666,3.33
2011-11-14,United Kingdom,433,287,1.94
2011-11-14,United Kingdom,1100,810,4.43
2011-11-14,United Kingdom,892,694,1.96
2011-11-14,United Kingdom,1463,892,3.18
2011-11-14,United Kingdom,1682,893,1.45
2011-11-14,United Kingdom,1008,550,2.24
2011-11-14,United Kingdom,1188,580,1.84
2011-11-14,United Kingdom,1218,592,4.17
2011-11-14,United Kingdom,2278,984,3.82
2011-11-14,United Kingdom,3222,2356,3.07
2011-11-14,United Kingdom,1243,534,1.23
2011-11-14,United Kingdom,1394,910,1.49
2011-11-14,United Kingdom,1537,790,2.06
2011-11-14,United Kingdom,266,209,1.15
2011-11-14,EIRE,2416,1853,3.43
2011-11-14,United Kingdom,1867,1354,1.38
2011-11-14,United Kingdom,865,563,2.36
2011-11-14,United Kingdom,1993,1322,1.22
2011-11-14,United Kingdom,1622,693,3.07
2011-11-14,United Kingdom,731,310,2.97
2011-11-14,United Kingdom,1841,943,2.26
2011-11-14,United Kingdom,1384,978,3.83
2011-11-14,United Kingdom,1683,678,2.11
2011-11-14,United Kingdom,2779,1224,1.45
2011-11-14,Germany,939,620,2.99
2011-11-14,United Kingdom,642,388,3.38
2011-11-14,United Kingdom,1919,1447,1.53
2011-11-14,United Kingdom,483,362,1.64
2011-11-14,United Kingdom,2708,1656,1.97
2011-11-14,United Kingdom,1492,696,3.19
2011-11-14,United Kingdom,1421,620,4.43
2011-11-14,United Kingdom,1369,706,3.64
2011-11-14,United Kingdom,870,374,4.01
2011-11-14,United Kingdom,1538,644,3.42
2011-11-14,United Kingdom,2483,1580,2.7
2011-11-14,United Kingdom,3904,2654,4.21
2011-11-14,Italy,1741,1194,3.67
2011-11-14,United Kingdom,412,180,3.08
2011-11-14,United Kingdom,2734,2171,3.59
2011-11-14,United Kingdom,1767,923,2.72
2011-11-14,United Kingdom,629,493,2.39
2011-11-14,United Kingdom,2106,942,3.48
2011-11-14,United Kingdom,816,626,3.71
2011-11-14,United Kingdom,891,374,2.83
2011-11-14,United Kingdom,1181,832,1.74
2011-11-14,Italy,2225,1096,2.21
2011-11-14,United Kingdom,3142,1274,3.03
2011-11-14,United Kingdom,1153,920,3.78
2011-11-14,United Kingdom,698,444,1.73
2011-11-14,United Kingdom,1858,1070,3.34
2011-11-14,France,1816,805,4.11
2011-11-14,United Kingdom,2099,1238,3.06
2011-11-14,United Kingdom,2112,1091,2.18
2011-11-14,United Kingdom,2208,1165,2.39
2011-11-14,United Kingdom,2034,1023,3.73
2011-11-14,United Kingdom,1792,789,3.09
2011-11-14,Germany,1573,809,1.59
2011-11-14,United Kingdom,839,413,1.42
2011-11-14,United Kingdom,3664,2591,2.54
2011-11-14,United Kingdom,2418,1491,3.99
2011-11-14,Hong Kong,831,539,1.7
2011-11-14,Hong Kong,1732,1282,1.74
2011-11-14,United Kingdom,991,575,4.45
2011-11-14,United Kingdom,2160,938,3.76
2011-11-14,United Kingdom,272,198,3.47
2011-11-14,United Kingdom,2401,1114,1.32
2011-11-14,United Kingdom,2313,1309,1.25
2011-11-14,United Kingdom,1842,1198,1.95
2011-11-14,United Kingdom,1068,553,1.79
2011-11-14,United Kingdom,135,66,4.41
2011-11-14,France,1400,1019,2.11
2011-11-14,United Kingdom,908,379,2.1
2011-11-14,United Kingdom,1182,542,3.47
2011-11-14,United Kingdom,1263,923,1.11
2011-11-14,United Kingdom,1156,517,2.76
2011-11-14,United Kingdom,1566,688,2.2
2011-11-14,United Kingdom,2656,1184,2.33
2011-11-14,United Kingdom,2027,928,2.56
2011-11-14,United Kingdom,1088,755,2.97
2011-11-14,United Kingdom,914,593,1.82
2011-11-14,Portugal,2048,1213,2.35
2011-11-14,United Kingdom,916,579,3.51
2011-11-14,United Kingdom,671,413,2.04
2011-11-14,Portugal,1947,1092,3.69
2011-11-14,United Kingdom,2706,1175,2.53
2011-11-14,United Kingdom,1012,530,3.79
2011-11-14,United Kingdom,1079,731,3.63
2011-11-14,United Kingdom,2289,1121,3.01
2011-11-14,United Kingdom,100,78,2.68
2011-11-14,United Kingdom,1337,797,3.44
2011-11-14,United Kingdom,2074,1126,2.06
2011-11-14,United Kingdom,1010,778,1.97
2011-11-14,United Kingdom,1187,854,2.1
2011-11-14,Germany,929,692,1.4
2011-11-14,United Kingdom,2919,1650,1.83
2011-11-14,United Kingdom,2102,1219,3.21
2011-11-14,United Kingdom,881,693,1.32
2011-11-14,Germany,2542,1853,2.74
2011-11-14,United Kingdom,457,216,4.17
2011-11-14,United Kingdom,2291,1726,3.74
2011-11-14,United Kingdom,2875,2014,3.5
2011-11-14,United Kingdom,1179,917,2.23
2011-11-14,Austria,841,414,1.13
2011-11-14,United Kingdom,2244,1245,1.97
2011-11-14,United Kingdom,2639,1536,3.91
2011-11-14,United Kingdom,2497,1995,3.48
2011-11-14,United Kingdom,100,70,1.11
2011-11-14,United Kingdom,1064,674,2.22
2011-11-14,United Kingdom,100,64,3.43
2011-11-14,United Kingdom,382,283,2.5
2011-11-14,United Kingdom,2392,1784,2.13
2011-11-14,United Kingdom,100,75,2.37
2011-11-14,United Kingdom,1516,1049,1.99
2011-11-14,United Kingdom,1237,689,2.3
2011-11-14,United Kingdom,2220,935,3.35
2011-11-14,United Kingdom,1267,977,3.82
2011-11-14,United Kingdom,920,435,1.8
2011-11-14,United Kingdom,2710,2096,1.93
2011-11-14,United Kingdom,892,700,3.8
2011-11-14,United Kingdom,893,360,1.41
2011-11-14,United Kingdom,2556,1519,3.93
2011-11-14,United Kingdom,1111,726,1.25
2011-11-14,United Kingdom,3306,1708,3.61
2011-11-15,United Kingdom,930,430,3.17
2011-11-15,EIRE,853,680,2.96
2011-11-15,United Kingdom,487,331,4.41
2011-11-15,France,552,233,3.17
2011-11-15,United Kingdom,939,512,2.51
2011-11-15,United Kingdom,777,507,1.9
2011-11-15,United Kingdom,1923,1502,3.27
2011-11-15,United Kingdom,1530,1057,2.8
2011-11-15,United Kingdom,100,45,4.36
2011-11-15,United Kingdom,998,552,3.0
2011-11-15,United Kingdom,1343,723,1.43
2011-11-15,United Kingdom,2648,1292,1.18
2011-11-15,United Kingdom,1970,1200,3.27
2011-11-15,United Kingdom,2223,1474,1.71
2011-11-15,United Kingdom,1237,579,4.31
2011-11-15,United Kingdom,669,319,4.27
2011-11-15,United Kingdom,1347,783,1.08
2011-11-15,United Kingdom,1797,1118,3.48
2011-11-15,United Kingdom,1911,1126,3.96
2011-11-15,United Kingdom,2640,1329,1.76
2011-11-15,Germany,2706,1456,1.96
2011-11-15,United Kingdom,100,43,2.84
2011-11-15,United Kingdom,1331,787,1.79
2011-11-15,Australia,2360,1221,1.56
2011-11-15,United Kingdom,926,679,2.04
2011-11-15,United Kingdom,1338,807,3.3
2011-11-15,United Kingdom,1539,782,2.84
2011-11-15,United Kingdom,1951,1088,2.74
2011-11-15,France,543,219,4.49
2011-11-15,United Kingdom,1897,920,2.0
2011-11-15,United Kingdom,514,407,2.07
2011-11-15,United Kingdom,579,327,4.22
2011-11-15,United Kingdom,1637,1071,1.03
2011-11-15,United Kingdom,559,247,2.3
2011-11-15,United Kingdom,838,494,4.43
2011-11-15,United Kingdom,1982,1096,1.1
2011-11-15,United Kingdom,1230,798,2.3
2011-11-15,United Kingdom,1285,827,3.08
2011-11-15,United Kingdom,622,368,2.24
2011-11-15,United Kingdom,2326,1460,4.4
2011-11-15,United Kingdom,1620,1017,1.53
2011-11-15,United Kingdom,2145,1001,3.6
2011-11-15,United Kingdom,2095,1017,1.73
2011-11-15,United Kingdom,1733,744,2.03
2011-11-15,United Kingdom,1692,1290,3.06
2011-11-15,United Kingdom,795,618,3.13
2011-11-15,United Kingdom,1557,1090,2.73
2011-11-15,United Kingdom,2778,2187,3.35
2011-11-15,United Kingdom,2086,1520,1.21
2011-11-15,United Kingdom,822,441,2.53
2011-11-15,United Kingdom,942,733,3.7
2011-11-15,United Kingdom,1592,955,1.95
2011-11-15,United Kingdom,1268,822,1.74
2011-11-15,United Kingdom,1859,1328,4.49
2011-11-15,United Kingdom,3154,2097,1.19
2011-11-15,United Kingdom,1041,502,1.97
2011-11-15,United Kingdom,154,70,3.35
2011-11-15,United Kingdom,386,212,2.49
2011-11-15,Sweden,1601,684,2.14
2011-11-15,United Kingdom,1000,785,1.61
2011-11-15,United Kingdom,2296,1150,2.11
2011-11-15,United Kingdom,1442,1087,3.64
2011-11-15,United Kingdom,1016,675,1.07
2011-11-15,United Kingdom,100,52,3.33
2011-11-15,United Kingdom,2054,1446,1.57
2011-11-15,United Kingdom,1627,657,3.94
2011-11-15,United Kingdom,2408,1691,2.95
2011-11-15,United Kingdom,1597,914,3.52
2011-11-15,United Kingdom,782,580,1.15
2011-11-15,United Kingdom,2716,1851,1.0
2011-11-15,United Kingdom,3000,1900,3.79
2011-11-15,United Kingdom,1692,1215,2.62
2011-11-15,United Kingdom,632,410,3.42
2011-11-15,United Kingdom,1318,856,2.15
2011-11-15,United Kingdom,1690,984,3.54
2011-11-15,United Kingdom,157,116,3.6
2011-11-15,United Kingdom,1808,951,4.04
2011-11-15,United Kingdom,207,135,1.42
2011-11-15,United Kingdom,657,496,1.57
2011-11-15,United Kingdom,2398,1568,3.82
2011-11-15,United Kingdom,796,334,4.19
2011-11-15,United Kingdom,2852,1245,2.0
2011-11-15,United Kingdom,1849,1457,1.89
2011-11-15,United Kingdom,2090,1515,1.18
2011-11-15,United Kingdom,1925,1178,3.85
2011-11-15,United Kingdom,1611,1057,1.68
2011-11-15,United Kingdom,1032,638,1.12
2011-11-15,United Kingdom,1047,495,3.12
2011-11-15,United Kingdom,2445,1483,4.18
2011-11-15,United Kingdom,1441,1138,2.74
2011-11-15,Australia,1096,492,2.57
2011-11-15,United Kingdom,2087,1496,1.46
2011-11-15,United Kingdom,1204,706,3.93
2011-11-15,United Kingdom,1942,1038,1.82
2011-11-15,United Kingdom,1390,617,3.03
2011-11-15,United Kingdom,100,44,1.73
2011-11-15,United Kingdom,1977,1099,2.32
2011-11-15,United Kingdom,808,453,4.07
2011-11-15,United Kingdom,1473,1040,3.9
2011-11-15,EIRE,1201,594,3.26
2011-11-15,EIRE,1198,955,2.84
2011-11-15,United Kingdom,737,484,3.42
2011-11-15,United Kingdom,1710,988,3.5
2011-11-15,United Kingdom,1544,1159,3.78
2011-11-15,United Kingdom,844,448,1.02
2011-11-15,United Kingdom,885,549,2.32
2011-11-15,EIRE,1984,1123,2.95
2011-11-15,EIRE,2664,1250,4.21
2011-11-15,United Kingdom,1058,615,3.1
2011-11-15,United Kingdom,1121,573,2.74
2011-11-15,Germany,2331,1852,1.13
2011-11-15,United Kingdom,1841,1203,2.73
2011-11-15,United Kingdom,2420,1887,2.08
2011-11-15,United Kingdom,824,438,2.42
2011-11-15,United Kingdom,2773,2188,2.95
2011-11-15,United Kingdom,1862,871,1.05
2011-11-15,United Kingdom,140,80,1.84
2011-11-15,United Kingdom,1462,1111,2.62
2011-11-15,United Kingdom,2080,1244,1.35
2011-11-15,United Kingdom,1771,1251,1.45
2011-11-15,United Kingdom,321,182,1.28
2011-11-15,United Kingdom,2042,1441,1.15
2011-11-15,United Kingdom,328,225,2.7
2011-11-15,United Kingdom,100,65,2.33
2011-11-15,United Kingdom,1740,1003,2.21
2011-11-15,United Kingdom,233,132,1.62
2011-11-15,United Kingdom,100,78,3.02
2011-11-15,United Kingdom,1092,646,1.91
2011-11-15,United Kingdom,381,171,3.13
2011-11-16,United Kingdom,151,63,3.63
2011-11-16,United Kingdom,1497,637,3.94
2011-11-16,Germany,2377,1841,4.41
2011-11-16,Germany,2514,1762,1.7
2011-11-16,United Kingdom,1890,847,2.69
2011-11-16,United Kingdom,1774,1242,1.52
2011-11-16,United Kingdom,1318,656,1.46
2011-11-16,United Kingdom,595,455,1.02
2011-11-16,United Kingdom,1310,891,1.79
2011-11-16,United Kingdom,209,118,3.31
2011-11-16,United Kingdom,632,390,1.32
2011-11-16,United Kingdom,1962,1295,4.05
2011-11-16,United Kingdom,171,97,1.12
2011-11-16,United Kingdom,100,77,3.0
2011-11-16,United Kingdom,963,663,2.84
2011-11-16,United Kingdom,1053,699,1.4
2011-11-16,United Kingdom,100,44,3.5
2011-11-16,Unspecified,2429,1375,3.02
2011-11-16,United Kingdom,1211,516,1.36
2011-11-16,United Kingdom,100,74,2.78
2011-11-16,United Kingdom,1887,801,3.55
2011-11-16,United Kingdom,473,258,1.32
2011-11-16,United Kingdom,2371,1081,1.55
2011-11-16,EIRE,1845,1252,3.12
2011-11-16,United Kingdom,1986,1209,2.85
2011-11-16,United Kingdom,553,292,4.28
2011-11-16,Germany,1496,765,1.15
2011-11-16,United Kingdom,2228,1381,2.88
2011-11-16,United Kingdom,2084,1173,1.07
2011-11-16,United Kingdom,2089,944,3.65
2011-11-16,United Kingdom,3534,1784,4.41
2011-11-16,United Kingdom,471,293,1.71
2011-11-16,United Kingdom,2356,1861,4.04
2011-11-16,Netherlands,1542,999,3.16
2011-11-16,United Kingdom,763,548,1.95
2011-11-16,United Kingdom,1052,465,2.59
2011-11-16,United Kingdom,1553,1226,2.06
2011-11-16,United Kingdom,445,308,1.7
2011-11-16,France,2351,1072,1.09
2011-11-16,United Kingdom,1062,482,2.28
2011-11-16,France,1295,648,3.54
2011-11-16,United Kingdom,1056,580,3.3
2011-11-16,United Kingdom,1114,882,3.5
2011-11-16,United Kingdom,1750,1024,3.68
2011-11-16,United Kingdom,100,73,3.83
2011-11-16,United Kingdom,1863,1424,4.17
2011-11-16,United Kingdom,1634,767,3.16
2011-11-16,United Kingdom,504,271,4.36
2011-11-16,United Kingdom,571,390,3.59
2011-11-16,United Kingdom,1492,738,1.03
2011-11-16,United Kingdom,1780,1051,2.0
2011-11-16,United Kingdom,2182,1414,4.43
2011-11-16,United Kingdom,100,76,2.19
2011-11-16,United Kingdom,168,124,3.8
2011-11-16,United Kingdom,300,205,1.78
2011-11-16,United Kingdom,1416,676,1.33
2011-11-16,United Kingdom,183,118,2.8
2011-11-16,United Kingdom,1263,651,1.15
2011-11-16,United Kingdom,1787,923,1.72
2011-11-16,United Kingdom,1773,744,1.37
2011-11-16,United Kingdom,790,630,2.91
2011-11-16,United Kingdom,1671,694,2.72
2011-11-16,United Kingdom,1064,449,3.95
2011-11-16,United Kingdom,100,65,2.11
2011-11-16,United Kingdom,100,52,4.09
2011-11-16,United Kingdom,2243,1793,3.66
2011-11-16,United Kingdom,3262,1644,1.46
2011-11-16,United Kingdom,1445,795,3.62
2011-11-16,United Kingdom,1388,858,3.61
2011-11-16,United Kingdom,532,401,1.71
2011-11-16,United Kingdom,1523,1132,2.18
2011-11-16,United Kingdom,1499,830,2.77
2011-11-16,United Kingdom,1771,950,4.33
2011-11-16,United Kingdom,2047,1534,1.91
2011-11-16,United Kingdom,2069,1577,2.05
2011-11-16,United Kingdom,1701,1030,2.06
2011-11-16,United Kingdom,1779,1211,3.46
2011-11-16,United Kingdom,2332,1635,3.76
2011-11-16,United Kingdom,100,42,4.21
2011-11-16,Germany,1058,444,2.42
2011-11-16,Germany,100,47,4.22
2011-11-16,United Kingdom,1319,901,3.08
2011-11-16,Germany,1955,1118,4.25
2011-11-16,United Kingdom,1022,450,1.76
2011-11-16,United Kingdom,590,467,4.09
2011-11-16,United Kingdom,2435,1879,2.54
2011-11-16,Germany,1693,1325,1.31
2011-11-16,United Kingdom,1898,948,1.9
2011-11-16,United Kingdom,1256,577,3.85
2011-11-16,United Kingdom,2098,1030,1.06
2011-11-16,EIRE,1502,1141,1.56
2011-11-16,United Kingdom,2962,2044,1.3
2011-11-16,United Kingdom,215,157,1.97
2011-11-16,United Kingdom,1828,1303,3.1
2011-11-16,United Kingdom,2483,1166,3.44
2011-11-16,United Kingdom,100,45,1.99
2011-11-16,United Kingdom,2425,1839,1.6
2011-11-16,United Kingdom,1437,777,2.68
2011-11-16,United Kingdom,100,75,4.01
2011-11-16,United Kingdom,1140,470,2.27
2011-11-16,United Kingdom,1462,797,3.15
2011-11-16,United Kingdom,3354,2315,3.37
2011-11-16,United Kingdom,1422,653,2.72
2011-11-16,United Kingdom,1343,926,3.72
2011-11-16,United Kingdom,1292,517,4.21
2011-11-16,United Kingdom,109,59,3.15
2011-11-16,United Kingdom,1843,1079,2.32
2011-11-16,United Kingdom,1098,573,1.9
2011-11-16,United Kingdom,1290,526,2.22
2011-11-16,United Kingdom,1054,753,2.34
2011-11-16,United Kingdom,3600,2069,1.94
2011-11-16,United Kingdom,1855,1212,1.67
2011-11-16,United Kingdom,1383,988,1.14
2011-11-16,United Kingdom,2163,1135,3.73
2011-11-16,United Kingdom,824,371,2.88
2011-11-16,United Kingdom,1264,572,2.34
2011-11-16,United Kingdom,2581,1125,3.15
2011-11-16,United Kingdom,2042,1339,2.59
2011-11-16,United Kingdom,2185,1176,3.02
2011-11-16,Germany,1374,884,1.92
2011-11-16,United Kingdom,992,426,1.85
2011-11-16,United Kingdom,1572,648,3.28
2011-11-16,United Kingdom,100,40,3.6
2011-11-16,United Kingdom,1690,1327,2.3
2011-11-16,Germany,790,397,3.07
2011-11-16,United Kingdom,1080,513,3.3
2011-11-16,United Kingdom,1443,602,1.47
2011-11-16,United Kingdom,1597,731,4.05
2011-11-16,United Kingdom,2211,1319,2.64
2011-11-16,United Kingdom,725,560,1.77
2011-11-16,United Kingdom,838,455,1.44
2011-11-16,United Kingdom,2063,1574,2.22
2011-11-16,United Kingdom,1822,850,1.84
2011-11-16,United Kingdom,2591,1974,1.12
2011-11-16,EIRE,2449,1932,3.43
2011-11-16,United Kingdom,1276,869,2.22
2011-11-16,United Kingdom,1293,598,2.62
2011-11-16,United Kingdom,2506,1050,3.76
2011-11-16,Germany,2700,1917,2.5
2011-11-16,Germany,1227,976,1.19
2011-11-17,United Kingdom,1892,938,3.66
2011-11-17,Germany,1409,692,1.49
2011-11-17,France,1265,633,3.41
2011-11-17,Portugal,2553,2020,3.5
2011-11-17,United Kingdom,100,51,3.94
2011-11-17,Malta,1994,1447,2.18
2011-11-17,Malta,1585,716,3.07
2011-11-17,EIRE,2401,1563,2.46
2011-11-17,United Kingdom,1327,598,3.54
2011-11-17,United Kingdom,2508,1507,3.56
2011-11-17,United Kingdom,554,226,4.33
2011-11-17,Germany,2051,1196,1.99
2011-11-17,Channel Islands,1206,569,3.07
2011-11-17,United Kingdom,508,287,2.85
2011-11-17,United Kingdom,696,523,1.18
2011-11-17,Italy,1566,981,1.86
2011-11-17,France,858,535,3.79
2011-11-17,Germany,770,455,2.07
2011-11-17,Germany,3250,1413,2.49
2011-11-17,United Kingdom,1114,666,4.06
2011-11-17,United Kingdom,935,501,1.79
2011-11-17,United Kingdom,1667,677,2.55
2011-11-17,United Kingdom,1439,973,1.66
2011-11-17,United Kingdom,274,190,3.17
2011-11-17,United Kingdom,2097,1012,2.48
2011-11-17,United Kingdom,1869,1190,4.18
2011-11-17,United Kingdom,2509,1822,4.12
2011-11-17,United Kingdom,1442,1135,1.0
2011-11-17,Japan,1305,736,2.57
2011-11-17,United Kingdom,1630,739,4.47
2011-11-17,United Kingdom,2250,1798,1.28
2011-11-17,United Kingdom,2335,1219,2.16
2011-11-17,France,1923,1122,2.41
2011-11-17,United Kingdom,100,78,1.61
2011-11-17,United Kingdom,1549,1030,1.84
2011-11-17,United Kingdom,2734,1421,4.3
2011-11-17,United Kingdom,1156,854,3.46
2011-11-17,United Kingdom,961,738,1.67
2011-11-17,France,1898,1165,1.53
2011-11-17,United Kingdom,628,436,1.52
2011-11-17,United Kingdom,931,641,2.29
2011-11-17,United Kingdom,147,83,3.53
2011-11-17,Germany,2299,1751,2.83
2011-11-17,United Kingdom,2239,1091,4.41
2011-11-17,United Kingdom,2189,1684,1.23
2011-11-17,United Kingdom,1742,1223,2.67
2011-11-17,United Kingdom,2399,1314,1.25
2011-11-17,United Kingdom,100,61,1.04
2011-11-17,United Kingdom,100,61,3.85
2011-11-17,United Kingdom,1065,735,3.73
2011-11-17,United Kingdom,1801,1210,4.11
2011-11-17,United Kingdom,1301,1016,4.42
2011-11-17,United Kingdom,2103,1216,1.72
2011-11-17,United Kingdom,233,182,2.81
2011-11-17,United Kingdom,1426,891,2.38
2011-11-17,United Kingdom,1449,764,1.99
2011-11-17,United Kingdom,723,361,4.31
2011-11-17,United Kingdom,832,490,3.35
2011-11-17,United Kingdom,1417,602,4.06
2011-11-17,United Kingdom,1242,725,2.58
2011-11-17,Germany,497,248,2.28
2011-11-17,United Kingdom,1955,889,2.59
2011-11-17,United Kingdom,100,63,2.91
2011-11-17,United Kingdom,851,441,4.47
2011-11-17,United Kingdom,937,629,1.37
2011-11-17,United Kingdom,2116,1449,2.85
2011-11-17,United Kingdom,295,123,2.34
2011-11-17,United Kingdom,900,629,2.28
2011-11-17,Spain,874,650,1.28
2011-11-17,United Kingdom,2217,1385,1.26
2011-11-17,United Kingdom,733,378,3.17
2011-11-17,United Kingdom,1568,1136,2.11
2011-11-17,United Kingdom,2153,927,1.39
2011-11-17,United Kingdom,1566,818,2.26
2011-11-17,United Kingdom,1571,732,2.48
2011-11-17,Belgium,1733,1206,1.59
2011-11-17,United Kingdom,1196,850,2.42
2011-11-17,United Kingdom,1493,744,1.42
2011-11-17,United Kingdom,1342,952,2.26
2011-11-17,United Kingdom,635,299,3.63
2011-11-17,United Kingdom,2484,1048,2.06
2011-11-17,United Kingdom,715,452,2.27
2011-11-17,United Kingdom,2962,1196,3.24
2011-11-17,Germany,1688,1172,2.65
2011-11-17,United Kingdom,2419,1440,2.19
2011-11-17,United Kingdom,2077,863,2.58
2011-11-17,United Kingdom,1880,1411,3.29
2011-11-17,United Kingdom,2118,1555,3.52
2011-11-17,United Kingdom,2102,1005,4.09
2011-11-17,United Kingdom,286,119,2.05
2011-11-17,EIRE,1482,954,2.06
2011-11-17,United Kingdom,992,649,2.83
2011-11-17,United Kingdom,1875,838,2.28
2011-11-17,United Kingdom,818,530,1.73
2011-11-17,United Kingdom,632,258,1.24
2011-11-17,Finland,179,115,4.5
2011-11-17,United Kingdom,1877,1336,3.04
2011-11-17,United Kingdom,1573,1189,4.34
2011-11-17,Finland,837,363,2.9
2011-11-17,Finland,1279,677,2.7
2011-11-17,United Kingdom,2014,1192,2.42
2011-11-17,United Kingdom,927,697,4.33
2011-11-17,United Kingdom,1022,523,2.22
2011-11-17,United Kingdom,2305,1393,2.56
2011-11-17,United Kingdom,986,759,1.99
2011-11-17,United Kingdom,1452,891,2.98
2011-11-17,United Kingdom,2556,1919,3.84
2011-11-17,United Kingdom,2452,1453,4.15
2011-11-17,United Kingdom,707,406,1.34
2011-11-17,United Kingdom,115,56,3.27
2011-11-17,United Kingdom,819,615,1.73
2011-11-17,United Kingdom,1095,637,3.1
2011-11-17,United Kingdom,915,673,1.52
2011-11-17,Belgium,1100,701,3.5
2011-11-17,United Kingdom,3614,1869,2.02
2011-11-17,United Kingdom,1592,1195,3.62
2011-11-17,United Kingdom,461,298,2.54
2011-11-17,United Kingdom,1638,750,2.55
2011-11-17,United Kingdom,226,129,2.49
2011-11-17,United Kingdom,100,72,4.1
2011-11-17,United Kingdom,100,65,4.08
2011-11-17,United Kingdom,1817,1190,3.5
2011-11-17,United Kingdom,1980,1101,2.41
2011-11-17,United Kingdom,1635,754,2.68
2011-11-17,United Kingdom,1596,957,1.86
2011-11-17,United Kingdom,344,272,3.58
2011-11-17,United Kingdom,1109,607,4.14
2011-11-17,United Kingdom,1870,1387,1.34
2011-11-17,United Kingdom,1268,556,1.46
2011-11-17,United Kingdom,849,502,1.79
2011-11-17,United Kingdom,1235,853,3.22
2011-11-17,United Kingdom,792,316,3.68
2011-11-17,United Kingdom,285,205,3.44
2011-11-17,United Kingdom,953,742,4.13
2011-11-17,United Kingdom,3111,1809,3.74
2011-11-17,United Kingdom,384,223,4.28
2011-11-17,United Kingdom,2411,1519,1.96
2011-11-17,United Kingdom,2469,1498,3.3
2011-11-17,United Kingdom,3010,1485,3.51
2011-11-17,United Kingdom,823,629,3.88
2011-11-17,United Kingdom,1020,681,1.57
2011-11-17,United Kingdom,1584,693,1.61
2011-11-17,France,2186,1271,1.3
2011-11-17,United Kingdom,1604,1070,1.94
2011-11-17,United Kingdom,757,361,4.06
2011-11-17,United Kingdom,1204,681,2.56
2011-11-17,Spain,507,362,1.36
2011-11-17,Denmark,1412,930,3.59
2011-11-17,United Kingdom,1966,1180,3.57
2011-11-17,United Kingdom,1719,859,3.87
2011-11-17,United Kingdom,544,375,2.88
2011-11-17,United Kingdom,2301,1774,2.55
2011-11-17,United Kingdom,817,389,1.49
2011-11-18,United Kingdom,1486,752,2.28
2011-11-18,United Kingdom,1372,798,2.47
2011-11-18,United Kingdom,1427,618,1.81
2011-11-18,Germany,1209,523,1.99
2011-11-18,United Kingdom,2120,1488,3.12
2011-11-18,United Kingdom,2894,1704,4.14
2011-11-18,United Kingdom,1829,970,1.04
2011-11-18,United Kingdom,1580,682,3.4
2011-11-18,United Kingdom,2544,1724,1.84
2011-11-18,United Kingdom,915,392,1.66
2011-11-18,United Kingdom,1328,593,1.06
2011-11-18,United Kingdom,1430,942,3.76
2011-11-18,United Kingdom,902,629,4.34
2011-11-18,United Kingdom,1626,847,4.12
2011-11-18,United Kingdom,2130,1466,1.43
2011-11-18,United Kingdom,2581,1704,2.63
2011-11-18,United Kingdom,910,600,2.81
2011-11-18,Czech Republic,2664,1204,4.3
2011-11-18,France,1879,880,1.92
2011-11-18,United Kingdom,1464,918,2.61
2011-11-18,United Kingdom,1648,742,4.16
2011-11-18,United Kingdom,1785,813,3.58
2011-11-18,United Kingdom,1421,957,3.63
2011-11-18,Switzerland,2382,1678,2.37
2011-11-18,United Kingdom,1400,688,2.73
2011-11-18,United Kingdom,2404,1627,3.65
2011-11-18,United Kingdom,1742,1344,2.18
2011-11-18,United Kingdom,2242,1209,2.16
2011-11-18,United Kingdom,3553,1968,1.55
2011-11-18,United Kingdom,1449,1031,4.36
2011-11-18,United Kingdom,1828,1057,3.54
2011-11-18,United Kingdom,100,46,2.65
2011-11-18,Germany,1652,661,1.66
2011-11-18,United Kingdom,2166,1227,4.14
2011-11-18,United Kingdom,1075,659,2.58
2011-11-18,United Kingdom,3340,1553,4.47
2011-11-18,United Kingdom,1399,858,2.55
2011-11-18,United Kingdom,487,383,3.24
2011-11-18,United Kingdom,2671,1145,3.72
2011-11-18,United Kingdom,2476,1303,3.73
2011-11-18,United Kingdom,100,74,3.21
2011-11-18,Italy,3137,2103,4.26
2011-11-18,United Kingdom,330,212,3.81
2011-11-18,Belgium,2108,1366,2.65
2011-11-18,United Kingdom,1925,1513,2.36
2011-11-18,United Kingdom,636,320,2.14
2011-11-18,United Kingdom,2780,1978,2.46
2011-11-18,United Kingdom,316,166,1.84
2011-11-18,United Kingdom,2017,1045,1.37
2011-11-18,United Kingdom,638,272,3.22
2011-11-18,United Kingdom,863,474,1.99
2011-11-18,United Kingdom,513,292,4.2
2011-11-18,Cyprus,962,698,3.34
2011-11-18,United Kingdom,2306,995,1.44
2011-11-18,United Kingdom,1207,929,1.13
2011-11-18,United Kingdom,1203,651,4.13
2011-11-18,United Kingdom,1287,745,2.83
2011-11-18,United Kingdom,1392,702,1.39
2011-11-18,United Kingdom,100,54,2.25
2011-11-18,United Kingdom,986,491,1.42
2011-11-18,United Kingdom,760,506,2.36
2011-11-18,United Kingdom,2489,1118,3.2
2011-11-18,United Kingdom,2206,927,3.06
2011-11-18,France,1366,709,1.9
2011-11-18,United Kingdom,1414,951,1.29
2011-11-18,United Kingdom,382,300,3.74
2011-11-18,United Kingdom,1541,1056,2.42
2011-11-18,Germany,452,261,1.51
2011-11-18,United Kingdom,1108,508,3.55
2011-11-18,Germany,2048,1529,3.38
2011-11-18,United Kingdom,1551,765,2.18
2011-11-18,United Kingdom,2730,1969,3.83
2011-11-18,United Kingdom,2068,1269,2.32
2011-11-18,United Kingdom,1946,912,1.34
2011-11-18,United Kingdom,695,312,3.73
2011-11-18,United Kingdom,2620,1530,2.86
2011-11-18,United Kingdom,2547,1672,1.27
2011-11-18,United Kingdom,692,484,1.52
2011-11-18,United Kingdom,580,308,1.41
2011-11-18,Norway,1808,906,3.57
2011-11-18,United Kingdom,1294,686,2.43
2011-11-18,Italy,934,479,1.04
2011-11-18,United Kingdom,294,203,1.6
2011-11-18,United Kingdom,1081,454,1.49
2011-11-18,United Kingdom,1347,872,4.26
2011-11-18,United Kingdom,2025,1523,2.85
2011-11-18,United Kingdom,2077,1101,4.05
2011-11-18,United Kingdom,1579,1091,4.19
2011-11-18,United Kingdom,346,150,4.44
2011-11-18,United Kingdom,2405,1020,3.67
2011-11-18,Netherlands,1751,1199,1.28
2011-11-18,United Kingdom,100,79,2.59
2011-11-18,United Kingdom,1326,647,1.39
2011-11-18,United Kingdom,1725,1220,3.14
2011-11-18,United Kingdom,1389,1082,4.44
2011-11-18,United Kingdom,887,375,1.53
2011-11-18,United Kingdom,1376,711,4.23
2011-11-18,United Kingdom,2225,1448,4.45
2011-11-18,United Kingdom,1832,847,3.16
2011-11-18,United Kingdom,1322,631,3.72
2011-11-18,United Kingdom,1318,959,2.78
2011-11-18,United Kingdom,1657,1300,2.49
2011-11-18,United Kingdom,1076,522,2.08
2011-11-18,United Kingdom,1126,749,1.08
2011-11-18,United Kingdom,2239,1417,3.71
2011-11-18,United Kingdom,2253,1230,1.88
2011-11-18,France,1713,1314,1.73
2011-11-18,United Kingdom,2303,1050,4.18
2011-11-18,United Kingdom,1281,804,4.25
2011-11-18,United Kingdom,1987,1350,2.21
2011-11-18,United Kingdom,2350,1365,1.7
2011-11-18,United Kingdom,1543,954,4.26
2011-11-18,United Kingdom,1472,645,2.25
2011-11-18,United Kingdom,1802,1067,1.18
2011-11-18,United Kingdom,1333,722,3.79
2011-11-18,Czech Republic,1882,1324,3.73
2011-11-18,United Kingdom,1247,815,3.65
2011-11-18,EIRE,2700,1254,3.6
2011-11-18,United Kingdom,1251,619,3.15
2011-11-18,United Kingdom,1059,835,3.67
2011-11-18,United Kingdom,397,309,3.59
2011-11-18,United Kingdom,704,445,2.73
2011-11-18,United Kingdom,604,355,2.48
2011-11-18,United Kingdom,1117,802,1.01
2011-11-18,United Kingdom,1438,641,2.75
2011-11-18,Sweden,2330,1782,2.6
2011-11-18,United Kingdom,595,397,4.22
2011-11-18,United Kingdom,2747,1505,3.58
2011-11-18,United Kingdom,2012,1468,1.92
2011-11-18,United Kingdom,2766,2190,3.25
2011-11-18,United Kingdom,1168,626,2.96
2011-11-18,United Kingdom,933,548,2.89
2011-11-18,EIRE,889,583,3.72
2011-11-18,United Kingdom,1956,1266,2.36
2011-11-18,United Kingdom,1814,1041,1.58
2011-11-18,United Kingdom,669,389,1.99
2011-11-18,EIRE,1407,844,1.74
2011-11-18,United Kingdom,1010,466,4.18
2011-11-18,United Kingdom,2447,1925,3.12
2011-11-18,United Kingdom,1682,902,2.9
2011-11-18,United Kingdom,1315,953,3.74
2011-11-18,United Kingdom,1507,1190,3.8
2011-11-18,United Kingdom,2318,1269,3.55
2011-11-18,Poland,1945,1343,2.03
2011-11-18,United Kingdom,1345,1026,2.21
2011-11-18,Germany,1467,910,3.35
2011-11-18,United Kingdom,1972,1329,4.12
2011-11-18,United Kingdom,1553,676,4.1
2011-11-18,United Kingdom,1344,780,1.24
2011-11-20,United Kingdom,3027,1716,4.19
2011-11-20,United Kingdom,602,370,2.83
2011-11-20,United Kingdom,1653,1067,4.18
2011-11-20,United Kingdom,1628,877,1.66
2011-11-20,Germany,1975,1180,2.19
2011-11-20,United Kingdom,788,491,4.13
2011-11-20,United Kingdom,2273,1085,4.48
2011-11-20,United Kingdom,997,610,2.69
2011-11-20,United Kingdom,2891,2124,2.01
2011-11-20,United Kingdom,1689,709,1.12
2011-11-20,United Kingdom,100,67,2.86
2011-11-20,United Kingdom,671,412,2.39
2011-11-20,United Kingdom,2073,1435,2.77
2011-11-20,United Kingdom,285,219,3.03
2011-11-20,United Kingdom,2470,1818,4.38
2011-11-20,United Kingdom,1091,650,1.34
2011-11-20,Netherlands,877,616,3.46
2011-11-20,United Kingdom,100,52,4.49
2011-11-20,Spain,2649,1953,3.03
2011-11-20,United Kingdom,1212,566,2.12
2011-11-20,United Kingdom,869,350,2.26
2011-11-20,EIRE,1356,865,2.21
2011-11-20,United Kingdom,946,381,1.54
2011-11-20,Netherlands,1201,941,2.39
2011-11-20,United Kingdom,2640,1171,4.04
2011-11-20,United Kingdom,1169,693,1.52
2011-11-20,United Kingdom,486,318,3.85
2011-11-20,United Kingdom,2230,1659,1.5
2011-11-20,United Kingdom,776,378,2.18
2011-11-20,United Kingdom,991,607,3.61
2011-11-20,United Kingdom,115,49,3.56
2011-11-20,United Kingdom,599,349,2.37
2011-11-20,United Kingdom,317,207,4.34
2011-11-20,United Kingdom,1342,804,2.84
2011-11-20,United Kingdom,3242,2081,1.37
2011-11-20,United Kingdom,2273,1426,2.62
2011-11-20,United Kingdom,851,623,3.71
2011-11-20,United Kingdom,1743,1263,3.54
2011-11-20,United Kingdom,2110,960,2.88
2011-11-20,United Kingdom,1867,1470,3.45
2011-11-20,France,793,488,1.92
2011-11-20,United Kingdom,1287,626,2.29
2011-11-20,United Kingdom,2394,1612,4.42
2011-11-20,United Kingdom,1741,1362,1.7
2011-11-20,United Kingdom,2834,1278,2.52
2011-11-20,United Kingdom,1114,741,2.52
2011-11-20,United Kingdom,1971,1292,1.69
2011-11-20,United Kingdom,3304,1622,3.53
2011-11-20,United Kingdom,2345,1267,4.19
2011-11-20,France,1653,844,2.08
2011-11-20,United Kingdom,2069,840,1.45
2011-11-20,United Kingdom,2966,1477,1.57
2011-11-20,United Kingdom,1727,1018,3.7
2011-11-20,United Kingdom,1878,1235,1.98
2011-11-20,United Kingdom,365,229,2.55
2011-11-20,United Kingdom,720,544,1.48
2011-11-20,United Kingdom,2506,1107,4.03
2011-11-20,United Kingdom,1769,1389,3.72
2011-11-20,Spain,3328,1362,4.15
2011-11-20,United Kingdom,1500,1118,3.58
2011-11-20,United Kingdom,2571,1733,1.8
2011-11-20,United Kingdom,1952,1483,1.57
2011-11-20,United Kingdom,3282,1639,1.05
2011-11-20,United Kingdom,988,529,1.38
2011-11-20,United Kingdom,2610,1896,1.23
2011-11-20,United Kingdom,2803,1931,4.31
2011-11-20,United Kingdom,2304,1038,2.64
2011-11-20,United Kingdom,2060,969,3.61
2011-11-20,United Kingdom,665,441,3.71
2011-11-20,United Kingdom,517,232,4.11
2011-11-20,United Kingdom,1255,626,1.75
2011-11-20,United Kingdom,2828,1332,3.8
2011-11-20,United Kingdom,2717,1234,3.62
2011-11-20,United Kingdom,1796,1049,1.28
2011-11-20,United Kingdom,1714,1033,1.38
2011-11-20,United Kingdom,1875,786,2.95
2011-11-20,United Kingdom,2375,1835,1.4
2011-11-20,United Kingdom,1518,691,2.65
2011-11-20,United Kingdom,211,162,2.17
2011-11-20,United Kingdom,545,225,2.6
2011-11-20,United Kingdom,2338,950,4.04
2011-11-20,United Kingdom,1526,1105,1.25
2011-11-20,United Kingdom,2223,923,1.12
2011-11-20,United Kingdom,1052,637,3.73
2011-11-20,United Kingdom,2845,1569,3.68
2011-11-20,Belgium,2603,1072,2.19
2011-11-20,United Kingdom,100,68,4.03
2011-11-20,United Kingdom,148,75,4.34
2011-11-20,United Kingdom,3670,1798,3.04
2011-11-20,United Kingdom,1980,1467,1.99
2011-11-20,United Kingdom,1230,577,3.8
2011-11-20,United Kingdom,558,279,3.03
2011-11-20,United Kingdom,2282,1388,1.12
2011-11-20,United Kingdom,513,393,4.21
2011-11-21,United Kingdom,1756,879,4.02
2011-11-21,United Kingdom,1652,1151,1.4
2011-11-21,United Kingdom,100,41,1.69
2011-11-21,United Kingdom,3062,2227,2.26
2011-11-21,United Kingdom,960,632,3.11
2011-11-21,United Kingdom,1284,656,2.73
2011-11-21,United Kingdom,1956,830,2.53
2011-11-21,United Kingdom,2077,1359,1.42
2011-11-21,United Kingdom,959,566,3.13
2011-11-21,Spain,1704,979,1.96
2011-11-21,EIRE,3080,1983,2.23
2011-11-21,United Kingdom,2046,947,2.18
2011-11-21,Italy,1405,1026,1.52
2011-11-21,United Kingdom,1036,479,3.3
2011-11-21,United Kingdom,1655,1173,3.85
2011-11-21,EIRE,2185,1211,1.37
2011-11-21,United Kingdom,2157,1681,2.32
2011-11-21,Germany,907,501,2.86
2011-11-21,United Kingdom,1948,1117,2.03
2011-11-21,United Kingdom,2183,1191,2.06
2011-11-21,Portugal,2128,994,1.6
2011-11-21,United Kingdom,765,508,4.01
2011-11-21,United Kingdom,2160,1206,3.97
2011-11-21,United Kingdom,2199,1695,3.89
2011-11-21,United Kingdom,2052,1569,2.81
2011-11-21,France,1003,640,2.78
2011-11-21,United Kingdom,1736,1059,3.26
2011-11-21,United Kingdom,1485,787,1.41
2011-11-21,United Kingdom,503,376,3.43
2011-11-21,Germany,1164,664,3.96
2011-11-21,United Kingdom,1938,1369,1.29
2011-11-21,United Kingdom,1626,998,1.11
2011-11-21,United Kingdom,1301,574,1.52
2011-11-21,United Kingdom,1550,1027,3.56
2011-11-21,United Kingdom,1554,1192,2.39
2011-11-21,United Kingdom,1146,510,2.24
2011-11-21,United Kingdom,688,404,1.95
2011-11-21,United Kingdom,887,684,4.24
2011-11-21,United Kingdom,2327,1272,2.7
2011-11-21,United Kingdom,1463,631,3.03
2011-11-21,United Kingdom,2853,2211,2.09
2011-11-21,United Kingdom,1873,1366,1.72
2011-11-21,United Kingdom,2879,1260,4.15
2011-11-21,United Kingdom,2715,1981,3.07
2011-11-21,United Kingdom,411,260,3.45
2011-11-21,United Kingdom,1387,1008,4.22
2011-11-21,United Kingdom,425,214,3.57
2011-11-21,United Kingdom,1124,501,1.58
2011-11-21,United Kingdom,1185,731,2.53
2011-11-21,United Kingdom,2439,1765,2.99
2011-11-21,United Kingdom,1690,1317,2.3
2011-11-21,United Kingdom,733,324,2.3
2011-11-21,United Kingdom,1370,724,1.82
2011-11-21,United Kingdom,613,289,2.79
2011-11-21,United Kingdom,2677,1532,3.87
2011-11-21,United Kingdom,605,319,3.09
2011-11-21,United Kingdom,2256,1519,4.46
2011-11-21,United Kingdom,1708,790,2.83
2011-11-21,United Kingdom,2533,1089,1.11
2011-11-21,United Kingdom,1005,778,2.92
2011-11-21,United Kingdom,1213,807,2.12
2011-11-21,United Kingdom,1705,1227,3.36
2011-11-21,United Kingdom,1403,1117,1.6
2011-11-21,United Kingdom,2243,1360,3.29
2011-11-21,United Kingdom,1735,914,3.1
2011-11-21,United Kingdom,447,271,2.13
2011-11-21,United Kingdom,1356,755,2.81
2011-11-21,United Kingdom,2578,1962,2.86
2011-11-21,United Kingdom,2975,1295,3.72
2011-11-21,United Kingdom,1030,676,2.35
2011-11-21,United Kingdom,1033,422,1.68
2011-11-21,United Kingdom,1960,1180,2.26
2011-11-21,United Kingdom,957,508,2.31
2011-11-21,United Kingdom,1320,810,3.37
2011-11-21,United Kingdom,2308,1382,3.94
2011-11-21,United Kingdom,1425,1075,1.93
2011-11-21,United Kingdom,328,253,3.84
2011-11-21,United Kingdom,712,341,4.37
2011-11-21,United Kingdom,2277,926,1.87
2011-11-21,United Kingdom,954,727,1.35
2011-11-21,United Kingdom,1713,964,2.52
2011-11-21,United Kingdom,100,43,3.51
2011-11-21,United Kingdom,1712,1024,1.06
2011-11-21,Germany,1292,700,3.72
2011-11-21,Germany,1367,626,1.31
2011-11-21,United Kingdom,943,424,2.54
2011-11-21,United Kingdom,2888,1214,3.85
2011-11-21,United Kingdom,801,355,2.5
2011-11-21,United Kingdom,849,361,2.18
2011-11-21,United Kingdom,100,55,3.18
2011-11-21,United Kingdom,1354,613,1.89
2011-11-21,United Kingdom,1268,718,1.06
2011-11-21,United Kingdom,781,424,4.43
2011-11-21,United Kingdom,1639,775,3.78
2011-11-21,United Kingdom,1139,707,4.15
2011-11-21,United Kingdom,1259,936,4.48
2011-11-21,United Kingdom,1481,993,3.92
2011-11-21,United Kingdom,1699,995,1.44
2011-11-21,United Kingdom,2469,1012,3.84
2011-11-21,United Kingdom,1696,891,4.44
2011-11-21,United Kingdom,100,64,1.54
2011-11-21,United Kingdom,673,493,2.51
2011-11-21,United Kingdom,1745,1062,2.87
2011-11-21,United Kingdom,2120,1410,1.76
2011-11-21,United Kingdom,2469,1903,1.37
2011-11-21,United Kingdom,3814,2785,2.83
2011-11-21,United Kingdom,598,293,2.6
2011-11-21,United Kingdom,1044,567,4.06
2011-11-22,United Kingdom,1547,1159,4.35
2011-11-22,United Kingdom,1375,625,4.22
2011-11-22,United Kingdom,2235,1155,1.19
2011-11-22,United Kingdom,1058,493,1.9
2011-11-22,Italy,740,324,3.0
2011-11-22,United Kingdom,2311,1725,2.24
2011-11-22,United Kingdom,1961,1312,2.06
2011-11-22,United Kingdom,1104,481,1.56
2011-11-22,United Kingdom,1386,953,2.86
2011-11-22,United Kingdom,1064,692,2.29
2011-11-22,United Kingdom,100,51,1.82
2011-11-22,United Kingdom,2348,1634,4.25
2011-11-22,United Kingdom,439,215,2.59
2011-11-22,United Kingdom,2139,1186,2.29
2011-11-22,United Kingdom,1570,1134,3.5
2011-11-22,United Kingdom,958,751,1.72
2011-11-22,United Kingdom,2503,1664,3.22
2011-11-22,United Kingdom,1066,813,3.4
2011-11-22,United Kingdom,2776,1597,4.16
2011-11-22,United Kingdom,782,555,3.47
2011-11-22,EIRE,1436,925,1.88
2011-11-22,United Kingdom,1122,737,1.75
2011-11-22,United Kingdom,956,659,2.08
2011-11-22,United Kingdom,100,71,1.97
2011-11-22,United Kingdom,2035,1426,3.91
2011-11-22,United Kingdom,1817,990,1.98
2011-11-22,United Kingdom,2223,1602,1.21
2011-11-22,United Kingdom,523,368,3.85
2011-11-22,United Kingdom,1838,1062,3.47
2011-11-22,United Kingdom,100,60,4.29
2011-11-22,United Kingdom,2724,1292,3.88
2011-11-22,United Kingdom,2239,1628,2.13
2011-11-22,United Kingdom,2548,1966,1.41
2011-11-22,United Kingdom,100,59,1.72
2011-11-22,United Kingdom,3050,1292,1.65
2011-11-22,United Kingdom,2462,1756,4.0
2011-11-22,United Kingdom,443,231,2.82
2011-11-22,United Kingdom,1253,560,4.01
2011-11-22,EIRE,2024,1218,4.42
2011-11-22,United Kingdom,1325,627,2.6
2011-11-22,United Kingdom,2149,1633,4.37
2011-11-22,United Kingdom,2110,1040,3.88
2011-11-22,United Kingdom,1308,1027,3.43
2011-11-22,United Kingdom,1783,858,3.47
2011-11-22,France,1827,1283,3.52
2011-11-22,United Kingdom,2739,1771,1.31
2011-11-22,United Kingdom,1615,968,2.88
2011-11-22,United Kingdom,2438,1086,2.49
2011-11-22,United Kingdom,1101,692,3.41
2011-11-22,United Kingdom,1773,1224,3.54
2011-11-22,United Kingdom,2300,1520,3.62
2011-11-22,United Kingdom,1140,774,2.92
2011-11-22,United Kingdom,1644,706,1.19
2011-11-22,United Kingdom,3189,2330,2.69
2011-11-22,United Kingdom,1346,891,1.8
2011-11-22,United Kingdom,148,115,1.82
2011-11-22,United Kingdom,1426,809,3.41
2011-11-22,United Kingdom,100,59,3.51
2011-11-22,United Kingdom,2159,939,3.1
2011-11-22,United Kingdom,1737,1274,2.87
2011-11-22,United Kingdom,1212,554,1.38
2011-11-22,United Kingdom,2377,1020,2.99
2011-11-22,United Kingdom,1776,918,3.72
2011-11-22,United Kingdom,2040,1327,1.46
2011-11-22,United Kingdom,100,52,2.07
2011-11-22,United Kingdom,2513,1744,4.23
2011-11-22,United Kingdom,2352,1336,3.43
2011-11-22,United Kingdom,1906,881,3.93
2011-11-22,United Kingdom,249,175,4.39
2011-11-22,United Kingdom,1284,907,1.77
2011-11-22,United Kingdom,1451,980,1.98
2011-11-22,United Kingdom,2606,1891,4.14
2011-11-22,United Kingdom,950,537,2.44
2011-11-22,United Kingdom,2236,1660,2.64
2011-11-22,United Kingdom,1352,694,2.37
2011-11-22,United Kingdom,940,734,4.35
2011-11-22,United Kingdom,2078,1402,3.38
2011-11-22,United Kingdom,1406,594,2.83
2011-11-22,United Kingdom,1443,637,1.62
2011-11-22,United Kingdom,1708,1097,3.93
2011-11-22,United Kingdom,509,256,3.15
2011-11-22,United Kingdom,2972,1725,3.06
2011-11-22,United Kingdom,2011,1060,1.03
2011-11-22,United Kingdom,2880,2196,4.11
2011-11-22,United Kingdom,1724,1131,2.12
2011-11-22,Germany,1758,919,2.57
2011-11-22,United Kingdom,100,53,2.04
2011-11-22,United Kingdom,238,190,3.42
2011-11-22,United Kingdom,2392,1909,2.11
2011-11-22,United Kingdom,1359,1044,1.42
2011-11-22,United Kingdom,1940,843,1.86
2011-11-22,United Kingdom,1297,961,3.6
2011-11-22,France,2695,1611,1.56
2011-11-22,Netherlands,2253,1309,2.79
2011-11-22,United Kingdom,959,539,4.24
2011-11-22,United Kingdom,1564,757,2.7
2011-11-22,United Kingdom,294,231,2.82
2011-11-22,United Kingdom,3065,1901,1.79
2011-11-22,United Kingdom,598,456,1.76
2011-11-22,United Kingdom,1375,873,1.05
2011-11-22,United Kingdom,1490,998,2.04
2011-11-22,Germany,896,640,3.09
2011-11-22,United Kingdom,2559,1267,2.34
2011-11-22,United Kingdom,685,388,3.37
2011-11-22,United Kingdom,1955,1201,1.49
2011-11-22,EIRE,1573,645,1.9
2011-11-22,United Kingdom,1794,853,2.76
2011-11-22,United Kingdom,1652,1229,3.03
2011-11-22,United Kingdom,271,199,4.38
2011-11-22,United Kingdom,1899,983,3.31
2011-11-22,United Kingdom,1196,888,2.43
2011-11-22,United Kingdom,605,448,3.52
2011-11-22,United Kingdom,1452,1011,2.89
2011-11-22,Germany,1467,670,3.68
2011-11-22,United Kingdom,2125,1585,1.47
2011-11-22,United Kingdom,1959,1524,2.1
2011-11-22,United Kingdom,2020,1320,1.47
2011-11-22,United Kingdom,1522,841,2.86
2011-11-22,United Kingdom,1053,815,1.11
2011-11-22,United Kingdom,2343,1416,2.08
2011-11-22,United Kingdom,721,391,1.59
2011-11-22,United Kingdom,813,584,2.71
2011-11-22,United Kingdom,2090,1079,1.21
2011-11-22,United Kingdom,2263,1632,4.36
2011-11-22,United Kingdom,1260,661,2.2
2011-11-22,United Kingdom,1754,1275,2.46
2011-11-22,Italy,1707,800,1.54
2011-11-22,United Kingdom,1252,981,3.55
2011-11-22,United Kingdom,2105,1147,1.27
2011-11-22,United Kingdom,504,370,1.57
2011-11-22,Netherlands,839,459,1.37
2011-11-22,Belgium,1935,1155,2.53
2011-11-22,United Kingdom,1632,656,2.05
2011-11-22,United Kingdom,3088,2395,2.03
2011-11-22,United Kingdom,2239,1788,4.17
2011-11-22,United Kingdom,346,192,3.41
2011-11-22,Sweden,2233,1206,2.36
2011-11-22,Sweden,1799,1353,4.03
2011-11-22,United Kingdom,2600,1817,1.99
2011-11-22,United Kingdom,231,127,3.31
2011-11-22,EIRE,2973,1265,1.08
2011-11-22,United Kingdom,3147,2108,3.52
2011-11-22,United Kingdom,109,44,2.16
2011-11-22,United Kingdom,1519,1008,1.86
2011-11-22,United Kingdom,2930,2222,3.7
2011-11-22,United Kingdom,1717,770,4.29
2011-11-23,Switzerland,1590,1185,4.15
2011-11-23,United Kingdom,2264,1031,1.66
2011-11-23,United Kingdom,100,43,4.06
2011-11-23,United Kingdom,1053,618,3.93
2011-11-23,United Kingdom,1370,635,3.22
2011-11-23,EIRE,2395,1460,1.65
2011-11-23,United Kingdom,2057,1233,1.32
2011-11-23,United Kingdom,100,57,2.41
2011-11-23,Italy,2026,1083,3.22
2011-11-23,United Kingdom,1612,1026,4.49
2011-11-23,United Kingdom,2690,1448,3.21
2011-11-23,United Kingdom,2115,1003,3.69
2011-11-23,United Kingdom,100,42,2.63
2011-11-23,United Kingdom,674,392,3.22
2011-11-23,United Kingdom,1114,722,3.61
2011-11-23,United Kingdom,1321,870,3.24
2011-11-23,United Kingdom,2049,1527,2.53
2011-11-23,United Kingdom,1454,1159,3.44
2011-11-23,United Kingdom,2434,1434,3.27
2011-11-23,United Kingdom,1857,1120,1.42
2011-11-23,United Kingdom,1429,1124,3.01
2011-11-23,United Kingdom,971,588,2.13
2011-11-23,Switzerland,1191,807,1.2
2011-11-23,Switzerland,2772,1257,2.3
2011-11-23,United Kingdom,1081,848,1.97
2011-11-23,United Kingdom,2308,969,3.07
2011-11-23,United Kingdom,2748,1692,1.1
2011-11-23,United Kingdom,1861,1254,2.33
2011-11-23,United Kingdom,918,551,1.93
2011-11-23,United Kingdom,1242,596,2.41
2011-11-23,United Kingdom,741,520,3.98
2011-11-23,United Kingdom,1847,1107,1.86
2011-11-23,United Kingdom,377,231,4.17
2011-11-23,United Kingdom,1006,601,2.61
2011-11-23,EIRE,2319,970,3.63
2011-11-23,Netherlands,1611,1078,1.9
2011-11-23,Netherlands,100,50,1.92
2011-11-23,United Kingdom,1396,870,1.11
2011-11-23,Netherlands,1490,746,3.38
2011-11-23,United Kingdom,1068,759,3.81
2011-11-23,United Kingdom,2814,2057,2.83
2011-11-23,United Kingdom,1812,1285,3.56
2011-11-23,United Kingdom,1814,792,2.31
2011-11-23,United Kingdom,1158,863,3.34
2011-11-23,United Kingdom,100,77,1.1
2011-11-23,United Kingdom,2177,888,3.41
2011-11-23,United Kingdom,1408,910,1.53
2011-11-23,United Kingdom,1342,689,1.63
2011-11-23,United Kingdom,932,573,3.86
2011-11-23,United Kingdom,3143,1959,1.35
2011-11-23,United Kingdom,722,456,2.21
2011-11-23,United Kingdom,2161,927,4.09
2011-11-23,United Kingdom,158,68,1.45
2011-11-23,United Kingdom,2950,1676,3.03
2011-11-23,United Kingdom,1096,541,1.9
2011-11-23,United Kingdom,929,726,1.03
2011-11-23,United Kingdom,1712,1030,4.11
2011-11-23,United Kingdom,163,115,3.86
2011-11-23,United Kingdom,1494,934,3.57
2011-11-23,United Kingdom,1515,851,1.36
2011-11-23,United Kingdom,1749,1380,2.99
2011-11-23,United Kingdom,1701,1331,1.12
2011-11-23,United Kingdom,1984,1464,3.51
2011-11-23,Italy,1535,813,4.13
2011-11-23,United Kingdom,484,271,1.01
2011-11-23,United Kingdom,1215,518,2.12
2011-11-23,United Kingdom,2451,1644,4.25
2011-11-23,United Kingdom,930,684,2.27
2011-11-23,United Kingdom,2190,1096,2.79
2011-11-23,United Kingdom,1825,778,2.27
2011-11-23,United Kingdom,1134,784,4.01
2011-11-23,United Kingdom,148,67,3.69
2011-11-23,United Kingdom,2203,1562,2.47
2011-11-23,United Kingdom,2279,1039,2.81
2011-11-23,United Kingdom,1871,1147,2.55
2011-11-23,United Kingdom,737,585,1.97
2011-11-23,United Kingdom,100,62,2.33
2011-11-23,United Kingdom,735,468,1.7
2011-11-23,United Kingdom,1776,726,1.44
2011-11-23,United Kingdom,1658,989,1.08
2011-11-23,United Kingdom,1307,596,1.91
2011-11-23,United Kingdom,647,450,4.03
2011-11-23,United Kingdom,2094,1091,3.08
2011-11-23,United Kingdom,1818,1385,1.76
2011-11-23,United Kingdom,1119,639,3.48
2011-11-23,United Kingdom,2304,930,2.18
2011-11-23,United Kingdom,764,547,4.14
2011-11-23,United Kingdom,736,330,2.88
2011-11-23,United Kingdom,1995,1151,2.0
2011-11-23,Germany,3478,1596,2.67
2011-11-23,Malta,1197,554,3.93
2011-11-23,United Kingdom,1504,1089,3.0
2011-11-23,United Kingdom,3167,1973,2.63
2011-11-23,France,1472,760,1.26
2011-11-23,United Kingdom,3619,1673,3.76
2011-11-23,United Kingdom,1671,1173,3.93
2011-11-23,United Kingdom,1789,1305,1.26
2011-11-23,United Kingdom,1406,647,1.26
2011-11-23,United Kingdom,435,234,1.9
2011-11-23,France,1333,922,3.09
2011-11-23,United Kingdom,2055,1615,1.9
2011-11-23,United Kingdom,100,59,3.74
2011-11-23,United Kingdom,1633,1147,3.42
2011-11-23,United Kingdom,1065,660,1.05
2011-11-23,United Kingdom,100,58,1.63
2011-11-23,United Kingdom,1064,650,2.39
2011-11-23,Germany,2253,1422,1.23
2011-11-23,United Kingdom,100,62,2.18
2011-11-23,Germany,991,674,3.05
2011-11-23,United Kingdom,374,268,2.32
2011-11-23,Finland,1589,1152,3.71
2011-11-23,United Kingdom,1720,742,2.68
2011-11-23,United Kingdom,100,49,1.96
2011-11-23,United Kingdom,1767,1283,1.09
2011-11-23,United Kingdom,1387,731,1.66
2011-11-23,United Kingdom,2133,1557,1.84
2011-11-23,United Kingdom,2206,1286,3.31
2011-11-23,United Kingdom,2592,1526,2.3
2011-11-23,United Kingdom,100,51,1.26
2011-11-23,United Kingdom,2797,1878,2.96
2011-11-23,United Kingdom,3036,1289,1.01
2011-11-23,United Kingdom,1951,857,2.8
2011-11-23,United Kingdom,2580,1707,3.51
2011-11-23,United Kingdom,2515,1443,4.16
2011-11-23,United Kingdom,1057,710,1.99
2011-11-23,United Kingdom,407,197,2.97
2011-11-23,United Kingdom,1655,930,2.76
2011-11-23,Spain,439,274,4.28
2011-11-23,United Kingdom,1098,859,1.44
2011-11-23,United Kingdom,2162,1536,2.75
2011-11-23,United Kingdom,771,398,2.79
2011-11-23,United Kingdom,2564,1914,1.64
2011-11-23,United Kingdom,1320,585,1.29
2011-11-23,United Kingdom,100,75,1.45
2011-11-23,United Kingdom,2124,1359,2.52
2011-11-24,United Kingdom,2726,1619,1.81
2011-11-24,EIRE,1217,529,1.36
2011-11-24,United Kingdom,1754,723,4.03
2011-11-24,Germany,1209,569,3.16
2011-11-24,United Kingdom,1188,628,3.97
2011-11-24,United Kingdom,1507,1204,4.16
2011-11-24,United Kingdom,1162,651,1.2
2011-11-24,Spain,163,96,2.31
2011-11-24,United Kingdom,498,269,1.31
2011-11-24,United Kingdom,1315,905,1.17
2011-11-24,United Kingdom,1371,577,2.86
2011-11-24,United Kingdom,1269,883,3.39
2011-11-24,United Kingdom,2416,1647,3.58
2011-11-24,United Kingdom,1377,888,1.53
2011-11-24,France,833,506,4.33
2011-11-24,United Kingdom,667,379,1.76
2011-11-24,United Kingdom,308,221,4.24
2011-11-24,United Kingdom,664,512,2.75
2011-11-24,United Kingdom,716,541,3.16
2011-11-24,United Kingdom,998,525,3.89
2011-11-24,United Kingdom,841,404,2.84
2011-11-24,United Kingdom,1152,908,3.27
2011-11-24,United Kingdom,2262,1533,3.27
2011-11-24,United Kingdom,1647,794,3.84
2011-11-24,United Kingdom,2130,1609,1.17
2011-11-24,United Kingdom,1190,823,3.69
2011-11-24,United Kingdom,845,477,1.84
2011-11-24,United Kingdom,2766,1436,3.54
2011-11-24,United Kingdom,2360,1254,2.53
2011-11-24,United Kingdom,2046,1368,3.46
2011-11-24,United Kingdom,1609,1107,1.62
2011-11-24,United Kingdom,1437,1106,1.74
2011-11-24,United Kingdom,100,52,1.83
2011-11-24,United Kingdom,1288,712,1.51
2011-11-24,United Kingdom,1977,1452,3.45
2011-11-24,United Kingdom,1488,1181,2.04
2011-11-24,United Kingdom,1491,655,4.03
2011-11-24,United Kingdom,861,564,2.17
2011-11-24,United Kingdom,2089,980,2.79
2011-11-24,United Kingdom,983,632,1.55
2011-11-24,United Kingdom,1642,1234,1.98
2011-11-24,France,1548,777,2.38
2011-11-24,United Kingdom,1801,766,2.53
2011-11-24,United Kingdom,2424,1228,1.39
2011-11-24,United Kingdom,1484,867,2.84
2011-11-24,Germany,1922,866,3.99
2011-11-24,United Kingdom,1553,875,3.43
2011-11-24,United Kingdom,1459,803,3.65
2011-11-24,United Kingdom,2044,1444,4.25
2011-11-24,United Kingdom,734,308,1.97
2011-11-24,Belgium,1934,1076,2.84
2011-11-24,United Kingdom,1942,1383,2.09
2011-11-24,United Kingdom,634,336,2.79
2011-11-24,United Kingdom,3687,1692,2.8
2011-11-24,United Kingdom,2809,1443,4.47
2011-11-24,United Kingdom,2453,1088,1.72
2011-11-24,Australia,1906,787,2.02
2011-11-24,United Kingdom,2563,1776,2.2
2011-11-24,Portugal,1707,969,2.78
2011-11-24,United Kingdom,3256,2119,4.25
2011-11-24,Germany,464,336,3.09
2011-11-24,United Kingdom,2006,1315,3.25
2011-11-24,Germany,707,450,1.18
2011-11-24,United Kingdom,2450,1571,2.42
2011-11-24,United Kingdom,2089,1645,3.4
2011-11-24,United Kingdom,2005,1476,2.74
2011-11-24,United Kingdom,1587,1040,2.36
2011-11-24,United Kingdom,2914,2117,2.68
2011-11-24,Portugal,1278,890,3.37
2011-11-24,United Kingdom,1896,1210,4.06
2011-11-24,United Kingdom,1066,839,3.08
2011-11-24,Germany,2667,2083,4.02
2011-11-24,United Kingdom,1643,786,3.48
2011-11-24,United Kingdom,1280,916,2.79
2011-11-24,United Kingdom,1161,896,3.51
2011-11-24,United Kingdom,1552,726,3.25
2011-11-24,United Kingdom,182,77,1.82
2011-11-24,United Kingdom,2558,1730,1.01
2011-11-24,United Kingdom,2058,1261,2.53
2011-11-24,United Kingdom,470,230,3.09
2011-11-24,United Kingdom,100,46,1.85
2011-11-24,United Kingdom,1819,1171,1.19
2011-11-24,United Kingdom,2353,1852,3.29
2011-11-24,United Kingdom,1650,879,1.88
2011-11-24,United Kingdom,1865,788,2.96
2011-11-24,United Kingdom,785,367,4.42
2011-11-24,United Kingdom,1865,1151,3.55
2011-11-24,United Kingdom,1498,999,1.03
2011-11-24,United Kingdom,1171,680,4.5
2011-11-24,United Kingdom,100,53,4.17
2011-11-24,United Kingdom,1132,697,2.04
2011-11-24,United Kingdom,100,56,3.47
2011-11-24,United Kingdom,886,589,2.48
2011-11-24,United Kingdom,1982,1332,3.47
2011-11-24,Unspecified,2174,1373,3.79
2011-11-24,France,2202,1183,1.03
2011-11-24,United Kingdom,2445,1500,1.02
2011-11-24,Germany,1550,772,2.09
2011-11-24,United Kingdom,2857,1887,2.41
2011-11-24,United Kingdom,1260,981,3.48
2011-11-24,Germany,1918,857,1.1
2011-11-24,United Kingdom,626,435,3.7
2011-11-24,United Kingdom,1495,1164,2.57
2011-11-24,United Kingdom,2244,1485,2.04
2011-11-24,United Kingdom,2095,1482,3.56
2011-11-24,United Kingdom,1960,988,1.61
2011-11-24,Germany,2077,1299,1.1
2011-11-24,United Kingdom,1668,1268,2.6
2011-11-24,United Kingdom,1760,1011,3.32
2011-11-24,United Kingdom,1072,565,4.14
2011-11-24,United Kingdom,100,65,1.95
2011-11-24,United Kingdom,2077,1206,4.26
2011-11-24,United Kingdom,2031,923,4.47
2011-11-24,United Kingdom,1113,800,2.92
2011-11-24,United Kingdom,2116,1351,1.64
2011-11-24,United Kingdom,2069,1485,2.63
2011-11-24,United Kingdom,2130,1628,2.66
2011-11-24,United Kingdom,2692,1889,3.02
2011-11-24,United Kingdom,1754,830,3.18
2011-11-24,United Kingdom,1545,936,4.42
2011-11-24,United Kingdom,1622,669,3.12
2011-11-24,United Kingdom,100,68,1.89
2011-11-24,United Kingdom,2409,977,2.94
2011-11-24,United Kingdom,1692,943,1.73
2011-11-24,United Kingdom,886,510,2.08
2011-11-24,United Kingdom,1211,510,3.75
2011-11-24,United Kingdom,2141,1514,4.34
2011-11-24,United Kingdom,2451,1556,2.78
2011-11-24,United Kingdom,2742,1115,2.13
2011-11-24,United Kingdom,787,460,1.1
2011-11-24,United Kingdom,1639,1274,2.5
2011-11-24,United Kingdom,1445,728,1.73
2011-11-24,United Kingdom,1640,923,4.3
2011-11-25,United Kingdom,100,63,4.11
2011-11-25,United Kingdom,1648,680,4.09
2011-11-25,United Kingdom,1417,1015,1.78
2011-11-25,United Kingdom,1602,743,3.01
2011-11-25,United Kingdom,760,415,1.15
2011-11-25,United Kingdom,1150,488,2.21
2011-11-25,United Kingdom,1377,953,1.39
2011-11-25,United Kingdom,2458,1583,3.24
2011-11-25,United Kingdom,426,318,3.53
2011-11-25,United Kingdom,2287,1672,1.83
2011-11-25,United Kingdom,1407,787,4.11
2011-11-25,United Kingdom,3577,2429,1.55
2011-11-25,United Kingdom,1822,950,3.49
2011-11-25,United Kingdom,100,58,3.58
2011-11-25,United Kingdom,754,564,2.1
2011-11-25,United Kingdom,2079,989,1.45
2011-11-25,United Kingdom,995,686,3.91
2011-11-25,France,2664,1812,4.17
2011-11-25,United Kingdom,892,369,3.82
2011-11-25,United Kingdom,2867,1744,3.5
2011-11-25,United Kingdom,2317,1326,4.1
2011-11-25,United Kingdom,806,324,1.57
2011-11-25,United Kingdom,1152,891,2.7
2011-11-25,United Kingdom,2359,1611,3.66
2011-11-25,Germany,1833,842,3.18
2011-11-25,United Kingdom,2049,1491,1.98
2011-11-25,United Kingdom,3077,2303,3.63
2011-11-25,United Kingdom,2638,1474,1.21
2011-11-25,United Kingdom,2584,1114,4.09
2011-11-25,France,1850,1367,1.54
2011-11-25,United Kingdom,1882,1436,4.0
2011-11-25,France,442,263,4.33
2011-11-25,United Kingdom,637,305,3.01
2011-11-25,United Kingdom,2027,1146,1.41
2011-11-25,United Kingdom,128,101,1.64
2011-11-25,United Kingdom,1553,1036,3.21
2011-11-25,United Kingdom,475,253,3.07
2011-11-25,United Kingdom,1861,776,4.13
2011-11-25,United Kingdom,1443,757,1.08
2011-11-25,United Kingdom,1059,709,1.7
2011-11-25,United Kingdom,628,469,3.69
2011-11-25,United Kingdom,109,46,3.44
2011-11-25,EIRE,2337,1710,1.22
2011-11-25,United Kingdom,1968,1563,3.45
2011-11-25,United Kingdom,1803,1396,3.71
2011-11-25,United Kingdom,1538,872,1.04
2011-11-25,United Kingdom,2283,1380,1.9
2011-11-25,United Kingdom,100,61,1.31
2011-11-25,United Kingdom,2321,1399,3.2
2011-11-25,United Kingdom,2405,1096,1.95
2011-11-25,United Kingdom,233,150,1.41
2011-11-25,United Kingdom,470,352,1.42
2011-11-25,United Kingdom,428,284,1.59
2011-11-25,Norway,2004,1086,4.39
2011-11-25,United Kingdom,2601,1513,3.47
2011-11-25,United Kingdom,100,47,3.71
2011-11-25,United Kingdom,1245,514,3.44
2011-11-25,United Kingdom,1886,867,3.2
2011-11-25,United Kingdom,2072,1347,4.47
2011-11-25,United Kingdom,2506,1387,2.17
2011-11-25,United Kingdom,2292,1325,4.39
2011-11-25,United Kingdom,1639,908,2.1
2011-11-25,United Kingdom,2178,1154,4.23
2011-11-25,United Kingdom,1703,1099,3.49
2011-11-25,United Kingdom,2360,949,1.06
2011-11-25,United Kingdom,992,668,1.31
2011-11-25,United Kingdom,2612,1235,1.87
2011-11-25,United Kingdom,1631,884,2.81
2011-11-25,United Kingdom,1752,1093,4.06
2011-11-25,United Kingdom,2995,2155,2.94
2011-11-25,United Kingdom,2032,1215,4.5
2011-11-25,United Kingdom,949,566,2.62
2011-11-25,United Kingdom,2117,887,1.25
2011-11-25,United Kingdom,1426,579,2.89
2011-11-25,United Kingdom,1375,1003,1.93
2011-11-25,United Kingdom,2293,1236,4.29
2011-11-25,France,1269,888,2.85
2011-11-25,United Kingdom,864,610,3.51
2011-11-25,United Kingdom,536,368,2.91
2011-11-25,United Kingdom,1767,1186,3.33
2011-11-25,United Kingdom,2064,1228,2.74
2011-11-25,United Kingdom,627,328,3.05
2011-11-25,United Kingdom,961,417,1.15
2011-11-25,United Kingdom,1181,635,2.02
2011-11-25,United Kingdom,2268,1160,1.42
2011-11-25,United Kingdom,118,79,3.97
2011-11-25,United Kingdom,1506,949,1.27
2011-11-25,United Kingdom,2309,1333,1.4
2011-11-27,United Kingdom,1734,1190,3.68
2011-11-27,United Kingdom,2391,1047,1.79
2011-11-27,United Kingdom,1361,966,2.08
2011-11-27,United Kingdom,1857,1228,1.76
2011-11-27,United Kingdom,962,535,3.06
2011-11-27,United Kingdom,450,285,3.56
2011-11-27,United Kingdom,2595,1082,1.93
2011-11-27,United Kingdom,2519,1620,1.11
2011-11-27,United Kingdom,1154,589,2.3
2011-11-27,United Kingdom,1867,1301,2.34
2011-11-27,United Kingdom,642,447,4.37
2011-11-27,United Kingdom,2885,1532,3.68
2011-11-27,United Kingdom,2124,884,1.01
2011-11-27,United Kingdom,1780,1361,2.98
2011-11-27,United Kingdom,1985,1257,1.39
2011-11-27,United Kingdom,596,288,1.24
2011-11-27,United Kingdom,587,345,1.01
2011-11-27,United Kingdom,1771,1155,1.51
2011-11-27,United Kingdom,999,538,2.8
2011-11-27,United Kingdom,1387,631,2.33
2011-11-27,United Kingdom,814,443,1.34
2011-11-27,United Kingdom,565,352,2.77
2011-11-27,United Kingdom,1595,955,1.33
2011-11-27,United Kingdom,2711,1201,1.4
2011-11-27,United Kingdom,1079,763,2.39
2011-11-27,United Kingdom,2184,1722,4.29
2011-11-27,United Kingdom,1726,1184,3.54
2011-11-27,United Kingdom,1817,850,3.24
2011-11-27,United Kingdom,617,349,3.4
2011-11-27,United Kingdom,2297,1287,4.09
2011-11-27,United Kingdom,1406,732,1.54
2011-11-27,United Kingdom,1273,648,2.99
2011-11-27,United Kingdom,844,524,3.07
2011-11-27,United Kingdom,923,451,3.03
2011-11-27,United Kingdom,605,342,3.28
2011-11-27,United Kingdom,1034,619,2.03
2011-11-27,United Kingdom,2159,1634,1.64
2011-11-27,United Kingdom,321,145,2.54
2011-11-27,United Kingdom,798,331,2.41
2011-11-27,United Kingdom,100,55,4.39
2011-11-27,United Kingdom,3069,1994,1.73
2011-11-27,United Kingdom,703,474,3.37
2011-11-27,United Kingdom,2357,1306,3.39
2011-11-27,United Kingdom,1763,739,2.5
2011-11-27,EIRE,2495,1681,2.52
2011-11-27,United Kingdom,782,449,3.78
2011-11-27,United Kingdom,2302,1318,1.6
2011-11-27,United Kingdom,2063,1159,1.82
2011-11-27,United Kingdom,1689,703,3.8
2011-11-27,United Kingdom,1967,1496,3.81
2011-11-27,United Kingdom,1046,775,1.4
2011-11-27,United Kingdom,1176,477,1.9
2011-11-28,United Kingdom,2878,2068,4.24
2011-11-28,United Kingdom,976,570,1.33
2011-11-28,United Kingdom,1286,921,1.64
2011-11-28,United Kingdom,587,392,3.06
2011-11-28,United Kingdom,2197,1183,3.46
2011-11-28,United Kingdom,1497,1097,1.89
2011-11-28,United Kingdom,1206,850,4.4
2011-11-28,United Kingdom,2506,2000,1.47
2011-11-28,United Kingdom,1668,1017,3.22
2011-11-28,United Kingdom,2499,1352,1.15
2011-11-28,United Kingdom,1151,756,3.15
2011-11-28,United Kingdom,2936,2246,3.01
2011-11-28,United Kingdom,2666,1824,1.43
2011-11-28,United Kingdom,1154,703,2.79
2011-11-28,United Kingdom,1659,698,4.33
2011-11-28,United Kingdom,100,54,1.17
2011-11-28,United Kingdom,1448,815,1.59
2011-11-28,United Kingdom,100,75,1.74
2011-11-28,EIRE,2849,2143,2.22
2011-11-28,United Kingdom,2537,1550,2.18
2011-11-28,United Kingdom,2622,1327,2.49
2011-11-28,Germany,983,571,3.68
2011-11-28,United Kingdom,2815,2216,2.12
2011-11-28,United Kingdom,1660,915,2.25
2011-11-28,United Kingdom,1481,1121,3.19
2011-11-28,Germany,916,379,3.92
2011-11-28,United Kingdom,1621,906,3.93
2011-11-28,United Kingdom,2448,1404,2.04
2011-11-28,United Kingdom,299,137,1.31
2011-11-28,United Kingdom,1843,1197,4.0
2011-11-28,United Kingdom,1243,722,2.04
2011-11-28,United Kingdom,272,205,2.31
2011-11-28,EIRE,1446,970,3.55
2011-11-28,United Kingdom,1980,1487,3.86
2011-11-28,United Kingdom,906,636,3.66
2011-11-28,United Kingdom,2388,1111,2.92
2011-11-28,United Kingdom,3040,1632,1.51
2011-11-28,United Kingdom,133,79,3.7
2011-11-28,United Kingdom,2235,1414,3.15
2011-11-28,United Kingdom,1339,638,3.31
2011-11-28,United Kingdom,728,494,2.97
2011-11-28,United Kingdom,528,397,1.79
2011-11-28,United Kingdom,966,529,1.22
2011-11-28,United Kingdom,1814,728,4.49
2011-11-28,France,1003,532,3.34
2011-11-28,United Kingdom,542,233,2.59
2011-11-28,United Kingdom,260,128,4.09
2011-11-28,United Kingdom,1577,1093,1.34
2011-11-28,United Kingdom,1990,1203,2.87
2011-11-28,United Kingdom,1426,686,1.61
2011-11-28,United Kingdom,686,541,2.0
2011-11-28,United Kingdom,2598,1672,3.53
2011-11-28,United Kingdom,957,646,2.46
2011-11-28,United Kingdom,2121,1615,4.35
2011-11-28,United Kingdom,1230,824,1.5
2011-11-28,United Kingdom,2587,1541,4.06
2011-11-28,United Kingdom,1019,572,2.94
2011-11-28,United Kingdom,1578,1073,2.82
2011-11-28,United Kingdom,695,290,1.66
2011-11-28,United Kingdom,372,239,3.48
2011-11-28,United Kingdom,1445,995,3.5
2011-11-28,United Kingdom,340,243,2.52
2011-11-28,United Kingdom,100,52,2.65
2011-11-28,United Kingdom,2153,1632,3.65
2011-11-28,United Kingdom,1455,626,1.69
2011-11-28,United Kingdom,1100,499,1.21
2011-11-28,Germany,1391,703,3.96
2011-11-28,France,2594,1853,1.34
2011-11-28,United Kingdom,100,68,2.91
2011-11-28,United Kingdom,3396,1683,1.73
2011-11-28,United Kingdom,1299,700,4.26
2011-11-28,United Kingdom,524,346,2.15
2011-11-28,United Kingdom,2064,925,2.96
2011-11-28,United Kingdom,1545,1121,3.75
2011-11-28,United Kingdom,896,619,2.36
2011-11-28,United Kingdom,2444,1667,4.13
2011-11-28,United Kingdom,862,455,2.22
2011-11-28,United Kingdom,983,749,1.94
2011-11-28,United Kingdom,1380,842,4.08
2011-11-28,United Kingdom,284,114,3.61
2011-11-28,United Kingdom,100,66,2.99
2011-11-28,United Kingdom,2862,2097,1.49
2011-11-28,United Kingdom,1704,1234,4.18
2011-11-28,United Kingdom,1982,1157,4.15
2011-11-28,United Kingdom,1490,1012,3.18
2011-11-28,United Kingdom,2351,1612,2.6
2011-11-28,United Kingdom,1326,557,1.35
2011-11-28,United Kingdom,855,425,1.54
2011-11-28,United Kingdom,2323,1855,3.48
2011-11-28,Belgium,3387,2184,4.4
2011-11-28,United Kingdom,946,626,1.19
2011-11-28,United Kingdom,578,431,1.44
2011-11-28,United Kingdom,1027,412,1.05
2011-11-28,United Kingdom,1276,866,3.51
2011-11-28,United Kingdom,863,604,1.26
2011-11-28,United Kingdom,2680,1124,1.88
2011-11-28,United Kingdom,1874,1292,3.49
2011-11-28,United Kingdom,259,149,1.98
2011-11-28,United Kingdom,100,49,1.03
2011-11-28,United Kingdom,1485,897,1.25
2011-11-28,France,728,465,2.1
2011-11-28,United Kingdom,2134,1380,3.81
2011-11-28,France,2828,1518,3.15
2011-11-28,France,2668,2131,2.76
2011-11-28,United Kingdom,1947,1449,3.51
2011-11-28,United Kingdom,855,642,3.43
2011-11-28,United Kingdom,100,67,3.57
2011-11-28,United Kingdom,2592,1726,1.72
2011-11-28,United Kingdom,475,194,3.42
2011-11-28,United Kingdom,3364,2265,4.48
2011-11-28,United Kingdom,1105,877,1.15
2011-11-28,United Kingdom,1817,835,1.77
2011-11-28,United Kingdom,1252,533,1.97
2011-11-28,United Kingdom,765,342,1.98
2011-11-29,United Kingdom,279,221,3.67
2011-11-29,United Kingdom,1979,1150,3.12
2011-11-29,United Kingdom,1086,490,4.4
2011-11-29,Switzerland,1321,654,1.62
2011-11-29,United Kingdom,2210,1020,3.86
2011-11-29,United Kingdom,1937,1154,3.87
2011-11-29,United Kingdom,1005,505,2.89
2011-11-29,United Kingdom,629,347,1.08
2011-11-29,United Kingdom,722,502,1.89
2011-11-29,United Kingdom,2651,1519,2.21
2011-11-29,United Kingdom,2162,1625,4.46
2011-11-29,United Kingdom,840,421,1.11
2011-11-29,United Kingdom,911,525,3.18
2011-11-29,United Kingdom,537,255,3.76
2011-11-29,United Kingdom,2756,1251,1.84
2011-11-29,United Kingdom,1474,715,1.88
2011-11-29,United Kingdom,2007,1088,3.74
2011-11-29,United Kingdom,1330,844,1.9
2011-11-29,Germany,1647,672,1.87
2011-11-29,United Kingdom,2852,1433,4.45
2011-11-29,United Kingdom,1284,908,4.26
2011-11-29,United Kingdom,613,434,2.4
2011-11-29,United Kingdom,1946,1330,2.81
2011-11-29,Finland,1798,818,3.75
2011-11-29,United Kingdom,1875,894,4.44
2011-11-29,United Kingdom,1640,867,2.39
2011-11-29,United Kingdom,1581,1220,2.35
2011-11-29,United Kingdom,2978,1478,1.74
2011-11-29,United Kingdom,2377,1346,4.02
2011-11-29,United Kingdom,2862,1385,2.72
2011-11-29,United Kingdom,708,559,1.96
2011-11-29,United Kingdom,2134,1088,2.43
2011-11-29,United Kingdom,1782,1405,3.24
2011-11-29,United Kingdom,2180,1644,1.07
2011-11-29,United Kingdom,1886,790,1.85
2011-11-29,United Kingdom,2150,1690,2.55
2011-11-29,United Kingdom,2999,2166,4.11
2011-11-29,United Kingdom,1164,748,2.63
2011-11-29,United Kingdom,947,508,2.71
2011-11-29,United Kingdom,2891,2134,3.24
2011-11-29,United Kingdom,1087,531,4.04
2011-11-29,France,727,300,2.82
2011-11-29,United Kingdom,1153,689,2.8
2011-11-29,United Kingdom,2114,1302,2.26
2011-11-29,United Kingdom,2365,1790,2.22
2011-11-29,United Kingdom,1756,1028,2.99
2011-11-29,United Kingdom,334,196,1.25
2011-11-29,United Kingdom,2136,1157,2.25
2011-11-29,United Kingdom,3219,1670,3.57
2011-11-29,United Kingdom,1295,886,1.99
2011-11-29,United Kingdom,1899,1205,2.17
2011-11-29,Germany,2059,1023,1.32
2011-11-29,United Kingdom,1851,922,2.6
2011-11-29,United Kingdom,785,465,3.13
2011-11-29,United Kingdom,1769,1212,2.53
2011-11-29,United Kingdom,1673,1240,3.07
2011-11-29,United Kingdom,1125,546,4.21
2011-11-29,United Kingdom,2183,1700,3.6
2011-11-29,United Kingdom,3024,2046,1.58
2011-11-29,United Kingdom,1122,655,1.82
2011-11-29,United Kingdom,2000,1010,3.45
2011-11-29,United Kingdom,1816,839,4.43
2011-11-29,United Kingdom,2362,1302,3.45
2011-11-29,United Kingdom,1345,721,1.69
2011-11-29,United Kingdom,1562,1050,2.62
2011-11-29,United Kingdom,100,67,3.63
2011-11-29,United Kingdom,2059,1612,2.81
2011-11-29,United Kingdom,1031,755,3.17
2011-11-29,Germany,100,58,3.27
2011-11-29,Germany,1056,567,2.9
2011-11-29,United Kingdom,788,337,2.54
2011-11-29,United Kingdom,755,396,4.07
2011-11-29,United Kingdom,1552,1163,3.71
2011-11-29,United Kingdom,2498,1745,2.94
2011-11-29,United Kingdom,1534,1206,1.37
2011-11-29,United Kingdom,1974,1310,2.42
2011-11-29,United Kingdom,1885,1030,2.41
2011-11-29,United Kingdom,1050,831,4.01
2011-11-29,United Kingdom,1803,1432,3.3
2011-11-29,United Kingdom,100,78,4.05
2011-11-29,United Kingdom,1758,825,4.23
2011-11-29,United Kingdom,417,185,1.14
2011-11-29,Belgium,3222,1626,1.91
2011-11-29,United Kingdom,1140,845,4.42
2011-11-29,United Kingdom,861,611,2.35
2011-11-29,United Kingdom,2046,1447,3.33
2011-11-29,United Kingdom,2082,1371,4.05
2011-11-29,United Kingdom,1629,1169,3.81
2011-11-29,United Kingdom,2351,1515,2.33
2011-11-29,United Kingdom,1215,673,3.5
2011-11-29,United Kingdom,2522,1455,1.78
2011-11-29,United Kingdom,274,169,2.4
2011-11-29,United Kingdom,1791,817,2.95
2011-11-29,United Kingdom,1925,1466,1.76
2011-11-29,United Kingdom,100,68,1.12
2011-11-29,United Kingdom,1344,721,3.64
2011-11-29,United Kingdom,1167,563,1.19
2011-11-29,United Kingdom,1180,575,2.31
2011-11-29,United Kingdom,1763,991,3.94
2011-11-29,United Kingdom,1252,566,4.28
2011-11-29,United Kingdom,100,59,4.04
2011-11-29,United Kingdom,1641,1025,1.83
2011-11-29,United Kingdom,2793,2124,1.59
2011-11-29,United Kingdom,1543,887,4.47
2011-11-29,United Kingdom,2583,1741,2.36
2011-11-29,United Kingdom,925,625,2.96
2011-11-29,United Kingdom,814,626,1.74
2011-11-29,United Kingdom,1759,893,3.68
2011-11-29,United Kingdom,881,616,1.45
2011-11-29,United Kingdom,1238,565,2.21
2011-11-29,United Kingdom,723,434,2.24
2011-11-29,United Kingdom,999,693,1.28
2011-11-29,France,1105,589,2.25
2011-11-29,United Kingdom,1265,679,3.57
2011-11-29,United Kingdom,2047,1122,2.61
2011-11-29,United Kingdom,1314,559,1.48
2011-11-29,United Kingdom,2095,1641,1.2
2011-11-29,United Kingdom,100,58,4.37
2011-11-29,Japan,1512,890,3.93
2011-11-29,United Kingdom,2874,1735,4.13
2011-11-29,United Kingdom,1288,619,2.7
2011-11-29,United Kingdom,2725,1286,4.06
2011-11-29,United Kingdom,100,46,1.5
2011-11-29,Spain,1946,1512,3.39
2011-11-29,United Kingdom,2660,1512,2.26
2011-11-29,United Kingdom,100,78,3.68
2011-11-29,United Kingdom,1682,681,1.62
2011-11-29,United Kingdom,100,60,3.01
2011-11-29,United Kingdom,1118,780,4.26
2011-11-29,United Kingdom,100,70,1.76
2011-11-29,United Kingdom,366,224,2.91
2011-11-29,United Kingdom,1037,509,3.0
2011-11-29,United Kingdom,2318,1531,3.93
2011-11-29,United Kingdom,1103,596,1.86
2011-11-29,United Kingdom,797,461,1.81
2011-11-29,United Kingdom,1542,780,4.24
2011-11-29,United Kingdom,1998,1495,2.38
2011-11-29,United Kingdom,3127,1824,2.49
2011-11-29,United Kingdom,1923,771,1.25
2011-11-30,United Kingdom,2629,2061,2.81
2011-11-30,United Kingdom,1840,1321,4.2
2011-11-30,United Kingdom,598,269,1.47
2011-11-30,United Kingdom,641,489,1.97
2011-11-30,United Kingdom,2054,1046,3.47
2011-11-30,United Kingdom,943,708,3.6
2011-11-30,Netherlands,1696,987,1.13
2011-11-30,France,479,360,3.36
2011-11-30,United Kingdom,387,296,3.97
2011-11-30,United Kingdom,2505,1901,3.33
2011-11-30,France,2925,1292,1.95
2011-11-30,United Kingdom,2285,1397,1.61
2011-11-30,United Kingdom,971,719,2.73
2011-11-30,United Kingdom,974,554,2.28
2011-11-30,United Kingdom,1913,925,3.38
2011-11-30,United Kingdom,1573,1026,3.68
2011-11-30,United Kingdom,2045,1420,2.31
2011-11-30,EIRE,100,45,4.45
2011-11-30,United Kingdom,860,569,3.04
2011-11-30,United Kingdom,394,244,1.46
2011-11-30,United Kingdom,2303,1546,2.26
2011-11-30,United Kingdom,1152,785,2.84
2011-11-30,United Kingdom,1635,1057,3.9
2011-11-30,United Kingdom,334,261,2.1
2011-11-30,United Kingdom,349,262,3.25
2011-11-30,United Kingdom,1682,1341,1.95
2011-11-30,United Kingdom,826,548,1.42
2011-11-30,United Kingdom,1206,569,1.13
2011-11-30,Finland,2119,1258,3.3
2011-11-30,United Kingdom,1287,934,1.46
2011-11-30,United Kingdom,1330,707,2.25
2011-11-30,EIRE,1657,691,4.06
2011-11-30,United Kingdom,1045,820,3.48
2011-11-30,United Kingdom,1566,1229,2.49
2011-11-30,United Kingdom,351,154,3.44
2011-11-30,United Kingdom,1803,970,2.47
2011-11-30,United Kingdom,319,223,1.77
2011-11-30,United Kingdom,1997,1463,1.87
2011-11-30,United Kingdom,1816,1374,4.4
2011-11-30,United Kingdom,2541,1616,3.67
2011-11-30,France,978,751,2.55
2011-11-30,United Kingdom,1221,594,2.83
2011-11-30,United Kingdom,1128,563,1.95
2011-11-30,United Kingdom,2085,1123,3.59
2011-11-30,United Kingdom,1343,802,2.5
2011-11-30,United Kingdom,1509,1070,3.74
2011-11-30,United Kingdom,2195,1438,3.66
2011-11-30,United Kingdom,1729,947,1.52
2011-11-30,United Kingdom,706,540,3.59
2011-11-30,United Kingdom,2987,1637,2.34
2011-11-30,France,2120,1624,3.94
2011-11-30,United Kingdom,1097,478,3.57
2011-11-30,United Kingdom,1411,873,3.37
2011-11-30,United Kingdom,1626,972,2.84
2011-11-30,United Kingdom,2876,1941,4.45
2011-11-30,United Kingdom,1276,513,1.26
2011-11-30,United Kingdom,2717,1202,4.31
2011-11-30,United Kingdom,2006,1418,3.08
2011-11-30,United Kingdom,1250,742,2.81
2011-11-30,United Kingdom,1029,451,2.72
2011-11-30,United Kingdom,100,52,1.88
2011-11-30,United Kingdom,2347,1144,3.32
2011-11-30,United Kingdom,1436,755,4.25
2011-11-30,United Kingdom,2154,1558,3.53
2011-11-30,United Kingdom,1983,1007,3.14
2011-11-30,United Kingdom,1342,878,3.54
2011-11-30,United Kingdom,571,236,4.03
2011-11-30,United Kingdom,1756,1363,2.34
2011-11-30,United Kingdom,795,488,4.12
2011-11-30,United Kingdom,1263,822,1.77
2011-11-30,United Kingdom,2026,1379,4.11
2011-11-30,United Kingdom,1394,713,1.2
2011-11-30,United Kingdom,1707,1050,1.51
2011-11-30,Norway,2710,2017,2.17
2011-11-30,United Kingdom,3077,1760,2.79
2011-11-30,United Kingdom,1638,1296,1.44
2011-11-30,France,1050,758,4.37
2011-11-30,United Kingdom,2651,1375,1.72
2011-11-30,United Kingdom,100,77,1.97
2011-11-30,United Kingdom,100,44,3.29
2011-11-30,United Kingdom,1282,774,3.52
2011-11-30,United Kingdom,1640,909,3.3
2011-11-30,United Kingdom,620,312,4.09
2011-11-30,United Kingdom,666,371,3.63
2011-11-30,United Kingdom,2770,1462,3.02
2011-11-30,United Kingdom,1267,725,2.85
2011-11-30,United Kingdom,377,278,2.77
2011-11-30,United Kingdom,100,75,4.45
2011-11-30,United Kingdom,1329,864,2.94
2011-11-30,United Kingdom,902,458,4.04
2011-11-30,United Kingdom,3213,2069,4.15
2011-11-30,Germany,781,428,1.35
2011-11-30,United Kingdom,727,310,1.71
2011-11-30,United Kingdom,1553,1012,4.37
2011-11-30,United Kingdom,2589,1663,4.43
2011-11-30,United Kingdom,1861,1124,3.05
2011-11-30,United Kingdom,1224,719,4.46
2011-11-30,United Kingdom,2260,1058,4.1
2011-11-30,United Kingdom,1307,954,2.46
2011-11-30,United Kingdom,1271,974,2.98
2011-11-30,United Kingdom,2136,1472,2.52
2011-11-30,United Kingdom,1012,452,2.73
2011-11-30,United Kingdom,1832,1057,2.79
2011-11-30,Channel Islands,529,241,3.2
2011-11-30,EIRE,1819,976,4.31
2011-11-30,United Kingdom,2600,1603,1.4
2011-11-30,United Kingdom,1186,699,3.59
2011-11-30,United Kingdom,1809,1317,2.25
2011-11-30,United Kingdom,2876,1470,2.75
2011-11-30,United Kingdom,1384,717,4.39
2011-11-30,United Kingdom,1258,937,4.11
2011-11-30,United Kingdom,2029,1019,3.79
2011-11-30,United Kingdom,1270,664,1.94
2011-11-30,United Kingdom,1001,738,4.4
2011-11-30,Italy,2540,1264,2.87
2011-11-30,Germany,1070,561,2.8
2011-11-30,United Kingdom,1479,921,2.76
2011-11-30,United Kingdom,2055,1145,2.14
2011-11-30,Portugal,810,457,2.46
2011-11-30,France,2577,1525,3.84
2011-11-30,United Kingdom,1591,1125,1.74
2011-11-30,United Kingdom,1926,1050,1.68
2011-11-30,United Kingdom,1861,1439,4.18
2011-11-30,United Kingdom,2981,2383,4.23
2011-11-30,United Kingdom,1259,606,1.45
2011-11-30,United Kingdom,1808,995,1.91
2011-11-30,United Kingdom,2469,1853,1.16
2011-11-30,United Kingdom,240,145,1.47
2011-11-30,United Kingdom,1008,648,2.36
2011-11-30,United Kingdom,1144,486,4.4
2011-11-30,Italy,2069,1410,3.04
2011-11-30,United Kingdom,590,240,1.05
2011-11-30,United Kingdom,1754,849,2.3
2011-11-30,United Kingdom,659,300,3.36
2011-11-30,United Kingdom,1402,625,1.17
2011-11-30,France,2854,1861,1.96
2011-11-30,United Kingdom,1563,662,3.34
2011-11-30,United Kingdom,2710,1901,1.06
2011-11-30,United Kingdom,2427,1608,2.53
2011-11-30,United Kingdom,2486,1690,4.2
2011-11-30,United Kingdom,728,544,2.91
2011-11-30,United Kingdom,2102,1369,4.44
2011-11-30,United Kingdom,2059,1568,1.59
2011-11-30,Denmark,726,478,2.19
2011-11-30,United Kingdom,1752,1113,3.02
2011-11-30,United Kingdom,682,423,1.79
2011-11-30,United Kingdom,1633,1258,3.02
2011-11-30,United Kingdom,2137,1258,2.43
2011-11-30,United Kingdom,1790,1268,2.39
2011-11-30,United Kingdom,2154,1324,1.53
2011-12-01,United Kingdom,3163,2226,4.43
2011-12-01,United Kingdom,1001,510,1.43
2011-12-01,United Kingdom,336,208,1.59
2011-12-01,United Kingdom,2583,1277,2.91
2011-12-01,United Kingdom,776,400,3.43
2011-12-01,United Kingdom,1398,861,3.22
2011-12-01,United Kingdom,2277,1618,4.01
2011-12-01,United Kingdom,1173,742,1.23
2011-12-01,United Kingdom,994,659,4.42
2011-12-01,United Kingdom,2459,1292,4.31
2011-12-01,United Kingdom,1993,980,2.08
2011-12-01,Germany,320,208,3.7
2011-12-01,United Kingdom,2750,1433,2.98
2011-12-01,United Kingdom,1407,1080,3.08
2011-12-01,United Kingdom,1870,1268,4.3
2011-12-01,United Kingdom,417,181,2.9
2011-12-01,United Kingdom,1156,622,3.75
2011-12-01,EIRE,2247,1071,4.35
2011-12-01,United Kingdom,2141,1466,2.83
2011-12-01,United Kingdom,1565,1236,3.58
2011-12-01,EIRE,2156,1664,1.52
2011-12-01,United Kingdom,1207,766,4.25
2011-12-01,United Kingdom,100,69,1.09
2011-12-01,United Kingdom,1571,711,3.61
2011-12-01,United Kingdom,944,471,2.08
2011-12-01,United Kingdom,783,544,1.5
2011-12-01,United Kingdom,2575,1423,2.47
2011-12-01,United Kingdom,1256,641,2.85
2011-12-01,United Kingdom,542,399,2.14
2011-12-01,United Kingdom,1175,726,1.74
2011-12-01,United Kingdom,878,689,2.59
2011-12-01,United Kingdom,1608,1042,3.53
2011-12-01,United Kingdom,228,133,3.57
2011-12-01,United Kingdom,100,43,2.31
2011-12-01,Germany,3156,1841,1.08
2011-12-01,United Kingdom,2565,1932,2.62
2011-12-01,Malta,100,64,3.43
2011-12-01,United Kingdom,314,238,1.22
2011-12-01,United Kingdom,677,404,1.01
2011-12-01,United Kingdom,1090,817,1.06
2011-12-01,United Kingdom,206,95,1.59
2011-12-01,United Kingdom,2342,1183,2.38
2011-12-01,United Kingdom,2476,1278,3.93
2011-12-01,United Kingdom,2858,1900,2.37
2011-12-01,United Kingdom,911,571,2.59
2011-12-01,United Kingdom,690,461,3.56
2011-12-01,United Kingdom,1843,1457,2.22
2011-12-01,United Kingdom,1279,536,4.37
2011-12-01,United Kingdom,197,151,3.66
2011-12-01,United Kingdom,1261,819,2.34
2011-12-01,United Kingdom,1193,743,3.24
2011-12-01,United Kingdom,152,121,4.45
2011-12-01,United Kingdom,2491,1486,2.71
2011-12-01,United Kingdom,2298,1508,2.88
2011-12-01,United Kingdom,138,90,2.27
2011-12-01,United Kingdom,2715,1234,2.38
2011-12-01,United Kingdom,750,464,1.76
2011-12-01,United Kingdom,2329,1385,2.02
2011-12-01,United Kingdom,2038,1280,2.08
2011-12-01,United Kingdom,100,67,3.9
2011-12-01,United Kingdom,1542,816,2.92
2011-12-01,United Kingdom,100,40,3.25
2011-12-01,United Kingdom,1578,1164,1.16
2011-12-01,United Kingdom,920,574,1.12
2011-12-01,United Kingdom,1526,1007,3.91
2011-12-01,United Kingdom,447,349,1.42
2011-12-01,United Kingdom,2188,1584,3.62
2011-12-01,United Kingdom,100,77,3.61
2011-12-01,United Kingdom,1644,671,3.77
2011-12-01,United Kingdom,2161,1396,3.97
2011-12-01,United Kingdom,999,450,3.17
2011-12-01,United Kingdom,100,46,3.24
2011-12-01,United Kingdom,1566,1020,3.48
2011-12-01,United Kingdom,3206,2457,4.39
2011-12-01,United Kingdom,1001,682,2.16
2011-12-01,United Kingdom,1693,1274,3.72
2011-12-01,United Kingdom,1418,691,1.61
2011-12-01,United Kingdom,1073,509,2.74
2011-12-01,United Kingdom,1679,729,2.28
2011-12-01,United Kingdom,1998,882,3.46
2011-12-01,United Kingdom,859,479,2.48
2011-12-01,United Kingdom,1001,432,1.83
2011-12-01,United Kingdom,2435,1215,1.21
2011-12-01,United Kingdom,1976,1149,4.41
2011-12-01,United Kingdom,1988,1406,1.97
2011-12-01,United Kingdom,2065,1061,3.93
2011-12-01,EIRE,553,426,3.09
2011-12-01,United Kingdom,1740,1139,3.36
2011-12-01,United Kingdom,1245,518,3.93
2011-12-01,United Kingdom,2665,1686,2.78
2011-12-01,United Kingdom,2311,1614,4.24
2011-12-01,United Kingdom,1905,845,1.07
2011-12-01,United Kingdom,1017,408,4.18
2011-12-01,United Kingdom,1827,1232,2.72
2011-12-01,United Kingdom,1217,785,1.54
2011-12-01,United Kingdom,2287,1751,1.62
2011-12-01,United Kingdom,2022,1171,3.21
2011-12-01,United Kingdom,1040,676,3.4
2011-12-01,United Kingdom,1069,677,2.17
2011-12-01,United Kingdom,1903,1507,3.41
2011-12-01,United Kingdom,1534,746,2.66
2011-12-01,United Kingdom,1304,726,2.35
2011-12-01,United Kingdom,982,636,2.44
2011-12-01,United Kingdom,1416,1087,1.45
2011-12-01,United Kingdom,1300,710,1.33
2011-12-01,United Kingdom,2018,1541,1.27
2011-12-01,United Kingdom,1099,685,1.15
2011-12-01,United Kingdom,1443,1067,2.75
2011-12-01,United Kingdom,1622,897,3.46
2011-12-01,United Kingdom,767,537,3.41
2011-12-01,United Kingdom,2116,1261,2.0
2011-12-01,United Kingdom,177,119,3.31
2011-12-01,United Kingdom,818,428,1.5
2011-12-01,United Kingdom,1518,1029,4.43
2011-12-01,United Kingdom,1219,627,2.42
2011-12-01,United Kingdom,1271,970,1.19
2011-12-01,United Kingdom,2178,936,3.35
2011-12-01,United Kingdom,1398,1098,1.13
2011-12-01,United Kingdom,2490,1927,4.33
2011-12-01,United Kingdom,914,429,2.22
2011-12-01,United Kingdom,1074,464,1.98
2011-12-01,United Kingdom,2826,1642,1.61
2011-12-01,United Kingdom,766,502,2.51
2011-12-01,United Kingdom,1780,776,2.57
2011-12-01,United Kingdom,1094,588,4.25
2011-12-01,United Kingdom,3685,1912,4.46
2011-12-01,United Kingdom,2538,1876,4.34
2011-12-01,United Kingdom,1646,1177,4.41
2011-12-01,United Kingdom,2092,973,3.6
2011-12-01,United Kingdom,911,430,1.06
2011-12-01,United Kingdom,415,214,3.1
2011-12-01,United Kingdom,3891,1795,3.83
2011-12-01,United Kingdom,1761,1310,4.24
2011-12-01,United Kingdom,1881,1247,4.12
2011-12-01,France,1170,902,3.41
2011-12-01,Finland,1806,1103,1.23
2011-12-01,EIRE,756,316,4.24
2011-12-01,United Kingdom,1376,656,1.49
2011-12-01,France,1039,737,3.88
2011-12-01,EIRE,100,47,3.29
2011-12-01,United Kingdom,1598,892,2.65
2011-12-01,United Kingdom,1598,1155,3.36
2011-12-01,United Kingdom,1308,942,2.29
2011-12-01,United Kingdom,2872,2000,1.97
2011-12-01,United Kingdom,2616,1249,2.87
2011-12-01,United Kingdom,1856,864,2.68
2011-12-01,United Kingdom,2499,1814,1.43
2011-12-01,United Kingdom,594,414,1.32
2011-12-01,United Kingdom,1330,890,3.05
2011-12-01,United Kingdom,2163,1423,3.14
2011-12-02,United Kingdom,1200,843,1.23
2011-12-02,United Kingdom,581,413,2.11
2011-12-02,United Kingdom,2331,1761,2.0
2011-12-02,United Kingdom,1212,910,1.56
2011-12-02,United Kingdom,1048,482,3.52
2011-12-02,United Kingdom,1901,861,2.12
2011-12-02,France,1370,689,2.76
2011-12-02,United Kingdom,1045,753,4.06
2011-12-02,United Kingdom,1315,725,3.77
2011-12-02,United Kingdom,909,690,4.46
2011-12-02,United Kingdom,1719,1347,3.35
2011-12-02,United Kingdom,116,64,4.43
2011-12-02,United Kingdom,100,44,3.12
2011-12-02,Belgium,1389,894,4.16
2011-12-02,Portugal,643,345,3.93
2011-12-02,Germany,265,111,1.64
2011-12-02,United Kingdom,2350,1273,3.38
2011-12-02,United Kingdom,1880,1196,2.1
2011-12-02,United Kingdom,3041,2092,4.13
2011-12-02,USA,608,435,1.65
2011-12-02,United Kingdom,859,521,3.29
2011-12-02,France,2069,995,4.03
2011-12-02,France,100,66,2.64
2011-12-02,United Kingdom,816,577,2.88
2011-12-02,United Kingdom,1085,853,1.29
2011-12-02,United Kingdom,1946,1256,3.36
2011-12-02,United Kingdom,1337,982,1.67
2011-12-02,Cyprus,1012,701,3.44
2011-12-02,United Kingdom,1266,667,1.45
2011-12-02,Belgium,100,66,3.22
2011-12-02,United Kingdom,1884,1179,1.75
2011-12-02,United Kingdom,1829,913,2.44
2011-12-02,United Kingdom,2305,1772,4.03
2011-12-02,United Kingdom,3312,2283,3.23
2011-12-02,United Kingdom,2691,1751,2.48
2011-12-02,United Kingdom,151,65,3.2
2011-12-02,United Kingdom,1023,659,1.16
2011-12-02,United Kingdom,1985,1474,4.37
2011-12-02,United Kingdom,1389,694,2.35
2011-12-02,United Kingdom,2615,1345,4.36
2011-12-02,United Kingdom,1294,704,2.14
2011-12-02,United Kingdom,1927,1349,1.99
2011-12-02,United Kingdom,532,266,1.31
2011-12-02,United Kingdom,1970,1497,1.58
2011-12-02,United Kingdom,2532,2005,1.95
2011-12-02,United Kingdom,1190,543,3.66
2011-12-02,United Kingdom,1469,762,2.44
2011-12-02,United Kingdom,1486,1073,3.85
2011-12-02,United Kingdom,2297,1776,1.28
2011-12-02,United Kingdom,2602,1445,2.51
2011-12-02,United Kingdom,2405,1301,1.54
2011-12-02,United Kingdom,2136,918,1.23
2011-12-02,United Kingdom,2500,1818,2.69
2011-12-02,United Kingdom,1067,451,1.79
2011-12-02,United Kingdom,873,612,1.99
2011-12-02,United Kingdom,1784,1128,2.43
2011-12-02,United Kingdom,1290,973,1.11
2011-12-02,France,1642,1002,1.49
2011-12-02,United Kingdom,1287,757,2.82
2011-12-02,Finland,2656,1097,3.46
2011-12-02,United Kingdom,850,653,2.86
2011-12-02,United Kingdom,1073,675,3.62
2011-12-02,United Kingdom,423,243,4.12
2011-12-02,United Kingdom,605,259,4.0
2011-12-02,United Kingdom,2393,1403,3.79
2011-12-02,United Kingdom,1326,758,3.26
2011-12-02,Finland,2034,1473,2.35
2011-12-02,United Kingdom,439,273,2.04
2011-12-02,United Kingdom,1150,604,3.24
2011-12-02,United Kingdom,644,345,1.87
2011-12-02,France,1585,727,3.95
2011-12-02,United Kingdom,1645,1209,1.58
2011-12-02,United Kingdom,529,213,3.46
2011-12-02,United Kingdom,899,669,1.99
2011-12-02,United Kingdom,1482,1166,2.36
2011-12-02,United Kingdom,898,648,3.1
2011-12-02,United Kingdom,898,390,3.08
2011-12-02,United Kingdom,1306,646,1.72
2011-12-02,United Kingdom,1606,1183,2.66
2011-12-02,United Kingdom,1123,791,1.93
2011-12-02,United Kingdom,3026,1405,2.92
2011-12-02,United Kingdom,1902,865,4.12
2011-12-02,United Kingdom,267,112,2.28
2011-12-02,United Kingdom,2126,1433,3.92
2011-12-02,United Kingdom,1552,1065,2.15
2011-12-02,United Kingdom,1443,1000,3.72
2011-12-02,United Kingdom,1115,658,1.12
2011-12-02,United Kingdom,1595,695,1.46
2011-12-02,United Kingdom,1441,704,1.13
2011-12-02,United Kingdom,1632,1131,3.38
2011-12-02,United Kingdom,1593,1243,3.09
2011-12-02,United Kingdom,2272,1230,2.48
2011-12-02,United Kingdom,1675,920,1.04
2011-12-02,United Kingdom,1222,661,3.52
2011-12-02,United Kingdom,1023,714,4.5
2011-12-02,Germany,1443,873,3.47
2011-12-02,United Kingdom,1396,603,2.6
2011-12-02,United Kingdom,1354,837,1.14
2011-12-02,United Kingdom,580,430,2.62
2011-12-02,United Kingdom,1976,1251,2.42
2011-12-02,United Kingdom,613,327,1.41
2011-12-02,United Kingdom,2303,1020,1.2
2011-12-02,United Kingdom,1066,721,3.08
2011-12-02,United Kingdom,1761,751,2.48
2011-12-02,United Kingdom,1041,618,2.88
2011-12-02,United Kingdom,2300,1832,2.34
2011-12-02,United Kingdom,1331,892,2.11
2011-12-02,United Kingdom,1629,798,1.68
2011-12-02,United Kingdom,1420,841,3.14
2011-12-02,United Kingdom,994,675,1.6
2011-12-02,United Kingdom,2495,1752,3.54
2011-12-02,United Kingdom,528,225,3.02
2011-12-02,United Kingdom,3336,1529,1.07
2011-12-02,United Kingdom,940,479,3.04
2011-12-02,United Kingdom,2654,1935,3.23
2011-12-02,United Kingdom,1172,850,2.37
2011-12-02,United Kingdom,1535,961,2.39
2011-12-02,United Kingdom,862,439,1.69
2011-12-02,United Kingdom,805,511,2.47
2011-12-02,United Kingdom,1438,774,4.42
2011-12-02,United Kingdom,1361,580,1.56
2011-12-02,United Kingdom,1414,681,4.34
2011-12-02,United Kingdom,1828,1173,3.47
2011-12-02,United Kingdom,2609,2073,1.81
2011-12-02,United Kingdom,1458,1083,3.29
2011-12-02,United Kingdom,2329,1269,3.33
2011-12-02,United Kingdom,1071,746,3.47
2011-12-02,United Kingdom,1161,629,1.97
2011-12-02,United Kingdom,2609,1394,1.48
2011-12-02,United Kingdom,926,600,2.81
2011-12-04,United Kingdom,1293,933,4.4
2011-12-04,United Kingdom,1314,822,1.62
2011-12-04,United Kingdom,1399,608,2.12
2011-12-04,United Kingdom,1640,1209,3.3
2011-12-04,United Kingdom,1141,714,2.58
2011-12-04,United Kingdom,2678,1587,1.05
2011-12-04,United Kingdom,2302,1466,1.72
2011-12-04,United Kingdom,764,553,1.71
2011-12-04,United Kingdom,2607,1626,1.47
2011-12-04,United Kingdom,1084,516,1.97
2011-12-04,United Kingdom,1464,840,2.01
2011-12-04,United Kingdom,2378,1417,3.95
2011-12-04,United Kingdom,1868,939,3.98
2011-12-04,United Kingdom,1376,558,2.67
2011-12-04,United Kingdom,1599,686,2.57
2011-12-04,United Kingdom,790,496,4.08
2011-12-04,United Kingdom,1430,1133,1.62
2011-12-04,United Kingdom,2151,1263,3.61
2011-12-04,United Kingdom,849,349,4.41
2011-12-04,United Kingdom,954,460,1.93
2011-12-04,United Kingdom,293,174,2.6
2011-12-04,United Kingdom,1254,521,3.92
2011-12-04,United Kingdom,1483,999,1.58
2011-12-04,United Kingdom,1885,1067,4.29
2011-12-04,United Kingdom,595,252,4.46
2011-12-04,United Kingdom,1609,968,4.3
2011-12-04,United Kingdom,2070,1263,1.07
2011-12-04,United Kingdom,1125,625,1.65
2011-12-04,United Kingdom,1603,825,3.76
2011-12-04,United Kingdom,1814,792,3.09
2011-12-04,United Kingdom,644,504,1.37
2011-12-04,United Kingdom,1423,627,3.02
2011-12-04,United Kingdom,246,113,4.07
2011-12-04,United Kingdom,1621,689,4.19
2011-12-04,United Kingdom,1797,1168,3.4
2011-12-04,United Kingdom,2075,1421,2.97
2011-12-04,United Kingdom,1355,970,1.61
2011-12-04,United Kingdom,2605,1458,4.36
2011-12-04,France,2254,1108,1.37
2011-12-04,United Kingdom,1496,1102,1.57
2011-12-04,Germany,2544,1102,1.24
2011-12-04,Germany,1854,1444,4.12
2011-12-04,United Kingdom,1757,722,1.19
2011-12-04,United Kingdom,1597,891,3.63
2011-12-04,United Kingdom,1754,809,4.44
2011-12-04,United Kingdom,943,579,1.23
2011-12-04,United Kingdom,1240,756,1.16
2011-12-04,United Kingdom,1524,960,2.52
2011-12-04,United Kingdom,347,190,1.73
2011-12-04,United Kingdom,840,466,4.31
2011-12-04,United Kingdom,1559,747,3.63
2011-12-04,United Kingdom,2336,1010,2.1
2011-12-04,United Kingdom,1871,1274,1.86
2011-12-04,United Kingdom,2046,1581,2.54
2011-12-04,United Kingdom,1971,1324,2.5
2011-12-04,United Kingdom,1983,1196,1.79
2011-12-04,EIRE,1129,489,4.31
2011-12-04,United Kingdom,578,321,2.4
2011-12-04,United Kingdom,100,60,3.16
2011-12-04,Germany,984,491,2.27
2011-12-04,United Kingdom,2576,1752,2.53
2011-12-04,United Kingdom,896,662,4.21
2011-12-04,France,1716,989,1.69
2011-12-04,United Kingdom,1463,1072,4.01
2011-12-04,France,4113,2402,1.6
2011-12-04,United Kingdom,1357,952,4.11
2011-12-05,United Kingdom,2403,1151,3.05
2011-12-05,United Kingdom,1468,615,1.17
2011-12-05,United Kingdom,1424,588,3.01
2011-12-05,United Kingdom,870,367,1.28
2011-12-05,United Kingdom,1314,634,4.17
2011-12-05,United Kingdom,2101,1170,3.01
2011-12-05,United Kingdom,2423,1752,3.63
2011-12-05,Portugal,1487,832,4.35
2011-12-05,United Kingdom,1774,788,3.94
2011-12-05,United Kingdom,100,75,3.26
2011-12-05,Germany,100,76,1.87
2011-12-05,United Kingdom,2012,1583,1.2
2011-12-05,United Kingdom,100,41,2.85
2011-12-05,United Kingdom,2432,1553,4.09
2011-12-05,USA,1651,1133,2.28
2011-12-05,United Kingdom,1486,1000,1.8
2011-12-05,EIRE,718,562,1.34
2011-12-05,United Kingdom,1549,715,3.47
2011-12-05,EIRE,1062,780,3.35
2011-12-05,Channel Islands,892,705,1.88
2011-12-05,United Kingdom,2920,1764,3.98
2011-12-05,United Kingdom,507,268,3.9
2011-12-05,United Kingdom,2135,1153,3.27
2011-12-05,United Kingdom,1372,1061,3.86
2011-12-05,United Kingdom,100,78,1.25
2011-12-05,United Kingdom,1533,629,4.29
2011-12-05,United Kingdom,1134,826,4.48
2011-12-05,United Kingdom,1623,1068,4.4
2011-12-05,United Kingdom,2677,1137,1.48
2011-12-05,United Kingdom,2877,1769,1.29
2011-12-05,United Kingdom,2657,1441,3.29
2011-12-05,United Kingdom,1271,613,2.32
2011-12-05,United Kingdom,1764,954,1.87
2011-12-05,United Kingdom,937,675,4.25
2011-12-05,United Kingdom,2872,1343,3.41
2011-12-05,United Kingdom,437,344,3.23
2011-12-05,United Kingdom,233,124,1.54
2011-12-05,United Kingdom,1113,483,1.43
2011-12-05,United Kingdom,1926,840,4.01
2011-12-05,United Kingdom,2140,1607,2.59
2011-12-05,United Kingdom,2227,996,3.47
2011-12-05,United Kingdom,1477,984,2.61
2011-12-05,United Kingdom,1407,611,1.58
2011-12-05,United Kingdom,1887,1315,1.54
2011-12-05,United Kingdom,784,431,1.85
2011-12-05,United Kingdom,1340,934,3.09
2011-12-05,United Kingdom,914,495,2.18
2011-12-05,United Kingdom,1380,693,3.37
2011-12-05,United Kingdom,1412,680,4.28
2011-12-05,United Kingdom,1408,1022,2.4
2011-12-05,United Kingdom,1340,562,1.22
2011-12-05,United Kingdom,896,496,2.62
2011-12-05,United Kingdom,460,323,2.46
2011-12-05,United Kingdom,1210,685,2.66
2011-12-05,Norway,1159,683,2.8
2011-12-05,United Kingdom,245,184,2.41
2011-12-05,United Kingdom,936,654,3.46
2011-12-05,United Kingdom,1451,653,3.62
2011-12-05,United Kingdom,100,49,3.94
2011-12-05,United Kingdom,1794,1279,1.01
2011-12-05,United Kingdom,2125,1244,3.32
2011-12-05,United Kingdom,1188,629,1.42
2011-12-05,United Kingdom,2588,1221,3.53
2011-12-05,United Kingdom,1577,955,2.35
2011-12-05,Germany,2917,2039,1.52
2011-12-05,United Kingdom,382,247,1.33
2011-12-05,United Kingdom,231,183,2.19
2011-12-05,United Kingdom,1103,528,2.05
2011-12-05,United Kingdom,1652,1055,2.78
2011-12-05,United Kingdom,965,613,2.1
2011-12-05,United Kingdom,2127,1563,2.77
2011-12-05,United Kingdom,691,488,2.64
2011-12-05,United Kingdom,3314,2473,1.15
2011-12-05,United Kingdom,100,74,3.25
2011-12-05,United Kingdom,1906,875,1.77
2011-12-05,United Kingdom,2549,1662,1.03
2011-12-05,United Kingdom,1835,1467,2.92
2011-12-05,United Kingdom,1648,1303,3.32
2011-12-05,United Kingdom,632,498,3.01
2011-12-05,United Kingdom,2132,1074,3.68
2011-12-05,United Kingdom,1924,784,1.77
2011-12-05,United Kingdom,240,96,1.46
2011-12-05,United Kingdom,1692,1219,1.24
2011-12-05,United Kingdom,2420,1857,3.72
2011-12-05,United Kingdom,363,241,1.37
2011-12-05,United Kingdom,841,645,3.35
2011-12-05,United Kingdom,1198,938,1.14
2011-12-05,United Kingdom,1046,563,2.42
2011-12-05,United Kingdom,3066,1247,2.53
2011-12-05,United Kingdom,1447,758,1.63
2011-12-05,United Kingdom,1498,1196,2.1
2011-12-05,United Kingdom,100,61,4.47
2011-12-05,United Kingdom,100,78,4.33
2011-12-05,United Kingdom,1086,447,1.65
2011-12-05,United Kingdom,2351,1520,2.17
2011-12-05,United Kingdom,1161,565,4.2
2011-12-05,United Kingdom,1388,703,1.36
2011-12-05,United Kingdom,1855,1147,3.82
2011-12-05,United Kingdom,663,462,1.9
2011-12-05,United Kingdom,1737,727,1.08
2011-12-05,United Kingdom,1059,750,2.85
2011-12-05,United Kingdom,3274,1880,4.5
2011-12-05,United Kingdom,1472,818,2.76
2011-12-05,United Kingdom,1689,1031,2.88
2011-12-05,United Kingdom,1112,553,1.47
2011-12-05,United Kingdom,3521,1471,2.87
2011-12-05,United Kingdom,325,138,3.32
2011-12-05,United Kingdom,3445,2446,2.42
2011-12-05,United Kingdom,893,469,3.35
2011-12-05,United Kingdom,2860,1776,2.09
2011-12-05,United Kingdom,2379,1594,3.38
2011-12-05,United Kingdom,1933,1045,3.33
2011-12-05,United Kingdom,1430,1138,1.33
2011-12-05,United Kingdom,2309,1464,2.07
2011-12-05,Sweden,1231,635,1.53
2011-12-05,United Kingdom,2252,979,1.35
2011-12-05,France,2418,1886,4.41
2011-12-05,France,1942,891,3.22
2011-12-05,United Kingdom,1227,623,3.01
2011-12-05,United Kingdom,2130,1062,4.22
2011-12-05,United Kingdom,3590,2031,1.51
2011-12-05,United Kingdom,2090,1518,3.31
2011-12-05,United Kingdom,2061,1030,4.11
2011-12-05,Germany,1777,730,1.05
2011-12-05,United Kingdom,1605,831,2.03
2011-12-05,Denmark,2341,1555,3.79
2011-12-05,United Kingdom,1353,810,2.33
2011-12-05,United Kingdom,368,215,1.11
2011-12-05,United Kingdom,196,126,3.91
2011-12-05,United Kingdom,950,538,1.23
2011-12-05,United Kingdom,616,330,1.22
2011-12-05,United Kingdom,2244,1553,3.55
2011-12-05,United Kingdom,1880,1447,1.55
2011-12-05,United Kingdom,1645,944,1.05
2011-12-05,United Kingdom,1672,1145,2.66
2011-12-05,United Kingdom,2016,919,4.3
2011-12-05,United Kingdom,472,191,2.16
2011-12-05,United Kingdom,1895,1241,2.07
2011-12-05,United Kingdom,2260,1147,2.97
2011-12-05,United Kingdom,573,365,1.66
2011-12-06,United Kingdom,1011,776,3.69
2011-12-06,Portugal,2673,1565,3.15
2011-12-06,United Kingdom,515,274,2.4
2011-12-06,France,1911,1499,3.79
2011-12-06,United Kingdom,1130,681,1.93
2011-12-06,United Kingdom,818,487,3.27
2011-12-06,United Kingdom,1277,561,2.99
2011-12-06,Germany,2090,1270,2.22
2011-12-06,United Kingdom,2449,1001,1.63
2011-12-06,United Kingdom,891,692,1.04
2011-12-06,United Kingdom,1745,811,2.21
2011-12-06,United Kingdom,512,206,2.69
2011-12-06,Italy,2512,1592,3.87
2011-12-06,United Kingdom,2545,1165,3.86
2011-12-06,United Kingdom,651,449,2.22
2011-12-06,United Kingdom,1334,672,1.45
2011-12-06,United Kingdom,2849,1849,3.55
2011-12-06,Greece,993,464,1.81
2011-12-06,France,2346,1006,1.13
2011-12-06,United Kingdom,3016,1694,4.24
2011-12-06,United Kingdom,1976,1505,2.85
2011-12-06,France,1208,875,3.8
2011-12-06,United Kingdom,2589,1364,1.83
2011-12-06,United Kingdom,1883,1089,3.94
2011-12-06,United Kingdom,1645,942,2.08
2011-12-06,United Kingdom,1010,453,2.86
2011-12-06,United Kingdom,1323,906,1.41
2011-12-06,United Kingdom,1467,1149,3.21
2011-12-06,United Kingdom,1504,764,3.95
2011-12-06,United Kingdom,1100,738,3.6
2011-12-06,United Kingdom,2181,1516,1.63
2011-12-06,United Kingdom,2903,1932,3.63
2011-12-06,United Kingdom,1234,887,3.89
2011-12-06,United Kingdom,1451,944,1.63
2011-12-06,United Kingdom,830,393,1.14
2011-12-06,United Kingdom,1832,915,3.84
2011-12-06,United Kingdom,425,279,1.48
2011-12-06,United Kingdom,1062,526,4.09
2011-12-06,United Kingdom,1671,1035,3.12
2011-12-06,United Kingdom,2102,1148,3.09
2011-12-06,United Kingdom,2017,1394,3.9
2011-12-06,United Kingdom,2032,1511,1.56
2011-12-06,United Kingdom,1428,1123,1.58
2011-12-06,United Kingdom,1145,656,2.58
2011-12-06,United Kingdom,1915,776,4.15
2011-12-06,United Kingdom,1711,1320,2.66
2011-12-06,United Kingdom,2312,1314,3.39
2011-12-06,United Kingdom,1538,966,2.87
2011-12-06,United Kingdom,1936,1190,3.92
2011-12-06,Japan,2335,1779,1.82
2011-12-06,United Kingdom,1815,1122,3.73
2011-12-06,United Kingdom,1119,648,3.75
2011-12-06,United Kingdom,1192,532,1.29
2011-12-06,United Kingdom,1664,788,2.05
2011-12-06,United Kingdom,809,409,3.72
2011-12-06,United Kingdom,520,279,3.24
2011-12-06,United Kingdom,398,215,3.52
2011-12-06,United Kingdom,1946,850,1.92
2011-12-06,United Kingdom,239,181,3.25
2011-12-06,United Kingdom,1998,1350,4.43
2011-12-06,United Kingdom,2241,1737,1.73
2011-12-06,United Kingdom,1118,572,3.22
2011-12-06,United Kingdom,2597,1511,1.12
2011-12-06,United Kingdom,1536,1029,2.09
2011-12-06,United Kingdom,2088,916,2.2
2011-12-06,United Kingdom,2988,2285,2.59
2011-12-06,United Kingdom,1322,993,2.76
2011-12-06,United Kingdom,2794,1848,2.68
2011-12-06,United Kingdom,1469,1005,4.25
2011-12-06,United Kingdom,1786,1196,2.0
2011-12-06,United Kingdom,1248,881,2.27
2011-12-06,United Kingdom,100,46,1.17
2011-12-06,United Kingdom,626,489,1.19
2011-12-06,United Kingdom,1637,1243,3.42
2011-12-06,United Kingdom,2129,1179,4.04
2011-12-06,United Kingdom,1066,518,3.86
2011-12-06,United Kingdom,1274,757,2.83
2011-12-06,United Kingdom,2870,1149,2.57
2011-12-06,United Kingdom,334,168,4.38
2011-12-06,United Kingdom,1011,557,2.08
2011-12-06,United Kingdom,1022,515,1.78
2011-12-06,United Kingdom,983,507,2.35
2011-12-06,United Kingdom,1035,526,1.98
2011-12-06,United Kingdom,2385,1849,3.63
2011-12-06,United Kingdom,1013,547,2.18
2011-12-06,United Kingdom,2441,1172,1.69
2011-12-06,United Kingdom,572,261,4.35
2011-12-06,United Kingdom,2410,1924,1.79
2011-12-06,United Kingdom,815,549,2.13
2011-12-06,United Kingdom,258,178,3.07
2011-12-06,United Kingdom,979,597,2.82
2011-12-06,United Kingdom,1880,966,2.76
2011-12-06,United Kingdom,100,61,3.94
2011-12-06,Spain,1869,809,2.52
2011-12-06,United Kingdom,640,413,2.59
2011-12-06,United Kingdom,1513,1200,3.85
2011-12-06,United Kingdom,1223,507,3.28
2011-12-06,United Kingdom,1740,863,2.25
2011-12-06,United Kingdom,1693,974,2.78
2011-12-06,United Kingdom,2199,1648,3.74
2011-12-06,United Kingdom,1016,775,3.21
2011-12-06,Belgium,1210,563,2.71
2011-12-06,United Kingdom,268,150,1.98
2011-12-06,United Kingdom,1307,827,2.88
2011-12-06,United Kingdom,1271,780,3.51
2011-12-06,United Kingdom,1812,991,1.35
2011-12-06,United Kingdom,2398,1733,2.7
2011-12-06,United Kingdom,780,550,1.15
2011-12-06,United Kingdom,100,65,1.84
2011-12-06,United Kingdom,291,206,3.21
2011-12-06,United Kingdom,2726,1760,1.41
2011-12-06,United Kingdom,425,325,2.43
2011-12-06,United Kingdom,1969,1171,4.24
2011-12-06,United Kingdom,1058,732,2.76
2011-12-06,United Kingdom,1092,844,2.91
2011-12-06,Belgium,1969,1076,3.35
2011-12-06,United Kingdom,2367,1718,2.84
2011-12-06,United Kingdom,100,68,4.04
2011-12-06,United Kingdom,2673,1252,1.27
2011-12-06,United Kingdom,2435,975,1.03
2011-12-06,United Kingdom,2913,1771,4.38
2011-12-06,United Kingdom,2139,1680,3.56
2011-12-06,France,1526,1122,1.46
2011-12-06,United Kingdom,153,80,2.18
2011-12-06,United Kingdom,768,557,3.22
2011-12-06,Germany,1888,880,4.41
2011-12-06,United Kingdom,618,374,3.47
2011-12-06,United Kingdom,2380,1184,2.73
2011-12-06,United Kingdom,1058,582,4.14
2011-12-06,United Kingdom,2130,1505,4.26
2011-12-06,United Kingdom,3313,1603,2.56
2011-12-06,United Kingdom,1783,791,2.21
2011-12-06,United Kingdom,2293,1292,4.31
2011-12-06,United Kingdom,100,53,3.55
2011-12-07,Germany,2549,1466,1.64
2011-12-07,France,598,358,2.83
2011-12-07,United Kingdom,1109,527,3.5
2011-12-07,EIRE,103,77,1.58
2011-12-07,United Kingdom,2118,1457,2.8
2011-12-07,United Kingdom,310,230,3.02
2011-12-07,EIRE,1227,912,4.27
2011-12-07,United Kingdom,1112,863,2.46
2011-12-07,United Kingdom,604,428,1.42
2011-12-07,United Kingdom,1823,1101,1.33
2011-12-07,United Kingdom,2335,1247,2.15
2011-12-07,United Kingdom,1768,1140,2.41
2011-12-07,United Kingdom,1503,754,1.99
2011-12-07,United Kingdom,1988,1379,2.52
2011-12-07,United Kingdom,743,530,1.26
2011-12-07,United Kingdom,100,71,2.82
2011-12-07,United Kingdom,2218,1166,4.0
2011-12-07,United Kingdom,1278,847,1.16
2011-12-07,United Kingdom,1785,1322,1.9
2011-12-07,United Kingdom,2350,1058,1.58
2011-12-07,United Kingdom,100,56,1.73
2011-12-07,United Kingdom,1485,667,1.05
2011-12-07,United Kingdom,1816,789,2.4
2011-12-07,United Kingdom,915,416,4.28
2011-12-07,United Kingdom,947,510,1.72
2011-12-07,United Kingdom,769,597,1.15
2011-12-07,United Kingdom,1900,1479,2.72
2011-12-07,United Kingdom,734,492,1.34
2011-12-07,United Kingdom,1106,771,2.43
2011-12-07,United Kingdom,330,249,1.15
2011-12-07,United Kingdom,971,707,2.23
2011-12-07,United Kingdom,469,300,4.32
2011-12-07,Finland,1325,551,1.81
2011-12-07,United Kingdom,1380,668,1.26
2011-12-07,United Kingdom,1303,779,3.93
2011-12-07,United Kingdom,691,423,2.4
2011-12-07,EIRE,2609,1483,1.64
2011-12-07,United Kingdom,1178,790,1.33
2011-12-07,United Kingdom,2209,1160,3.79
2011-12-07,United Kingdom,2649,1707,3.92
2011-12-07,United Kingdom,447,213,2.07
2011-12-07,United Kingdom,1289,675,1.7
2011-12-07,United Kingdom,2174,1104,2.62
2011-12-07,United Kingdom,1573,699,2.36
2011-12-07,United Kingdom,1019,427,2.56
2011-12-07,United Kingdom,100,58,1.48
2011-12-07,United Kingdom,2810,2067,1.08
2011-12-07,United Kingdom,1564,706,2.17
2011-12-07,United Kingdom,1082,595,2.35
2011-12-07,United Kingdom,955,570,1.73
2011-12-07,United Kingdom,727,306,1.53
2011-12-07,United Kingdom,990,496,3.62
2011-12-07,United Kingdom,1995,1199,1.02
2011-12-07,United Kingdom,2322,1652,2.03
2011-12-07,United Kingdom,100,42,1.48
2011-12-07,United Kingdom,3430,1990,2.65
2011-12-07,United Kingdom,1021,560,2.92
2011-12-07,United Kingdom,1516,1042,1.09
2011-12-07,United Kingdom,3187,2089,4.2
2011-12-07,Portugal,1612,1063,1.57
2011-12-07,United Kingdom,3105,1576,1.06
2011-12-07,United Kingdom,995,598,2.19
2011-12-07,United Kingdom,1180,741,2.04
2011-12-07,United Kingdom,2754,1590,3.6
2011-12-07,United Kingdom,100,43,3.87
2011-12-07,United Kingdom,1115,860,4.1
2011-12-07,United Kingdom,1025,576,3.53
2011-12-07,United Kingdom,2257,1067,3.54
2011-12-07,United Kingdom,1555,820,2.06
2011-12-07,United Kingdom,1671,910,1.28
2011-12-07,United Kingdom,2137,1242,3.68
2011-12-07,United Kingdom,1973,1292,2.25
2011-12-07,United Kingdom,1200,879,1.1
2011-12-07,United Kingdom,2924,1589,4.22
2011-12-07,United Kingdom,1456,746,4.18
2011-12-07,United Kingdom,100,48,3.13
2011-12-07,Spain,1898,1293,1.64
2011-12-07,United Kingdom,100,57,2.7
2011-12-07,United Kingdom,1570,866,3.5
2011-12-07,United Kingdom,2914,1414,2.49
2011-12-07,United Kingdom,2536,1420,3.47
2011-12-07,United Kingdom,1172,771,1.3
2011-12-07,United Kingdom,1045,712,2.24
2011-12-07,United Kingdom,1214,600,1.31
2011-12-07,United Kingdom,680,438,2.31
2011-12-07,France,2545,1568,1.56
2011-12-07,United Kingdom,794,471,1.7
2011-12-07,United Kingdom,2177,1091,3.23
2011-12-07,Netherlands,1583,869,4.4
2011-12-07,Netherlands,1088,821,1.67
2011-12-07,United Kingdom,1940,1042,1.71
2011-12-07,United Kingdom,1445,677,3.61
2011-12-07,Germany,1976,803,3.1
2011-12-07,Iceland,100,75,1.65
2011-12-07,United Kingdom,2586,1688,1.68
2011-12-07,Portugal,1545,1128,1.14
2011-12-07,Germany,100,62,3.54
2011-12-07,United Kingdom,1354,556,1.6
2011-12-07,United Kingdom,2839,1832,2.49
2011-12-07,United Kingdom,1377,874,3.17
2011-12-07,United Kingdom,116,47,4.33
2011-12-07,United Kingdom,1082,679,3.35
2011-12-07,United Kingdom,3148,2263,2.73
2011-12-07,United Kingdom,1907,944,4.41
2011-12-07,Spain,680,471,1.61
2011-12-07,United Kingdom,1454,1045,2.57
2011-12-07,United Kingdom,1311,985,1.45
2011-12-07,United Kingdom,1449,1135,3.28
2011-12-07,United Kingdom,3008,1540,2.23
2011-12-07,United Kingdom,353,161,3.32
2011-12-07,United Kingdom,2078,1248,4.42
2011-12-07,United Kingdom,2089,1280,2.39
2011-12-07,United Kingdom,1694,1191,1.95
2011-12-07,United Kingdom,889,569,2.62
2011-12-07,United Kingdom,3438,2236,3.69
2011-12-07,United Kingdom,2800,2013,1.19
2011-12-07,United Kingdom,1473,598,3.78
2011-12-07,United Kingdom,214,118,1.44
2011-12-08,United Kingdom,1728,1085,3.82
2011-12-08,United Kingdom,1018,682,3.25
2011-12-08,United Kingdom,1747,1102,3.36
2011-12-08,United Kingdom,100,66,4.04
2011-12-08,United Kingdom,1462,703,2.76
2011-12-08,United Kingdom,2540,1971,4.08
2011-12-08,United Kingdom,2560,1938,2.83
2011-12-08,United Kingdom,1847,1326,2.51
2011-12-08,United Kingdom,610,486,3.84
2011-12-08,United Kingdom,2722,1315,3.0
2011-12-08,United Kingdom,1721,1042,1.42
2011-12-08,United Kingdom,278,125,2.09
2011-12-08,United Kingdom,1124,585,1.2
2011-12-08,USA,736,348,3.51
2011-12-08,United Kingdom,2228,1403,2.9
2011-12-08,United Kingdom,870,403,1.36
2011-12-08,Austria,1457,941,1.17
2011-12-08,United Kingdom,1236,597,2.04
2011-12-08,United Kingdom,196,141,1.48
2011-12-08,United Kingdom,2201,1353,1.34
2011-12-08,United Kingdom,2270,1095,3.55
2011-12-08,United Kingdom,1700,864,1.55
2011-12-08,United Kingdom,616,322,1.27
2011-12-08,United Kingdom,1080,488,1.14
2011-12-08,United Kingdom,2326,1673,1.88
2011-12-08,United Kingdom,100,40,1.5
2011-12-08,United Kingdom,392,247,3.57
2011-12-08,Germany,863,556,2.98
2011-12-08,France,1653,763,2.5
2011-12-08,United Kingdom,381,302,2.8
2011-12-08,United Kingdom,1046,625,3.91
2011-12-08,United Kingdom,1399,1107,4.13
2011-12-08,United Kingdom,2478,1338,3.46
2011-12-08,France,4268,3258,2.39
2011-12-08,United Kingdom,2382,1388,4.47
2011-12-08,United Kingdom,1289,644,3.92
2011-12-08,Channel Islands,1524,869,3.37
2011-12-08,United Kingdom,2351,1813,3.9
2011-12-08,United Kingdom,3068,1572,2.19
2011-12-08,United Kingdom,240,155,2.01
2011-12-08,United Kingdom,2806,2181,1.36
2011-12-08,United Kingdom,2017,1004,4.44
2011-12-08,Netherlands,1825,1295,2.91
2011-12-08,United Kingdom,2060,864,3.81
2011-12-08,United Kingdom,1526,1176,4.08
2011-12-08,United Kingdom,1301,717,1.05
2011-12-08,United Kingdom,1650,964,4.12
2011-12-08,United Kingdom,2664,1820,1.38
2011-12-08,United Kingdom,2118,1276,1.74
2011-12-08,United Kingdom,1810,1124,2.44
2011-12-08,United Kingdom,410,326,3.95
2011-12-08,United Kingdom,783,466,3.46
2011-12-08,United Kingdom,2725,1108,2.31
2011-12-08,United Kingdom,903,698,2.82
2011-12-08,United Kingdom,299,167,3.12
2011-12-08,United Kingdom,1819,1022,3.63
2011-12-08,United Kingdom,1981,1322,2.71
2011-12-08,United Kingdom,1483,1153,1.04
2011-12-08,United Kingdom,1848,1469,4.36
2011-12-08,United Kingdom,690,464,1.3
2011-12-08,United Kingdom,1006,402,3.99
2011-12-08,United Kingdom,100,53,1.17
2011-12-08,United Kingdom,2161,1695,2.09
2011-12-08,United Kingdom,2288,1804,2.26
2011-12-08,United Kingdom,3283,2270,2.59
2011-12-08,United Kingdom,818,422,3.39
2011-12-08,United Kingdom,1633,813,2.76
2011-12-08,United Kingdom,1632,1051,3.6
2011-12-08,United Kingdom,1524,682,3.35
2011-12-08,United Kingdom,1078,791,1.78
2011-12-08,United Kingdom,1906,883,1.92
2011-12-08,United Kingdom,2006,980,1.87
2011-12-08,United Kingdom,100,53,1.36
2011-12-08,United Kingdom,2389,1653,3.69
2011-12-08,United Kingdom,1478,631,3.95
2011-12-08,United Kingdom,1280,753,3.81
2011-12-08,Germany,1713,1338,4.12
2011-12-08,United Kingdom,1621,1214,2.3
2011-12-08,United Kingdom,2045,1515,1.21
2011-12-08,United Kingdom,657,320,2.46
2011-12-08,United Kingdom,2399,1729,3.25
2011-12-08,United Kingdom,1486,735,1.67
2011-12-08,United Kingdom,1702,1260,4.41
2011-12-08,United Kingdom,1284,590,2.74
2011-12-08,United Kingdom,1403,1039,4.21
2011-12-08,United Kingdom,1486,837,3.7
2011-12-08,United Kingdom,2273,1754,2.24
2011-12-08,United Kingdom,2066,1408,1.33
2011-12-08,United Kingdom,1609,1237,1.41
2011-12-08,United Kingdom,1760,1328,1.35
2011-12-08,United Kingdom,1326,950,1.54
2011-12-08,United Kingdom,1120,497,1.76
2011-12-08,United Kingdom,2549,1588,4.33
2011-12-08,United Kingdom,110,49,3.58
2011-12-08,United Kingdom,1725,1136,3.62
2011-12-08,United Kingdom,775,440,4.45
2011-12-08,United Kingdom,1299,740,1.17
2011-12-08,EIRE,1065,708,1.99
2011-12-08,United Kingdom,2304,1194,3.83
2011-12-08,United Kingdom,920,687,4.13
2011-12-08,United Kingdom,1752,745,3.54
2011-12-08,United Kingdom,1699,1018,4.45
2011-12-08,United Kingdom,565,245,1.23
2011-12-08,United Kingdom,668,396,1.32
2011-12-08,United Kingdom,2399,1548,3.54
2011-12-08,United Kingdom,2159,1298,3.22
2011-12-08,United Kingdom,2959,1186,3.39
2011-12-08,United Kingdom,2659,2064,1.15
2011-12-08,United Kingdom,1251,557,4.47
2011-12-08,United Kingdom,1621,1276,1.94
2011-12-08,United Kingdom,1597,801,3.2
2011-12-08,United Kingdom,1903,833,1.6
2011-12-08,United Kingdom,2363,1294,4.39
2011-12-08,United Kingdom,1305,599,3.5
2011-12-08,United Kingdom,1144,673,3.97
2011-12-08,United Kingdom,1779,1061,1.29
2011-12-08,United Kingdom,1921,1363,2.51
2011-12-08,United Kingdom,610,439,3.64
2011-12-08,United Kingdom,1799,755,1.02
2011-12-08,United Kingdom,1554,689,2.92
2011-12-08,United Kingdom,100,53,4.28
2011-12-08,United Kingdom,325,225,2.78
2011-12-08,United Kingdom,1790,914,4.44
2011-12-08,United Kingdom,1882,1344,1.94
2011-12-08,United Kingdom,100,54,2.13
2011-12-08,United Kingdom,2383,1543,4.21
2011-12-08,United Kingdom,1395,1035,1.9
2011-12-08,United Kingdom,1128,711,2.96
2011-12-08,United Kingdom,124,76,1.17
2011-12-08,United Kingdom,1329,608,1.56
2011-12-08,United Kingdom,1664,1025,1.11
2011-12-08,United Kingdom,2521,1981,4.32
2011-12-09,United Kingdom,717,566,1.39
2011-12-09,Norway,1039,481,1.92
2011-12-09,United Kingdom,290,196,3.62
2011-12-09,United Kingdom,719,452,3.01
2011-12-09,United Kingdom,1627,1105,3.75
2011-12-09,United Kingdom,2276,1511,2.87
2011-12-09,United Kingdom,1556,967,2.6
2011-12-09,United Kingdom,634,269,3.63
2011-12-09,United Kingdom,1839,1142,4.45
2011-12-09,United Kingdom,286,123,3.98
2011-12-09,United Kingdom,1899,1049,3.79
2011-12-09,United Kingdom,1280,780,1.09
2011-12-09,United Kingdom,100,51,2.93
2011-12-09,Norway,2318,928,1.56
2011-12-09,United Kingdom,2236,1589,1.09
2011-12-09,Belgium,1437,756,2.15
2011-12-09,Germany,2173,1498,3.48
2011-12-09,United Kingdom,2277,1809,1.44
2011-12-09,United Kingdom,100,56,2.98
2011-12-09,United Kingdom,2050,1370,4.39
2011-12-09,United Kingdom,1163,739,1.78
2011-12-09,United Kingdom,1703,930,4.05
2011-12-09,United Kingdom,945,458,4.29
2011-12-09,United Kingdom,1570,1047,3.35
2011-12-09,United Kingdom,1916,1499,3.28
2011-12-09,United Kingdom,1356,971,4.36
2011-12-09,United Kingdom,1605,1263,1.49
2011-12-09,United Kingdom,1088,632,3.77
2011-12-09,United Kingdom,566,282,1.64
2011-12-09,United Kingdom,971,625,3.27
2011-12-09,United Kingdom,1570,647,3.02
2011-12-09,Germany,820,603,3.64
2011-12-09,United Kingdom,1422,1020,3.76
2011-12-09,United Kingdom,1537,1180,3.86
2011-12-09,Germany,387,210,3.82
2011-12-09,Germany,100,65,3.52
2011-12-09,United Kingdom,1558,1136,2.89
2011-12-09,United Kingdom,2259,1644,2.65
2011-12-09,United Kingdom,2748,1792,2.53
2011-12-09,United Kingdom,1365,629,2.25
2011-12-09,United Kingdom,1506,1006,2.74
2011-12-09,United Kingdom,1565,685,2.99
2011-12-09,United Kingdom,284,195,2.22
2011-12-09,France,2410,1515,1.26
